precinct_county_nce,precinct_county_name,precinct_name,precinct_nr,uat_name,uat_siruta,report_version,report_stage_code,report_type_scope_code,report_type_category_code,report_type_code,created_at,a,a1,a2,a3,a4,b,b1,b2,b3,b4,c,d,e,f,"PARTIDUL PRO ROMÂNIA-voturi","PARTIDUL ALIANŢA LIBERALILOR ŞI DEMOCRAŢILOR – ALDE-voturi","PARTIDUL MIȘCAREA POPULARĂ-voturi","PARTIDUL NAȚIONAL LIBERAL-voturi","PARTIDUL SOCIAL DEMOCRAT-voturi","ALIANȚA USR PLUS-voturi","PARTIDUL NEAMUL ROMÂNESC-voturi","PARTIDUL ECOLOGIST ROMÂN-voturi","PARTIDUL IALOMIȚENILOR-voturi","ALIANȚA PENTRU UNIREA ROMÂNILOR-voturi","GHEORGHE RAFAEL-DĂNUŢ-voturi"
23,IALOMIŢA,"ATELIERELE DE CREAŢIE ALE LICEULUI DE ARTĂ",29,"MUNICIPIUL SLOBOZIA",92658,4,PROV,PRCNCT,CJ,CJ_SV,"2020-09-29 12:35:59",1988,1969,3,13,3,831,815,0,13,3,790,41,2100,1269,170,38,23,174,253,62,2,8,11,29,20
23,IALOMIŢA,"BIBLIOTECA/DOMENIUL PUBLIC AL UAT TANDAREI",88,"ORAŞ ŢĂNDĂREI",92765,3,PROV,PRCNCT,CJ,CJ_SV,"2020-09-28 06:30:06",903,893,0,10,0,190,180,0,10,0,167,23,1000,810,16,15,3,8,103,0,2,1,17,0,2
23,IALOMIŢA,"CAMIN CULTURAL",102,BALACIU,92907,3,PROV,PRCNCT,CJ,CJ_SV,"2020-09-28 09:45:11",432,381,0,10,41,257,206,0,10,41,230,27,440,183,33,1,4,52,124,9,0,0,4,1,2
23,IALOMIŢA,"CĂMIN CULTURAL",217,"VALEA MĂCRIŞULUI",105794,3,PROV,PRCNCT,CJ,CJ_SV,"2020-09-28 12:51:12",1015,947,0,42,26,698,631,0,41,26,633,51,1054,356,192,5,28,39,355,8,1,0,0,3,2
23,IALOMIŢA,"CĂMIN CULTURAL",218,"VALEA MĂCRIŞULUI",105794,1,PROV,PRCNCT,CJ,CJ_SV,"2020-09-28 00:21:20",394,377,0,8,9,259,242,0,8,9,253,6,428,169,70,1,6,14,155,1,1,1,3,0,1
23,IALOMIŢA,"CĂMIN CULTURAL CIULNIŢA",125,CIULNIŢA,93156,2,PROV,PRCNCT,CJ,CJ_SV,"2020-09-28 04:06:43",920,911,0,8,1,493,484,0,8,1,457,36,1011,518,47,253,4,44,63,22,1,9,2,7,5
23,IALOMIŢA,"CĂMIN CULTURAL GHIMPAŢI",128,CIULNIŢA,93156,2,PROV,PRCNCT,CJ,CJ_SV,"2020-09-28 04:43:54",205,200,0,5,0,133,128,0,5,0,132,1,225,92,12,63,3,19,16,1,0,16,0,2,0
23,IALOMIŢA,"CĂMIN CULTURAL ION GHICA",126,CIULNIŢA,93156,1,PROV,PRCNCT,CJ,CJ_SV,"2020-09-28 00:24:38",456,451,0,5,0,253,248,0,5,0,238,15,494,241,18,90,2,53,71,2,0,2,0,0,0
23,IALOMIŢA,"CĂMIN CULTURAL MIHAIL KOGĂLNICEANU",172,"MIHAIL KOGĂLNICEANU",93995,4,PROV,PRCNCT,CJ,CJ_SV,"2020-09-28 16:54:20",1447,1399,4,22,22,882,834,4,22,22,832,50,1540,658,150,68,2,195,359,19,3,4,24,7,1
23,IALOMIŢA,"CAMIN CULTURAL PLATONEŞTI",189,PLATONEŞTI,180000,3,PROV,PRCNCT,CJ,CJ_SV,"2020-09-28 11:52:50",733,711,1,7,14,452,431,0,7,14,402,36,800,362,74,9,9,71,228,4,1,1,2,3,0
23,IALOMIŢA,"CĂMIN CULTURAL, SAT SINTEŞTI",114,BORĂNEŞTI,179784,1,PROV,PRCNCT,CJ,CJ_SV,"2020-09-28 01:10:41",318,312,0,2,4,265,259,0,2,4,240,25,364,99,4,10,3,39,172,7,0,0,3,1,1
23,IALOMIŢA,"CĂMINUL CULTURAL",77,"ORAŞ FIERBINŢI-TÂRG",102749,1,PROV,PRCNCT,CJ,CJ_SV,"2020-09-28 05:31:57",1334,1291,0,34,9,938,895,0,34,9,907,31,1500,562,103,19,3,252,366,144,0,3,10,3,4
23,IALOMIŢA,"CĂMINUL CULTURAL",118,BUCU,93021,2,PROV,PRCNCT,CJ,CJ_SV,"2020-09-28 06:01:44",1043,1022,3,3,15,451,434,1,3,13,428,23,1140,689,56,4,19,32,64,26,0,2,219,3,3
23,IALOMIŢA,"CĂMINUL CULTURAL",119,BUCU,93021,2,PROV,PRCNCT,CJ,CJ_SV,"2020-09-28 04:12:00",1031,1011,0,1,19,474,455,0,1,18,445,29,1139,665,66,16,23,47,88,20,0,0,178,3,4
23,IALOMIŢA,"CĂMINUL CULTURAL",154,GRINDU,93717,4,PROV,PRCNCT,CJ,CJ_SV,"2020-09-28 13:56:22",797,790,2,2,3,455,450,0,2,3,409,46,936,481,144,11,17,67,126,5,0,3,17,10,9
23,IALOMIŢA,"CĂMINUL CULTURAL",155,GRINDU,93717,3,PROV,PRCNCT,CJ,CJ_SV,"2020-09-28 13:53:53",793,786,0,5,2,480,473,0,5,2,434,46,800,320,177,10,17,92,99,3,2,0,11,6,17
23,IALOMIŢA,"CĂMINUL CULTURAL",219,VLĂDENI,94795,1,PROV,PRCNCT,CJ,CJ_SV,"2020-09-28 01:42:57",881,880,0,1,0,601,600,0,1,0,536,65,1024,423,16,37,4,244,226,2,0,1,2,2,2
23,IALOMIŢA,"CĂMINUL CULTURAL",220,VLĂDENI,94795,2,PROV,PRCNCT,CJ,CJ_SV,"2020-09-28 02:12:02",786,780,0,6,0,547,541,0,6,0,532,15,800,253,18,17,1,257,214,3,18,1,1,2,0
23,IALOMIŢA,"CAMINUL CULTURAL COSERENI",134,COŞERENI,102240,2,PROV,PRCNCT,CJ,CJ_SV,"2020-09-28 12:38:47",1322,1306,0,6,10,765,749,0,6,10,689,76,1450,685,74,7,5,317,182,15,1,4,67,11,6
23,IALOMIŢA,"CĂMINUL CULTURAL DIN SATUL BORDUŞELU",123,CIOCHINA,93101,2,PROV,PRCNCT,CJ,CJ_SV,"2020-09-28 12:03:07",609,581,1,22,5,485,458,0,22,5,435,50,665,180,21,11,1,194,53,144,0,0,5,6,0
23,IALOMIŢA,"CĂMINUL CULTURAL DIN SATUL CIOCHINA",122,CIOCHINA,93101,2,PROV,PRCNCT,CJ,CJ_SV,"2020-09-28 12:00:40",1275,1244,1,19,11,784,753,1,19,11,730,54,1350,566,43,25,10,207,319,93,0,4,20,6,3
23,IALOMIŢA,"CAMINUL CULTURAL DIN SATUL COSÂMBEŞTI",132,COSÂMBEŞTI,93236,1,PROV,PRCNCT,CJ,CJ_SV,"2020-09-28 00:43:59",796,760,3,4,29,475,441,1,4,29,446,29,873,398,125,9,4,81,200,7,0,3,10,5,2
23,IALOMIŢA,"CĂMINUL CULTURAL DIN SATUL OREZU",124,CIOCHINA,93101,4,PROV,PRCNCT,CJ,CJ_SV,"2020-09-28 12:04:40",635,614,0,9,12,431,410,0,9,12,380,51,700,269,26,16,1,145,102,82,2,0,4,1,1
23,IALOMIŢA,"CĂMINUL CULTURAL DRĂGOEŞTI",137,DRĂGOEŞTI,102641,1,PROV,PRCNCT,CJ,CJ_SV,"2020-09-28 02:04:07",890,704,1,148,37,747,562,0,148,37,643,104,812,65,59,5,15,191,280,6,3,5,9,7,63
23,IALOMIŢA,"CĂMINUL CULTURAL MALU,SALONUL DE NUNŢI SITUATĂ ÎN MALU",208,"SFÂNTU GHEORGHE",94456,2,PROV,PRCNCT,CJ,CJ_SV,"2020-09-28 15:57:08",863,852,2,4,5,529,519,1,4,5,480,49,950,421,13,7,31,204,165,0,0,0,11,47,2
23,IALOMIŢA,"CĂMINUL CULTURAL SAT LILIECI",210,SINEŞTI,105026,5,PROV,PRCNCT,CJ,CJ_SV,"2020-09-28 12:46:02",952,879,0,73,0,632,559,0,73,0,588,44,1000,368,92,3,1,159,313,2,1,0,5,11,1
23,IALOMIŢA,"CĂMINUL CULTURAL SITUATĂ ÎN SATUL SINEŞTI, SINEŞTI",209,SINEŞTI,105026,2,PROV,PRCNCT,CJ,CJ_SV,"2020-09-28 10:50:27",1017,922,0,94,1,1017,922,0,94,1,931,86,1305,288,78,9,1,414,410,8,0,0,3,5,3
23,IALOMIŢA,"CASA DE CULTURĂ",62,"MUNICIPIUL URZICENI",100683,1,PROV,PRCNCT,CJ,CJ_SV,"2020-09-28 02:02:31",1205,1193,0,12,0,444,432,0,12,0,418,26,1300,856,45,8,10,129,147,37,0,1,29,10,2
23,IALOMIŢA,"CASA DE CULTURA JAN CACIULA",74,"ORAŞ AMARA",92836,2,PROV,PRCNCT,CJ,CJ_SV,"2020-09-28 15:41:12",1447,1428,0,17,2,727,708,0,17,2,673,54,1571,844,196,17,11,118,193,23,1,3,2,106,3
23,IALOMIŢA,"CASA DE CULTURĂ MUNICIPALĂ (FOSTUL CINEMA ”GALAX”)",13,"MUNICIPIUL SLOBOZIA",92658,2,PROV,PRCNCT,CJ,CJ_SV,"2020-09-28 10:08:22",1401,1388,0,13,0,438,425,0,13,0,418,20,1500,1062,119,21,12,67,133,30,1,3,4,24,4
23,IALOMIŢA,"CENTRUL SOCIAL AL PAROHIEI FETESTI GARA II",55,"MUNICIPIUL FETEŞTI",92701,2,PROV,PRCNCT,CJ,CJ_SV,"2020-09-28 03:13:39",1328,1318,0,10,0,427,417,0,10,0,404,23,1470,1043,46,10,6,129,160,25,0,10,6,5,7
23,IALOMIŢA,"CLUBUL SINDICATELOR",65,"MUNICIPIUL URZICENI",100683,1,PROV,PRCNCT,CJ,CJ_SV,"2020-09-28 03:57:57",1604,1597,1,5,1,586,580,0,5,1,565,21,1800,1214,85,12,16,195,141,65,0,1,29,14,7
23,IALOMIŢA,"COLEGIUL NAŢIONAL ”MIHAI VITEAZU” (LICEUL DE MATEMATICÃ - FIZICÃ)",5,"MUNICIPIUL SLOBOZIA",92658,1,PROV,PRCNCT,CJ,CJ_SV,"2020-09-28 01:11:48",1159,1146,1,12,0,430,418,0,12,0,413,17,1300,870,96,16,12,101,121,36,1,4,4,16,6
23,IALOMIŢA,"DIRECȚIA PENTRU AGRICULTURĂ JUDEȚEANĂ IALOMIȚA",11,"MUNICIPIUL SLOBOZIA",92658,4,PROV,PRCNCT,CJ,CJ_SV,"2020-09-29 10:45:07",1026,1016,0,10,0,348,338,0,10,0,334,14,1150,802,94,12,11,63,107,13,5,0,10,16,3
23,IALOMIŢA,"GRADINITA COPUZU",105,BALACIU,92907,2,PROV,PRCNCT,CJ,CJ_SV,"2020-09-28 04:31:48",249,242,0,6,1,114,107,0,6,1,96,18,258,144,4,5,4,49,28,2,0,0,2,2,0
23,IALOMIŢA,"GRĂDINIŢA CU PROGRAM NORMAL",190,PLATONEŞTI,180000,3,PROV,PRCNCT,CJ,CJ_SV,"2020-09-28 12:54:10",815,797,0,16,2,523,505,0,16,2,495,26,879,356,203,11,6,100,160,5,1,2,2,5,0
23,IALOMIŢA,"GRADINITA CU PROGRAM NORMAL AMARA",71,"ORAŞ AMARA",92836,1,PROV,PRCNCT,CJ,CJ_SV,"2020-09-28 05:44:10",1048,1044,0,4,0,494,490,0,4,0,469,25,1161,667,125,10,13,72,120,21,1,2,2,102,1
23,IALOMIŢA,"GRADINITA CU PROGRAM NORMAL AMARA",70,"ORAŞ AMARA",92836,1,PROV,PRCNCT,CJ,CJ_SV,"2020-09-28 04:05:07",1301,1294,0,7,0,644,637,0,7,0,616,28,1425,781,171,13,7,123,164,17,2,1,2,113,3
23,IALOMIŢA,"GRĂDINIȚA CU PROGRAM NORMAL CU 2 SĂLI DE GRUPĂ BRĂTIA",100,AXINTELE,100923,1,PROV,PRCNCT,CJ,CJ_SV,"2020-09-28 00:45:52",788,780,0,8,0,363,355,0,8,0,327,36,865,502,31,8,5,119,139,1,1,1,15,4,3
23,IALOMIŢA,"GRADINITA CU PROGRAM NORMAL FUNDATA",187,PERIEŢI,94161,1,PROV,PRCNCT,CJ,CJ_SV,"2020-09-28 00:49:47",399,385,2,12,0,202,190,0,12,0,190,12,400,198,22,8,10,80,55,6,0,0,3,3,3
23,IALOMIŢA,"GRĂDINIŢA CU PROGRAM NORMAL ”LUMEA COPIILOR”",10,"MUNICIPIUL SLOBOZIA",92658,2,PROV,PRCNCT,CJ,CJ_SV,"2020-09-29 11:41:12",1453,1444,0,8,1,563,554,0,8,1,537,26,1600,1037,151,25,13,113,159,33,1,7,6,24,5
23,IALOMIŢA,"GRĂDINIŢA CU PROGRAM NORMAL TRAIAN",214,TRAIAN,179702,2,PROV,PRCNCT,CJ,CJ_SV,"2020-09-28 17:13:24",1255,1210,1,7,37,830,790,0,7,33,731,99,1329,499,225,32,2,92,368,1,2,0,5,3,1
23,IALOMIŢA,"GRĂDINIŢA CU PROGRAM PRELUNGIT",59,"MUNICIPIUL URZICENI",100683,1,PROV,PRCNCT,CJ,CJ_SV,"2020-09-28 01:15:22",698,690,0,8,0,285,277,0,8,0,278,7,797,512,23,12,13,92,82,27,0,0,22,6,1
23,IALOMIŢA,"GRĂDINIŢA CU PROGRAM PRELUNGIT ”ALBA CA ZAPADA”",47,"MUNICIPIUL FETEŞTI",92701,4,PROV,PRCNCT,CJ,CJ_SV,"2020-09-28 18:28:34",1144,1126,0,18,0,400,382,0,18,0,383,17,1250,850,68,7,9,104,153,24,1,7,3,5,2
23,IALOMIŢA,"GRÃDINIŢA CU PROGRAM PRELUNGIT ”DUMBRAVA MINUNATĂ”",28,"MUNICIPIUL SLOBOZIA",92658,2,PROV,PRCNCT,CJ,CJ_SV,"2020-09-29 12:37:53",1438,1392,39,7,0,578,571,0,7,0,568,10,1500,922,131,26,9,135,160,50,1,5,5,38,8
23,IALOMIŢA,"GRĂDINIŢA CU PROGRAM PRELUNGIT ”PITICOT”",17,"MUNICIPIUL SLOBOZIA",92658,1,PROV,PRCNCT,CJ,CJ_SV,"2020-09-28 04:16:15",1504,1491,1,11,1,621,609,0,11,1,611,10,1700,1079,152,24,7,144,157,66,2,8,24,13,14
23,IALOMIŢA,"GRĂDINIŢA DE COPII",61,"MUNICIPIUL URZICENI",100683,1,PROV,PRCNCT,CJ,CJ_SV,"2020-09-28 03:49:42",1016,1006,3,6,1,386,379,0,6,1,371,15,1100,714,46,9,16,128,96,37,1,1,30,6,1
23,IALOMIŢA,"GRĂDINIŢA DRIDU – MOARĂ",139,DRIDU,102703,2,PROV,PRCNCT,CJ,CJ_SV,"2020-09-28 12:44:02",827,811,0,15,1,532,516,0,15,1,490,42,890,358,86,13,7,103,246,12,0,8,6,5,4
23,IALOMIŢA,"GRĂDINIŢA DRIDU – MOVILA",140,DRIDU,102703,1,PROV,PRCNCT,CJ,CJ_SV,"2020-09-28 02:57:01",582,558,0,10,14,318,294,0,10,14,283,35,630,312,62,6,5,64,128,8,0,4,4,1,1
23,IALOMIŢA,"GRĂDINIŢA DRIDU –SNAGOV",141,DRIDU,102703,1,PROV,PRCNCT,CJ,CJ_SV,"2020-09-28 00:46:47",332,320,0,12,0,209,197,0,12,0,192,17,350,141,58,2,1,19,101,6,1,0,1,3,0
23,IALOMIŢA,"GRADINITA ION ROATA (LOCALUL VECHI COLINELE)",162,"ION ROATĂ",103862,2,PROV,PRCNCT,CJ,CJ_SV,"2020-09-28 10:55:59",811,763,2,40,6,526,480,0,40,6,485,41,900,374,46,25,1,103,82,22,0,0,197,9,0
23,IALOMIŢA,"GRĂDINIŢA NR.1",51,"MUNICIPIUL FETEŞTI",92701,3,PROV,PRCNCT,CJ,CJ_SV,"2020-09-28 18:33:45",1207,1199,0,7,1,514,506,0,7,1,500,14,1330,816,70,18,12,168,180,34,0,9,3,2,4
23,IALOMIŢA,"GRADINIŢA PĂTRIME",136,COŞERENI,102240,2,PROV,PRCNCT,CJ,CJ_SV,"2020-09-28 12:42:04",1058,1046,0,9,3,666,654,0,9,3,596,70,1147,481,37,11,5,343,147,3,1,0,38,8,3
23,IALOMIŢA,"GRADINIŢA SĂVENI",202,SĂVENI,94376,1,PROV,PRCNCT,CJ,CJ_SV,"2020-09-28 00:42:43",1239,1232,0,4,3,603,596,0,4,3,578,25,1350,747,330,18,9,99,106,2,2,1,8,2,1
23,IALOMIŢA,"GRADINIŢA SCÂNTEIA",204,SCÂNTEIA,94429,2,PROV,PRCNCT,CJ,CJ_SV,"2020-09-28 04:45:55",1155,1140,0,3,12,594,579,0,3,12,549,45,1274,680,48,42,5,74,372,4,0,0,2,1,1
23,IALOMIŢA,"GRADINIŢA ŞCOLII GIMNAZIALE NR.4",42,"MUNICIPIUL FETEŞTI",92701,2,PROV,PRCNCT,CJ,CJ_SV,"2020-09-28 07:38:44",966,961,0,5,0,393,388,0,5,0,289,104,1060,667,33,15,5,98,80,37,1,13,2,3,2
23,IALOMIŢA,"GRADINIŢA ŞCOLII GIMNAZIALE NR.4",41,"MUNICIPIUL FETEŞTI",92701,3,PROV,PRCNCT,CJ,CJ_SV,"2020-09-28 17:38:14",792,784,0,8,0,238,230,0,8,0,223,15,870,632,26,12,2,80,74,17,0,4,1,2,5
23,IALOMIŢA,"GRĂDINIŢA SMIRNA",158,GRIVIŢA,93735,3,PROV,PRCNCT,CJ,CJ_SV,"2020-09-28 03:39:11",754,731,0,7,16,393,370,0,7,16,357,36,946,553,83,25,11,103,62,60,1,0,3,5,4
23,IALOMIŢA,"GRUPUL ŞCOLAR ”ALEXANDRU IOAN CUZA” (LICEUL DE CONSTRUCŢII),",1,"MUNICIPIUL SLOBOZIA",92658,2,PROV,PRCNCT,CJ,CJ_SV,"2020-09-29 10:02:29",1529,1510,2,7,10,491,474,0,7,10,476,15,1700,1209,104,19,8,110,175,24,0,6,9,18,3
23,IALOMIŢA,"GRUPUL ŞCOLAR ”ALEXANDRU IOAN CUZA” (LICEUL DE CONSTRUCŢII),",2,"MUNICIPIUL SLOBOZIA",92658,1,PROV,PRCNCT,CJ,CJ_SV,"2020-09-28 05:08:24",1393,1379,4,8,2,531,521,0,8,2,516,15,1500,969,126,11,10,124,167,32,1,4,11,24,6
23,IALOMIŢA,"GRUPUL ŞCOLAR ’’SF. ECATERINA’’",63,"MUNICIPIUL URZICENI",100683,1,PROV,PRCNCT,CJ,CJ_SV,"2020-09-28 03:08:49",1334,1322,1,10,1,536,525,0,10,1,511,25,1500,964,56,18,19,165,154,37,0,5,39,11,7
23,IALOMIŢA,"IMOBILUL SCOLII CU CLASELE I-VIII ” IONEL PERLEA ”",184,OGRADA,179819,2,PROV,PRCNCT,CJ,CJ_SV,"2020-09-28 05:47:12",1147,1117,0,2,28,680,651,0,1,28,623,57,1185,505,66,16,21,91,313,8,4,4,8,19,73
23,IALOMIŢA,"IMOBILUL ŞCOLII CU CLASELE I-VIII ” IONEL PERLEA ”",183,OGRADA,179819,1,PROV,PRCNCT,CJ,CJ_SV,"2020-09-28 04:18:17",1228,1190,1,2,35,729,692,0,2,35,651,78,1400,671,63,18,26,126,309,9,2,1,19,10,68
23,IALOMIŢA,"INTERNATUL COLEGIULUI NATIONAL GRIGORE MOISIL",68,"MUNICIPIUL URZICENI",100683,2,PROV,PRCNCT,CJ,CJ_SV,"2020-09-28 04:29:00",1109,1095,0,14,0,389,375,0,14,0,377,12,1300,911,33,12,6,128,114,41,1,1,28,9,4
23,IALOMIŢA,"LICEUL DE ARTĂ ”IONEL PERLEA”",27,"MUNICIPIUL SLOBOZIA",92658,2,PROV,PRCNCT,CJ,CJ_SV,"2020-09-29 12:38:13",1496,1482,2,9,3,578,566,0,9,3,565,13,1550,972,137,24,10,147,137,57,6,9,9,21,8
23,IALOMIŢA,"LICEUL DE ARTĂ ”IONEL PERLEA”",26,"MUNICIPIUL SLOBOZIA",92658,2,PROV,PRCNCT,CJ,CJ_SV,"2020-09-29 11:47:23",1161,1151,1,9,0,419,410,0,9,0,406,13,1300,881,100,16,7,102,124,28,0,6,4,12,7
23,IALOMIŢA,"LICEUL DE ARTĂ ”IONEL PERLEA” (ŞCOALA GENERALÃ NR.1- LOCAL ANEXĂ)",25,"MUNICIPIUL SLOBOZIA",92658,1,PROV,PRCNCT,CJ,CJ_SV,"2020-09-28 02:03:29",905,896,1,8,0,368,360,0,8,0,366,2,1000,632,76,10,5,91,106,48,2,5,4,10,9
23,IALOMIŢA,"LICEUL DE ARTĂ ”IONEL PERLEA” (ŞCOALA GENERALĂ NR. 1 LOCAL NOU)",24,"MUNICIPIUL SLOBOZIA",92658,2,PROV,PRCNCT,CJ,CJ_SV,"2020-09-29 11:48:10",919,870,39,10,0,361,351,0,10,0,354,7,1000,639,80,8,6,89,107,38,2,4,6,10,4
23,IALOMIŢA,"LICEUL PEDAGOGIC ”MATEI BASARAB” (ŞCOALA NORMALÃ)",6,"MUNICIPIUL SLOBOZIA",92658,1,PROV,PRCNCT,CJ,CJ_SV,"2020-09-28 02:11:47",1513,1504,1,8,0,553,545,0,8,0,546,7,1700,1147,149,18,13,131,136,56,2,10,3,16,12
23,IALOMIŢA,"LICEUL TEHNOLOGIC",76,"ORAŞ CĂZĂNEŞTI",93067,2,PROV,PRCNCT,CJ,CJ_SV,"2020-09-28 13:43:30",1424,1386,0,24,14,704,666,0,24,14,650,54,1523,819,110,98,32,88,242,53,2,0,6,10,9
23,IALOMIŢA,"LICEUL TEHNOLOGIC ”ANGHEL SALIGNY”",56,"MUNICIPIUL FETEŞTI",92701,3,PROV,PRCNCT,CJ,CJ_SV,"2020-09-28 18:39:58",1327,1315,1,5,6,415,404,0,5,6,378,37,1460,1045,36,11,10,176,118,12,0,5,2,4,4
23,IALOMIŢA,"LICEUL TEHNOLOGIC ”ANGHEL SALIGNY” (FOSTA SCOALA NR. 5)",57,"MUNICIPIUL FETEŞTI",92701,3,PROV,PRCNCT,CJ,CJ_SV,"2020-09-28 18:38:04",1386,1376,1,9,0,471,462,0,9,0,439,32,1530,1059,33,3,10,187,142,32,1,4,5,18,4
23,IALOMIŢA,"LICEUL TEHNOLOGIC ”ANGHEL SALIGNY” (FOSTA SCOALA NR. 5)",58,"MUNICIPIUL FETEŞTI",92701,5,PROV,PRCNCT,CJ,CJ_SV,"2020-09-28 18:43:35",1104,1094,0,7,3,371,361,0,7,3,338,33,1200,829,29,14,7,186,75,15,1,4,5,0,2
23,IALOMIŢA,"LICEUL TEHNOLOGIC ARETA TEODORESCU",157,GRIVIŢA,93735,2,PROV,PRCNCT,CJ,CJ_SV,"2020-09-28 10:39:13",996,947,0,7,42,564,515,0,7,42,501,63,1000,436,93,31,12,195,103,50,3,0,4,9,1
23,IALOMIŢA,"LICEUL TEHNOLOGIC ARETA TEODORESCU",156,GRIVIŢA,93735,1,PROV,PRCNCT,CJ,CJ_SV,"2020-09-28 01:58:19",976,930,0,1,45,569,524,0,0,45,495,74,1000,431,90,26,8,202,99,50,4,1,7,5,3
23,IALOMIŢA,"LICEUL TEHNOLOGIC - CORP B",75,"ORAŞ CĂZĂNEŞTI",93067,2,PROV,PRCNCT,CJ,CJ_SV,"2020-09-28 13:47:32",1507,1464,0,28,15,797,754,0,28,15,741,56,1609,812,130,107,37,80,269,97,3,1,10,3,4
23,IALOMIŢA,"LICEUL TEHNOLOGIC DE INDUSTRIE ALIMENTARA",46,"MUNICIPIUL FETEŞTI",92701,4,PROV,PRCNCT,CJ,CJ_SV,"2020-09-28 18:07:51",1491,1479,4,7,1,530,522,0,7,1,501,29,1640,1110,108,15,4,162,164,28,1,9,0,4,6
23,IALOMIŢA,"LICEUL TEHNOLOGIC DE INDUSTRIE ALIMENTARA (FOSTA SCOALA NR. 8)",50,"MUNICIPIUL FETEŞTI",92701,5,PROV,PRCNCT,CJ,CJ_SV,"2020-09-28 18:09:44",960,948,0,10,2,324,312,0,10,2,312,12,1050,726,32,10,7,106,122,25,1,6,2,0,1
23,IALOMIŢA,"LICEUL TEHNOLOGIC DE INDUSTRIE ALIMENTARA (FOSTA SCOALA NR. 8)",49,"MUNICIPIUL FETEŞTI",92701,1,PROV,PRCNCT,CJ,CJ_SV,"2020-09-28 00:47:34",898,891,0,7,0,299,292,0,7,0,283,16,990,691,31,8,3,91,108,26,1,6,3,4,2
23,IALOMIŢA,"LICEUL TEHNOLOGIC ”ÎNĂLŢAREA DOMNULUI” (ŞCOALA GENERALĂ NR. 6)",8,"MUNICIPIUL SLOBOZIA",92658,1,PROV,PRCNCT,CJ,CJ_SV,"2020-09-28 03:12:27",1579,1569,2,8,0,554,546,0,8,0,543,11,1700,1146,140,18,17,114,172,44,0,4,14,16,4
23,IALOMIŢA,"LICEUL TEHNOLOGIC ”ÎNĂLŢAREA DOMNULUI” (ŞCOALA GENERALÃ NR.6)",9,"MUNICIPIUL SLOBOZIA",92658,3,PROV,PRCNCT,CJ,CJ_SV,"2020-09-29 10:42:36",1351,1339,1,11,0,399,388,0,11,0,382,17,1500,1101,90,12,8,68,143,23,1,7,4,20,6
23,IALOMIŢA,"LICEUL TEHNOLOGIC ”MIHAI EMINESCU” (LICEUL DE CHIMIE)",14,"MUNICIPIUL SLOBOZIA",92658,2,PROV,PRCNCT,CJ,CJ_SV,"2020-09-29 12:33:17",1142,1095,39,8,0,361,353,0,8,0,346,15,1200,839,84,13,8,80,113,18,1,3,8,12,6
23,IALOMIŢA,"LICEUL TEHNOLOGIC MIHAIL KOGĂLNICEANU",173,"MIHAIL KOGĂLNICEANU",93995,2,PROV,PRCNCT,CJ,CJ_SV,"2020-09-28 16:45:19",1294,1266,0,17,11,789,761,0,17,11,750,39,1393,604,146,46,3,217,307,8,0,0,16,3,4
23,IALOMIŢA,"LICEUL TEHNOLOGIC TANDAREI",80,"ORAŞ ŢĂNDĂREI",92765,2,PROV,PRCNCT,CJ,CJ_SV,"2020-09-28 09:34:14",1408,1400,0,8,0,543,535,0,8,0,514,29,1540,997,99,71,6,110,128,8,1,37,47,4,3
23,IALOMIŢA,"LICEUL TEHNOLOGIC ȚĂNDĂREI",85,"ORAŞ ŢĂNDĂREI",92765,3,PROV,PRCNCT,CJ,CJ_SV,"2020-09-29 11:31:08",1515,1506,0,7,2,511,502,0,7,2,475,36,1700,1189,69,67,10,77,164,9,0,35,39,1,4
23,IALOMIŢA,"LICEUL TEHNOLOGIC URZICENI",69,"MUNICIPIUL URZICENI",100683,2,PROV,PRCNCT,CJ,CJ_SV,"2020-09-28 14:42:17",1601,1591,0,9,1,515,505,0,9,1,475,40,1700,1185,37,17,16,164,150,56,0,3,19,12,1
23,IALOMIŢA,"LICEUL TEORETIC ”CAROL I”",44,"MUNICIPIUL FETEŞTI",92701,4,PROV,PRCNCT,CJ,CJ_SV,"2020-09-28 18:21:24",516,508,0,8,0,516,508,0,8,0,468,48,1500,984,81,0,9,166,154,30,0,15,2,2,9
23,IALOMIŢA,"LICEUL TEORETIC ’’PAUL GEORGESCU’’",82,"ORAŞ ŢĂNDĂREI",92765,4,PROV,PRCNCT,CJ,CJ_SV,"2020-09-29 11:04:59",920,910,0,9,1,378,368,0,9,1,368,10,1000,622,90,45,7,82,72,11,0,12,40,4,5
23,IALOMIŢA,"LICEUL TEORETIC ’’PAUL GEORGESCU’’",81,"ORAŞ ŢĂNDĂREI",92765,4,PROV,PRCNCT,CJ,CJ_SV,"2020-09-29 11:15:00",1144,1134,0,9,1,409,399,0,9,1,372,37,1250,841,59,49,7,63,141,5,0,17,26,3,2
23,IALOMIŢA,"LICEU TEHNOLOGIC ”ANGHEL SALIGNY”",43,"MUNICIPIUL FETEŞTI",92701,3,PROV,PRCNCT,CJ,CJ_SV,"2020-09-28 17:31:25",1034,1020,0,9,5,402,388,0,9,5,382,20,1130,728,67,8,9,114,154,21,0,2,2,1,4
23,IALOMIŢA,"LOCALUL GRUPULUI ŞCOLAR BORDUŞANI (ZONA „MOARĂ”)",116,BORDUŞANI,92989,1,PROV,PRCNCT,CJ,CJ_SV,"2020-09-28 00:44:33",1437,1436,0,1,0,683,682,0,1,0,626,57,1576,893,161,22,4,314,106,4,0,3,5,5,2
23,IALOMIŢA,"LOCALUL ŞCOLII CU CLASELE I- VIII CEGANI",117,BORDUŞANI,92989,1,PROV,PRCNCT,CJ,CJ_SV,"2020-09-28 03:49:54",1121,1121,0,0,0,526,526,0,0,0,491,35,1232,706,162,14,5,199,97,3,0,0,5,3,3
23,IALOMIŢA,"LOCALUL ŞCOLII GIMNAZIALE DIN COMUNA MĂRCULEŞTI",171,MĂRCULEŞTI,179980,1,PROV,PRCNCT,CJ,CJ_SV,"2020-09-28 03:58:45",1309,1274,0,8,27,896,861,0,8,27,803,93,1451,555,142,39,5,88,386,9,3,8,104,8,11
23,IALOMIŢA,"LOCALUL ŞCOLII VECHI DIN CENTRUL SATULUI",115,BORDUŞANI,92989,1,PROV,PRCNCT,CJ,CJ_SV,"2020-09-28 03:03:00",1389,1388,1,0,0,618,618,0,0,0,560,58,1524,906,141,18,2,273,111,6,1,2,2,2,2
23,IALOMIŢA,"MUZEUL AGRICULTURII",7,"MUNICIPIUL SLOBOZIA",92658,1,PROV,PRCNCT,CJ,CJ_SV,"2020-09-28 02:08:31",1550,1534,1,15,0,537,522,0,15,0,523,14,1700,1163,123,14,21,103,156,54,1,4,11,24,12
23,IALOMIŢA,"PALATUL COPIILOR SLOBOZIA",23,"MUNICIPIUL SLOBOZIA",92658,4,PROV,PRCNCT,CJ,CJ_SV,"2020-09-29 11:39:20",1240,1229,2,9,0,505,496,0,9,0,499,6,1400,895,93,22,5,128,155,54,0,12,10,14,6
23,IALOMIŢA,"PALATUL COPIILOR SLOBOZIA",22,"MUNICIPIUL SLOBOZIA",92658,2,PROV,PRCNCT,CJ,CJ_SV,"2020-09-29 11:41:45",1471,1461,1,8,1,601,592,0,8,1,588,13,1600,999,146,29,8,140,155,54,2,10,14,27,3
23,IALOMIŢA,"PRIMARIA COCORA",130,COCORA,93209,2,PROV,PRCNCT,CJ,CJ_SV,"2020-09-28 10:29:41",595,573,0,7,15,595,573,0,7,15,535,60,948,353,51,15,10,327,92,30,0,2,3,2,3
23,IALOMIŢA,"PRIMĂRIA STELNICA",211,STELNICA,94492,2,PROV,PRCNCT,CJ,CJ_SV,"2020-09-28 06:09:44",1480,1442,0,1,37,899,861,0,1,37,824,75,1622,723,27,8,32,273,439,37,2,1,2,1,2
23,IALOMIŢA,"PRIMARIA VALEA CIORII",216,"VALEA CIORII",94688,1,PROV,PRCNCT,CJ,CJ_SV,"2020-09-28 02:27:33",1524,1445,1,16,62,1061,983,0,16,62,1006,55,1582,521,68,27,15,257,591,31,0,0,6,9,2
23,IALOMIŢA,"PROTOPOPIATUL FETESTI",39,"MUNICIPIUL FETEŞTI",92701,1,PROV,PRCNCT,CJ,CJ_SV,"2020-09-28 01:44:34",1135,1125,0,10,0,338,328,0,10,0,320,18,1250,912,55,9,5,125,93,20,0,2,2,5,4
23,IALOMIŢA,"SALA DE SPORT",48,"MUNICIPIUL FETEŞTI",92701,2,PROV,PRCNCT,CJ,CJ_SV,"2020-09-28 06:46:14",1162,1146,0,15,1,471,455,0,15,1,444,27,1270,799,56,7,8,153,141,57,2,6,4,1,9
23,IALOMIŢA,"SALĂ DE SPORT CLUB SPORTIV VICTORIA ȚĂNDĂREI",86,"ORAŞ ŢĂNDĂREI",92765,3,PROV,PRCNCT,CJ,CJ_SV,"2020-09-29 11:16:29",1557,1550,0,6,1,549,542,0,6,1,504,45,1700,1151,76,79,4,85,158,13,2,25,54,6,2
23,IALOMIŢA,"SALA DE SPORT DE LÂNGĂ PRIMARIA COMUNEI ADÂNCATA",89,ADÂNCATA,100754,1,PROV,PRCNCT,CJ,CJ_SV,"2020-09-28 03:04:28",1370,1317,0,26,27,949,897,0,26,26,895,54,1488,539,102,15,8,522,222,10,0,1,6,8,1
23,IALOMIŢA,"SALĂ FESTIVITĂŢI",104,BALACIU,92907,1,PROV,PRCNCT,CJ,CJ_SV,"2020-09-27 23:48:40",251,245,0,2,4,141,135,0,2,4,122,19,280,139,5,7,4,38,60,4,1,1,2,0,0
23,IALOMIŢA,"SAM FACAENI",142,FĂCĂENI,93575,1,PROV,PRCNCT,CJ,CJ_SV,"2020-09-28 03:25:22",1224,1219,1,4,0,695,691,0,4,0,640,55,1400,705,28,14,3,320,171,8,0,1,91,3,1
23,IALOMIŢA,"S.C. DRUMURI ŞI PODURI IALOMIŢA",21,"MUNICIPIUL SLOBOZIA",92658,3,PROV,PRCNCT,CJ,CJ_SV,"2020-09-29 11:47:20",1703,1686,2,13,2,768,753,0,13,2,734,34,1800,1032,146,38,10,192,202,80,1,9,26,26,4
23,IALOMIŢA,SCELIF,18,"MUNICIPIUL SLOBOZIA",92658,2,PROV,PRCNCT,CJ,CJ_SV,"2020-09-29 11:38:50",1442,1429,0,12,1,549,536,0,12,1,534,15,1600,1051,143,26,9,102,156,50,3,5,9,23,8
23,IALOMIŢA,"ŞCOALA CRUNŢI",195,REVIGA,94269,1,PROV,PRCNCT,CJ,CJ_SV,"2020-09-27 23:46:41",369,365,0,2,2,199,195,0,2,2,175,24,383,184,4,5,1,37,126,1,0,0,1,0,0
23,IALOMIŢA,"ŞCOALA CU CLASELE I – IV BUEŞTI",120,BUEŞTI,179793,1,PROV,PRCNCT,CJ,CJ_SV,"2020-09-27 22:59:28",837,817,0,2,18,542,522,0,2,18,523,19,924,382,20,3,0,24,471,1,0,0,2,2,0
23,IALOMIŢA,"SCOALA CU CLASELE I-IV IAZU",206,SCÂNTEIA,94429,1,PROV,PRCNCT,CJ,CJ_SV,"2020-09-28 02:34:44",831,826,1,2,2,381,377,0,2,2,359,22,924,543,28,87,0,35,203,1,0,0,0,4,1
23,IALOMIŢA,"ŞCOALA CU CLASELE I-VIII, ”BARBU CATARGIU”, MAIA",167,MAIA,179800,2,PROV,PRCNCT,CJ,CJ_SV,"2020-09-28 06:28:42",1410,1311,0,76,23,1121,1022,0,76,23,1030,91,1473,352,530,46,4,210,138,58,2,0,41,1,0
23,IALOMIŢA,"ŞCOALA CU CLASELE I-VIII COLELIA",131,COLELIA,179971,2,PROV,PRCNCT,CJ,CJ_SV,"2020-09-28 04:59:54",992,915,0,11,66,601,524,0,11,66,559,42,1007,406,55,6,13,51,414,5,0,3,5,3,4
23,IALOMIŢA,"SCOALA CU CLASELE I-VIII GARBOVI",148,GÂRBOVI,103283,1,PROV,PRCNCT,CJ,CJ_SV,"2020-09-28 02:34:15",1072,1061,0,9,2,514,503,0,9,2,465,49,1174,660,49,3,6,36,167,185,1,3,3,6,6
23,IALOMIŢA,"ŞCOALA CU CLASELE I-VIII GÂRBOVI,",146,GÂRBOVI,103283,1,PROV,PRCNCT,CJ,CJ_SV,"2020-09-28 02:40:34",1010,1003,1,4,2,468,462,0,4,2,420,48,1100,632,57,8,6,34,146,156,2,1,2,2,6
23,IALOMIŢA,"ŞCOALA CU CLASELE I-VIII GÂRBOVI,",147,GÂRBOVI,103283,1,PROV,PRCNCT,CJ,CJ_SV,"2020-09-28 02:03:04",999,994,0,3,2,502,497,0,3,2,468,34,1100,598,50,14,13,48,169,165,0,1,2,4,2
23,IALOMIŢA,"ŞCOALA CU CLASELE I-VIII MOLDOVENI",177,MOLDOVENI,179999,1,PROV,PRCNCT,CJ,CJ_SV,"2020-09-28 02:23:10",888,828,0,17,43,542,482,0,17,43,498,44,963,421,14,11,3,37,413,7,1,1,6,5,0
23,IALOMIŢA,"ŞCOALA CU CLASELE I-VIII, MOVILA",178,MOVILA,94081,1,PROV,PRCNCT,CJ,CJ_SV,"2020-09-28 03:02:16",1607,1561,0,6,40,830,784,0,6,40,770,60,1718,888,93,15,32,210,389,11,0,2,8,8,2
23,IALOMIŢA,"ŞCOALA CU CLASELE I-VIII NR.3 DIN URZICENI",60,"MUNICIPIUL URZICENI",100683,1,PROV,PRCNCT,CJ,CJ_SV,"2020-09-28 04:16:00",1329,1323,0,6,0,446,440,0,6,0,419,27,1500,1054,57,14,11,135,124,32,1,1,22,16,6
23,IALOMIŢA,"SCOALA CU CLASELE I-VIII ROŞIORI",196,ROŞIORI,179828,1,PROV,PRCNCT,CJ,CJ_SV,"2020-09-28 04:25:32",909,846,0,13,50,671,613,0,11,47,611,60,1000,329,32,8,9,232,315,10,1,0,1,2,1
23,IALOMIŢA,"ŞCOALA CU CLASELE I-VIII ROŞIORI",197,ROŞIORI,179828,2,PROV,PRCNCT,CJ,CJ_SV,"2020-09-28 12:25:12",691,643,0,5,43,474,426,0,5,43,425,49,709,235,13,16,7,136,244,6,0,0,2,1,0
23,IALOMIŢA,"ŞCOALA DIN SATUL SLĂTIOARELE",166,JILAVELE,103960,1,PROV,PRCNCT,CJ,CJ_SV,"2020-09-28 00:49:46",305,291,0,9,5,144,130,0,9,5,139,5,329,185,25,2,3,20,80,6,0,2,1,0,0
23,IALOMIŢA,"ŞCOALA FRĂŢILEŞTI",203,SĂVENI,94376,1,PROV,PRCNCT,CJ,CJ_SV,"2020-09-28 00:47:01",346,336,0,10,0,161,151,0,10,0,146,15,379,218,80,7,6,9,33,2,0,1,7,0,1
23,IALOMIŢA,"ŞCOALA GENERALĂ ADÂNCATA",90,ADÂNCATA,100754,2,PROV,PRCNCT,CJ,CJ_SV,"2020-09-28 18:01:22",631,607,0,16,8,413,389,0,16,8,375,38,668,255,184,6,6,109,60,4,0,0,3,2,1
23,IALOMIŢA,"SCOALA GENERALA ALEXANDRU ODOBESCU",64,"MUNICIPIUL URZICENI",100683,2,PROV,PRCNCT,CJ,CJ_SV,"2020-09-28 04:02:13",1139,1125,0,14,0,514,500,0,14,0,500,14,1250,736,58,13,13,184,125,48,3,3,35,13,5
23,IALOMIŢA,"ŞCOALA GENERALA ANDRĂŞEŞTI",95,ANDRĂŞEŞTI,92872,2,PROV,PRCNCT,CJ,CJ_SV,"2020-09-28 14:00:17",1475,1449,1,14,11,877,852,0,14,11,797,80,1600,723,63,143,36,273,244,24,3,0,3,8,0
23,IALOMIŢA,"ȘCOALA GENERALĂ ARMĂȘEȘTI",97,ARMĂŞEŞTI,100870,1,PROV,PRCNCT,CJ,CJ_SV,"2020-09-27 23:16:49",605,597,0,8,0,301,293,0,8,0,273,28,600,299,9,9,0,125,115,4,0,1,2,7,1
23,IALOMIŢA,"ŞCOALA GENERALĂ CIOCÂRLIA",121,CIOCÂRLIA,100709,1,PROV,PRCNCT,CJ,CJ_SV,"2020-09-28 00:00:10",647,625,0,10,12,424,402,0,10,12,394,30,692,268,32,9,2,86,247,4,0,2,5,4,3
23,IALOMIŢA,"ŞCOALA GENERALĂ COSERENI",135,COŞERENI,102240,2,PROV,PRCNCT,CJ,CJ_SV,"2020-09-28 12:39:45",1284,1257,0,14,13,752,725,0,14,13,686,66,1390,638,112,13,7,251,213,12,1,1,67,4,5
23,IALOMIŢA,"ŞCOALA GENERALĂ CU CLASELE I-IV FIRBINŢI DE JOS",79,"ORAŞ FIERBINŢI-TÂRG",102749,1,PROV,PRCNCT,CJ,CJ_SV,"2020-09-28 03:39:20",933,894,0,20,19,758,719,0,20,19,717,41,1000,242,109,29,5,229,138,190,1,2,10,2,2
23,IALOMIŢA,"ŞCOALA GENERALĂ CU CLASELE I-IV FIRBINŢI DE SUS",78,"ORAŞ FIERBINŢI-TÂRG",102749,2,PROV,PRCNCT,CJ,CJ_SV,"2020-09-28 10:12:24",1573,1493,0,44,36,1158,1078,0,44,36,1105,53,1612,454,163,20,12,195,448,255,2,0,6,3,1
23,IALOMIŢA,"ŞCOALA GENERALĂ CU CLASELE I-IV RĂSIMNICEA",192,RĂDULEŞTI,101243,1,PROV,PRCNCT,CJ,CJ_SV,"2020-09-27 23:22:22",238,198,0,40,0,154,114,0,40,0,146,8,239,85,4,4,3,24,110,0,0,0,1,0,0
23,IALOMIŢA,"SCOALA GENERALA FACAENI - CORP B",143,FĂCĂENI,93575,2,PROV,PRCNCT,CJ,CJ_SV,"2020-09-28 10:09:21",1630,1620,1,9,0,803,794,0,9,0,703,100,1772,969,55,25,9,291,159,6,0,1,154,3,0
23,IALOMIŢA,"SCOALA GENERALA FACAENI - CORP C",144,FĂCĂENI,93575,2,PROV,PRCNCT,CJ,CJ_SV,"2020-09-28 05:34:47",993,985,2,6,0,542,535,1,6,0,492,50,1000,458,31,7,3,247,135,5,1,2,58,2,1
23,IALOMIŢA,"ŞCOALA GENERALĂ GHEORGHE LAZĂR",152,"GHEORGHE LAZĂR",93628,3,PROV,PRCNCT,CJ,CJ_SV,"2020-09-28 12:09:44",800,783,0,1,16,530,513,0,1,16,504,26,844,314,120,150,6,28,188,2,2,0,5,2,1
23,IALOMIŢA,"ŞCOALA GENERALĂ GHEORGHE LAZĂR",151,"GHEORGHE LAZĂR",93628,2,PROV,PRCNCT,CJ,CJ_SV,"2020-09-28 06:40:29",1078,1050,2,3,23,719,692,1,3,23,663,56,1200,481,124,184,6,29,306,5,1,0,3,3,2
23,IALOMIŢA,"ŞCOALA GENERALĂ ION HELIADE RADULESCU",66,"MUNICIPIUL URZICENI",100683,1,PROV,PRCNCT,CJ,CJ_SV,"2020-09-28 01:55:56",1493,1483,0,9,1,521,511,0,9,1,509,12,1700,1179,50,29,20,152,159,49,1,2,36,8,3
23,IALOMIŢA,"ŞCOALA GENERALĂ ION HELIADE RADULESCU",67,"MUNICIPIUL URZICENI",100683,1,PROV,PRCNCT,CJ,CJ_SV,"2020-09-28 03:00:39",1227,1222,2,3,0,435,432,0,3,0,416,19,1350,915,36,13,15,138,128,38,2,5,28,13,0
23,IALOMIŢA,"ŞCOALA GENERALA LUCIU",160,"GURA IALOMIŢEI",180046,2,PROV,PRCNCT,CJ,CJ_SV,"2020-09-28 03:21:05",1078,1070,1,7,0,667,660,0,7,0,616,51,1264,597,54,142,2,143,226,10,0,0,39,0,0
23,IALOMIŢA,"ŞCOALA GENERALĂ MALU ROȘU",98,ARMĂŞEŞTI,100870,1,PROV,PRCNCT,CJ,CJ_SV,"2020-09-28 02:20:21",1156,1152,0,4,0,599,595,0,4,0,552,47,1329,730,26,5,3,47,444,7,0,2,2,16,0
23,IALOMIŢA,"ŞCOALA GENERALĂ NICOLEŞTI",175,MILOŞEŞTI,94045,1,PROV,PRCNCT,CJ,CJ_SV,"2020-09-28 00:28:04",326,303,0,4,19,216,193,0,4,19,183,33,329,113,38,11,1,26,24,77,0,0,2,3,1
23,IALOMIŢA,"ŞCOALA GENERALĂ NR. 1",181,MUNTENI-BUZĂU,94107,1,PROV,PRCNCT,CJ,CJ_SV,"2020-09-28 03:49:32",1537,1495,0,3,39,850,808,0,3,39,753,93,1646,800,62,22,4,183,432,30,6,4,2,5,3
23,IALOMIŢA,"ŞCOALA GENERALĂ NR. 2",182,MUNTENI-BUZĂU,94107,1,PROV,PRCNCT,CJ,CJ_SV,"2020-09-28 04:21:11",1317,1257,0,6,54,714,655,0,6,53,654,60,1384,670,64,21,7,159,341,33,7,2,8,10,2
23,IALOMIŢA,"ŞCOALA GENERALÃ NR.3,",3,"MUNICIPIUL SLOBOZIA",92658,1,PROV,PRCNCT,CJ,CJ_SV,"2020-09-28 01:15:00",1125,1114,1,10,0,397,387,0,10,0,383,14,1150,753,86,25,13,97,97,29,4,6,6,16,4
23,IALOMIŢA,"ŞCOALA GENERALÃ NR.3,",4,"MUNICIPIUL SLOBOZIA",92658,1,PROV,PRCNCT,CJ,CJ_SV,"2020-09-28 01:41:13",936,926,1,9,0,359,350,0,9,0,345,14,1100,741,107,20,9,71,90,29,3,3,0,10,3
23,IALOMIŢA,"ŞCOALA GENERALĂ SCÂNTEIA",205,SCÂNTEIA,94429,1,PROV,PRCNCT,CJ,CJ_SV,"2020-09-28 02:55:40",1060,1042,0,7,11,555,537,0,7,11,520,35,1164,609,48,26,2,61,362,7,0,0,3,7,4
23,IALOMIŢA,"ŞCOALA GENERALA TOVĂRĂŞIA",176,MILOŞEŞTI,94045,1,PROV,PRCNCT,CJ,CJ_SV,"2020-09-27 23:59:25",280,263,0,6,11,172,155,0,6,11,153,19,300,128,29,9,2,25,29,54,0,0,3,2,0
23,IALOMIŢA,"ŞCOALA GIMBĂŞANI",133,COSÂMBEŞTI,93236,1,PROV,PRCNCT,CJ,CJ_SV,"2020-09-28 00:54:02",756,722,0,6,28,504,470,0,6,28,478,26,800,296,215,9,4,37,190,15,0,2,2,2,2
23,IALOMIŢA,"ŞCOALA GIMNAZIALĂ",198,SĂLCIOARA,94330,2,PROV,PRCNCT,CJ,CJ_SV,"2020-09-28 11:34:46",985,911,0,32,42,721,647,0,32,42,652,69,1000,279,21,9,2,376,142,88,1,0,7,3,3
23,IALOMIŢA,"ŞCOALA GIMNAZIALĂ",113,BORĂNEŞTI,179784,1,PROV,PRCNCT,CJ,CJ_SV,"2020-09-28 03:08:57",576,557,0,9,10,448,429,0,9,10,381,67,620,172,14,20,2,121,216,2,0,1,4,1,0
23,IALOMIŢA,"ŞCOALA GIMNAZIALĂ",112,BORĂNEŞTI,179784,2,PROV,PRCNCT,CJ,CJ_SV,"2020-09-28 15:48:14",999,982,0,9,8,753,736,0,9,8,661,83,1069,316,6,24,4,416,187,6,1,1,11,4,1
23,IALOMIŢA,"SCOALA GIMNAZIALĂ ”APOSTOL D CULEA”",212,SUDIŢI,94535,1,PROV,PRCNCT,CJ,CJ_SV,"2020-09-28 03:49:32",819,770,1,5,43,606,558,0,5,43,565,41,917,311,44,33,11,201,258,6,0,0,4,6,2
23,IALOMIŢA,"SCOALA GIMNAZIALĂ ”APOSTOL D CULEA”",213,SUDIŢI,94535,1,PROV,PRCNCT,CJ,CJ_SV,"2020-09-28 02:33:00",849,816,0,4,29,605,572,0,4,29,563,42,918,313,54,26,7,187,273,10,1,0,2,0,3
23,IALOMIŢA,"ŞCOALA GIMNAZIALĂ ”ARHIMANDRIT TEOFIL” BALACIU",103,BALACIU,92907,1,PROV,PRCNCT,CJ,CJ_SV,"2020-09-28 00:01:08",335,323,0,6,6,211,199,0,6,6,188,23,372,161,10,4,4,84,75,5,0,0,3,2,1
23,IALOMIŢA,"ŞCOALA GIMNAZIALA ”AUREL VLAICU”",45,"MUNICIPIUL FETEŞTI",92701,2,PROV,PRCNCT,CJ,CJ_SV,"2020-09-28 10:25:29",1143,1135,0,8,0,487,479,0,8,0,472,15,1160,673,94,14,10,171,152,19,0,4,3,4,1
23,IALOMIŢA,"ŞCOALA GIMNAZIALĂ BĂRBULEŞTI",108,BĂRBULEŞTI,180064,1,PROV,PRCNCT,CJ,CJ_SV,"2020-09-27 23:20:47",1008,1008,0,0,0,417,417,0,0,0,373,44,1100,683,9,6,0,107,243,2,3,0,3,0,0
23,IALOMIŢA,"ŞCOALA GIMNAZIALĂ BĂRBULEŞTI",109,BĂRBULEŞTI,180064,2,PROV,PRCNCT,CJ,CJ_SV,"2020-09-28 01:44:00",1135,1135,0,0,0,468,468,0,0,0,426,42,1278,810,11,12,1,193,204,2,0,0,2,0,1
23,IALOMIŢA,"ŞCOALA GIMNAZIALĂ BĂRBULEŞTI",107,BĂRBULEŞTI,180064,1,PROV,PRCNCT,CJ,CJ_SV,"2020-09-28 01:07:00",1007,1007,0,0,0,393,393,0,0,0,349,44,1100,707,12,9,0,130,194,0,0,1,2,0,1
23,IALOMIŢA,"ŞCOALA GIMNAZIALĂ BĂRBULEŞTI",106,BĂRBULEŞTI,180064,2,PROV,PRCNCT,CJ,CJ_SV,"2020-09-28 01:55:05",923,921,0,2,0,384,382,0,2,0,328,56,1000,616,7,15,1,132,168,0,0,1,3,1,0
23,IALOMIŢA,"ŞCOALA GIMNAZIALA BĂRCĂNEŞTI",110,BĂRCĂNEŞTI,101056,1,PROV,PRCNCT,CJ,CJ_SV,"2020-09-28 02:42:15",1296,1276,0,20,0,772,752,0,20,0,711,61,1412,640,231,42,5,53,354,6,1,1,14,2,2
23,IALOMIŢA,"ŞCOALA GIMNAZIALĂ BORA",30,"MUNICIPIUL SLOBOZIA",92658,2,PROV,PRCNCT,CJ,CJ_SV,"2020-09-29 12:39:46",787,741,39,7,0,247,240,0,7,0,218,29,900,653,37,6,14,39,75,6,2,11,16,11,1
23,IALOMIŢA,"ŞCOALA GIMNAZIALÃ BORA",31,"MUNICIPIUL SLOBOZIA",92658,3,PROV,PRCNCT,CJ,CJ_SV,"2020-09-29 12:43:36",1067,1019,39,9,0,351,342,0,9,0,295,56,1200,849,55,12,19,42,123,6,1,4,11,19,3
23,IALOMIŢA,"ŞCOALA GIMNAZIALĂ COCORA",129,COCORA,93209,1,PROV,PRCNCT,CJ,CJ_SV,"2020-09-28 02:38:28",802,776,0,7,19,563,537,0,7,19,517,46,844,281,45,11,7,322,101,26,0,0,4,1,0
23,IALOMIŢA,"ŞCOALA GIMNAZIALĂ CONDEEŞTI",111,BĂRCĂNEŞTI,101056,3,PROV,PRCNCT,CJ,CJ_SV,"2020-09-28 13:12:45",1388,1377,0,11,0,723,712,0,11,0,633,90,1512,789,251,14,4,89,263,3,0,2,0,7,0
23,IALOMIŢA,"SCOALA GIMNAZIALA CONSTANTIN GURGU NR. 1",159,"GURA IALOMIŢEI",180046,1,PROV,PRCNCT,CJ,CJ_SV,"2020-09-28 02:03:17",984,977,1,5,1,642,636,0,5,1,586,56,1000,358,67,44,5,146,235,4,0,1,59,8,17
23,IALOMIŢA,"SCOALA GIMNAZIALA ”CONSTANTIN STEFAN”",91,ALBEŞTI,92783,1,PROV,PRCNCT,CJ,CJ_SV,"2020-09-28 02:25:29",536,497,0,8,31,365,326,0,8,31,344,21,541,176,97,2,7,26,199,3,1,0,1,5,3
23,IALOMIŢA,"ŞCOALA GIMNAZIALA ”DIMITRIE CANTEMIR”",52,"MUNICIPIUL FETEŞTI",92701,3,PROV,PRCNCT,CJ,CJ_SV,"2020-09-28 18:29:04",1255,1245,0,10,0,449,439,0,10,0,427,22,1380,931,59,12,8,135,168,22,1,6,4,4,8
23,IALOMIŢA,"ŞCOALA GIMNAZIALA ”DIMITRIE CANTEMIR”",54,"MUNICIPIUL FETEŞTI",92701,1,PROV,PRCNCT,CJ,CJ_SV,"2020-09-28 00:27:27",972,964,0,8,0,342,334,0,8,0,325,17,1060,718,64,5,12,98,97,27,0,9,3,2,8
23,IALOMIŢA,"ŞCOALA GIMNAZIALA ”DIMITRIE CANTEMIR”",53,"MUNICIPIUL FETEŞTI",92701,1,PROV,PRCNCT,CJ,CJ_SV,"2020-09-28 00:46:01",962,954,1,7,0,373,366,0,7,0,363,10,1050,677,66,10,3,138,114,23,0,3,1,3,2
23,IALOMIŢA,"ŞCOALA GIMNAZIALĂ DRIDU",138,DRIDU,102703,1,PROV,PRCNCT,CJ,CJ_SV,"2020-09-28 04:47:15",954,940,0,12,2,572,558,0,12,2,527,45,1045,473,142,8,9,107,229,15,1,3,6,5,2
23,IALOMIŢA,"SCOALA GIMNAZIALA GEORGE VALSAN",73,"ORAŞ AMARA",92836,2,PROV,PRCNCT,CJ,CJ_SV,"2020-09-28 15:16:09",1409,1397,0,8,4,662,650,0,8,4,623,39,1538,876,231,9,13,99,158,22,1,1,3,84,2
23,IALOMIŢA,"SCOALA GIMNAZIALA GEORGE VALSAN",72,"ORAŞ AMARA",92836,1,PROV,PRCNCT,CJ,CJ_SV,"2020-09-28 06:03:10",1369,1359,1,7,2,615,606,0,7,2,584,31,1506,891,200,6,6,85,138,21,0,3,2,122,1
23,IALOMIŢA,"ŞCOALA GIMNAZIALĂ GHEORGHE DOJA SITUATĂ ÎN GHEORGHE DOJA",150,"GHEORGHE DOJA",93600,1,PROV,PRCNCT,CJ,CJ_SV,"2020-09-28 01:10:56",1109,1051,0,5,53,734,677,0,5,52,708,26,1200,466,157,5,7,148,341,32,0,2,5,11,0
23,IALOMIŢA,"ŞCOALA GIMNAZIALĂ GHEORGHE DOJA SITUATĂ ÎN GHEORGHE DOJA",149,"GHEORGHE DOJA",93600,1,PROV,PRCNCT,CJ,CJ_SV,"2020-09-28 01:32:53",1078,1009,0,12,57,707,639,0,12,56,656,51,1193,486,119,16,5,142,336,26,1,0,3,5,3
23,IALOMIŢA,"ŞCOALA GIMNAZIALĂ ”GHEORGHE LAZĂR”",16,"MUNICIPIUL SLOBOZIA",92658,3,PROV,PRCNCT,CJ,CJ_SV,"2020-09-29 12:33:48",1558,1497,39,8,14,521,499,0,8,14,499,22,1600,1079,142,24,17,99,145,18,1,7,13,26,7
23,IALOMIŢA,"ŞCOALA GIMNAZIALÃ ”GHEORGHE LAZĂR”",15,"MUNICIPIUL SLOBOZIA",92658,1,PROV,PRCNCT,CJ,CJ_SV,"2020-09-28 00:54:19",1552,1547,0,5,0,544,539,0,5,0,527,17,1700,1156,147,23,18,97,149,34,4,5,12,32,6
23,IALOMIŢA,"ŞCOALA GIMNAZIALĂ GIURGENI",153,GIURGENI,93646,1,PROV,PRCNCT,CJ,CJ_SV,"2020-09-28 02:10:33",1147,1090,1,5,51,756,703,0,5,48,699,57,1258,502,80,38,8,193,324,10,0,0,42,4,0
23,IALOMIŢA,"ŞCOALA GIMNAZIALA ION ROATA",161,"ION ROATĂ",103862,1,PROV,PRCNCT,CJ,CJ_SV,"2020-09-28 01:39:09",922,866,0,36,20,653,597,0,36,20,588,65,1000,347,37,53,1,128,158,12,1,0,186,10,2
23,IALOMIŢA,"ŞCOALA GIMNAZIALA ION ROATA(STRUCTURA BROSTENI)",163,"ION ROATĂ",103862,1,PROV,PRCNCT,CJ,CJ_SV,"2020-09-28 00:59:05",1195,1170,1,13,11,752,728,0,13,11,649,103,1214,462,21,28,3,109,328,13,0,2,135,8,2
23,IALOMIŢA,"SCOALA GIMNAZIALA ”MIHAI VITEAZUL”",36,"MUNICIPIUL FETEŞTI",92701,4,PROV,PRCNCT,CJ,CJ_SV,"2020-09-28 17:38:07",1044,1034,0,10,0,312,302,0,10,0,261,51,1150,838,20,12,4,78,125,11,0,3,2,5,1
23,IALOMIŢA,"ŞCOALA GIMNAZIALĂ ”MIHAI VITEAZUL”- LOCALUL A",35,"MUNICIPIUL FETEŞTI",92701,3,PROV,PRCNCT,CJ,CJ_SV,"2020-09-28 09:26:19",1517,1510,0,7,0,486,479,0,7,0,431,55,1670,1184,50,23,4,101,193,33,0,9,5,10,3
23,IALOMIŢA,"SCOALA GIMNAZIALA ”MIHAI VITEAZUL” - LOCALUL B",37,"MUNICIPIUL FETEŞTI",92701,1,PROV,PRCNCT,CJ,CJ_SV,"2020-09-28 00:16:48",1001,989,1,11,0,313,302,0,11,0,289,24,1100,787,42,10,4,108,102,13,0,2,0,4,4
23,IALOMIŢA,"ŞCOALA GIMNAZIALĂ ” MIHAI VITEAZUL”- LOCALUL BULIGA",34,"MUNICIPIUL FETEŞTI",92701,1,PROV,PRCNCT,CJ,CJ_SV,"2020-09-28 02:04:35",895,885,2,8,0,411,403,0,8,0,385,26,980,569,68,19,8,67,188,19,1,6,3,2,4
23,IALOMIŢA,"SCOALA GIMNAZIALA ”MIHAI VITEAZUL” - LOCALUL C",38,"MUNICIPIUL FETEŞTI",92701,2,PROV,PRCNCT,CJ,CJ_SV,"2020-09-28 00:58:27",926,921,0,5,0,314,309,0,5,0,300,14,1020,706,45,10,6,100,109,11,1,7,1,6,4
23,IALOMIŢA,"ŞCOALA GIMNAZIALA MILOŞEŞTI",174,MILOŞEŞTI,94045,3,PROV,PRCNCT,CJ,CJ_SV,"2020-09-28 05:24:07",1426,1316,0,4,106,957,847,0,4,106,854,103,1600,643,219,64,11,128,131,266,1,5,9,16,4
23,IALOMIŢA,"SCOALA GIMNAZIALA MOVILITA",180,MOVILIŢA,104270,1,PROV,PRCNCT,CJ,CJ_SV,"2020-09-28 01:01:41",841,831,0,10,0,484,474,0,10,0,411,73,914,430,69,9,25,86,132,58,1,0,7,14,10
23,IALOMIŢA,"SCOALA GIMNAZIALA MOVILITA",179,MOVILIŢA,104270,1,PROV,PRCNCT,CJ,CJ_SV,"2020-09-28 02:02:34",1126,1111,1,14,0,705,690,1,14,0,585,120,1229,524,83,13,30,111,213,98,0,1,5,9,22
23,IALOMIŢA,"ŞCOALA GIMNAZIALÃ NR.5 SLOBOZIA NOUÃ",33,"MUNICIPIUL SLOBOZIA",92658,1,PROV,PRCNCT,CJ,CJ_SV,"2020-09-28 00:59:54",980,972,1,7,0,405,398,0,7,0,390,15,1073,668,95,8,4,99,137,8,0,2,9,21,7
23,IALOMIŢA,"ŞCOALA GIMNAZIALÃ NR.5 SLOBOZIA NOUÃ",32,"MUNICIPIUL SLOBOZIA",92658,3,PROV,PRCNCT,CJ,CJ_SV,"2020-09-28 08:09:00",1042,1032,0,9,1,429,419,0,9,1,420,9,1200,771,101,18,6,88,163,13,0,3,6,13,9
23,IALOMIŢA,"SCOALA GIMNAZIALA PERIETI",185,PERIEŢI,94161,1,PROV,PRCNCT,CJ,CJ_SV,"2020-09-28 01:53:25",1075,1045,2,17,11,627,599,0,17,11,588,39,1158,531,63,22,3,112,339,32,2,1,2,6,6
23,IALOMIŢA,"SCOALA GIMNAZIALA RADULESTI",191,RĂDULEŞTI,101243,2,PROV,PRCNCT,CJ,CJ_SV,"2020-09-28 02:40:29",770,692,0,78,0,525,447,0,78,0,486,39,770,245,16,0,0,51,409,8,0,1,1,0,0
23,IALOMIŢA,"SCOALA GIMNAZIALA ”RADU VODA”",40,"MUNICIPIUL FETEŞTI",92701,3,PROV,PRCNCT,CJ,CJ_SV,"2020-09-28 17:34:25",983,976,0,7,0,295,288,0,7,0,270,25,1080,785,38,11,2,110,77,13,2,6,3,7,1
23,IALOMIŢA,"ȘCOALA GIMNAZIALĂ ”ROMAN IALOMIȚEANUL”",99,AXINTELE,100923,1,PROV,PRCNCT,CJ,CJ_SV,"2020-09-28 00:41:21",543,536,0,7,0,316,309,0,7,0,287,29,600,284,18,4,4,33,216,0,0,1,10,1,0
23,IALOMIŢA,"ŞCOALA GIMNAZIALA ”SF. ANDREI”",20,"MUNICIPIUL SLOBOZIA",92658,2,PROV,PRCNCT,CJ,CJ_SV,"2020-09-29 12:30:58",1497,1444,39,14,0,600,586,0,14,0,592,8,1498,898,128,17,9,165,174,60,2,5,15,12,5
23,IALOMIŢA,"ŞCOALA GIMNAZIALĂ ”SF. ANDREI”",19,"MUNICIPIUL SLOBOZIA",92658,3,PROV,PRCNCT,CJ,CJ_SV,"2020-09-29 11:36:41",1553,1538,5,9,1,579,569,0,9,1,565,14,1700,1121,124,27,9,132,174,49,4,5,7,32,2
23,IALOMIŢA,"SCOALA GIMNAZIALA ”SPIRU HARET” TANDAREI",84,"ORAŞ ŢĂNDĂREI",92765,3,PROV,PRCNCT,CJ,CJ_SV,"2020-09-29 11:06:30",1542,1532,1,7,2,529,520,0,7,2,487,42,1700,1171,87,72,2,72,170,2,0,32,45,2,3
23,IALOMIŢA,"SCOALA GIMNAZIALA ”SPIRU HARET” TANDAREI",83,"ORAŞ ŢĂNDĂREI",92765,3,PROV,PRCNCT,CJ,CJ_SV,"2020-09-29 11:05:24",1565,1554,1,9,1,666,656,0,9,1,651,15,1700,1034,151,78,12,139,153,21,1,32,56,6,2
23,IALOMIŢA,"ȘCOALA HORIA",101,AXINTELE,100923,1,PROV,PRCNCT,CJ,CJ_SV,"2020-09-28 00:09:48",462,459,0,3,0,212,209,0,3,0,195,17,510,298,68,3,1,15,99,5,0,0,2,2,0
23,IALOMIŢA,"ŞCOALA NOUĂ",170,MANASIA,100736,1,PROV,PRCNCT,CJ,CJ_SV,"2020-09-28 02:46:07",1194,1183,0,11,0,575,564,0,11,0,547,28,1302,727,58,29,73,88,198,53,0,6,28,10,4
23,IALOMIŢA,"ŞCOALA NOUĂ",168,MANASIA,100736,1,PROV,PRCNCT,CJ,CJ_SV,"2020-09-28 01:52:25",1344,1320,0,24,0,723,699,0,24,0,654,69,1460,737,70,38,109,89,206,69,6,4,46,12,5
23,IALOMIŢA,"ŞCOALA NOUĂ",169,MANASIA,100736,1,PROV,PRCNCT,CJ,CJ_SV,"2020-09-28 01:13:16",1261,1249,2,10,0,662,652,0,10,0,591,71,1380,718,66,22,93,87,211,62,2,5,29,7,7
23,IALOMIŢA,"ŞCOALA NR. 1",87,"ORAŞ ŢĂNDĂREI",92765,2,PROV,PRCNCT,CJ,CJ_SV,"2020-09-28 07:46:54",1034,1024,0,10,0,287,277,0,10,0,235,52,1093,806,23,24,1,24,118,1,0,2,40,2,0
23,IALOMIŢA,"ŞCOALA NR.1 JILAVELE",164,JILAVELE,103960,1,PROV,PRCNCT,CJ,CJ_SV,"2020-09-28 02:09:08",1176,1152,1,1,22,624,600,1,1,22,578,46,1301,677,73,19,6,89,355,6,0,16,7,6,1
23,IALOMIŢA,"ŞCOALA NR.2 JILAVELE",165,JILAVELE,103960,1,PROV,PRCNCT,CJ,CJ_SV,"2020-09-28 01:16:19",1238,1198,0,5,35,650,610,0,5,35,610,40,1366,716,80,34,1,215,237,8,2,13,6,11,3
23,IALOMIŢA,"ŞCOALA ORBOEŞTI",96,ANDRĂŞEŞTI,92872,2,PROV,PRCNCT,CJ,CJ_SV,"2020-09-28 13:56:27",289,276,1,10,2,154,141,1,10,2,140,14,299,145,26,21,7,39,37,5,0,0,5,0,0
23,IALOMIŢA,"ŞCOALA POIANA",127,CIULNIŢA,93156,1,PROV,PRCNCT,CJ,CJ_SV,"2020-09-28 00:17:32",378,372,0,6,0,208,202,0,6,0,188,20,409,201,12,92,3,40,28,5,0,6,2,0,0
23,IALOMIŢA,"ŞCOALA PRIMARĂ",199,SĂLCIOARA,94330,2,PROV,PRCNCT,CJ,CJ_SV,"2020-09-28 11:33:13",945,853,0,29,63,705,613,0,29,63,624,81,929,224,12,10,2,177,398,18,0,0,3,1,3
23,IALOMIŢA,"SCOALA PRIMARA MARSILIENI",92,ALBEŞTI,92783,1,PROV,PRCNCT,CJ,CJ_SV,"2020-09-28 02:20:57",432,408,0,8,16,334,310,0,8,16,309,25,500,166,98,3,7,12,182,3,0,0,2,2,0
23,IALOMIŢA,"SCOALA PRIMARA MISLEANU",188,PERIEŢI,94161,1,PROV,PRCNCT,CJ,CJ_SV,"2020-09-28 02:08:53",690,667,1,14,8,389,367,0,14,8,373,16,750,361,45,6,8,99,183,5,1,1,14,7,4
23,IALOMIŢA,"SCOALA PRIMARA PALTINISU",186,PERIEŢI,94161,1,PROV,PRCNCT,CJ,CJ_SV,"2020-09-28 03:32:35",935,906,0,23,6,564,535,0,23,6,498,66,1000,436,67,44,9,182,152,27,1,2,9,5,0
23,IALOMIŢA,"SCOALA PRIMARA SARATENI",200,SĂRĂŢENI,180019,2,PROV,PRCNCT,CJ,CJ_SV,"2020-09-28 12:11:54",1015,950,0,54,11,730,665,0,54,11,643,87,1043,313,56,17,86,316,125,11,0,5,4,8,15
23,IALOMIŢA,"SCOALA PRIMARA SFÂNTU GHEORGHE",207,"SFÂNTU GHEORGHE",94456,2,PROV,PRCNCT,CJ,CJ_SV,"2020-09-28 15:50:48",638,631,1,1,5,375,368,1,1,5,351,24,704,329,36,9,5,165,65,4,1,1,25,38,2
23,IALOMIŢA,"ŞCOALA REVIGA",193,REVIGA,94269,1,PROV,PRCNCT,CJ,CJ_SV,"2020-09-28 02:05:22",1050,1044,0,1,5,657,651,0,1,5,602,55,1200,543,81,7,8,300,188,1,0,3,8,2,4
23,IALOMIŢA,"ŞCOALA ROVINE",194,REVIGA,94269,1,PROV,PRCNCT,CJ,CJ_SV,"2020-09-28 01:45:31",732,712,0,7,13,437,417,0,7,13,405,32,800,363,19,5,3,73,291,7,0,2,1,2,2
23,IALOMIŢA,"ŞCOALA ŞĂVENI",201,SĂVENI,94376,1,PROV,PRCNCT,CJ,CJ_SV,"2020-09-28 00:57:43",1220,1217,0,3,0,614,611,0,3,0,570,44,1350,736,360,22,9,66,99,3,1,1,6,0,3
23,IALOMIŢA,"ŞCOALA VECHE",94,ALEXENI,100852,1,PROV,PRCNCT,CJ,CJ_SV,"2020-09-28 03:34:21",1042,971,1,24,46,698,628,0,24,46,631,67,1078,380,31,8,2,192,209,34,0,0,151,3,1
23,IALOMIŢA,"ŞCOALA VECHE",93,ALEXENI,100852,1,PROV,PRCNCT,CJ,CJ_SV,"2020-09-28 03:12:43",967,911,0,9,47,637,581,0,9,47,580,57,1000,363,39,11,1,223,188,7,2,2,107,0,0
23,IALOMIŢA,"ŞCOLA PROFESIONALĂ TRAIAN",215,TRAIAN,179702,3,PROV,PRCNCT,CJ,CJ_SV,"2020-09-28 17:11:53",1291,1272,0,11,8,874,855,0,11,8,765,109,1400,526,326,32,1,110,275,3,2,0,9,4,3
23,IALOMIŢA,"SEDIUL ADMINISTRATIV PRIMARIA FACAENI",145,FĂCĂENI,93575,3,PROV,PRCNCT,CJ,CJ_SV,"2020-09-28 10:16:19",507,499,0,8,0,264,256,0,8,0,237,27,600,336,4,6,1,112,97,2,0,1,11,3,0
23,IALOMIŢA,"SEMINARUL TEOLOGIC ORTODOX ”SF. IOAN GURĂ DE AUR”,",12,"MUNICIPIUL SLOBOZIA",92658,3,PROV,PRCNCT,CJ,CJ_SV,"2020-09-29 12:38:24",1001,946,39,12,4,386,370,0,12,4,380,6,1100,714,81,21,11,80,102,48,1,6,10,11,9
