precinct_county_nce,precinct_county_name,precinct_name,precinct_nr,uat_name,uat_siruta,report_version,report_stage_code,report_type_scope_code,report_type_category_code,report_type_code,created_at,a,a1,a2,a3,a4,b,b1,b2,b3,b4,c,d,e,f,"PARTIDUL NAȚIONAL LIBERAL-voturi","ASOCIAȚIA PARTIDA ROMILOR “PRO-EUROPA”-voturi","PARTIDUL SOCIAL DEMOCRAT-voturi","PARTIDUL PRO ROMÂNIA-voturi","PARTIDUL ALIANŢA LIBERALILOR ŞI DEMOCRAŢILOR – ALDE-voturi","PARTIDUL MIȘCAREA POPULARĂ-voturi","PARTIDUL PUTERII UMANISTE (SOCIAL-LIBERAL)-voturi","ALIANȚA USR PLUS-voturi","PARTIDUL ECOLOGIST ROMÂN-voturi"
36,TELEORMAN,"CĂMIN CULTURAL",256,RĂDOIEŞTI,153865,1,PROV,PRCNCT,CJ,CJ_SV,"2020-09-28 01:16:22",555,502,0,49,4,378,325,0,49,4,343,35,550,172,132,6,174,0,5,2,9,14,1
36,TELEORMAN,"CĂMIN CULTURAL",300,TALPA,154521,2,PROV,PRCNCT,CJ,CJ_SV,"2020-09-28 07:39:17",593,464,0,49,80,593,464,0,49,80,587,6,750,157,317,7,234,4,7,10,5,3,0
36,TELEORMAN,"CĂMIN CULTURAL",121,BUZESCU,152332,1,PROV,PRCNCT,CJ,CJ_SV,"2020-09-28 02:12:34",1144,1064,1,20,59,702,623,0,20,59,649,53,1250,548,443,9,146,10,10,12,5,8,6
36,TELEORMAN,"CĂMIN CULTURAL CONŢEŞTI",144,CONŢEŞTI,152564,1,PROV,PRCNCT,CJ,CJ_SV,"2020-09-28 06:36:29",1373,1253,0,11,109,900,780,0,11,109,805,95,1370,470,114,2,622,4,16,6,3,0,38
36,TELEORMAN,"CĂMIN CULTURAL CUCUEŢI",272,SCRIOAŞTEA,154013,1,PROV,PRCNCT,CJ,CJ_SV,"2020-09-28 00:51:16",706,669,0,29,8,465,428,0,29,8,445,20,740,275,298,2,120,2,2,3,8,2,8
36,TELEORMAN,"CĂMIN CULTURAL SAT PURANI",330,VITĂNEŞTI,153776,1,PROV,PRCNCT,CJ,CJ_SV,"2020-09-28 00:03:50",598,548,0,14,36,397,347,0,14,36,370,27,650,253,186,17,148,5,5,3,2,2,2
36,TELEORMAN,"CĂMIN CULTURAL SAT SILIŞTEA",331,VITĂNEŞTI,153776,3,PROV,PRCNCT,CJ,CJ_SV,"2020-09-28 03:35:28",777,682,1,25,69,466,371,1,25,69,447,19,750,284,283,0,164,0,0,0,0,0,0
36,TELEORMAN,"CĂMIN CULTURAL SCRIOAȘTEA",270,SCRIOAŞTEA,154013,1,PROV,PRCNCT,CJ,CJ_SV,"2020-09-28 05:30:53",1882,1810,0,53,19,1195,1123,0,53,19,1132,63,1990,795,705,27,274,4,25,31,9,22,35
36,TELEORMAN,"CĂMIN CULTURAL STEJARU",291,STEJARU,154415,1,PROV,PRCNCT,CJ,CJ_SV,"2020-09-28 00:33:47",633,554,0,46,33,442,363,0,46,33,425,17,620,178,29,0,338,0,0,1,4,1,52
36,TELEORMAN,"CĂMINUL CULTURAL",113,BRAGADIRU,152234,5,PROV,PRCNCT,CJ,CJ_SV,"2020-09-28 07:08:52",1005,955,0,9,41,612,563,0,9,40,577,35,1021,409,422,4,109,4,5,7,2,1,23
36,TELEORMAN,"CĂMINUL CULTURAL",120,BUJORU,152314,1,PROV,PRCNCT,CJ,CJ_SV,"2020-09-28 03:49:19",714,664,1,20,29,481,437,0,20,24,424,57,745,264,247,7,115,13,4,5,0,20,13
36,TELEORMAN,"CĂMINUL CULTURAL",184,ISLAZ,151736,2,PROV,PRCNCT,CJ,CJ_SV,"2020-10-01 15:28:28",1172,1142,2,2,26,694,666,0,2,26,625,69,1275,581,289,11,283,13,3,3,3,19,1
36,TELEORMAN,"CĂMINUL CULTURAL",242,PLOSCA,153605,1,PROV,PRCNCT,CJ,CJ_SV,"2020-09-28 03:26:05",1286,1261,0,18,7,795,770,0,18,7,741,54,1390,595,271,23,298,2,51,45,2,30,19
36,TELEORMAN,"CĂMINUL CULTURAL",314,TROIANUL,154790,4,PROV,PRCNCT,CJ,CJ_SV,"2020-09-28 02:07:37",73,55,0,11,7,54,36,0,11,7,52,2,70,16,35,1,9,0,1,4,1,1,0
36,TELEORMAN,"CĂMINUL CULTURAL",333,ZÂMBREASCA,154978,1,PROV,PRCNCT,CJ,CJ_SV,"2020-09-28 00:35:59",543,416,0,51,76,543,416,0,51,76,480,63,840,297,135,4,269,0,16,2,8,12,34
36,TELEORMAN,"CĂMINUL CULTURAL BALCI",92,BALACI,151996,1,PROV,PRCNCT,CJ,CJ_SV,"2020-09-28 06:29:38",830,762,0,29,39,513,445,0,29,39,451,62,820,307,202,12,114,4,13,27,5,38,36
36,TELEORMAN,"CĂMINUL CULTURAL BUJORENI",117,BUJORENI,152270,1,PROV,PRCNCT,CJ,CJ_SV,"2020-09-28 00:28:08",471,413,0,51,7,337,279,0,51,7,297,40,455,118,138,9,135,0,1,3,5,2,4
36,TELEORMAN,"CĂMINUL CULTURAL DIDEȘTI",155,DIDEŞTI,152724,1,PROV,PRCNCT,CJ,CJ_SV,"2020-09-28 03:09:48",1037,937,0,64,36,775,675,0,64,36,729,46,1030,255,355,16,138,0,7,29,0,3,181
36,TELEORMAN,"CĂMINUL CULTURAL DIN SATUL CRÂNGU",151,CRÂNGU,152662,4,PROV,PRCNCT,CJ,CJ_SV,"2020-10-01 13:54:42",1048,843,0,128,77,675,470,0,128,77,645,30,926,251,168,25,406,4,5,30,1,3,3
36,TELEORMAN,"CĂMINUL CULTURAL FLORICA",161,DRACEA,155109,1,PROV,PRCNCT,CJ,CJ_SV,"2020-09-28 00:43:09",188,163,0,6,19,134,109,0,6,19,123,11,180,46,103,0,15,1,2,0,0,1,1
36,TELEORMAN,"CĂMINUL CULTURAL FRUMOASA",174,FRUMOASA,152993,3,PROV,PRCNCT,CJ,CJ_SV,"2020-09-30 10:55:01",815,753,0,31,31,570,508,0,31,31,524,46,805,235,201,14,252,24,8,20,3,1,1
36,TELEORMAN,"CĂMINUL CULTURAL GĂRĂGĂU",322,VÂRTOAPE,154932,1,PROV,PRCNCT,CJ,CJ_SV,"2020-09-28 01:44:47",654,554,0,76,24,503,403,0,76,24,499,4,615,112,261,0,208,8,0,22,0,0,0
36,TELEORMAN,"CĂMINUL CULTURAL GURUIENI",200,MĂGURA,153240,1,PROV,PRCNCT,CJ,CJ_SV,"2020-09-28 03:25:48",804,762,0,16,26,549,507,0,16,26,514,35,845,296,118,13,340,4,5,26,5,1,2
36,TELEORMAN,"CĂMINUL CULTURAL MĂGURA",199,MĂGURA,153240,1,PROV,PRCNCT,CJ,CJ_SV,"2020-09-28 07:41:50",1487,1399,0,24,64,902,814,0,24,64,820,82,1545,643,164,20,506,4,1,112,4,6,3
36,TELEORMAN,"CĂMINUL CULTURAL PERETU",231,PERETU,153543,3,PROV,PRCNCT,CJ,CJ_SV,"2020-09-28 10:20:28",1316,1307,0,6,3,681,672,0,6,3,648,33,1440,759,240,7,240,9,71,52,9,7,13
36,TELEORMAN,"CĂMINUL CULTURAL PLOPI",99,BEUCA,155092,1,PROV,PRCNCT,CJ,CJ_SV,"2020-09-28 00:18:55",184,155,0,14,15,130,101,0,14,15,116,14,170,40,58,0,39,0,1,1,1,2,14
36,TELEORMAN,"CĂMINUL CULTURAL RĂDULEŞTI",154,CREVENICU,151932,1,PROV,PRCNCT,CJ,CJ_SV,"2020-09-28 01:56:44",457,420,0,19,18,344,307,0,19,18,318,26,460,116,186,2,100,7,3,10,3,4,3
36,TELEORMAN,"CĂMINUL CULTURAL RĂSMIREŞTI",259,RĂSMIREŞTI,153909,1,PROV,PRCNCT,CJ,CJ_SV,"2020-09-28 03:43:21",872,692,1,141,38,708,529,0,141,38,651,57,840,132,395,6,73,14,1,154,4,3,1
36,TELEORMAN,"CĂMINUL CULTURAL SILIŞTEA",282,SILIŞTEA,154228,3,PROV,PRCNCT,CJ,CJ_SV,"2020-09-30 12:41:05",1131,1053,0,49,29,859,781,0,49,29,799,60,1165,303,286,27,396,41,8,11,13,11,6
36,TELEORMAN,"CĂMINUL CULTURAL TECUCI",93,BALACI,151996,1,PROV,PRCNCT,CJ,CJ_SV,"2020-09-28 02:01:07",589,531,0,24,34,405,347,0,24,34,369,36,568,163,111,10,193,2,1,0,0,15,37
36,TELEORMAN,"CĂMINUL CULTURAL VIRTOAPELE DE JOS",321,VÂRTOAPE,154932,1,PROV,PRCNCT,CJ,CJ_SV,"2020-09-28 04:00:59",941,711,1,205,24,777,548,0,205,24,690,87,785,8,307,0,370,13,0,0,0,0,0
36,TELEORMAN,"CĂMINUL CULTURAL VIRTOAPELE DE SUS",320,VÂRTOAPE,154932,1,PROV,PRCNCT,CJ,CJ_SV,"2020-09-28 05:06:06",1036,807,0,192,37,811,582,0,192,37,722,89,890,79,342,16,330,9,7,11,4,0,3
36,TELEORMAN,"CASA DE CULTURĂ",51,"MUNICIPIUL ROŞIORI DE VEDE",151870,1,PROV,PRCNCT,CJ,CJ_SV,"2020-09-28 02:33:53",1073,1063,0,9,1,370,360,0,9,1,362,8,1175,805,74,0,161,6,11,13,2,79,16
36,TELEORMAN,"CASA DE CULTURĂ A ORAȘULUI VIDELE",76,"ORAŞ VIDELE",151905,1,PROV,PRCNCT,CJ,CJ_SV,"2020-09-28 05:28:12",1494,1464,0,24,6,859,829,0,24,6,812,47,1620,761,242,20,325,18,143,11,4,32,17
36,TELEORMAN,"CENTRUL CULTURAL",40,"MUNICIPIUL ROŞIORI DE VEDE",151870,1,PROV,PRCNCT,CJ,CJ_SV,"2020-09-28 02:23:17",1100,1086,0,9,5,410,396,0,9,5,386,24,1200,790,79,5,187,10,14,8,1,76,6
36,TELEORMAN,"CENTRUL DE ÎNGRIJIRE DE ZI PENTRU COPIII ÎN SITUAȚII DE RISC ÎN COMUNA DOBROTEȘTI",157,DOBROTEŞTI,152760,1,PROV,PRCNCT,CJ,CJ_SV,"2020-09-28 02:47:10",1304,1294,0,7,3,614,604,0,7,3,567,47,1425,811,370,4,84,8,38,14,1,42,6
36,TELEORMAN,"CENTRUL MEMORIAL ”MARIN PREDA”",285,SILIŞTEA-GUMEŞTI,154282,1,PROV,PRCNCT,CJ,CJ_SV,"2020-09-28 04:12:03",1140,1085,1,4,50,732,678,0,4,50,678,54,1255,523,287,10,145,75,4,35,3,3,116
36,TELEORMAN,"CLĂDIRE ADMINISTRATIVĂ BRÎNCENI",116,BRÂNCENI,152252,2,PROV,PRCNCT,CJ,CJ_SV,"2020-09-30 11:07:36",1663,1600,0,3,60,1121,1058,0,3,60,1039,82,1820,699,494,12,350,41,16,33,12,11,70
36,TELEORMAN,"CLĂDIREA FOSTA ȘCOALĂ GIMNAZIALĂ CIURARI",266,SĂCENI,153972,1,PROV,PRCNCT,CJ,CJ_SV,"2020-09-28 03:17:53",385,351,0,11,23,298,270,0,11,17,244,46,385,95,100,7,70,11,10,0,0,0,46
36,TELEORMAN,"CLĂDIREA ŞCOLII ELEMENTARE GRESIA",294,STEJARU,154415,1,PROV,PRCNCT,CJ,CJ_SV,"2020-09-27 23:29:32",114,85,0,24,5,102,73,0,24,5,97,3,120,18,9,1,73,1,0,0,2,1,10
36,TELEORMAN,"CLĂDIREA ŞCOLII GENERALE SOCETU",292,STEJARU,154415,1,PROV,PRCNCT,CJ,CJ_SV,"2020-09-28 00:21:41",706,621,0,48,37,508,423,0,48,37,467,41,680,172,22,13,369,2,2,5,2,2,50
36,TELEORMAN,"CLĂDIRE PRIMĂRIE FOSTA ŞCOALĂ CU CLASELE I-IV DOROBANŢU",149,CRÂNGENI,152617,1,PROV,PRCNCT,CJ,CJ_SV,"2020-09-28 01:57:22",217,212,0,2,3,137,132,0,2,3,127,10,230,93,56,2,15,1,40,9,2,2,0
36,TELEORMAN,"CLĂDIRE PRIMĂRIE FOSTA ŞCOALĂ CU CLASELE I-IV STEJARU",150,CRÂNGENI,152617,1,PROV,PRCNCT,CJ,CJ_SV,"2020-09-27 23:58:48",165,158,0,6,1,108,101,0,6,1,95,13,175,67,45,3,18,1,4,10,0,13,1
36,TELEORMAN,"CLĂDIRE PRIMĂRIE -FOSTA ŞCOALĂ CU CLASELE I-VIII BALTA SĂRATĂ",148,CRÂNGENI,152617,1,PROV,PRCNCT,CJ,CJ_SV,"2020-09-28 00:57:27",640,595,0,6,39,355,314,0,6,35,307,48,655,300,227,3,52,1,8,7,1,5,3
36,TELEORMAN,"CLĂDIRE PRIMĂRIE -FOST SEDIU CAP BĂCĂLEȘTI",134,"CĂLMĂŢUIU DE SUS",152467,2,PROV,PRCNCT,CJ,CJ_SV,"2020-09-28 11:06:52",852,756,1,50,45,581,485,1,50,45,517,64,830,249,161,22,309,0,4,3,7,4,7
36,TELEORMAN,"CLUBUL COPIILOR",44,"MUNICIPIUL ROŞIORI DE VEDE",151870,2,PROV,PRCNCT,CJ,CJ_SV,"2020-09-28 06:05:48",1365,1352,0,7,6,509,496,0,7,6,485,24,1500,991,110,6,193,12,17,29,1,112,5
36,TELEORMAN,"COLEGIUL NAȚIONAL ”AL. D. GHICA”",9,"MUNICIPIUL ALEXANDRIA",151790,1,PROV,PRCNCT,CJ,CJ_SV,"2020-09-28 01:17:40",1274,1265,0,8,1,521,512,0,8,1,510,11,1400,879,198,3,211,21,17,16,1,32,11
36,TELEORMAN,"COLEGIUL NAȚIONAL ”AL. D. GHICA”",8,"MUNICIPIUL ALEXANDRIA",151790,1,PROV,PRCNCT,CJ,CJ_SV,"2020-09-28 03:18:43",1509,1502,0,7,0,628,621,0,7,0,609,19,1655,1027,195,4,294,15,26,21,4,37,13
36,TELEORMAN,"COLEGIUL NAȚIONAL ”AL. I. CUZA”",25,"MUNICIPIUL ALEXANDRIA",151790,2,PROV,PRCNCT,CJ,CJ_SV,"2020-09-29 13:52:53",1079,1072,0,7,0,405,398,0,7,0,382,23,1190,785,131,6,158,14,14,25,3,19,12
36,TELEORMAN,"COLEGIUL NAȚIONAL ”AL. I. CUZA”",24,"MUNICIPIUL ALEXANDRIA",151790,1,PROV,PRCNCT,CJ,CJ_SV,"2020-09-28 02:01:59",1061,1051,0,10,0,371,361,0,10,0,363,8,1175,804,121,2,167,12,8,19,5,20,9
36,TELEORMAN,"COLEGIUL NAȚIONAL ”AL. I. CUZA”",26,"MUNICIPIUL ALEXANDRIA",151790,2,PROV,PRCNCT,CJ,CJ_SV,"2020-09-28 05:55:04",996,988,0,8,0,361,353,0,8,0,352,9,1095,734,111,4,151,3,18,30,5,18,12
36,TELEORMAN,"COLEGIUL NAŢIONAL ”ANASTASESCU”",52,"MUNICIPIUL ROŞIORI DE VEDE",151870,1,PROV,PRCNCT,CJ,CJ_SV,"2020-09-28 04:24:30",1383,1374,3,6,0,491,485,0,6,0,472,19,1520,1029,106,7,192,6,13,6,4,111,27
36,TELEORMAN,"COLEGIUL NAŢIONAL ”UNIREA”",64,"MUNICIPIUL TURNU MĂGURELE",151683,3,PROV,PRCNCT,CJ,CJ_SV,"2020-09-28 06:56:38",1149,1110,4,9,26,434,399,0,9,26,412,22,1230,796,155,3,176,11,13,15,1,36,2
36,TELEORMAN,"COLEGIUL NAŢIONAL ”UNIREA”",65,"MUNICIPIUL TURNU MĂGURELE",151683,1,PROV,PRCNCT,CJ,CJ_SV,"2020-09-28 02:46:00",1208,1197,1,8,2,478,468,0,8,2,462,16,1315,837,152,8,194,16,20,28,3,34,7
36,TELEORMAN,"COLEGIUL TEHNIC ”ANGHEL SALIGNY”",38,"MUNICIPIUL ROŞIORI DE VEDE",151870,1,PROV,PRCNCT,CJ,CJ_SV,"2020-09-28 02:23:11",1084,1076,0,7,1,409,401,0,7,1,396,13,1185,776,95,3,180,5,5,8,4,72,24
36,TELEORMAN,"DISPENSARUL BRᾸTᾸŞANI",309,TRIVALEA-MOŞTENI,154754,1,PROV,PRCNCT,CJ,CJ_SV,"2020-09-28 01:47:00",565,496,0,48,21,368,299,0,48,21,322,46,550,182,90,4,213,1,6,1,2,3,2
36,TELEORMAN,"DISPENSARUL UMAN MĂGURELE",73,"MUNICIPIUL TURNU MĂGURELE",151683,1,PROV,PRCNCT,CJ,CJ_SV,"2020-09-28 04:20:14",1321,1292,1,10,18,600,572,0,10,18,555,45,1425,825,311,14,180,9,8,6,6,19,2
36,TELEORMAN,"DISPENSAR UMAN (HOL)",106,BOGDANA,152127,2,PROV,PRCNCT,CJ,CJ_SV,"2020-09-28 05:17:11",570,488,0,36,46,388,306,0,36,46,359,29,540,152,39,6,287,1,6,8,9,2,1
36,TELEORMAN,"GRĂDINIŢA CU PROGRAM NORMAL",122,BUZESCU,152332,1,PROV,PRCNCT,CJ,CJ_SV,"2020-09-28 01:47:31",1220,1167,0,14,39,658,605,0,14,39,610,48,1260,602,489,0,96,4,5,8,8,0,0
36,TELEORMAN,"GRĂDINIȚA CU PROGRAM NORMAL",119,BUJORU,152314,1,PROV,PRCNCT,CJ,CJ_SV,"2020-09-28 06:18:35",833,787,1,16,29,521,479,0,16,26,478,43,855,334,265,4,119,19,5,7,1,35,23
36,TELEORMAN,"GRĂDINIȚA CU PROGRAM NORMAL",316,ŢIGĂNEŞTI,154834,1,PROV,PRCNCT,CJ,CJ_SV,"2020-09-28 02:04:31",1264,1232,0,1,31,781,749,0,1,31,730,51,1395,614,177,9,504,5,4,4,10,9,8
36,TELEORMAN,"GRĂDINIȚA CU PROGRAM NORMAL",98,BEUCA,155092,2,PROV,PRCNCT,CJ,CJ_SV,"2020-09-29 10:19:11",1078,875,1,91,111,780,577,1,91,111,689,91,968,188,290,7,311,4,15,20,8,12,22
36,TELEORMAN,"GRĂDINIŢA CU PROGRAM NORMAL BRAGADIRU",114,BRAGADIRU,152234,3,PROV,PRCNCT,CJ,CJ_SV,"2020-09-28 06:07:38",1144,1088,0,12,44,703,647,0,12,44,667,36,1200,497,470,4,134,0,0,27,0,1,31
36,TELEORMAN,"GRĂDINIȚA CU PROGRAM NORMAL CALOMFIREȘTI",252,POROSCHIA,151834,1,PROV,PRCNCT,CJ,CJ_SV,"2020-09-28 02:15:08",823,808,0,15,0,595,580,0,15,0,553,42,890,295,185,10,323,4,7,7,7,5,5
36,TELEORMAN,"GRĂDINIŢA CU PROGRAM NORMAL CONŢEŞTI",143,CONŢEŞTI,152564,2,PROV,PRCNCT,CJ,CJ_SV,"2020-09-28 10:44:26",1496,1387,0,5,104,987,878,0,5,104,953,34,1530,543,153,13,758,3,5,6,4,3,8
36,TELEORMAN,"GRĂDINIŢA CU PROGRAM NORMAL DRACEA",159,DRACEA,155109,1,PROV,PRCNCT,CJ,CJ_SV,"2020-09-28 04:28:24",1126,1027,0,33,66,604,505,0,33,66,564,40,1125,521,462,6,82,2,4,1,5,2,0
36,TELEORMAN,"GRADINITA CU PROGRAM NORMAL NR.1",202,MĂLDĂENI,153277,1,PROV,PRCNCT,CJ,CJ_SV,"2020-09-28 02:33:18",956,937,0,3,16,522,503,0,3,16,503,19,1030,508,196,15,227,8,8,7,5,13,24
36,TELEORMAN,"GRĂDINIȚA CU PROGRAM NORMAL NR. 1",182,GRATIA,153062,1,PROV,PRCNCT,CJ,CJ_SV,"2020-09-28 02:07:45",991,941,0,31,19,626,576,0,31,19,588,38,1030,404,127,11,429,5,2,1,8,5,0
36,TELEORMAN,"GRĂDINIŢA CU PROGRAM NORMAL NR. 1 CREVENICU",153,CREVENICU,151932,1,PROV,PRCNCT,CJ,CJ_SV,"2020-09-28 02:19:37",748,640,0,56,52,599,491,0,56,52,546,53,760,161,316,10,119,3,5,63,6,17,7
36,TELEORMAN,"GRĂDINIȚA CU PROGRAM NORMAL NR. 1 NENCIULEȘTI",219,NENCIULEŞTI,154996,1,PROV,PRCNCT,CJ,CJ_SV,"2020-09-28 02:28:07",781,765,0,8,8,488,472,0,8,8,435,53,845,357,239,10,146,1,16,11,10,1,1
36,TELEORMAN,"GRĂDINIȚA CU PROGRAM NORMAL NR.1 PUTINEIU",254,PUTINEIU,153829,2,PROV,PRCNCT,CJ,CJ_SV,"2020-09-30 11:12:09",1078,1031,2,37,8,755,710,0,37,8,625,130,1125,370,325,17,248,4,4,6,2,8,11
36,TELEORMAN,"GRADINITA CU PROGRAM NORMAL ,NR.1 SEACA , SAT SEACA , JUDETUL TELEORMAN , STRADA VICTORIEI , NR.75",276,SEACA,154139,1,PROV,PRCNCT,CJ,CJ_SV,"2020-09-28 02:32:04",1344,1209,1,76,58,777,643,0,76,58,709,68,1340,563,435,31,208,7,10,6,3,6,3
36,TELEORMAN,"GRĂDINIȚA CU PROGRAM NORMAL NR. 1 VITĂNEȘTI",332,VITĂNEŞTI,153776,1,PROV,PRCNCT,CJ,CJ_SV,"2020-09-28 03:24:50",942,828,1,24,89,677,564,0,24,89,631,46,1040,363,439,10,147,2,2,17,6,2,6
36,TELEORMAN,"GRADINITA CU PROGRAM NORMAL NR.2",203,MĂLDĂENI,153277,1,PROV,PRCNCT,CJ,CJ_SV,"2020-09-28 03:12:23",1327,1281,0,13,33,788,742,0,13,33,732,56,1410,622,316,17,329,8,6,4,5,12,35
36,TELEORMAN,"GRĂDINIŢA CU PROGRAM NORMAL NR.2",109,BOTOROAGA,152172,1,PROV,PRCNCT,CJ,CJ_SV,"2020-09-28 05:42:03",1128,982,0,66,80,746,603,0,66,77,693,53,1080,334,351,10,304,2,6,1,2,11,6
36,TELEORMAN,"GRĂDINIŢA CU PROGRAM NORMAL NR.2",241,PLOPII-SLĂVITEŞTI,153623,5,PROV,PRCNCT,CJ,CJ_SV,"2020-09-28 20:54:08",670,605,0,33,32,486,421,0,33,32,437,49,660,174,247,5,156,2,1,3,3,1,19
36,TELEORMAN,"GRĂDINIŢA CU PROGRAM NORMAL NR. 2",268,SÂRBENI,154308,1,PROV,PRCNCT,CJ,CJ_SV,"2020-09-28 01:51:11",597,531,0,66,0,448,382,0,66,0,416,32,580,132,336,1,47,5,5,5,1,14,2
36,TELEORMAN,"GRĂDINIȚA CU PROGRAM NORMAL NR. 2",185,ISLAZ,151736,2,PROV,PRCNCT,CJ,CJ_SV,"2020-10-01 15:34:09",1583,1539,0,18,26,872,828,0,18,26,778,94,1670,795,360,17,360,15,9,5,2,8,2
36,TELEORMAN,"GRĂDINIȚA CU PROGRAM NORMAL NR. 2",193,LIŢA,151763,1,PROV,PRCNCT,CJ,CJ_SV,"2020-09-28 04:05:07",1082,1035,0,28,19,681,634,0,28,19,623,58,1180,499,228,12,207,7,7,100,44,15,3
36,TELEORMAN,"GRĂDİNİŢA CU PROGRAM NORMAL NR.2",166,"DRĂGĂNEŞTI DE VEDE",152868,2,PROV,PRCNCT,CJ,CJ_SV,"2020-09-29 14:40:49",572,540,0,20,12,381,349,0,20,12,349,32,600,219,112,7,92,2,7,4,3,116,6
36,TELEORMAN,"GRĂDINIȚA CU PROGRAM NORMAL NR.2 BĂDULEASA",255,PUTINEIU,153829,2,PROV,PRCNCT,CJ,CJ_SV,"2020-09-30 11:15:33",586,551,0,32,3,435,400,0,32,3,399,36,605,170,316,6,55,2,9,5,3,2,1
36,TELEORMAN,"GRĂDINIŢA CU PROGRAM NORMAL NR.2 BLEJEŞTI",101,BLEJEŞTI,152083,2,PROV,PRCNCT,CJ,CJ_SV,"2020-09-30 10:04:44",877,840,0,29,8,630,594,0,28,8,591,39,925,295,121,7,419,22,5,5,1,5,6
36,TELEORMAN,"GRĂDINIȚA CU PROGRAM NORMAL NR. 2 BUTEȘTI (FOST LOCAL AL ȘCOLII CU CLASELE I-IV BUTEȘTI)",283,SILIŞTEA,154228,2,PROV,PRCNCT,CJ,CJ_SV,"2020-09-30 12:36:53",476,470,0,6,0,326,320,0,6,0,296,30,520,194,106,7,81,17,68,6,2,6,3
36,TELEORMAN,"GRĂDINIȚA CU PROGRAM NORMAL NR. 2 FRUMOASA",175,FRUMOASA,152993,2,PROV,PRCNCT,CJ,CJ_SV,"2020-09-30 11:01:40",505,463,0,15,27,359,317,0,15,27,323,36,500,141,108,5,182,8,2,8,8,1,1
36,TELEORMAN,"GRĂDINIŢA CU PROGRAM NORMAL NR. 2 NANOV",213,NANOV,151816,2,PROV,PRCNCT,CJ,CJ_SV,"2020-09-28 06:52:58",1400,1383,0,15,2,846,829,0,15,2,789,57,1510,664,452,18,216,5,9,66,4,6,13
36,TELEORMAN,"GRADINITA CU PROGRAM NORMAL NR.2 NAVODARI , SAT NAVODARI, COMUNA SEACA , JUDETUL TELEORMAN, STRADA DUNARII, NR.107",277,SEACA,154139,1,PROV,PRCNCT,CJ,CJ_SV,"2020-09-28 02:00:38",802,690,0,56,56,577,465,0,56,56,536,41,760,183,286,7,209,3,16,1,3,3,8
36,TELEORMAN,"GRĂDINIȚA CU PROGRAM NORMAL NR. 2 PĂRU ROTUND",220,NENCIULEŞTI,154996,1,PROV,PRCNCT,CJ,CJ_SV,"2020-09-28 01:36:58",473,464,0,7,2,305,296,0,7,2,271,34,515,210,105,5,146,0,5,3,7,0,0
36,TELEORMAN,"GRĂDINIȚA CU PROGRAM NORMAL NR. 2 PĂULEASCA",176,FRUMOASA,152993,2,PROV,PRCNCT,CJ,CJ_SV,"2020-09-28 08:56:08",416,401,0,8,7,269,254,0,8,7,239,30,435,166,124,4,95,5,2,4,2,3,0
36,TELEORMAN,"GRĂDINIȚA CU PROGRAM NORMAL NR. 2, TĂMĂȘEȘTI",80,"ORAŞ VIDELE",151905,1,PROV,PRCNCT,CJ,CJ_SV,"2020-09-28 04:39:32",722,704,0,10,8,495,477,0,10,8,447,48,775,280,97,10,200,13,100,7,7,9,4
36,TELEORMAN,"GRĂDINIŢA CU PROGRAM NORMAL NR.3",240,PLOPII-SLĂVITEŞTI,153623,1,PROV,PRCNCT,CJ,CJ_SV,"2020-09-28 03:28:20",873,788,0,38,47,632,547,0,38,47,551,81,870,238,349,27,154,3,3,2,8,0,5
36,TELEORMAN,"GRĂDINIŢA CU PROGRAM NORMAL NR.3",56,"MUNICIPIUL TURNU MĂGURELE",151683,1,PROV,PRCNCT,CJ,CJ_SV,"2020-09-28 02:47:18",1334,1311,0,9,14,638,615,0,9,14,591,47,1445,807,313,10,206,15,9,13,8,9,8
36,TELEORMAN,"GRĂDINIŢA CU PROGRAM NORMAL NR. 3",267,SÂRBENI,154308,1,PROV,PRCNCT,CJ,CJ_SV,"2020-09-28 00:49:06",406,344,1,54,7,305,244,0,54,7,262,43,385,80,214,5,26,4,0,1,4,7,1
36,TELEORMAN,"GRĂDINIŢA CU PROGRAM NORMAL NR. 3",53,"MUNICIPIUL ROŞIORI DE VEDE",151870,2,PROV,PRCNCT,CJ,CJ_SV,"2020-09-28 13:34:52",1294,1289,0,5,0,396,391,0,5,0,372,24,1420,1024,72,7,168,5,14,10,5,71,20
36,TELEORMAN,"GRĂDINIȚA CU PROGRAM NORMAL NR. 3, FURCULEȘTI",78,"ORAŞ VIDELE",151905,1,PROV,PRCNCT,CJ,CJ_SV,"2020-09-28 03:36:14",1355,1326,0,12,17,799,770,0,12,17,748,51,1460,661,226,27,301,12,116,17,9,19,21
36,TELEORMAN,"GRĂDINIȚA CU PROGRAM NORMAL NR. 3 SILIȘTEA MICĂ (FOST LOCAL AL ȘCOLII CU CLASELE I-IV SILIȘTEA MICĂ)",284,SILIŞTEA,154228,3,PROV,PRCNCT,CJ,CJ_SV,"2020-09-30 12:31:21",270,259,0,6,5,183,172,0,6,5,166,17,285,102,59,5,70,9,9,3,3,6,2
36,TELEORMAN,"GRĂDINIŢA CU PROGRAM NORMAL NR.3 VALEA PĂRULUI",205,MÂRZĂNEŞTI,153339,2,PROV,PRCNCT,CJ,CJ_SV,"2020-10-01 13:39:13",735,637,1,65,32,539,442,0,65,32,464,75,700,161,286,11,60,3,7,86,6,4,1
36,TELEORMAN,"GRĂDINIȚA CU PROGRAM NORMAL NR. 4, FOTĂCHEȘTI",77,"ORAŞ VIDELE",151905,1,PROV,PRCNCT,CJ,CJ_SV,"2020-09-28 05:33:51",912,904,0,6,2,492,484,0,6,2,443,49,1010,518,127,10,155,12,101,14,2,13,9
36,TELEORMAN,"GRĂDINITA CU PROGRAM NORMAL NR.5",48,"MUNICIPIUL ROŞIORI DE VEDE",151870,1,PROV,PRCNCT,CJ,CJ_SV,"2020-09-28 02:54:54",1443,1428,1,7,7,471,457,0,7,7,445,26,1585,1114,106,16,157,14,11,13,0,93,35
36,TELEORMAN,"GRĂDINIȚA CU PROGRAM NORMAL NR.5",49,"MUNICIPIUL ROŞIORI DE VEDE",151870,1,PROV,PRCNCT,CJ,CJ_SV,"2020-09-28 01:54:32",1103,1095,0,8,0,407,399,0,8,0,375,32,1205,798,83,8,157,17,13,11,7,66,13
36,TELEORMAN,"GRĂDINIȚA CU PROGRAM NORMAL NR. 5, CARTOJANCA",79,"ORAŞ VIDELE",151905,1,PROV,PRCNCT,CJ,CJ_SV,"2020-09-28 02:15:26",668,663,0,5,0,407,402,0,5,0,381,26,735,328,98,6,179,10,61,9,3,10,5
36,TELEORMAN,"GRĂDINIŢA CU PROGRAM NORMAL NR. 6",55,"MUNICIPIUL ROŞIORI DE VEDE",151870,1,PROV,PRCNCT,CJ,CJ_SV,"2020-09-28 02:33:05",1080,1063,0,9,8,342,325,0,9,8,324,18,1175,833,64,4,129,8,10,11,5,72,21
36,TELEORMAN,"GRĂDINIȚA CU PROGRAM NORMAL NR. 6, PARISEȘTI",81,"ORAŞ VIDELE",151905,2,PROV,PRCNCT,CJ,CJ_SV,"2020-09-28 05:17:17",474,463,0,8,3,343,332,0,8,3,313,30,510,167,74,6,92,1,120,6,1,11,2
36,TELEORMAN,"GRĂDINIȚA CU PROGRAM NORMAL NR. 7, COȘOAIA",82,"ORAŞ VIDELE",151905,1,PROV,PRCNCT,CJ,CJ_SV,"2020-09-28 02:01:15",285,272,0,13,0,181,168,0,13,0,160,21,300,119,36,2,56,2,57,5,2,0,0
36,TELEORMAN,"GRĂDINIȚA CU PROGRAM NORMAL NUMĂRUL 1 LUNCA",195,LUNCA,153151,2,PROV,PRCNCT,CJ,CJ_SV,"2020-09-28 05:35:51",620,564,0,36,20,451,395,0,36,20,413,38,620,169,217,2,76,2,54,50,6,4,2
36,TELEORMAN,"GRĂDINIŢA CU PROGRAM NORMAL PERETU",232,PERETU,153543,1,PROV,PRCNCT,CJ,CJ_SV,"2020-09-28 04:29:12",1352,1347,0,2,3,686,681,0,2,3,657,29,1490,804,266,2,260,2,53,50,5,9,10
36,TELEORMAN,"GRĂDINIŢA CU PROGRAM NORMAL PERETU",233,PERETU,153543,1,PROV,PRCNCT,CJ,CJ_SV,"2020-09-28 02:29:15",1067,1061,0,6,0,492,486,0,6,0,469,23,1170,678,147,1,234,3,31,36,1,4,12
36,TELEORMAN,"GRĂDINIȚA CU PROGRAM NORMAL PIATRA",235,PIATRA,153561,1,PROV,PRCNCT,CJ,CJ_SV,"2020-09-28 01:52:16",794,719,0,66,9,573,498,0,66,9,532,41,810,237,234,9,164,38,8,40,24,3,12
36,TELEORMAN,"GRĂDINIȚA CU PROGRAM NORMAL VIIȘOARA, NR. 519",329,VIIŞOARA,154914,1,PROV,PRCNCT,CJ,CJ_SV,"2020-09-28 02:22:24",617,589,0,2,26,438,410,0,2,26,391,47,695,257,217,6,137,7,4,2,7,9,2
36,TELEORMAN,"GRĂDINIŢA CU PROGRAM NORMAL VOIEVODA",179,FURCULEŞTI,152948,1,PROV,PRCNCT,CJ,CJ_SV,"2020-09-28 01:46:53",515,505,0,6,4,301,291,0,6,4,271,30,560,259,145,6,103,3,8,2,2,0,2
36,TELEORMAN,"GRĂDINIŢA CU PROGRAM PRELUNGIT NR.1",62,"MUNICIPIUL TURNU MĂGURELE",151683,2,PROV,PRCNCT,CJ,CJ_SV,"2020-09-28 09:01:22",874,865,0,7,2,277,268,0,7,2,257,20,955,678,92,9,125,4,8,5,2,9,3
36,TELEORMAN,"GRĂDINIŢA CU PROGRAM PRELUNGIT NR.1",39,"MUNICIPIUL ROŞIORI DE VEDE",151870,1,PROV,PRCNCT,CJ,CJ_SV,"2020-09-28 01:40:50",1074,1060,0,7,7,361,347,0,7,7,337,24,1170,809,57,5,140,8,16,5,5,82,19
36,TELEORMAN,"GRĂDINIȚA CU PROGRAM PRELUNGIT NR.1",63,"MUNICIPIUL TURNU MĂGURELE",151683,1,PROV,PRCNCT,CJ,CJ_SV,"2020-09-28 01:47:54",1181,1172,0,9,0,366,357,0,9,0,310,56,1290,924,156,13,104,13,7,4,5,7,1
36,TELEORMAN,"GRĂDINIȚA CU PROGRAM PRELUNGIT NR.4",32,"MUNICIPIUL ALEXANDRIA",151790,1,PROV,PRCNCT,CJ,CJ_SV,"2020-09-28 03:08:10",1496,1484,0,12,0,467,455,0,12,0,443,24,1640,1173,139,13,195,21,15,25,5,11,19
36,TELEORMAN,"GRĂDINIȚA CU PROGRAM PRELUNGIT NR.4",31,"MUNICIPIUL ALEXANDRIA",151790,1,PROV,PRCNCT,CJ,CJ_SV,"2020-09-28 03:25:40",1346,1337,0,9,0,429,420,0,9,0,413,16,1480,1051,129,9,173,16,17,38,3,14,14
36,TELEORMAN,"GRĂDINIŢA CU PROGRAM PRELUNGIT NR.5",70,"MUNICIPIUL TURNU MĂGURELE",151683,1,PROV,PRCNCT,CJ,CJ_SV,"2020-09-28 01:13:04",1059,1045,2,10,2,431,419,0,10,2,411,20,1155,724,140,5,185,14,14,18,2,25,8
36,TELEORMAN,"GRĂDINIȚA CU PROGRAM PRELUNGIT NR.5, NIVEL ȘCOLARIZARE PRE PP",88,"ORAŞ ZIMNICEA",151978,1,PROV,PRCNCT,CJ,CJ_SV,"2020-09-28 02:15:48",1320,1293,2,13,12,606,581,0,13,12,574,32,1435,829,214,4,229,5,41,8,4,62,7
36,TELEORMAN,"GRĂDINIȚA CU PROGRAM PRELUNGIT NR.5, NIVEL ȘCOLARIZARE PRE PP",89,"ORAŞ ZIMNICEA",151978,1,PROV,PRCNCT,CJ,CJ_SV,"2020-09-28 02:35:33",1153,1143,0,4,6,610,600,0,4,6,563,47,1260,650,197,13,221,6,35,14,6,65,6
36,TELEORMAN,"GRĂDINIŢA CU PROGRAM PRELUNGIT NR.7",59,"MUNICIPIUL TURNU MĂGURELE",151683,1,PROV,PRCNCT,CJ,CJ_SV,"2020-09-28 04:06:18",1717,1709,1,2,5,679,672,0,2,5,645,34,1915,1236,320,11,232,9,17,24,5,21,6
36,TELEORMAN,"GRĂDINIȚA CU PROGRAM PRELUNGIT NR.7",15,"MUNICIPIUL ALEXANDRIA",151790,2,PROV,PRCNCT,CJ,CJ_SV,"2020-09-29 13:53:59",1044,1033,0,11,0,451,440,0,11,0,444,7,1145,694,159,6,199,12,17,17,4,23,7
36,TELEORMAN,"GRĂDINIȚA CU PROGRAM PRELUNGIT NR.7",14,"MUNICIPIUL ALEXANDRIA",151790,1,PROV,PRCNCT,CJ,CJ_SV,"2020-09-28 01:44:51",1108,1100,0,8,0,418,410,0,8,0,402,16,1215,797,160,2,174,6,21,19,0,16,4
36,TELEORMAN,"GRĂDINIȚA CU PROGRAM PRELUNGIT NR.8",34,"MUNICIPIUL ALEXANDRIA",151790,1,PROV,PRCNCT,CJ,CJ_SV,"2020-09-28 00:41:28",1244,1233,0,11,0,274,263,0,11,0,240,34,1360,1086,64,13,140,2,2,8,4,4,3
36,TELEORMAN,"GRĂDINIŢA DE COPII",271,SCRIOAŞTEA,154013,1,PROV,PRCNCT,CJ,CJ_SV,"2020-09-28 03:39:45",634,613,0,17,4,393,372,0,17,4,378,15,680,287,163,7,181,1,4,5,7,5,5
36,TELEORMAN,"GRĂDINIŢA DE COPII CU PROGRAM NORMAL NR. 1 BECIU",96,BECIU,155083,1,PROV,PRCNCT,CJ,CJ_SV,"2020-09-28 03:24:57",769,763,0,6,0,491,485,0,6,0,423,68,850,359,120,4,175,5,5,86,10,9,9
36,TELEORMAN,"GRĂDINIȚA DE COPII CU PROGRAM NORMAL NR.1 CĂLMĂȚUIU DE SUS",132,"CĂLMĂŢUIU DE SUS",152467,2,PROV,PRCNCT,CJ,CJ_SV,"2020-09-28 21:19:12",676,619,0,23,34,455,398,0,23,34,405,49,685,230,223,5,149,5,10,2,4,3,4
36,TELEORMAN,"GRĂDINIŢA DE COPII CU PROGRAM NORMAL NR.1 SEGARCEA-VALE",278,SEGARCEA-VALE,154184,1,PROV,PRCNCT,CJ,CJ_SV,"2020-09-28 03:18:37",826,798,0,12,16,509,481,0,12,16,467,42,870,361,67,5,241,9,42,7,3,60,33
36,TELEORMAN,"GRĂDINIŢA DE COPII CU PROGRAM NORMAL NR.2 SMÂRDAN",97,BECIU,155083,1,PROV,PRCNCT,CJ,CJ_SV,"2020-09-28 01:05:33",454,448,0,6,0,315,309,0,6,0,270,45,458,143,141,4,94,1,2,10,6,5,7
36,TELEORMAN,"GRĂDINIŢA DE COPII CU PROGRAM NORMAL NR.2 ULMENI",105,BOGDANA,152127,1,PROV,PRCNCT,CJ,CJ_SV,"2020-09-28 01:46:53",560,536,0,5,19,391,367,0,5,19,367,24,552,161,113,6,182,0,22,4,38,0,2
36,TELEORMAN,"GRĂDINIȚA DE COPII CU PROGRAM NORMAL NR. 3 IONAȘCU",133,"CĂLMĂŢUIU DE SUS",152467,1,PROV,PRCNCT,CJ,CJ_SV,"2020-09-28 00:00:29",310,278,0,17,15,223,191,0,17,15,189,34,305,82,99,4,75,0,0,0,2,5,4
36,TELEORMAN,"GRĂDINIŢA DE COPII CU PROGRAM NORMAL NR.3 OLTEANCA",279,SEGARCEA-VALE,154184,1,PROV,PRCNCT,CJ,CJ_SV,"2020-09-28 02:37:34",721,704,0,5,12,472,455,0,5,12,407,65,775,303,47,9,153,10,60,2,4,107,15
36,TELEORMAN,"GRĂDINIŢA DE COPII CU PROGRAM NORMAL SERICU COMUNA BLEJEŞTI",103,BLEJEŞTI,152083,2,PROV,PRCNCT,CJ,CJ_SV,"2020-09-30 10:10:31",336,325,0,11,0,252,241,0,11,0,238,14,360,108,54,6,136,25,3,12,1,0,1
36,TELEORMAN,"GRĂDINIŢA DE COPII IZVOARELE",189,IZVOARELE,153106,1,PROV,PRCNCT,CJ,CJ_SV,"2020-09-28 02:01:37",936,919,0,5,12,542,525,0,5,12,507,35,1010,468,204,3,236,4,5,7,5,2,41
36,TELEORMAN,"GRĂDINIŢA DE COPII IZVOARELE",188,IZVOARELE,153106,1,PROV,PRCNCT,CJ,CJ_SV,"2020-09-28 02:29:21",1122,1091,0,5,26,615,584,0,5,26,563,52,1200,585,194,15,297,3,3,12,6,10,23
36,TELEORMAN,"GRĂDINIŢA NEGRENII DE SUS",303,"TĂTĂRĂŞTII DE JOS",154585,1,PROV,PRCNCT,CJ,CJ_SV,"2020-09-28 01:42:31",686,668,0,7,11,380,362,0,7,11,333,47,745,365,147,8,143,0,26,1,7,1,0
36,TELEORMAN,"GRĂDINIŢA PLEAŞOV",261,SAELELE,155145,1,PROV,PRCNCT,CJ,CJ_SV,"2020-09-28 01:53:10",659,589,0,19,51,486,416,0,19,51,474,12,720,234,80,30,340,10,0,4,5,2,3
36,TELEORMAN,"GRĂDINIŢA VÂNĂTORI",191,LISA,153124,5,PROV,PRCNCT,CJ,CJ_SV,"2020-09-28 06:25:28",521,455,1,15,50,382,317,0,15,50,354,28,560,178,271,5,68,0,4,2,4,0,0
36,TELEORMAN,"GRᾸDINIṬA CU PROGRAM NORMAL NR.2",310,TRIVALEA-MOŞTENI,154754,2,PROV,PRCNCT,CJ,CJ_SV,"2020-09-28 06:25:38",897,803,0,31,63,526,432,0,31,63,465,61,880,354,140,10,293,6,5,2,7,2,0
36,TELEORMAN,"GRᾸDINIṬA TRIVALEA-SAT (FOSTA)",308,TRIVALEA-MOŞTENI,154754,2,PROV,PRCNCT,CJ,CJ_SV,"2020-09-28 08:17:20",814,738,0,36,40,516,440,0,36,40,457,59,810,294,166,0,256,10,7,0,11,3,4
36,TELEORMAN,"LICEUL PEDAGOGIC ”MIRCEA SCARLAT”",12,"MUNICIPIUL ALEXANDRIA",151790,2,PROV,PRCNCT,CJ,CJ_SV,"2020-09-28 06:33:32",1231,1220,1,9,1,464,453,1,9,1,453,11,1345,881,150,7,196,13,15,18,4,41,9
36,TELEORMAN,"LICEUL TEHNOLOGIC ”ANDREI ŞAGUNA”",107,BOTOROAGA,152172,2,PROV,PRCNCT,CJ,CJ_SV,"2020-09-29 10:36:00",1144,1019,1,53,71,649,526,0,53,70,611,38,1125,476,399,11,157,0,2,3,1,15,23
36,TELEORMAN,"LICEUL TEHNOLOGIC DRĂGĂNEŞTI VLAŞCA",167,DRĂGĂNEŞTI-VLAŞCA,152902,1,PROV,PRCNCT,CJ,CJ_SV,"2020-09-28 02:22:18",1818,1667,2,101,48,1060,911,0,101,48,1060,0,1835,775,901,0,146,4,0,9,0,0,0
36,TELEORMAN,"LICEUL TEHNOLOGIC ”EMIL RACOVIŢĂ”",50,"MUNICIPIUL ROŞIORI DE VEDE",151870,1,PROV,PRCNCT,CJ,CJ_SV,"2020-09-28 02:00:12",1335,1308,2,10,15,461,436,0,10,15,428,33,1445,984,125,10,153,6,15,14,1,91,13
36,TELEORMAN,"LICEUL TEHNOLOGIC ”GENERAL DAVID PRAPORGESCU”",61,"MUNICIPIUL TURNU MĂGURELE",151683,1,PROV,PRCNCT,CJ,CJ_SV,"2020-09-28 00:36:44",1072,1059,0,6,7,390,377,0,6,7,374,16,1170,780,155,4,156,8,10,8,5,23,5
36,TELEORMAN,"LICEUL TEHNOLOGIC ”GENERAL DAVID PRAPORGESCU”",60,"MUNICIPIUL TURNU MĂGURELE",151683,2,PROV,PRCNCT,CJ,CJ_SV,"2020-09-28 10:43:37",1415,1403,2,7,3,561,551,0,7,3,504,57,1560,999,203,3,220,11,13,14,8,27,5
36,TELEORMAN,"LICEUL TEHNOLOGIC ”NICOLAE BĂLCESCU”",7,"MUNICIPIUL ALEXANDRIA",151790,1,PROV,PRCNCT,CJ,CJ_SV,"2020-09-28 01:56:17",1117,1109,3,5,0,385,379,1,5,0,381,4,1230,845,130,2,165,10,18,14,4,26,12
36,TELEORMAN,"LICEUL TEHNOLOGIC ”NICOLAE BĂLCESCU”",6,"MUNICIPIUL ALEXANDRIA",151790,1,PROV,PRCNCT,CJ,CJ_SV,"2020-09-28 05:24:11",1442,1429,1,10,2,604,592,0,10,2,574,30,1580,976,156,16,297,19,23,12,6,36,9
36,TELEORMAN,"LICEUL TEHNOLOGIC ”SF. HARALAMBIE”",68,"MUNICIPIUL TURNU MĂGURELE",151683,2,PROV,PRCNCT,CJ,CJ_SV,"2020-09-28 05:29:18",1656,1641,0,11,4,669,654,0,11,4,652,17,1820,1151,232,5,256,28,24,32,6,63,6
36,TELEORMAN,"LICEUL TEHNOLOGIC ”VIRGIL MADGEARU”",54,"MUNICIPIUL ROŞIORI DE VEDE",151870,2,PROV,PRCNCT,CJ,CJ_SV,"2020-09-28 12:15:10",1190,1181,0,9,0,349,340,0,9,0,337,12,1310,961,64,2,139,8,4,9,0,89,22
36,TELEORMAN,"LICEUL TEORETIC",75,"ORAŞ VIDELE",151905,2,PROV,PRCNCT,CJ,CJ_SV,"2020-09-28 07:32:42",1493,1465,4,23,1,799,775,0,23,1,758,41,1620,821,205,13,321,35,101,20,4,40,19
36,TELEORMAN,"LICEUL TEORETIC ”C. NOICA”",10,"MUNICIPIUL ALEXANDRIA",151790,1,PROV,PRCNCT,CJ,CJ_SV,"2020-09-28 05:35:07",1346,1336,0,10,0,508,498,0,10,0,498,10,1475,967,156,4,218,15,22,25,8,31,19
36,TELEORMAN,"LICEUL TEORETIC ”C. NOICA”",11,"MUNICIPIUL ALEXANDRIA",151790,1,PROV,PRCNCT,CJ,CJ_SV,"2020-09-28 02:54:34",1044,1025,2,17,0,431,414,0,17,0,410,21,1130,699,125,2,178,18,12,20,10,37,8
36,TELEORMAN,"LICEUL TEORETIC ”MARIN PREDA”",69,"MUNICIPIUL TURNU MĂGURELE",151683,3,PROV,PRCNCT,CJ,CJ_SV,"2020-09-30 09:03:29",1210,1187,1,12,10,502,480,0,12,10,476,26,1305,803,161,2,213,14,24,24,6,30,2
36,TELEORMAN,"LOCALUL CĂMINULUI CULTURAL DIN SATUL BĂNEASA",263,SALCIA,153936,1,PROV,PRCNCT,CJ,CJ_SV,"2020-09-28 01:42:42",715,666,0,22,27,477,428,0,22,27,434,43,765,288,90,6,299,4,8,2,4,3,18
36,TELEORMAN,"LOCALUL CĂMINULUI CULTURAL DIN SATUL TUDOR VLADIMIRESCU",264,SALCIA,153936,2,PROV,PRCNCT,CJ,CJ_SV,"2020-09-28 08:43:16",575,562,0,2,11,373,360,0,2,11,335,38,630,257,34,10,134,10,29,2,3,3,110
36,TELEORMAN,"LOCALUL CĂMINULUI CULTURAL SALCIA",262,SALCIA,153936,1,PROV,PRCNCT,CJ,CJ_SV,"2020-09-28 01:13:46",772,732,0,16,24,393,353,0,16,24,359,34,835,442,81,8,191,7,3,7,2,5,55
36,TELEORMAN,"LOCALUL CĂMINULUI CULTURAL SFINŢEŞTI",281,SFINŢEŞTI,154166,5,PROV,PRCNCT,CJ,CJ_SV,"2020-09-28 06:03:48",958,878,0,53,27,716,636,0,53,27,669,47,970,254,105,11,300,31,131,29,6,55,1
36,TELEORMAN,"LOCALUL CĂMINULUI CULTURAL UDA CLOCOCIOV",318,UDA-CLOCOCIOV,155154,1,PROV,PRCNCT,CJ,CJ_SV,"2020-09-28 01:56:25",706,601,0,49,56,506,401,0,49,56,445,61,660,154,140,3,266,8,7,1,11,7,2
36,TELEORMAN,"LOCALUL GRĂDINIŢEI CLĂNIŢA",173,FRĂSINET,155127,3,PROV,PRCNCT,CJ,CJ_SV,"2020-09-28 19:25:48",554,536,1,4,13,359,342,0,4,13,322,37,595,236,167,0,86,9,5,49,0,4,2
36,TELEORMAN,"LOCALUL ŞCOLII CU CLASELE I-IV ALBENI",275,"SCURTU MARE",154068,1,PROV,PRCNCT,CJ,CJ_SV,"2020-09-28 00:09:06",153,122,0,6,25,114,83,0,6,25,105,9,165,51,41,1,53,0,4,5,1,0,0
36,TELEORMAN,"LOCALUL ŞCOLII CU CLASELE I-IV DRACESTI",274,"SCURTU MARE",154068,1,PROV,PRCNCT,CJ,CJ_SV,"2020-09-28 01:04:32",208,182,0,15,11,208,182,0,15,11,175,33,300,92,51,3,95,5,10,7,1,3,0
36,TELEORMAN,"LOCALUL ŞCOLII CU CLASELE I-IV NECŞEŞTI",216,NECŞEŞTI,153437,2,PROV,PRCNCT,CJ,CJ_SV,"2020-09-28 05:09:40",527,426,0,87,14,418,317,0,87,14,402,16,490,72,83,14,284,0,3,13,1,3,1
36,TELEORMAN,"LOCALUL ŞCOLII CU CLASELE I-VIII GÂRDEŞTI",217,NECŞEŞTI,153437,2,PROV,PRCNCT,CJ,CJ_SV,"2020-09-28 04:50:34",488,413,0,57,18,370,295,0,57,18,327,43,460,90,155,19,136,1,9,0,3,3,1
36,TELEORMAN,"LOCALUL ŞCOLII CU CLASELE I-VIII SEGARCEA DEAL",280,SEGARCEA-VALE,154184,1,PROV,PRCNCT,CJ,CJ_SV,"2020-09-28 03:58:05",946,894,2,6,44,602,551,1,6,44,526,76,985,383,143,13,137,7,122,6,7,77,14
36,TELEORMAN,"LOCALUL ŞCOLII CU CLASELE I – VIII UDA PACIUREA",319,UDA-CLOCOCIOV,155154,3,PROV,PRCNCT,CJ,CJ_SV,"2020-09-28 03:56:36",702,612,0,51,39,469,379,0,51,39,440,29,680,211,202,0,224,0,14,0,0,0,0
36,TELEORMAN,"LOCALUL ŞCOLII GENERALE CU CLASELE I – VIII SCURTU MARE",273,"SCURTU MARE",154068,2,PROV,PRCNCT,CJ,CJ_SV,"2020-09-28 09:03:33",972,841,0,26,105,709,584,0,26,99,647,62,925,216,212,6,262,5,61,59,7,30,5
36,TELEORMAN,"LOCALUL ŞCOLII GIMNAZIALE FRĂSINET",172,FRĂSINET,155127,2,PROV,PRCNCT,CJ,CJ_SV,"2020-09-28 08:57:19",1484,1452,0,7,25,920,888,0,7,25,830,90,1605,685,480,17,101,44,0,188,0,0,0
36,TELEORMAN,"LOCALUL ŞCOLII GIMNAZIALE SÂRBENII DE JOS",269,SÂRBENI,154308,1,PROV,PRCNCT,CJ,CJ_SV,"2020-09-28 01:08:56",230,194,0,32,4,180,144,0,32,4,172,8,215,35,118,1,31,0,2,0,1,10,9
36,TELEORMAN,"MUZEUL DE ISTORIE",43,"MUNICIPIUL ROŞIORI DE VEDE",151870,1,PROV,PRCNCT,CJ,CJ_SV,"2020-09-28 02:03:45",1079,1063,0,11,5,350,334,0,11,5,340,10,1180,830,82,8,128,9,12,12,0,73,16
36,TELEORMAN,"PRIMĂRIA LISA",190,LISA,153124,5,PROV,PRCNCT,CJ,CJ_SV,"2020-09-28 06:08:10",1263,1147,0,24,92,845,729,0,24,92,797,48,1360,515,590,5,165,1,16,10,5,1,4
36,TELEORMAN,"PRIMĂRIA VECHE",112,BRAGADIRU,152234,6,PROV,PRCNCT,CJ,CJ_SV,"2020-09-28 05:06:21",1097,1029,0,11,57,659,591,0,11,57,614,45,1135,476,424,10,73,9,10,24,1,1,62
36,TELEORMAN,"SALA DE PROTOCOL PRIMĂRIA COMUNEI PIATRA",236,PIATRA,153561,1,PROV,PRCNCT,CJ,CJ_SV,"2020-09-28 01:43:16",899,854,0,43,2,608,563,0,43,2,553,55,945,337,270,7,130,48,12,43,33,4,6
36,TELEORMAN,"SALA POLIVALENTĂ",16,"MUNICIPIUL ALEXANDRIA",151790,2,PROV,PRCNCT,CJ,CJ_SV,"2020-09-29 13:58:51",1478,1461,2,14,1,545,530,0,14,1,513,32,1620,1075,144,14,276,7,16,25,2,20,9
36,TELEORMAN,"SALA POLIVALENTĂ",17,"MUNICIPIUL ALEXANDRIA",151790,2,PROV,PRCNCT,CJ,CJ_SV,"2020-09-29 14:04:13",1165,1157,1,7,0,432,425,0,7,0,415,17,1275,843,121,2,229,8,14,14,2,17,8
36,TELEORMAN,"ȘCOALA AJUTĂTOARE ALEXANDRIA",1,"MUNICIPIUL ALEXANDRIA",151790,2,PROV,PRCNCT,CJ,CJ_SV,"2020-09-29 13:19:58",1476,1450,6,8,12,588,568,0,8,12,568,20,1640,1052,200,5,250,28,20,17,5,27,16
36,TELEORMAN,"ŞCOALA BALDOVINEŞTI",140,CIOLĂNEŞTI,152528,1,PROV,PRCNCT,CJ,CJ_SV,"2020-09-28 01:00:48",352,340,0,5,7,219,207,0,5,7,205,14,375,156,116,6,56,3,2,6,2,1,13
36,TELEORMAN,"ȘCOALA CU CLASELE I-IV",315,ŢIGĂNEŞTI,154834,1,PROV,PRCNCT,CJ,CJ_SV,"2020-09-28 01:54:53",1403,1388,0,0,15,810,795,0,0,15,754,56,1545,735,126,10,562,7,8,11,7,16,7
36,TELEORMAN,"ȘCOALA CU CLASELE I - IV ALBEȘTI",324,VEDEA,154852,1,PROV,PRCNCT,CJ,CJ_SV,"2020-09-28 01:06:05",537,524,0,0,13,359,346,0,0,13,330,29,570,211,39,14,265,1,5,2,1,0,3
36,TELEORMAN,"ȘCOALA CU CLASELE I-IV COMOARA",170,DRĂGĂNEŞTI-VLAŞCA,152902,1,PROV,PRCNCT,CJ,CJ_SV,"2020-09-28 00:58:02",364,333,0,29,2,257,226,0,29,2,229,28,370,113,180,2,35,3,0,6,3,0,0
36,TELEORMAN,"ȘCOALA CU CLASELE I -IV COȘOTENI",325,VEDEA,154852,2,PROV,PRCNCT,CJ,CJ_SV,"2020-09-28 14:25:11",455,447,0,2,6,262,254,0,2,6,245,16,495,234,28,12,205,0,0,0,0,0,0
36,TELEORMAN,"ŞCOALA CU CLASELE I-IV DRĂCŞENEI",162,DRĂCŞENEI,152797,1,PROV,PRCNCT,CJ,CJ_SV,"2020-09-28 01:53:59",583,533,0,9,41,433,383,0,9,41,401,32,635,202,192,17,157,12,0,5,4,3,11
36,TELEORMAN,"ȘCOALA CU CLASELE I-IV ”MĂGURA”",286,SILIŞTEA-GUMEŞTI,154282,1,PROV,PRCNCT,CJ,CJ_SV,"2020-09-28 05:50:07",807,749,0,8,50,516,458,0,8,50,489,27,875,359,171,7,118,49,1,79,5,2,57
36,TELEORMAN,"ŞCOALA CU CLASELE I – IV MERI",327,VEDEA,154852,1,PROV,PRCNCT,CJ,CJ_SV,"2020-09-27 23:59:57",379,377,0,0,2,251,249,0,0,2,238,13,420,169,33,5,194,2,2,0,0,1,1
36,TELEORMAN,"ŞCOALA CU CLASELE I-IV ODOBEASCA",164,DRĂCŞENEI,152797,1,PROV,PRCNCT,CJ,CJ_SV,"2020-09-28 01:53:01",426,394,0,8,24,282,250,0,8,24,269,13,465,183,147,3,99,0,1,0,0,6,13
36,TELEORMAN,"ŞCOALA CU CLASELE I-IV PRUNARU",118,BUJORENI,152270,1,PROV,PRCNCT,CJ,CJ_SV,"2020-09-28 00:41:04",399,341,0,45,13,275,217,0,45,13,250,25,375,100,124,5,111,0,0,2,4,2,2
36,TELEORMAN,"ŞCOALA CU CLASELE I-IV TUNARI",110,BOTOROAGA,152172,1,PROV,PRCNCT,CJ,CJ_SV,"2020-09-28 02:01:37",126,105,0,14,7,120,99,0,14,7,113,7,165,45,63,2,43,0,1,0,0,2,2
36,TELEORMAN,"ȘCOALA CU CLASELE I - IV VĂCENI",169,DRĂGĂNEŞTI-VLAŞCA,152902,1,PROV,PRCNCT,CJ,CJ_SV,"2020-09-28 00:01:56",208,195,0,11,2,125,112,0,11,2,112,13,215,90,71,4,27,1,1,6,1,0,1
36,TELEORMAN,"SCOALA CU CLASELE I-VIII ” BADEA NEGREANU ”",298,ŞTOROBĂNEASA,154497,2,PROV,PRCNCT,CJ,CJ_SV,"2020-09-28 06:10:37",1145,1101,1,8,35,611,568,0,8,35,544,67,1205,594,256,20,218,5,4,20,9,10,2
36,TELEORMAN,"ŞCOALA CU CLASELE I – VIII DULCEANCA",326,VEDEA,154852,1,PROV,PRCNCT,CJ,CJ_SV,"2020-09-28 01:18:11",427,427,0,0,0,267,267,0,0,0,249,18,470,203,40,0,202,1,1,0,0,4,1
36,TELEORMAN,"ŞCOALA CU CLASELE I - VIII SPĂTĂREI",178,FURCULEŞTI,152948,3,PROV,PRCNCT,CJ,CJ_SV,"2020-09-28 05:55:01",806,776,0,13,17,571,541,0,13,17,510,61,889,318,215,10,247,10,9,3,7,7,2
36,TELEORMAN,"ȘCOALA DE ȘOFERI AMATORI",33,"MUNICIPIUL ALEXANDRIA",151790,1,PROV,PRCNCT,CJ,CJ_SV,"2020-09-28 02:56:19",1481,1461,6,12,2,505,491,0,12,2,472,33,1615,1110,132,12,231,20,17,27,15,12,6
36,TELEORMAN,"ȘCOALA GENARALĂ NR. 2",312,TROIANUL,154790,1,PROV,PRCNCT,CJ,CJ_SV,"2020-09-28 08:09:37",861,801,0,34,26,555,495,0,34,26,470,75,875,330,230,11,127,0,38,45,7,11,1
36,TELEORMAN,"ȘCOALA GENERALĂ",313,TROIANUL,154790,1,PROV,PRCNCT,CJ,CJ_SV,"2020-09-28 00:08:52",181,165,0,13,3,115,99,0,13,3,108,7,185,70,54,0,33,0,7,2,2,10,0
36,TELEORMAN,"SCOALA GENERALĂ CU CLASELE I-VIII",209,MERENI,153295,1,PROV,PRCNCT,CJ,CJ_SV,"2020-09-28 00:36:44",797,788,1,8,0,500,492,0,8,0,456,44,870,370,363,7,80,0,1,1,2,0,2
36,TELEORMAN,"ŞCOALA GENERALĂ MOLDOVENI",187,ISLAZ,151736,3,PROV,PRCNCT,CJ,CJ_SV,"2020-09-28 10:04:53",749,738,0,4,7,399,388,0,4,7,364,35,825,426,210,5,128,0,4,2,5,9,1
36,TELEORMAN,"ŞCOALA GENERALĂ NR.3",57,"MUNICIPIUL TURNU MĂGURELE",151683,1,PROV,PRCNCT,CJ,CJ_SV,"2020-09-28 02:15:10",1081,1055,0,7,19,520,494,0,7,19,488,32,1165,645,224,9,194,7,15,14,5,18,2
36,TELEORMAN,"ŞCOALA GENERALA NR. 3 CIOLĂNEŞTII DIN VALE",139,CIOLĂNEŞTI,152528,2,PROV,PRCNCT,CJ,CJ_SV,"2020-09-28 05:53:47",476,448,0,6,22,279,251,0,6,22,249,30,500,221,101,0,96,29,2,4,3,9,5
36,TELEORMAN,"ȘCOALA GENERALĂ POENI",246,POENI,153696,1,PROV,PRCNCT,CJ,CJ_SV,"2020-09-28 06:44:56",1210,1140,0,57,13,818,748,0,57,13,750,68,1260,442,195,31,450,42,5,15,1,8,3
36,TELEORMAN,"ȘCOALA GENERALĂ POIANA",142,CIUPERCENI,151709,1,PROV,PRCNCT,CJ,CJ_SV,"2020-09-28 04:55:51",580,481,1,71,27,449,351,0,71,27,418,31,525,76,214,7,89,2,3,5,2,11,85
36,TELEORMAN,"ȘCOALA GENERALĂ POROSCHIA",251,POROSCHIA,151834,1,PROV,PRCNCT,CJ,CJ_SV,"2020-09-28 02:45:14",1408,1392,0,16,0,910,894,0,16,0,832,78,1540,630,306,27,405,7,49,8,6,13,11
36,TELEORMAN,"ȘCOALA GENERALĂ PREAJBA",247,POENI,153696,1,PROV,PRCNCT,CJ,CJ_SV,"2020-09-28 02:54:05",336,321,0,11,4,268,253,0,11,4,239,29,355,87,156,1,57,14,6,1,3,0,1
36,TELEORMAN,"ȘCOALA GENERALĂ RĂDOIEȘTI CETATEA",258,RĂDOIEŞTI,153865,2,PROV,PRCNCT,CJ,CJ_SV,"2020-09-29 18:12:21",343,304,0,25,14,245,206,0,25,14,223,22,325,80,79,5,124,2,6,0,1,6,0
36,TELEORMAN,"ȘCOALA GENERALĂ VĂTAȘI",248,POENI,153696,1,PROV,PRCNCT,CJ,CJ_SV,"2020-09-28 02:37:42",494,466,0,23,5,380,352,0,23,5,353,27,515,135,288,3,42,8,5,2,2,3,0
36,TELEORMAN,"ŞCOALA GENERALĂ ZLATA",160,DRACEA,155109,1,PROV,PRCNCT,CJ,CJ_SV,"2020-09-27 22:46:12",60,53,0,2,5,44,37,0,2,5,39,5,65,21,27,0,12,0,0,0,0,0,0
36,TELEORMAN,"ȘCOALA GIMNAZIALĂ",147,CRÂNGENI,152617,1,PROV,PRCNCT,CJ,CJ_SV,"2020-09-28 02:40:30",1196,1156,0,3,37,704,664,0,3,37,615,89,1290,586,363,6,81,3,75,66,5,10,6
36,TELEORMAN,"ȘCOALA GIMNAZIALĂ ”ALEXANDRU COLFESCU”",28,"MUNICIPIUL ALEXANDRIA",151790,1,PROV,PRCNCT,CJ,CJ_SV,"2020-09-28 01:20:14",1412,1406,0,6,0,457,451,0,6,0,442,15,1550,1093,122,10,208,20,20,15,5,27,15
36,TELEORMAN,"ȘCOALA GIMNAZIALĂ ”ALEXANDRU COLFESCU”",30,"MUNICIPIUL ALEXANDRIA",151790,1,PROV,PRCNCT,CJ,CJ_SV,"2020-09-28 01:01:22",1440,1431,0,9,0,492,483,0,9,0,479,13,1445,953,166,3,187,18,25,29,6,30,15
36,TELEORMAN,"ȘCOALA GIMNAZIALĂ ”ALEXANDRU COLFESCU”",27,"MUNICIPIUL ALEXANDRIA",151790,1,PROV,PRCNCT,CJ,CJ_SV,"2020-09-28 00:17:57",1361,1351,2,6,2,475,467,0,6,2,459,16,1495,1020,161,8,208,16,13,23,7,20,3
36,TELEORMAN,"ȘCOALA GIMNAZIALĂ ”ALEXANDRU COLFESCU”",29,"MUNICIPIUL ALEXANDRIA",151790,1,PROV,PRCNCT,CJ,CJ_SV,"2020-09-28 01:06:17",1360,1354,0,5,1,486,480,0,5,1,470,16,1490,1004,144,4,214,22,25,22,6,16,17
36,TELEORMAN,"ŞCOALA GIMNAZIALĂ ”ALEXANDRU DEPĂRĂŢEANU”",47,"MUNICIPIUL ROŞIORI DE VEDE",151870,2,PROV,PRCNCT,CJ,CJ_SV,"2020-09-28 09:59:39",1092,1086,0,4,2,398,392,0,4,2,381,17,1200,802,104,4,158,4,12,12,5,74,8
36,TELEORMAN,"ŞCOALA GIMNAZIALĂ ”ALEXANDRU DEPĂRĂŢEANU”",45,"MUNICIPIUL ROŞIORI DE VEDE",151870,3,PROV,PRCNCT,CJ,CJ_SV,"2020-09-28 07:45:13",1389,1346,0,10,33,486,443,0,10,33,444,42,1485,999,102,11,205,9,10,15,4,79,9
36,TELEORMAN,"ŞCOALA GIMNAZIALĂ ”ALEXANDRU DEPĂRĂŢEANU”",46,"MUNICIPIUL ROŞIORI DE VEDE",151870,1,PROV,PRCNCT,CJ,CJ_SV,"2020-09-28 01:59:12",1397,1390,0,3,4,363,356,0,3,4,328,35,1540,1177,77,8,147,9,11,14,5,46,11
36,TELEORMAN,"ȘCOALA GIMNAZIALĂ ANTONEŞTI",127,CĂLINEŞTI,152350,3,PROV,PRCNCT,CJ,CJ_SV,"2020-09-28 10:59:55",271,234,0,8,29,189,152,0,8,29,166,23,255,66,81,3,17,0,3,0,0,2,60
36,TELEORMAN,"ŞCOALA GIMNAZIALĂ BĂBĂIŢA",94,BĂBĂIŢA,152038,1,PROV,PRCNCT,CJ,CJ_SV,"2020-09-28 03:43:29",1514,1482,0,4,28,988,960,0,4,24,898,90,1640,652,544,16,261,1,67,1,6,0,2
36,TELEORMAN,"ŞCOALA GIMNAZIALĂ BOGDANA",104,BOGDANA,152127,2,PROV,PRCNCT,CJ,CJ_SV,"2020-09-28 06:05:36",764,709,1,21,33,492,438,0,21,33,436,56,790,298,61,8,327,2,12,9,11,0,6
36,TELEORMAN,"ȘCOALA GIMNAZIALĂ BRÎNCENI",115,BRÂNCENI,152252,2,PROV,PRCNCT,CJ,CJ_SV,"2020-09-30 11:05:35",598,550,2,0,46,465,422,0,0,43,368,97,670,205,166,8,155,6,5,6,9,2,11
36,TELEORMAN,"ŞCOALA GIMNAZIALĂ BUZESCU",123,BUZESCU,152332,2,PROV,PRCNCT,CJ,CJ_SV,"2020-09-28 06:54:10",1198,1126,0,18,54,711,639,0,18,54,648,63,1230,519,424,13,170,9,5,16,4,2,5
36,TELEORMAN,"ȘCOALA GIMNAZIALĂ CĂLINEȘTI",124,CĂLINEŞTI,152350,3,PROV,PRCNCT,CJ,CJ_SV,"2020-09-28 11:31:57",1255,1133,0,61,61,909,787,0,61,61,900,9,1240,331,682,23,30,1,1,6,2,5,150
36,TELEORMAN,"ŞCOALA GIMNAZIALĂ CĂLMĂȚUIU ( FOST LOCAL AL ȘCOLII CU CLASELE I-IV )",130,CĂLMĂŢUIU,152412,1,PROV,PRCNCT,CJ,CJ_SV,"2020-09-28 00:50:14",224,202,0,9,13,173,151,0,9,13,151,22,235,62,18,7,87,1,1,1,1,1,34
36,TELEORMAN,"ŞCOALA GIMNAZIALĂ CĂLMĂŢUIU (FOST LOCAL AL ȘCOLII CU CLASELE I-IV)",128,CĂLMĂŢUIU,152412,1,PROV,PRCNCT,CJ,CJ_SV,"2020-09-28 04:14:11",558,513,0,25,20,421,376,0,25,20,389,32,595,174,28,6,257,1,1,2,5,3,86
36,TELEORMAN,"ŞCOALA GIMNAZIALĂ CĂLMĂȚUIU ( FOST LOCAL AL ȘCOLII NICOLAE BĂLCESCU )",131,CĂLMĂŢUIU,152412,1,PROV,PRCNCT,CJ,CJ_SV,"2020-09-28 01:57:52",552,504,0,20,28,360,312,0,20,28,330,30,560,200,63,14,179,1,1,1,3,2,66
36,TELEORMAN,"ȘCOALA GIMNAZIALĂ CERVENIA",136,CERVENIA,152500,1,PROV,PRCNCT,CJ,CJ_SV,"2020-09-28 03:56:58",1126,1102,0,13,11,634,610,0,13,11,555,79,1220,586,263,11,211,2,44,2,3,3,16
36,TELEORMAN,"ȘCOALA GIMNAZIALĂ CERVENIA",135,CERVENIA,152500,1,PROV,PRCNCT,CJ,CJ_SV,"2020-09-28 04:22:36",1321,1307,1,10,3,754,740,1,10,3,686,68,1440,686,257,7,340,5,44,9,6,8,10
36,TELEORMAN,"ȘCOALA GIMNAZIALĂ CIUPERCENI",141,CIUPERCENI,151709,1,PROV,PRCNCT,CJ,CJ_SV,"2020-09-28 03:12:03",865,800,0,41,24,554,489,0,41,24,493,61,875,321,224,9,148,2,4,17,15,3,71
36,TELEORMAN,"ȘCOALA GIMNAZIALĂ COMUNA TALPA",299,TALPA,154521,1,PROV,PRCNCT,CJ,CJ_SV,"2020-09-28 02:36:37",971,723,1,96,151,581,472,0,41,68,528,53,800,219,248,17,246,1,4,3,8,0,1
36,TELEORMAN,"ȘCOALA GIMNAZIALĂ COPĂCEANCA",126,CĂLINEŞTI,152350,1,PROV,PRCNCT,CJ,CJ_SV,"2020-09-27 23:47:51",789,709,0,22,58,544,464,0,22,58,491,53,785,241,197,20,53,6,3,5,3,3,201
36,TELEORMAN,"SCOALA GIMNAZIALĂ CU CLASELE I-VIII MERENII DE JOS",208,MERENI,153295,1,PROV,PRCNCT,CJ,CJ_SV,"2020-09-28 01:59:43",1264,1254,0,10,0,782,772,0,10,0,736,46,1390,608,611,10,100,1,4,2,2,1,5
36,TELEORMAN,"ȘCOALA GIMNAZIALĂ CU CLASELE I-VIII, NR. 2",74,"ORAŞ VIDELE",151905,1,PROV,PRCNCT,CJ,CJ_SV,"2020-09-28 03:48:57",1765,1733,0,29,3,1009,977,0,29,3,965,44,1910,901,269,7,424,16,138,35,5,56,15
36,TELEORMAN,"ȘCOALA GIMNAZIALĂ ”DAN BERINDEI”",37,"MUNICIPIUL ROŞIORI DE VEDE",151870,1,PROV,PRCNCT,CJ,CJ_SV,"2020-09-28 02:55:20",1175,1156,1,9,9,410,392,0,9,9,386,24,1275,865,80,12,150,6,13,9,7,104,5
36,TELEORMAN,"ŞCOALA GIMNAZIALĂ DRĂCŞANI",163,DRĂCŞENEI,152797,3,PROV,PRCNCT,CJ,CJ_SV,"2020-09-28 05:51:06",313,274,0,6,33,236,197,0,6,33,225,11,340,104,70,11,124,5,0,0,4,0,11
36,TELEORMAN,"ŞCOALA GİMNAZİALĂ DRĂGĂNEŞTİ DE VEDE",165,"DRĂGĂNEŞTI DE VEDE",152868,1,PROV,PRCNCT,CJ,CJ_SV,"2020-09-28 08:11:10",1233,1153,0,40,40,794,714,0,40,40,713,81,1270,476,280,18,124,11,27,3,8,225,17
36,TELEORMAN,"ŞCOALA GIMNAZIALĂ DRĂGĂNEŞTI VLAŞCA",168,DRĂGĂNEŞTI-VLAŞCA,152902,1,PROV,PRCNCT,CJ,CJ_SV,"2020-09-28 00:27:19",1107,1034,1,47,25,637,565,0,47,25,608,29,1140,503,391,3,190,3,1,14,3,0,3
36,TELEORMAN,"ŞCOALA GIMNAZIALĂ FÂNTÂNELE",171,FÂNTÂNELE,155118,2,PROV,PRCNCT,CJ,CJ_SV,"2020-09-28 06:30:19",1483,1276,0,143,64,1190,983,0,143,64,1113,77,1400,210,479,16,530,27,5,41,4,10,1
36,TELEORMAN,"ŞCOALA GIMNAZIALĂ FURCULEŞTI",177,FURCULEŞTI,152948,3,PROV,PRCNCT,CJ,CJ_SV,"2020-09-28 12:38:52",1448,1400,0,23,25,729,681,0,23,25,659,70,1535,806,403,19,210,2,9,2,9,4,1
36,TELEORMAN,"ŞCOALA GIMNAZIALĂ ”GALA GALACTION”",42,"MUNICIPIUL ROŞIORI DE VEDE",151870,2,PROV,PRCNCT,CJ,CJ_SV,"2020-09-28 03:56:55",1154,1146,0,7,1,291,283,0,7,1,271,20,1265,974,56,11,115,2,15,14,2,43,13
36,TELEORMAN,"ŞCOALA GIMNAZIALĂ ”GALA GALACTION”",41,"MUNICIPIUL ROŞIORI DE VEDE",151870,2,PROV,PRCNCT,CJ,CJ_SV,"2020-09-28 09:09:39",1087,1081,0,6,0,356,350,0,6,0,323,33,1195,839,73,3,150,7,12,5,4,55,14
36,TELEORMAN,"ŞCOALA GIMNAZIALĂ GĂLĂTENI",181,GĂLĂTENI,153026,1,PROV,PRCNCT,CJ,CJ_SV,"2020-09-28 02:18:58",939,839,0,72,28,727,627,0,72,28,663,64,885,158,408,24,200,3,5,6,11,1,5
36,TELEORMAN,"ȘCOALA GIMNAZIALĂ GRATIA",183,GRATIA,153062,1,PROV,PRCNCT,CJ,CJ_SV,"2020-09-28 02:05:14",1187,1119,0,52,16,718,650,0,52,16,670,48,1240,522,133,19,465,4,6,7,8,25,3
36,TELEORMAN,"ŞCOALA GIMNAZIALĂ ”GRIGORE DIMITRIE GHICA” PERETU",230,PERETU,153543,1,PROV,PRCNCT,CJ,CJ_SV,"2020-09-28 04:05:28",1164,1151,0,12,1,599,586,0,12,1,581,18,1270,671,201,5,263,5,34,52,6,6,9
36,TELEORMAN,"ŞCOALA GIMNAZIALĂ ”GRIGORE DIMITRIE GHICA” PERETU",229,PERETU,153543,1,PROV,PRCNCT,CJ,CJ_SV,"2020-09-28 03:03:10",996,985,1,7,3,537,526,1,7,3,518,19,1080,543,246,1,161,9,31,56,0,7,7
36,TELEORMAN,"ȘCOALA GIMNAZIALĂ ”I.GH.DUCA”",317,ŢIGĂNEŞTI,154834,1,PROV,PRCNCT,CJ,CJ_SV,"2020-09-28 01:54:18",1444,1401,0,0,43,893,850,0,0,43,832,61,1600,707,140,15,631,4,13,5,12,9,3
36,TELEORMAN,"ȘCOALA GIMNAZIALĂ ”ION PREOTU”",311,TROIANUL,154790,1,PROV,PRCNCT,CJ,CJ_SV,"2020-09-28 06:37:40",1347,1265,0,55,27,889,807,0,55,27,812,76,1390,502,390,12,263,1,78,29,4,31,4
36,TELEORMAN,"ȘCOALA GIMNAZIALĂ LICURICIU",125,CĂLINEŞTI,152350,1,PROV,PRCNCT,CJ,CJ_SV,"2020-09-28 00:02:06",386,336,0,14,36,280,231,0,14,35,249,31,410,130,128,17,19,2,5,1,0,0,77
36,TELEORMAN,"ȘCOALA GIMNAZIALĂ LIȚA",192,LIŢA,151763,1,PROV,PRCNCT,CJ,CJ_SV,"2020-09-28 03:28:10",1092,1041,0,31,20,712,661,0,31,20,648,64,1160,448,281,4,220,3,17,86,22,10,5
36,TELEORMAN,"ŞCOALA GIMNAZIALĂ MAVRODIN",197,MAVRODIN,153204,6,PROV,PRCNCT,CJ,CJ_SV,"2020-09-30 13:52:28",1058,1040,0,4,14,559,541,0,4,14,476,74,1140,581,283,4,106,7,12,31,5,5,23
36,TELEORMAN,"ŞCOALA GIMNAZIALĂ MAVRODIN",198,MAVRODIN,153204,1,PROV,PRCNCT,CJ,CJ_SV,"2020-09-28 02:58:45",951,931,0,4,16,542,522,0,4,16,495,47,1030,488,248,15,125,11,16,25,8,2,45
36,TELEORMAN,"ŞCOALA GIMNAZIALĂ MERIŞANI",95,BĂBĂIŢA,152038,1,PROV,PRCNCT,CJ,CJ_SV,"2020-09-28 03:20:37",904,853,0,16,35,654,603,0,16,35,584,70,936,282,435,3,117,1,19,5,2,1,1
36,TELEORMAN,"ȘCOALA GIMNAZIALĂ ”MIHAI VITEAZUL”",20,"MUNICIPIUL ALEXANDRIA",151790,3,PROV,PRCNCT,CJ,CJ_SV,"2020-09-29 15:19:56",1365,1352,0,13,0,496,483,0,13,0,483,13,1480,984,197,3,177,12,16,22,3,32,21
36,TELEORMAN,"ȘCOALA GIMNAZIALĂ ”MIHAI VITEAZUL”",21,"MUNICIPIUL ALEXANDRIA",151790,1,PROV,PRCNCT,CJ,CJ_SV,"2020-09-28 01:50:31",1073,1065,0,7,1,408,400,0,7,1,389,19,1175,767,127,7,174,13,14,16,1,28,9
36,TELEORMAN,"ŞCOALA GIMNAZIALĂ ”MIRCEA CEL BĂTRÂN”",66,"MUNICIPIUL TURNU MĂGURELE",151683,1,PROV,PRCNCT,CJ,CJ_SV,"2020-09-28 02:56:42",1157,1140,0,12,5,452,435,0,12,5,429,23,1265,813,197,8,159,10,24,10,3,15,3
36,TELEORMAN,"ŞCOALA GIMNAZIALĂ ”MIRCEA CEL BĂTRÂN”",67,"MUNICIPIUL TURNU MĂGURELE",151683,1,PROV,PRCNCT,CJ,CJ_SV,"2020-09-28 04:06:23",1547,1536,0,7,4,658,647,0,7,4,641,17,1705,1047,225,7,296,11,26,18,8,40,10
36,TELEORMAN,"ȘCOALA GIMNAZIALĂ ”MIRON RADU PARASCHIVESCU”",87,"ORAŞ ZIMNICEA",151978,1,PROV,PRCNCT,CJ,CJ_SV,"2020-09-28 06:46:16",1520,1495,0,21,4,668,644,0,21,3,634,34,1650,982,257,5,231,7,34,10,4,81,5
36,TELEORMAN,"ŞCOALA GIMNAZIALĂ MOŞTENI",211,MOŞTENI,153384,1,PROV,PRCNCT,CJ,CJ_SV,"2020-09-27 23:23:08",564,458,0,32,74,456,350,0,32,74,445,11,585,129,349,5,68,10,3,4,0,6,0
36,TELEORMAN,"ȘCOALA GIMNAZIALĂ MOȘTENI",210,MOŞTENI,153384,1,PROV,PRCNCT,CJ,CJ_SV,"2020-09-28 00:00:42",639,547,0,16,76,479,391,0,16,72,444,35,685,206,356,5,66,9,4,1,2,1,0
36,TELEORMAN,"ȘCOALA GIMNAZIALĂ NANOV",212,NANOV,151816,1,PROV,PRCNCT,CJ,CJ_SV,"2020-09-28 05:18:22",1679,1666,0,13,0,1024,1011,0,13,0,940,84,1840,816,513,11,305,8,19,40,14,12,18
36,TELEORMAN,"ȘCOALA GIMNAZIALĂ NĂSTURELU",214,NĂSTURELU,153400,1,PROV,PRCNCT,CJ,CJ_SV,"2020-09-28 03:40:25",1262,1239,0,14,9,920,897,0,14,9,845,75,1370,450,595,21,204,2,5,2,5,5,6
36,TELEORMAN,"ȘCOALA GIMNAZIALĂ NENCIULEȘTI",218,NENCIULEŞTI,154996,1,PROV,PRCNCT,CJ,CJ_SV,"2020-09-28 04:31:05",695,680,1,8,6,381,367,0,8,6,316,65,750,369,167,7,122,4,7,3,3,1,2
36,TELEORMAN,"SCOALA GIMNAZIALA NR.1",201,MĂLDĂENI,153277,1,PROV,PRCNCT,CJ,CJ_SV,"2020-09-28 03:22:42",1204,1156,1,15,32,661,613,1,15,32,602,59,1280,619,232,16,312,10,7,4,4,17,0
36,TELEORMAN,"ȘCOALA GIMNAZIALĂ NR.1",156,DOBROTEŞTI,152760,2,PROV,PRCNCT,CJ,CJ_SV,"2020-09-28 12:05:07",1307,1286,0,11,10,723,702,0,11,10,622,101,1420,697,428,8,115,9,17,4,8,27,6
36,TELEORMAN,"ŞCOALA GIMNAZIALA NR.1 BLEJEŞTI",100,BLEJEŞTI,152083,2,PROV,PRCNCT,CJ,CJ_SV,"2020-09-30 09:51:25",1020,996,0,22,2,662,638,0,22,2,611,51,1090,428,138,19,389,24,11,18,1,6,5
36,TELEORMAN,"ŞCOALA GIMNAZIALĂ NR. 1 CĂLUGĂRU",108,BOTOROAGA,152172,2,PROV,PRCNCT,CJ,CJ_SV,"2020-09-28 03:30:16",728,664,1,12,51,471,408,0,12,51,447,24,730,259,289,2,122,1,1,0,0,2,30
36,TELEORMAN,"ŞCOALA GIMNAZIALĂ NR. 1 CIOLĂNEŞTII DIN DEAL",137,CIOLĂNEŞTI,152528,1,PROV,PRCNCT,CJ,CJ_SV,"2020-09-28 01:03:42",478,446,0,6,26,478,446,0,6,26,420,58,890,412,208,5,146,8,8,14,5,15,11
36,TELEORMAN,"ŞCOALA GIMNAZIALĂ NR. 1 ISLAZ",186,ISLAZ,151736,1,PROV,PRCNCT,CJ,CJ_SV,"2020-09-28 00:37:09",728,708,0,6,14,394,374,0,6,14,370,24,800,406,155,9,173,10,5,3,2,12,1
36,TELEORMAN,"ŞCOALA GIMNAZIALĂ NR.1 MÎRZĂNEŞTI",206,MÂRZĂNEŞTI,153339,1,PROV,PRCNCT,CJ,CJ_SV,"2020-09-28 02:21:25",527,478,0,30,19,370,321,0,30,19,351,19,550,180,236,6,74,0,2,24,3,3,3
36,TELEORMAN,"ŞCOALA GIMNAZIALĂ NR.1 OLTENI",221,OLTENI,153473,1,PROV,PRCNCT,CJ,CJ_SV,"2020-09-28 04:16:02",1495,1456,0,32,7,1050,1011,0,32,7,931,119,1610,560,441,22,206,0,50,8,7,197,0
36,TELEORMAN,"ŞCOALA GIMNAZIALÃ NR. 1 ORBEASCA DE SUS (CORP B)",225,ORBEASCA,153507,2,PROV,PRCNCT,CJ,CJ_SV,"2020-09-30 12:51:35",1098,1069,0,11,18,601,572,0,11,18,558,43,1175,574,153,9,309,10,4,50,5,18,0
36,TELEORMAN,"ŞCOALA GIMNAZIALÃ NR. 1 ORBEASCA DE SUS (CORP B)",226,ORBEASCA,153507,3,PROV,PRCNCT,CJ,CJ_SV,"2020-09-30 12:54:47",1310,1278,0,7,25,731,699,0,7,25,672,59,1410,679,227,15,382,3,1,10,6,25,3
36,TELEORMAN,"ŞCOALA GIMNAZIALĂ NR.2",72,"MUNICIPIUL TURNU MĂGURELE",151683,2,PROV,PRCNCT,CJ,CJ_SV,"2020-09-28 11:19:55",1409,1389,0,10,10,547,527,0,10,10,498,49,1540,993,209,8,221,17,13,14,4,9,3
36,TELEORMAN,"ȘCOALA GIMNAZIALĂ NR.2",90,"ORAŞ ZIMNICEA",151978,1,PROV,PRCNCT,CJ,CJ_SV,"2020-09-28 02:18:35",1287,1264,2,14,7,706,684,1,14,7,629,77,1405,699,207,13,276,21,32,6,7,55,12
36,TELEORMAN,"ȘCOALA GIMNAZIALĂ NR.2",91,"ORAŞ ZIMNICEA",151978,1,PROV,PRCNCT,CJ,CJ_SV,"2020-09-28 06:34:33",1288,1266,2,10,10,694,674,0,10,10,645,49,1400,706,233,24,234,14,67,11,4,47,11
36,TELEORMAN,"ȘCOALA GIMNAZIALĂ NR.2",71,"MUNICIPIUL TURNU MĂGURELE",151683,1,PROV,PRCNCT,CJ,CJ_SV,"2020-09-28 00:53:31",1294,1284,0,6,4,490,480,0,6,4,451,39,1420,930,211,4,190,6,8,15,3,13,1
36,TELEORMAN,"ŞCOALA GIMNAZIALĂ NR. 2",111,BOTOROAGA,152172,2,PROV,PRCNCT,CJ,CJ_SV,"2020-09-28 05:42:54",1279,1138,0,55,86,844,703,0,55,86,807,37,1260,416,566,5,160,2,15,7,4,31,17
36,TELEORMAN,"ȘCOALA GIMNAZIALĂ NR. 2",158,DOBROTEŞTI,152760,1,PROV,PRCNCT,CJ,CJ_SV,"2020-09-28 04:11:49",959,931,0,8,20,507,479,0,8,20,466,41,1025,518,221,11,168,4,13,12,4,24,9
36,TELEORMAN,"ŞCOALA GIMNAZIALĂ NR.2 BACIU COMUNA BLEJEŞTI",102,BLEJEŞTI,152083,4,PROV,PRCNCT,CJ,CJ_SV,"2020-09-30 10:07:50",874,843,0,17,14,557,526,0,17,14,508,44,935,383,76,17,366,16,6,14,4,9,0
36,TELEORMAN,"ŞCOALA GIMNAZIALĂ NR. 2, CERNETU",204,MÂRZĂNEŞTI,153339,2,PROV,PRCNCT,CJ,CJ_SV,"2020-09-28 22:08:46",1190,1074,0,59,57,846,730,0,59,57,780,66,1180,334,382,20,162,4,6,194,2,9,1
36,TELEORMAN,"ŞCOALA GIMNAZIALĂ NR. 2 CIOLĂNEŞTII DIN DEAL",138,CIOLĂNEŞTI,152528,1,PROV,PRCNCT,CJ,CJ_SV,"2020-09-28 00:57:18",464,432,0,5,27,307,275,0,5,27,274,33,505,198,121,3,101,8,1,16,4,5,15
36,TELEORMAN,"ȘCOALA GIMNAZIALĂ NR.2 COSMEȘTI",145,COSMEŞTI,152582,2,PROV,PRCNCT,CJ,CJ_SV,"2020-10-01 12:24:15",904,842,0,8,54,720,658,0,8,54,674,46,930,210,490,9,35,5,11,115,1,5,3
36,TELEORMAN,"ŞCOALA GIMNAZIALÃ NR. 2 ORBEASCA DE JOS ( CORP A)",223,ORBEASCA,153507,2,PROV,PRCNCT,CJ,CJ_SV,"2020-09-30 12:46:27",940,920,0,8,12,539,519,0,8,12,497,42,1020,481,264,5,187,8,6,14,4,6,3
36,TELEORMAN,"ŞCOALA GIMNAZIALÃ NR. 2 ORBEASCA DE JOS (CORP A)",224,ORBEASCA,153507,2,PROV,PRCNCT,CJ,CJ_SV,"2020-09-30 12:48:48",861,832,0,14,15,471,442,0,14,15,443,28,915,444,226,4,176,5,1,16,5,9,1
36,TELEORMAN,"ŞCOALA GIMNAZIALĂ NR.2 PERII-BROŞTENI",222,OLTENI,153473,1,PROV,PRCNCT,CJ,CJ_SV,"2020-09-28 04:04:34",876,852,0,18,6,645,621,0,18,6,589,56,950,305,240,12,253,5,15,3,1,57,3
36,TELEORMAN,"ȘCOALA GIMNAZIALĂ NR.3",86,"ORAŞ ZIMNICEA",151978,2,PROV,PRCNCT,CJ,CJ_SV,"2020-09-28 03:16:16",1513,1500,0,12,1,659,646,0,12,1,632,27,1665,1006,235,14,230,12,38,7,3,81,12
36,TELEORMAN,"ŞCOALA GIMNAZIALÃ NR.3 LACENI (CORP A)",228,ORBEASCA,153507,3,PROV,PRCNCT,CJ,CJ_SV,"2020-09-30 12:58:59",1053,1035,0,4,14,498,480,0,4,14,468,30,1165,667,239,6,185,15,3,5,8,3,4
36,TELEORMAN,"ŞCOALA GIMNAZIALÃ NR.3 LACENI (CORP A)",227,ORBEASCA,153507,3,PROV,PRCNCT,CJ,CJ_SV,"2020-09-30 12:57:04",875,862,1,8,4,434,422,0,8,4,395,39,955,521,187,6,154,8,2,24,7,7,0
36,TELEORMAN,"ŞCOALA GIMNAZIALĂ NR.4",58,"MUNICIPIUL TURNU MĂGURELE",151683,1,PROV,PRCNCT,CJ,CJ_SV,"2020-09-28 04:14:34",1819,1802,2,13,2,644,629,0,13,2,615,29,2000,1356,254,10,269,9,17,20,2,22,12
36,TELEORMAN,"ȘCOALA GIMNAZIALĂ NR.5",13,"MUNICIPIUL ALEXANDRIA",151790,1,PROV,PRCNCT,CJ,CJ_SV,"2020-09-28 03:01:55",969,954,0,13,2,385,370,0,13,2,371,14,1055,670,124,5,163,11,15,12,6,20,15
36,TELEORMAN,"ȘCOALA GIMNAZIALĂ NR.6",22,"MUNICIPIUL ALEXANDRIA",151790,1,PROV,PRCNCT,CJ,CJ_SV,"2020-09-28 02:46:27",957,944,2,10,1,304,293,0,10,1,292,12,1055,751,85,11,145,11,9,14,5,8,4
36,TELEORMAN,"ȘCOALA GIMNAZIALĂ NR.6",23,"MUNICIPIUL ALEXANDRIA",151790,1,PROV,PRCNCT,CJ,CJ_SV,"2020-09-28 02:00:52",1046,1036,0,10,0,332,322,0,10,0,314,18,1150,818,108,5,143,8,13,11,7,14,5
36,TELEORMAN,"ȘCOALA GIMNAZIALĂ NR.7",5,"MUNICIPIUL ALEXANDRIA",151790,1,PROV,PRCNCT,CJ,CJ_SV,"2020-09-28 03:12:32",1298,1288,1,9,0,526,517,0,9,0,507,19,1425,899,165,4,227,23,13,21,4,39,11
36,TELEORMAN,"ȘCOALA GIMNAZIALĂ NR.7",4,"MUNICIPIUL ALEXANDRIA",151790,1,PROV,PRCNCT,CJ,CJ_SV,"2020-09-28 04:33:00",1342,1332,0,10,0,467,457,0,10,0,442,25,1490,1023,135,11,207,17,26,14,5,20,7
36,TELEORMAN,"ȘCOALA GIMNAZIALĂ NR.7",3,"MUNICIPIUL ALEXANDRIA",151790,1,PROV,PRCNCT,CJ,CJ_SV,"2020-09-28 02:07:02",1233,1223,0,7,3,441,431,0,7,3,424,17,1355,914,142,5,193,13,15,22,4,24,6
36,TELEORMAN,"ȘCOALA GIMNAZIALĂ NR.7",2,"MUNICIPIUL ALEXANDRIA",151790,2,PROV,PRCNCT,CJ,CJ_SV,"2020-09-28 03:52:00",1209,1203,0,6,0,411,405,0,6,0,395,16,1325,914,147,2,162,13,15,9,5,29,13
36,TELEORMAN,"ȘCOALA GIMNAZIALĂ NUMĂRUL 1 LUNCA",194,LUNCA,153151,1,PROV,PRCNCT,CJ,CJ_SV,"2020-09-28 06:41:28",991,912,0,29,50,658,579,0,29,50,578,80,1005,347,340,9,90,2,31,90,6,9,1
36,TELEORMAN,"ȘCOALA GIMNAZIALĂ NUMĂRUL 2 PRUNDU",196,LUNCA,153151,1,PROV,PRCNCT,CJ,CJ_SV,"2020-09-28 04:03:04",1203,1192,0,10,1,689,678,0,10,1,606,83,1315,626,436,10,51,2,7,46,3,0,51
36,TELEORMAN,"ȘCOALA GIMNAZIALĂ PIATRA",234,PIATRA,153561,1,PROV,PRCNCT,CJ,CJ_SV,"2020-09-28 01:17:21",942,879,1,54,8,689,627,0,54,8,646,43,965,276,292,9,165,76,7,66,21,5,5
36,TELEORMAN,"ŞCOALA GIMNAZIALĂ PLOPII SLĂVITEŞTI",239,PLOPII-SLĂVITEŞTI,153623,1,PROV,PRCNCT,CJ,CJ_SV,"2020-09-28 01:05:53",617,541,0,44,32,471,395,0,44,32,433,38,600,129,271,9,121,4,4,6,9,1,8
36,TELEORMAN,"ŞCOALA GIMNAZIALĂ PLOSCA",244,PLOSCA,153605,1,PROV,PRCNCT,CJ,CJ_SV,"2020-09-28 03:18:01",780,759,0,13,8,456,435,0,13,8,423,33,860,404,189,14,156,6,25,9,3,14,7
36,TELEORMAN,"ŞCOALA GIMNAZIALĂ POROSCHIA",250,POROSCHIA,151834,1,PROV,PRCNCT,CJ,CJ_SV,"2020-09-28 06:10:00",1463,1450,1,12,0,810,797,1,12,0,720,90,1600,790,360,10,264,11,33,13,9,13,7
36,TELEORMAN,"ŞCOALA GIMNAZIALĂ PURANII DE SUS",253,PURANI,155136,1,PROV,PRCNCT,CJ,CJ_SV,"2020-09-28 03:50:27",1223,1136,0,65,22,990,903,0,65,22,938,52,1250,260,551,28,330,3,10,6,4,2,4
36,TELEORMAN,"ȘCOALA GIMNAZIALĂ RĂDOIEȘTI",257,RĂDOIEŞTI,153865,1,PROV,PRCNCT,CJ,CJ_SV,"2020-09-28 03:45:45",880,811,0,46,23,654,585,0,46,23,589,65,885,231,313,19,218,0,7,4,5,19,4
36,TELEORMAN,"ȘCOALA GIMNAZIALĂ SĂCENI",265,SĂCENI,153972,1,PROV,PRCNCT,CJ,CJ_SV,"2020-09-28 05:58:30",592,557,0,15,20,443,408,0,15,20,405,38,605,162,87,6,223,46,4,12,6,0,21
36,TELEORMAN,"ŞCOALA GIMNAZIALĂ SAELELE",260,SAELELE,155145,1,PROV,PRCNCT,CJ,CJ_SV,"2020-09-28 03:39:26",1310,1217,0,15,78,847,754,0,15,78,745,102,1320,473,178,22,523,3,2,5,1,5,6
36,TELEORMAN,"ŞCOALA GIMNAZIALĂ(ŞCOALA NOUĂ)",238,PIETROŞANI,153589,3,PROV,PRCNCT,CJ,CJ_SV,"2020-09-28 19:40:17",1176,1109,0,29,38,837,770,0,29,38,740,78,1210,373,345,15,242,1,1,51,78,7,0
36,TELEORMAN,"ŞCOALA GIMNAZIALĂ(ŞCOALA VECHE)",237,PIETROŞANI,153589,3,PROV,PRCNCT,CJ,CJ_SV,"2020-09-28 19:32:20",982,939,2,16,25,693,650,2,16,25,627,48,1020,327,340,10,154,4,3,43,73,0,0
36,TELEORMAN,"ŞCOALA GIMNAZIALĂ SLĂVEŞTI",302,"TĂTĂRĂŞTII DE JOS",154585,1,PROV,PRCNCT,CJ,CJ_SV,"2020-09-28 01:42:14",741,696,0,25,20,483,438,0,25,20,442,41,815,332,158,6,240,1,8,15,10,3,1
36,TELEORMAN,"ȘCOALA GIMNAZIALĂ SLOBOZIA MÂNDRA",288,"SLOBOZIA MÂNDRA",154344,1,PROV,PRCNCT,CJ,CJ_SV,"2020-09-28 04:13:17",763,686,2,32,43,512,435,2,32,43,436,76,800,288,80,12,252,5,7,11,6,49,14
36,TELEORMAN,"ȘCOALA GIMNAZIALĂ SLOBOZIA MÂNDRA",287,"SLOBOZIA MÂNDRA",154344,1,PROV,PRCNCT,CJ,CJ_SV,"2020-09-28 03:21:44",607,527,0,38,42,428,348,0,38,42,372,56,630,202,50,9,233,7,5,3,3,50,12
36,TELEORMAN,"ŞCOALA GIMNAZIALĂ SMÎRDIOASA",289,SMÂRDIOASA,154380,1,PROV,PRCNCT,CJ,CJ_SV,"2020-09-28 05:43:43",1529,1470,1,29,29,982,923,1,29,29,906,76,1645,663,603,24,213,4,5,42,10,0,5
36,TELEORMAN,"ȘCOALA GIMNAZIALĂ ”ȘTEFAN CEL MARE”",18,"MUNICIPIUL ALEXANDRIA",151790,1,PROV,PRCNCT,CJ,CJ_SV,"2020-09-28 00:30:43",858,846,1,11,0,300,289,0,11,0,292,8,935,635,93,3,135,10,16,12,6,11,6
36,TELEORMAN,"ȘCOALA GIMNAZIALĂ ”ȘTEFAN CEL MARE”",19,"MUNICIPIUL ALEXANDRIA",151790,3,PROV,PRCNCT,CJ,CJ_SV,"2020-09-29 15:49:52",988,978,0,8,2,398,388,0,8,2,380,18,1080,682,135,3,162,14,8,14,4,31,9
36,TELEORMAN,"ŞCOALA GIMNAZIALĂ SUHAIA",296,SUHAIA,154460,1,PROV,PRCNCT,CJ,CJ_SV,"2020-09-28 04:10:13",979,914,0,38,27,693,628,0,38,27,643,50,1045,352,440,10,48,7,6,14,1,6,111
36,TELEORMAN,"ŞCOALA GIMNAZIALĂ SUHAIA",295,SUHAIA,154460,2,PROV,PRCNCT,CJ,CJ_SV,"2020-09-28 07:20:27",893,834,0,29,30,597,538,0,29,30,552,45,925,328,367,7,63,4,8,11,3,8,81
36,TELEORMAN,"ŞCOALA GIMNAZIALĂ TĂTĂRĂŞTII DE JOS",301,"TĂTĂRĂŞTII DE JOS",154585,2,PROV,PRCNCT,CJ,CJ_SV,"2020-09-29 09:36:11",1169,1098,0,50,21,755,684,0,50,21,672,83,1290,535,301,12,309,0,9,4,10,25,2
36,TELEORMAN,"ȘCOALA GIMNAZIALĂ TĂTĂRĂȘTII DE SUS",304,"TĂTĂRĂŞTII DE SUS",154665,1,PROV,PRCNCT,CJ,CJ_SV,"2020-09-28 00:34:25",1099,1027,1,42,29,732,661,0,42,29,680,52,1160,428,411,26,173,2,5,3,47,4,9
36,TELEORMAN,"ȘCOALA GIMNAZIALĂ TĂTĂRĂȘTII DE SUS",305,"TĂTĂRĂŞTII DE SUS",154665,1,PROV,PRCNCT,CJ,CJ_SV,"2020-09-28 00:22:08",1257,1161,0,69,27,807,711,0,69,27,763,44,1320,513,529,21,177,4,5,7,16,1,3
36,TELEORMAN,"ŞCOALA GIMNAZIALĂ TELEORMANU",207,MÂRZĂNEŞTI,153339,1,PROV,PRCNCT,CJ,CJ_SV,"2020-09-28 01:53:03",788,720,1,34,33,469,402,0,34,33,423,46,800,331,202,8,160,1,3,37,5,5,2
36,TELEORMAN,"ŞCOALA GIMNAZIALĂ TRAIAN, STRADA PRINCIPALĂ NR. 188",307,TRAIAN,154736,2,PROV,PRCNCT,CJ,CJ_SV,"2020-09-28 02:36:35",808,782,1,15,10,438,413,0,15,10,370,68,860,422,53,4,239,18,7,10,18,20,1
36,TELEORMAN,"SCOALA GIMNAZIALA ”VASILE RACOTTA”",297,ŞTOROBĂNEASA,154497,2,PROV,PRCNCT,CJ,CJ_SV,"2020-09-28 04:12:50",1382,1277,1,7,97,920,815,1,7,97,837,83,1515,595,553,53,181,21,4,8,9,5,3
36,TELEORMAN,"ȘCOALA GIMNAZIALĂ VEDEA",323,VEDEA,154852,1,PROV,PRCNCT,CJ,CJ_SV,"2020-09-28 00:40:19",391,385,0,0,6,326,320,0,0,6,293,33,545,219,66,2,217,0,0,2,2,3,1
36,TELEORMAN,"ȘCOALA GIMNAZIALĂ VIIȘOARA, NR. 97",328,VIIŞOARA,154914,1,PROV,PRCNCT,CJ,CJ_SV,"2020-09-28 02:55:42",698,640,0,8,50,488,430,0,8,50,442,46,765,277,297,9,110,5,4,4,5,4,4
36,TELEORMAN,"ŞCOALA GIMNAZIALĂ ”ZAHARIA STANCU”",36,"MUNICIPIUL ROŞIORI DE VEDE",151870,1,PROV,PRCNCT,CJ,CJ_SV,"2020-09-28 01:59:27",1099,1088,4,5,2,370,363,0,5,2,344,26,1205,835,70,5,137,4,8,6,3,102,9
36,TELEORMAN,"ŞCOALA GIMNAZIALĂ ”ZAHARIA STANCU”",35,"MUNICIPIUL ROŞIORI DE VEDE",151870,1,PROV,PRCNCT,CJ,CJ_SV,"2020-09-28 03:24:38",1205,1174,0,6,25,445,417,0,6,22,425,20,1295,850,98,5,177,15,14,9,2,96,9
36,TELEORMAN,"ȘCOALA GIMNAZIALĂ ZIMNICELE",215,NĂSTURELU,153400,1,PROV,PRCNCT,CJ,CJ_SV,"2020-09-28 01:18:21",824,784,0,25,15,619,579,0,25,15,574,45,860,241,100,30,415,0,5,10,5,6,3
36,TELEORMAN,"ŞCOALA MICĂ",245,PLOSCA,153605,1,PROV,PRCNCT,CJ,CJ_SV,"2020-09-28 05:10:55",1240,1214,0,9,17,738,712,0,9,17,680,58,1340,602,262,15,286,4,34,11,8,44,16
36,TELEORMAN,"ŞCOALA PRIMARĂ",334,ZÂMBREASCA,154978,1,PROV,PRCNCT,CJ,CJ_SV,"2020-09-27 23:38:02",465,386,0,42,37,321,242,0,42,37,295,26,420,99,54,7,211,2,3,4,1,1,12
36,TELEORMAN,"ȘCOALA PRIMARĂ CĂTUNU",249,POENI,153696,1,PROV,PRCNCT,CJ,CJ_SV,"2020-09-28 01:44:10",374,345,0,18,11,270,241,0,18,11,244,26,390,120,54,4,141,33,2,5,0,4,1
36,TELEORMAN,"ŞCOALA PRIMARĂ GĂLĂTENI",180,GĂLĂTENI,153026,1,PROV,PRCNCT,CJ,CJ_SV,"2020-09-28 03:27:55",1353,1217,1,94,41,1032,896,1,94,41,914,118,1335,303,455,40,375,6,5,4,16,8,5
36,TELEORMAN,"ȘCOALA PRIMARĂ NR.4",84,"ORAŞ ZIMNICEA",151978,3,PROV,PRCNCT,CJ,CJ_SV,"2020-09-29 15:35:35",1464,1451,0,12,1,776,763,0,12,1,665,111,1605,829,230,18,311,4,29,9,6,50,8
36,TELEORMAN,"ȘCOALA PRIMARĂ NR.4",83,"ORAŞ ZIMNICEA",151978,1,PROV,PRCNCT,CJ,CJ_SV,"2020-09-28 04:47:31",1376,1352,0,15,9,695,671,0,15,9,631,64,1490,795,186,12,307,17,33,8,5,59,4
36,TELEORMAN,"ŞCOALA PRIMARĂ ŞOIMU",290,SMÂRDIOASA,154380,2,PROV,PRCNCT,CJ,CJ_SV,"2020-09-29 11:21:52",357,339,0,12,6,256,238,0,12,6,233,23,375,119,93,8,64,2,3,55,5,2,1
36,TELEORMAN,"ŞCOALA RĂSFIRAŢI",243,PLOSCA,153605,2,PROV,PRCNCT,CJ,CJ_SV,"2020-09-28 08:36:34",1421,1387,0,15,19,869,835,0,15,19,820,49,1520,651,371,14,336,6,41,11,0,24,17
36,TELEORMAN,"ŞCOLA GIMNAZIALĂ NR. 1 CIUPERCENI",146,COSMEŞTI,152582,3,PROV,PRCNCT,CJ,CJ_SV,"2020-10-01 12:29:42",1250,1156,1,24,69,899,806,0,24,69,792,107,1280,381,424,17,64,0,57,223,3,4,0
36,TELEORMAN,"ŞCOLALA GIMNAZIALĂ CĂLMĂȚUIU (FOST LOCAL AL ȘCOLII CU CLASELE I-IV)",129,CĂLMĂŢUIU,152412,1,PROV,PRCNCT,CJ,CJ_SV,"2020-09-28 00:06:00",224,198,0,15,11,158,132,0,15,11,149,9,220,62,17,4,110,0,0,1,1,1,15
36,TELEORMAN,"S.C. URBANA SERV S.R.L.",85,"ORAŞ ZIMNICEA",151978,1,PROV,PRCNCT,CJ,CJ_SV,"2020-09-28 09:43:12",1479,1442,2,16,19,818,783,0,16,19,710,108,1590,772,201,12,367,4,35,12,11,46,22
36,TELEORMAN,"SEDIUL ADMINISTRATIV DIN SATUL SECARA",152,CRÂNGU,152662,2,PROV,PRCNCT,CJ,CJ_SV,"2020-09-28 07:26:33",389,275,1,69,44,278,165,0,69,44,266,12,300,22,188,7,60,1,0,4,5,0,1
36,TELEORMAN,"SEDIUL FOSTEI PRIMĂRII COMUNALE BRATCOV",293,STEJARU,154415,1,PROV,PRCNCT,CJ,CJ_SV,"2020-09-27 23:25:58",116,90,0,16,10,92,66,0,16,10,90,2,110,18,3,1,68,0,0,1,3,0,14
36,TELEORMAN,"SPAŢII BIROURI, STRADA PRINCIPALĂ NR. 116",306,TRAIAN,154736,1,PROV,PRCNCT,CJ,CJ_SV,"2020-09-28 00:38:34",673,645,1,9,18,403,375,1,9,18,371,32,710,307,55,8,225,39,1,16,18,6,3
