precinct_county_nce,precinct_county_name,precinct_name,precinct_nr,uat_name,uat_siruta,report_version,report_stage_code,report_type_scope_code,report_type_category_code,report_type_code,created_at,a,a1,a2,a3,a4,b,b1,b2,b3,b4,c,d,e,f,"PARTIDUL ALIANŢA LIBERALILOR ŞI DEMOCRAŢILOR – ALDE-voturi","ASOCIAȚIA PARTIDA ROMILOR “PRO-EUROPA”-voturi","PARTIDUL PRO ROMÂNIA-voturi","PARTIDUL SOCIAL DEMOCRAT-voturi","PARTIDUL MIȘCAREA POPULARĂ-voturi","PARTIDUL NAȚIONAL LIBERAL-voturi","PARTIDUL SOCIALIST ROMÂN-voturi","PARTIDUL ECOLOGIST ROMÂN-voturi","PACT PENTRU GALAȚI-voturi","ALIANȚA PENTRU UNIREA ROMÂNILOR-voturi","PARTIDUL RE:START ROMÂNIA-voturi","PARTIDUL PUTERII UMANISTE (SOCIAL-LIBERAL)-voturi","ALIANȚA USR PLUS-voturi","VREME ŞERBAN-voturi","PETREA IONEL-voturi"
18,GALAŢI,"AȘEZĂMÂNTUL CULTURAL NEGREA",391,SCHELA,77153,1,PROV,PRCNCT,CJ,CJ_SV,"2020-09-28 00:28:47",545,538,0,6,1,322,315,0,6,1,300,22,655,333,7,0,2,91,21,151,1,5,1,1,0,5,3,6,6
18,GALAŢI,"BIROU OBOR",184,"MUNICIPIUL TECUCI",75203,1,PROV,PRCNCT,CJ,CJ_SV,"2020-09-28 05:42:03",1638,1629,0,9,0,654,645,0,9,0,591,63,1788,1134,36,10,36,166,17,217,6,5,2,15,1,5,21,42,12
18,GALAŢI,"CAMIN CULTURAL",349,MOVILENI,76745,1,PROV,PRCNCT,CJ,CJ_SV,"2020-09-28 03:05:58",1573,1565,1,2,5,647,640,0,2,5,574,73,1800,1153,32,57,9,230,33,153,4,3,2,8,4,1,29,8,1
18,GALAŢI,"CĂMIN CULTURAL",232,BĂNEASA,75686,2,PROV,PRCNCT,CJ,CJ_SV,"2020-10-01 11:37:23",1218,1151,0,12,55,731,671,0,12,48,666,65,1255,524,75,49,54,342,28,88,5,3,2,3,0,9,1,6,1
18,GALAŢI,"CĂMIN CULTURAL",260,CERŢEŞTI,75917,2,PROV,PRCNCT,CJ,CJ_SV,"2020-09-28 03:21:02",576,554,0,11,11,404,382,0,11,11,349,55,619,215,61,3,2,87,6,180,3,0,1,2,0,2,0,1,1
18,GALAŢI,"CĂMIN CULTURAL",259,CERŢEŞTI,75917,1,PROV,PRCNCT,CJ,CJ_SV,"2020-09-28 01:57:27",613,594,0,6,13,405,386,0,6,13,357,48,674,269,89,5,7,54,3,193,0,0,1,1,1,1,2,0,0
18,GALAŢI,"CĂMIN CULTURAL",258,CERŢEŞTI,75917,3,PROV,PRCNCT,CJ,CJ_SV,"2020-09-28 02:45:13",699,679,1,7,12,474,455,0,7,12,414,60,765,291,43,3,9,168,3,173,2,0,2,5,0,3,2,0,1
18,GALAŢI,"CĂMIN CULTURAL",236,BEREŞTI-MERIA,75356,3,PROV,PRCNCT,CJ,CJ_SV,"2020-10-01 11:32:58",218,211,0,7,0,121,114,0,7,0,105,16,240,119,6,0,0,51,7,22,1,1,0,0,0,2,11,3,1
18,GALAŢI,"CAMIN CULTURAL BURSUCANI",224,BĂLĂBĂNEŞTI,75542,2,PROV,PRCNCT,CJ,CJ_SV,"2020-10-01 11:25:58",495,490,0,5,0,272,267,0,5,0,246,26,500,228,3,4,0,95,12,121,0,2,0,1,0,4,1,2,1
18,GALAŢI,"CAMIN CULTURAL DIN SAT FURCENII VECHI",273,COSMEŞTI,76040,1,PROV,PRCNCT,CJ,CJ_SV,"2020-09-28 01:58:07",1296,1281,0,11,4,532,517,0,11,4,482,50,1368,836,29,6,10,223,43,150,2,0,2,2,0,0,11,4,0
18,GALAŢI,"CĂMIN CULTURAL ”G-RAL EREMIA GRIGORESCU”",270,COSMEŞTI,76040,1,PROV,PRCNCT,CJ,CJ_SV,"2020-09-28 03:52:32",1247,1226,1,8,12,515,495,0,8,12,481,34,1362,847,12,2,8,260,23,157,2,0,1,0,0,5,9,1,1
18,GALAŢI,"CĂMIN CULTURAL OANCEA",367,OANCEA,76932,1,PROV,PRCNCT,CJ,CJ_SV,"2020-09-28 03:29:22",1634,1505,0,71,58,772,643,0,71,58,675,97,1612,840,22,7,3,189,102,333,0,3,4,3,2,3,1,0,3
18,GALAŢI,"CĂMIN CULTURAL PISCU",374,PISCU,76996,1,PROV,PRCNCT,CJ,CJ_SV,"2020-09-28 02:04:53",1152,1142,1,7,2,528,519,0,7,2,487,41,1300,772,28,8,14,254,23,88,3,2,4,8,0,7,36,9,3
18,GALAŢI,"CAMINUL CULTURAL",387,SCÂNTEIEŞTI,77126,1,PROV,PRCNCT,CJ,CJ_SV,"2020-09-28 02:09:45",764,728,1,1,34,410,375,0,1,34,371,39,800,390,24,3,10,82,24,215,1,0,1,3,0,0,7,1,0
18,GALAŢI,"CAMINUL CULTURAL",388,SCÂNTEIEŞTI,77126,1,PROV,PRCNCT,CJ,CJ_SV,"2020-09-28 04:49:42",1259,1187,0,11,61,757,692,0,11,54,666,91,1373,616,31,2,47,354,66,146,3,6,1,0,2,2,1,0,5
18,GALAŢI,"CĂMINUL CULTURAL BĂLĂBĂNEŞTI",223,BĂLĂBĂNEŞTI,75542,2,PROV,PRCNCT,CJ,CJ_SV,"2020-09-28 03:53:45",611,597,1,13,0,361,348,0,13,0,329,32,708,347,23,8,2,186,18,66,2,6,3,2,0,8,3,2,0
18,GALAŢI,"CĂMINUL CULTURAL BĂLĂŞEŞTI",226,BĂLĂŞEŞTI,75613,1,PROV,PRCNCT,CJ,CJ_SV,"2020-09-28 05:05:09",918,891,0,5,22,527,500,0,5,22,456,71,1000,473,26,8,3,324,22,53,3,2,4,5,0,1,1,2,2
18,GALAŢI,"CAMINUL CULTURAL COSTACHE NEGRI",276,"COSTACHE NEGRI",76111,1,PROV,PRCNCT,CJ,CJ_SV,"2020-09-28 05:20:51",1083,998,0,62,23,647,562,0,62,23,609,38,1212,565,42,3,22,244,72,204,4,1,3,5,1,3,2,0,3
18,GALAŢI,"CAMINUL CULTURAL COSTACHE NEGRI",275,"COSTACHE NEGRI",76111,1,PROV,PRCNCT,CJ,CJ_SV,"2020-09-28 04:40:26",1217,1174,0,28,15,647,604,0,28,15,603,44,1213,566,45,9,27,221,80,198,4,1,3,2,0,4,7,1,1
18,GALAŢI,"CĂMINUL CULTURAL CUCA",277,CUCA,76139,1,PROV,PRCNCT,CJ,CJ_SV,"2020-09-28 05:52:55",926,851,0,41,34,623,548,0,41,34,561,62,1000,377,15,10,44,243,4,216,4,0,0,3,2,4,12,3,1
18,GALAŢI,"CAMINUL CULTURAL DIN SATUL DRĂGĂNEŞTI",286,DRĂGĂNEŞTI,75221,1,PROV,PRCNCT,CJ,CJ_SV,"2020-09-28 02:23:10",1926,1914,0,10,2,854,842,0,10,2,760,94,2021,1167,34,107,63,130,57,296,2,7,0,10,0,3,44,7,0
18,GALAŢI,"CĂMINUL CULTURAL DIN SATUL NEGRILEŞTI",358,NEGRILEŞTI,77579,2,PROV,PRCNCT,CJ,CJ_SV,"2020-09-28 04:59:11",1459,1375,1,56,27,871,788,0,56,27,777,94,1570,699,33,9,4,496,6,186,2,5,2,4,1,23,0,4,2
18,GALAŢI,"CAMINUL CULTURAL FIRTANESTI",295,FÂRŢĂNEŞTI,76255,2,PROV,PRCNCT,CJ,CJ_SV,"2020-10-01 12:08:12",1373,1368,1,4,0,542,538,0,4,0,482,59,1520,979,30,12,8,351,13,41,7,1,3,6,0,5,2,3,0
18,GALAŢI,"CAMINUL CULTURAL FIRTANESTI",296,FÂRŢĂNEŞTI,76255,1,PROV,PRCNCT,CJ,CJ_SV,"2020-09-28 01:14:00",1466,1460,0,6,0,618,612,0,6,0,549,69,1600,982,29,8,8,390,16,76,4,2,2,3,0,2,5,2,2
18,GALAŢI,"CĂMINUL CULTURAL JORĂȘTI",330,JORĂŞTI,76638,2,PROV,PRCNCT,CJ,CJ_SV,"2020-09-28 04:11:32",891,883,0,8,0,547,539,0,8,0,492,55,950,403,26,3,15,283,52,97,5,1,0,4,0,1,2,3,0
18,GALAŢI,"CĂMINUL CULTURAL PECHEA",372,PECHEA,76969,4,PROV,PRCNCT,CJ,CJ_SV,"2020-10-01 11:55:09",1934,1924,1,9,0,793,784,0,9,0,717,76,2086,1293,24,12,89,348,15,160,7,11,5,9,0,3,31,2,1
18,GALAŢI,"CĂMINUL CULTURAL RĂDEŞTI",383,RĂDEŞTI,77561,1,PROV,PRCNCT,CJ,CJ_SV,"2020-09-28 06:30:11",920,882,0,21,17,567,531,0,21,15,474,93,1000,433,22,4,0,285,5,127,8,0,2,2,0,2,14,0,3
18,GALAŢI,"CĂMINUL CULTURAL SUCEVENI",400,SUCEVENI,77288,1,PROV,PRCNCT,CJ,CJ_SV,"2020-09-28 02:37:25",929,859,0,24,46,570,500,0,24,46,532,38,1000,430,28,7,18,294,100,53,5,4,2,9,0,7,2,1,2
18,GALAŢI,"CĂMINUL CULTURAL VIILE",297,FÂRŢĂNEŞTI,76255,1,PROV,PRCNCT,CJ,CJ_SV,"2020-09-28 00:29:44",1278,1270,0,8,0,529,521,0,8,0,493,36,1400,871,13,10,3,379,9,45,9,0,3,7,0,3,8,2,2
18,GALAŢI,"CĂMINUL CULTURAL ZĂRNEȘTI",332,JORĂŞTI,76638,1,PROV,PRCNCT,CJ,CJ_SV,"2020-09-28 00:42:17",291,285,1,5,0,175,170,0,5,0,159,16,328,153,3,1,1,64,85,4,1,0,0,0,0,0,0,0,0
18,GALAŢI,"CAMINUL NR. 15",208,"MUNICIPIUL TECUCI",75203,2,PROV,PRCNCT,CJ,CJ_SV,"2020-09-28 04:16:33",1120,1104,0,16,0,290,274,0,16,0,265,25,1202,912,15,8,7,78,8,94,4,7,6,9,0,6,10,9,4
18,GALAŢI,"CASA DE CULTURA „ION CREANGĂ” BERESTI",210,"ORAŞ BEREŞTI",75338,1,PROV,PRCNCT,CJ,CJ_SV,"2020-09-28 02:56:59",1276,1240,0,8,28,770,734,0,8,28,705,65,1400,630,25,3,12,287,6,355,1,3,2,4,2,0,3,2,0
18,GALAŢI,"CASA DE CULTURA ”MIHAI EMINESCU”",215,"ORAŞ TÂRGU BUJOR",75472,1,PROV,PRCNCT,CJ,CJ_SV,"2020-09-28 03:11:54",1032,1022,1,4,5,525,516,0,4,5,508,17,1100,575,14,7,3,297,4,153,2,1,2,8,0,2,11,3,1
18,GALAŢI,"CENTRUL DE FORMARE PROFESIONALA",393,"SLOBOZIA CONACHI",77180,2,PROV,PRCNCT,CJ,CJ_SV,"2020-09-28 02:45:15",1236,1205,0,6,25,600,569,0,6,25,554,46,1400,800,40,10,13,340,16,108,2,3,4,4,1,1,7,4,1
18,GALAŢI,"CLADIREA GRADINITA NR.1",323,INDEPENDENŢA,76585,1,PROV,PRCNCT,CJ,CJ_SV,"2020-09-28 00:22:57",966,951,0,11,4,464,449,0,11,4,427,37,1000,536,137,76,1,69,13,88,1,7,7,10,5,2,8,1,2
18,GALAŢI,"COLEGIUL AGRICOL",190,"MUNICIPIUL TECUCI",75203,1,PROV,PRCNCT,CJ,CJ_SV,"2020-09-28 01:50:15",1276,1261,2,13,0,532,519,0,13,0,499,33,1375,843,18,4,17,165,16,196,1,6,1,3,1,7,25,19,20
18,GALAŢI,"COLEGIUL AGRICOL",189,"MUNICIPIUL TECUCI",75203,1,PROV,PRCNCT,CJ,CJ_SV,"2020-09-28 05:06:02",996,982,2,12,0,335,323,0,12,0,321,14,1089,754,20,8,19,83,8,134,3,2,0,4,0,5,16,9,10
18,GALAŢI,"COLEGIUL DE INDUSTRIE ALIMENTARĂ ”ELENA DOAMNA” (GRUP ȘCOLAR ”ELENA DOAMNA”)",42,"MUNICIPIUL GALAŢI",75098,1,PROV,PRCNCT,CJ,CJ_SV,"2020-09-28 04:28:46",1654,1596,23,12,23,484,455,0,12,17,464,20,2000,1516,24,10,13,153,30,109,1,12,31,6,1,14,41,12,7
18,GALAŢI,"COLEGIUL DE INDUSTRIE ALIMENTARĂ ”ELENA DOAMNA” (GRUP ȘCOLAR ”ELENA DOAMNA”)",41,"MUNICIPIUL GALAŢI",75098,1,PROV,PRCNCT,CJ,CJ_SV,"2020-09-28 00:26:47",1869,1847,1,9,12,520,500,0,9,11,497,23,2000,1480,48,5,20,156,30,105,4,11,18,8,5,15,53,6,13
18,GALAŢI,"COLEGIUL ECONOMIC ”VIRGIL MADGEARU” (GRUP ȘCOLAR ECONOMIC ADMINISTRATIV ”VIRGIL MADGEARU”)",62,"MUNICIPIUL GALAŢI",75098,3,PROV,PRCNCT,CJ,CJ_SV,"2020-10-01 10:28:35",1284,1272,0,12,0,430,418,0,12,0,413,17,1400,970,19,7,4,180,17,93,1,10,17,12,1,8,28,12,4
18,GALAŢI,"COLEGIUL NAȚIONAL ”ALEXANDRU IOAN CUZA” (GRĂDINIȚA NR. 59 - FOSTA ȘCOALĂ GENERALĂ NR. 8)",51,"MUNICIPIUL GALAŢI",75098,1,PROV,PRCNCT,CJ,CJ_SV,"2020-09-28 00:47:35",1301,1291,1,9,0,490,481,0,9,0,473,17,1400,910,29,1,7,181,30,79,2,8,33,2,2,9,80,6,4
18,GALAŢI,"COLEGIUL NAȚIONAL ”ALEXANDRU IOAN CUZA” (GRĂDINIȚA NR. 59 - FOSTA ȘCOALĂ GENERALĂ NR. 8)",54,"MUNICIPIUL GALAŢI",75098,1,PROV,PRCNCT,CJ,CJ_SV,"2020-09-28 03:34:47",1826,1818,1,7,0,415,408,0,7,0,401,14,2000,1585,13,2,11,161,31,78,3,10,28,6,0,12,36,5,5
18,GALAŢI,"COLEGIUL NAȚIONAL ”ALEXANDRU IOAN CUZA” (GRĂDINIȚA NR. 59 - FOSTA ȘCOALĂ GENERALĂ NR. 8)",53,"MUNICIPIUL GALAŢI",75098,1,PROV,PRCNCT,CJ,CJ_SV,"2020-09-28 01:40:51",1422,1412,3,7,0,482,475,0,7,0,457,25,1550,1068,22,3,15,154,29,113,2,8,28,8,2,9,53,7,4
18,GALAŢI,"COLEGIUL NAȚIONAL ”ALEXANDRU IOAN CUZA” (GRĂDINIȚA NR. 59 - FOSTA ȘCOALĂ GENERALĂ NR. 8)",52,"MUNICIPIUL GALAŢI",75098,1,PROV,PRCNCT,CJ,CJ_SV,"2020-09-28 03:50:32",1430,1419,0,11,0,561,550,0,11,0,547,14,1600,1039,32,3,18,261,24,66,4,13,40,4,1,8,61,5,7
18,GALAŢI,"COLEGIUL NAȚIONAL ”COSTACHE NEGRI” (LICEUL PEDAGOGIC ”COSTACHE NEGRI”)",18,"MUNICIPIUL GALAŢI",75098,1,PROV,PRCNCT,CJ,CJ_SV,"2020-09-28 00:42:36",1143,1103,31,9,0,400,391,0,9,0,391,9,1200,800,11,6,8,164,17,80,3,10,33,4,0,8,40,4,3
18,GALAŢI,"COLEGIUL NAȚIONAL ”COSTACHE NEGRI” (LICEUL PEDAGOGIC ”COSTACHE NEGRI”)",22,"MUNICIPIUL GALAŢI",75098,1,PROV,PRCNCT,CJ,CJ_SV,"2020-09-28 02:39:33",1465,1451,2,11,1,528,516,0,11,1,509,19,1600,1072,27,3,11,199,28,120,1,15,39,2,0,5,46,8,5
18,GALAŢI,"COLEGIUL NAȚIONAL ”COSTACHE NEGRI” (LICEUL PEDAGOGIC ”COSTACHE NEGRI”)",20,"MUNICIPIUL GALAŢI",75098,2,PROV,PRCNCT,CJ,CJ_SV,"2020-10-01 10:17:32",1524,1499,4,10,11,527,506,0,10,11,509,18,1700,1173,23,6,11,168,40,111,1,14,41,8,2,9,64,5,6
18,GALAŢI,"COLEGIUL NAȚIONAL ”COSTACHE NEGRI” (LICEUL PEDAGOGIC ”COSTACHE NEGRI”)",19,"MUNICIPIUL GALAŢI",75098,4,PROV,PRCNCT,CJ,CJ_SV,"2020-10-01 10:59:20",1542,1532,2,8,0,508,500,0,8,0,489,19,1600,1092,32,7,16,163,36,103,1,13,40,9,0,11,43,5,10
18,GALAŢI,"COLEGIUL NAȚIONAL ”COSTACHE NEGRI” (LICEUL PEDAGOGIC ”COSTACHE NEGRI”)",21,"MUNICIPIUL GALAŢI",75098,2,PROV,PRCNCT,CJ,CJ_SV,"2020-09-28 01:48:32",1464,1451,2,9,2,518,507,0,9,2,504,14,1600,1082,27,1,11,183,24,112,2,11,42,5,3,9,58,10,6
18,GALAŢI,"COLEGIUL NATIONAL ”MIHAIL KOGĂLNICEANU”",17,"MUNICIPIUL GALAŢI",75098,1,PROV,PRCNCT,CJ,CJ_SV,"2020-09-28 04:58:28",1167,1151,1,15,0,407,392,0,15,0,385,22,1400,993,23,4,7,151,25,81,3,9,16,2,0,6,44,9,5
18,GALAŢI,"COLEGIUL NATIONAL ”MIHAIL KOGĂLNICEANU”",16,"MUNICIPIUL GALAŢI",75098,1,PROV,PRCNCT,CJ,CJ_SV,"2020-09-28 01:17:30",1162,1145,3,13,1,307,292,1,13,1,293,14,1200,893,15,7,9,130,11,52,1,9,20,3,2,5,23,2,4
18,GALAŢI,"COLEGIUL NAȚIONAL ”VASILE ALECSANDRI”",28,"MUNICIPIUL GALAŢI",75098,3,PROV,PRCNCT,CJ,CJ_SV,"2020-10-01 10:01:29",1370,1351,8,11,0,471,460,0,11,0,454,17,1500,1029,26,6,16,134,27,100,6,8,48,8,4,13,42,9,7
18,GALAŢI,"COLEGIUL NAȚIONAL ”VASILE ALECSANDRI”",27,"MUNICIPIUL GALAŢI",75098,2,PROV,PRCNCT,CJ,CJ_SV,"2020-09-28 04:50:01",954,940,5,9,0,318,309,0,9,0,305,13,1100,782,22,4,1,122,16,54,3,6,26,9,3,7,29,3,0
18,GALAŢI,"COLEGIUL NAȚIONAL ”VASILE ALECSANDRI”",29,"MUNICIPIUL GALAŢI",75098,1,PROV,PRCNCT,CJ,CJ_SV,"2020-09-28 01:48:35",1305,1297,0,8,0,471,463,0,8,0,454,17,1400,929,21,8,6,146,27,86,3,10,48,11,2,13,56,11,6
18,GALAŢI,"COLEGIUL TEHNIC ”AUREL VLAICU” (GRUP ȘCOLAR METALURGIC - LICEUL INDUSTRIAL NR. 3 )",157,"MUNICIPIUL GALAŢI",75098,1,PROV,PRCNCT,CJ,CJ_SV,"2020-09-28 00:32:54",1519,1510,0,9,0,420,411,0,9,0,405,15,1600,1180,24,0,1,183,20,77,1,8,12,10,2,5,48,9,5
18,GALAŢI,"COLEGIUL TEHNIC ”AUREL VLAICU” (GRUP ȘCOLAR METALURGIC - LICEUL INDUSTRIAL NR. 3 )",155,"MUNICIPIUL GALAŢI",75098,1,PROV,PRCNCT,CJ,CJ_SV,"2020-09-27 23:39:21",1659,1639,1,19,0,449,430,0,19,0,433,16,1800,1351,24,6,4,202,19,84,1,10,15,7,2,12,37,4,6
18,GALAŢI,"COLEGIUL TEHNIC ”AUREL VLAICU” (GRUP ȘCOLAR METALURGIC - LICEUL INDUSTRIAL NR. 3 )",156,"MUNICIPIUL GALAŢI",75098,1,PROV,PRCNCT,CJ,CJ_SV,"2020-09-28 00:15:21",1877,1869,0,8,0,166,158,0,8,0,160,6,2000,1834,10,3,6,63,10,24,2,2,9,6,1,14,8,0,2
18,GALAŢI,"COLEGIUL TEHNIC ”AUREL VLAICU” (GRUP ȘCOLAR METALURGIC - LICEUL INDUSTRIAL NR. 3 )",158,"MUNICIPIUL GALAŢI",75098,2,PROV,PRCNCT,CJ,CJ_SV,"2020-09-28 07:12:13",1740,1731,0,9,0,473,464,0,9,0,457,16,1800,1327,33,5,7,224,15,73,4,7,20,10,1,13,33,8,4
18,GALAŢI,"COLEGIUL TEHNIC ”PAUL DIMO” (LICEUL ENERGETIC NR.4)",142,"MUNICIPIUL GALAŢI",75098,2,PROV,PRCNCT,CJ,CJ_SV,"2020-09-28 02:03:03",1410,1401,0,9,0,407,398,0,9,0,379,28,1500,1093,29,3,6,159,20,69,2,6,9,9,4,18,32,8,5
18,GALAŢI,"COLEGIUL TEHNIC ”PAUL DIMO” (LICEUL ENERGETIC NR.4)",141,"MUNICIPIUL GALAŢI",75098,1,PROV,PRCNCT,CJ,CJ_SV,"2020-09-28 01:14:47",1409,1400,1,8,0,433,425,0,8,0,413,20,1500,1067,27,8,11,179,25,67,5,13,23,12,0,10,24,7,2
18,GALAŢI,"COLEGIUL TEHNIC ”PAUL DIMO” (LICEUL ENERGETIC NR.4)",144,"MUNICIPIUL GALAŢI",75098,2,PROV,PRCNCT,CJ,CJ_SV,"2020-09-28 02:08:41",1092,1084,0,8,0,347,339,0,8,0,327,20,1200,853,21,5,6,138,22,63,2,5,16,12,2,7,21,5,2
18,GALAŢI,"COLEGIUL TEHNIC ”PAUL DIMO” (LICEUL ENERGETIC NR.4)",143,"MUNICIPIUL GALAŢI",75098,1,PROV,PRCNCT,CJ,CJ_SV,"2020-09-28 02:08:09",1451,1441,0,10,0,444,434,0,10,0,416,28,1600,1156,24,2,10,190,20,58,2,8,17,13,5,14,44,3,6
18,GALAŢI,"COLEGIUL TEHNIC ”RADU NEGRU”",40,"MUNICIPIUL GALAŢI",75098,2,PROV,PRCNCT,CJ,CJ_SV,"2020-09-28 09:52:53",1647,1631,5,9,2,462,451,0,9,2,444,18,1998,1536,38,3,20,142,20,101,3,8,26,14,2,4,45,9,9
18,GALAŢI,"COLEGIUL TEHNIC ”RADU NEGRU” (GRUP ȘCOLAR ”RADU NEGRU”)",43,"MUNICIPIUL GALAŢI",75098,4,PROV,PRCNCT,CJ,CJ_SV,"2020-10-01 19:35:04",2058,1892,4,84,78,660,574,0,8,78,626,34,2204,1542,51,8,7,208,51,142,3,13,37,17,2,10,60,12,5
18,GALAŢI,"COLEGIUL TEHNIC ”TRAIAN VUIA” (GRUP ŞCOLAR TRANSPORTURI AUTO)",116,"MUNICIPIUL GALAŢI",75098,1,PROV,PRCNCT,CJ,CJ_SV,"2020-09-28 01:59:00",1359,1351,1,7,0,491,483,1,7,0,479,12,1503,1012,25,8,13,190,22,107,2,16,23,8,2,5,49,4,5
18,GALAŢI,"COLEGIUL TEHNIC ”TRAIAN VUIA” (GRUP ŞCOLAR TRANSPORTURI AUTO)",117,"MUNICIPIUL GALAŢI",75098,1,PROV,PRCNCT,CJ,CJ_SV,"2020-09-28 03:51:51",1287,1279,0,8,0,443,435,0,8,0,424,19,1400,957,19,2,8,173,26,88,1,12,22,4,1,6,53,6,3
18,GALAŢI,"COLEGIUL TEHNIC ”TRAIAN VUIA” (GRUP ŞCOLAR TRANSPORTURI AUTO)",115,"MUNICIPIUL GALAŢI",75098,1,PROV,PRCNCT,CJ,CJ_SV,"2020-09-28 11:16:39",1285,1265,3,14,3,454,437,0,14,3,444,10,1800,1346,25,8,7,194,23,92,2,8,24,5,1,1,47,3,4
18,GALAŢI,"FOSTA GRADINITA NR. 1 REDIU",385,REDIU,77082,1,PROV,PRCNCT,CJ,CJ_SV,"2020-09-28 05:09:50",1413,1308,1,7,97,802,727,0,7,68,681,121,1432,630,36,9,62,139,131,275,4,1,4,8,2,6,3,1,0
18,GALAŢI,"GRĂDINIŢA 18",202,"MUNICIPIUL TECUCI",75203,2,PROV,PRCNCT,CJ,CJ_SV,"2020-10-01 11:29:49",1264,1253,0,11,0,474,463,0,11,0,436,38,1366,892,32,5,20,148,12,141,4,10,3,9,0,6,9,20,17
18,GALAŢI,"GRADINITA CIUREŞTII NOI",227,BĂLĂŞEŞTI,75613,1,PROV,PRCNCT,CJ,CJ_SV,"2020-09-28 00:36:14",422,409,0,8,5,230,217,0,8,5,215,15,450,220,14,1,3,130,13,46,1,1,0,1,0,1,2,1,1
18,GALAŢI,"GRADINITA COPII",432,VÂNĂTORI,75150,1,PROV,PRCNCT,CJ,CJ_SV,"2020-09-28 02:54:04",1278,1262,6,10,0,621,610,1,10,0,595,26,1400,779,32,9,77,192,34,116,1,7,17,9,2,3,86,5,5
18,GALAŢI,"GRĂDINIŢA CRĂIEŞTI",434,VÂRLEZI,77509,1,PROV,PRCNCT,CJ,CJ_SV,"2020-09-28 03:02:17",424,403,0,6,15,424,403,0,6,15,365,59,800,376,15,6,1,203,14,109,2,1,3,3,0,5,2,0,1
18,GALAŢI,"GRĂDINIŢA CRUCEANU",384,RĂDEŞTI,77561,2,PROV,PRCNCT,CJ,CJ_SV,"2020-09-28 05:52:00",253,244,0,9,0,154,145,0,9,0,130,24,262,108,5,1,0,90,1,30,0,0,1,0,0,2,0,0,0
18,GALAŢI,"GRĂDINIȚA CU PROGRAM NORMAL ”IOAN NENIȚESCU” (GRĂDINIȚA NR. 15)",26,"MUNICIPIUL GALAŢI",75098,2,PROV,PRCNCT,CJ,CJ_SV,"2020-09-28 08:56:20",1347,1335,0,12,0,407,395,0,12,0,382,25,1500,1093,34,8,11,138,24,76,1,4,15,6,2,11,38,6,8
18,GALAŢI,"GRĂDINIȚA CU PROGRAM NORMAL ”IOAN NENIȚESCU” (GRĂDINIȚA NR. 15)",25,"MUNICIPIUL GALAŢI",75098,1,PROV,PRCNCT,CJ,CJ_SV,"2020-09-28 01:49:36",1382,1376,0,6,0,411,405,0,6,0,388,23,1500,1089,24,4,5,141,24,80,2,9,28,6,2,14,40,5,4
18,GALAŢI,"GRADINITA CU PROGRAM NORMAL NR.1",291,DRĂGUŞENI,76175,1,PROV,PRCNCT,CJ,CJ_SV,"2020-09-27 23:33:29",461,458,0,3,0,223,220,0,3,0,206,17,500,277,15,6,1,137,9,28,2,1,3,1,0,3,0,0,0
18,GALAŢI,"GRADINITA CU PROGRAM NORMAL NR.1",289,DRĂGUŞENI,76175,3,PROV,PRCNCT,CJ,CJ_SV,"2020-10-01 11:42:24",756,743,0,8,5,324,311,0,8,5,276,48,800,476,9,14,3,175,20,43,1,1,2,5,0,2,1,0,0
18,GALAŢI,"GRADINITA CU PROGRAM NORMAL NR. 1 FOLTESTI - SALA NR.1",298,FOLTEŞTI,76282,1,PROV,PRCNCT,CJ,CJ_SV,"2020-09-28 02:04:23",884,871,0,5,8,459,446,0,5,8,417,42,1000,541,4,35,7,200,19,115,3,5,1,6,3,4,12,1,2
18,GALAŢI,"GRADINITA CU PROGRAM NORMAL NR.1 FOLTESTI - SALA NR.2",299,FOLTEŞTI,76282,1,PROV,PRCNCT,CJ,CJ_SV,"2020-09-28 01:45:23",913,894,0,11,8,521,502,0,11,8,475,46,1000,479,4,21,5,255,23,134,2,5,0,3,3,1,17,2,0
18,GALAŢI,"GRĂDINIŢA CU PROGRAM NORMAL NR. 1 SAT PLEŞA",238,BEREŞTI-MERIA,75356,4,PROV,PRCNCT,CJ,CJ_SV,"2020-09-28 04:59:50",508,494,0,7,7,237,223,0,7,7,212,25,550,313,25,0,2,77,11,85,2,4,1,3,0,1,0,1,0
18,GALAŢI,"GRĂDINIȚA CU PROGRAM NORMAL NR. 20, ARONDATĂ ȘCOLII GIMNAZIALE ”MIRON COSTIN” (GRĂDINIȚA NR. 20 - ANEXA ȘCOLII NR. 12)",175,"MUNICIPIUL GALAŢI",75098,1,PROV,PRCNCT,CJ,CJ_SV,"2020-09-28 03:15:42",1565,1554,2,9,0,548,539,0,9,0,541,7,1600,1052,23,6,12,200,38,104,3,15,35,7,2,12,76,6,2
18,GALAŢI,"GRĂDINIȚA CU PROGRAM NORMAL NR. 20, ARONDATĂ ȘCOLII GIMNAZIALE ”MIRON COSTIN” (GRĂDINIȚA NR. 20 - ANEXA ȘCOLII NR. 12)",176,"MUNICIPIUL GALAŢI",75098,2,PROV,PRCNCT,CJ,CJ_SV,"2020-09-28 11:27:22",1423,1410,4,8,1,430,421,0,8,1,423,7,1600,1170,26,3,8,193,25,80,1,10,22,5,5,2,33,7,3
18,GALAŢI,"GRĂDINIȚA CU PROGRAM NORMAL NR. 29, ARONDATĂ GRĂDINIȚEI CU PROGRAM PRELUNGIT ”CAMIL RESSU” (GRĂDINIȚA FILEȘTI - GRĂDINIȚA NR.29)",140,"MUNICIPIUL GALAŢI",75098,1,PROV,PRCNCT,CJ,CJ_SV,"2020-09-28 01:41:54",487,476,0,11,0,171,160,0,11,0,158,13,600,429,16,1,3,38,25,31,1,1,5,3,1,22,8,1,2
18,GALAŢI,"GRĂDINIȚA CU PROGRAM NORMAL NR. 59 (FOSTA ȘCOALĂ GIMNAZIALĂ ”NICOLAE MANTU”)",95,"MUNICIPIUL GALAŢI",75098,2,PROV,PRCNCT,CJ,CJ_SV,"2020-09-28 05:06:27",1624,1609,0,15,0,569,554,0,15,0,550,19,1800,1231,23,0,9,230,26,108,1,8,45,6,1,15,67,5,6
18,GALAŢI,"GRĂDINIȚA CU PROGRAM NORMAL NR. 59 (FOSTA ȘCOALĂ GIMNAZIALĂ ”NICOLAE MANTU”)",96,"MUNICIPIUL GALAŢI",75098,1,PROV,PRCNCT,CJ,CJ_SV,"2020-09-28 01:17:36",1500,1401,0,7,92,590,491,0,7,92,579,11,2000,1410,41,6,9,248,23,123,2,15,26,7,3,13,52,6,5
18,GALAŢI,"GRĂDINIȚA CU PROGRAM PRELUNGIT NR. 30",105,"MUNICIPIUL GALAŢI",75098,1,PROV,PRCNCT,CJ,CJ_SV,"2020-09-28 02:10:06",1444,1435,3,6,0,482,476,0,6,0,465,17,1604,1122,21,4,5,200,22,107,0,11,19,7,2,7,54,5,1
18,GALAŢI,"GRĂDINIȚA CU PROGRAM PRELUNGIT NR. 30",104,"MUNICIPIUL GALAŢI",75098,1,PROV,PRCNCT,CJ,CJ_SV,"2020-09-28 04:19:12",1529,1522,2,5,0,470,464,1,5,0,455,15,1600,1130,13,6,16,172,32,99,1,11,29,11,2,14,40,3,6
18,GALAŢI,"GRĂDINIȚA CU PROGRAM PRELUNGIT NR. 30",109,"MUNICIPIUL GALAŢI",75098,1,PROV,PRCNCT,CJ,CJ_SV,"2020-09-28 03:14:10",1405,1395,1,7,2,474,465,0,7,2,457,17,1600,1126,20,9,6,204,22,91,1,8,31,7,2,6,42,5,3
18,GALAŢI,"GRĂDINIȚA CU PROGRAM PRELUNGIT NR. 30",108,"MUNICIPIUL GALAŢI",75098,1,PROV,PRCNCT,CJ,CJ_SV,"2020-09-28 06:53:43",1373,1364,0,8,1,518,509,0,8,1,499,19,1500,982,28,6,12,186,24,98,2,9,48,10,1,7,60,1,7
18,GALAŢI,"GRĂDINIȚA CU PROGRAM PRELUNGIT NR. 30",107,"MUNICIPIUL GALAŢI",75098,1,PROV,PRCNCT,CJ,CJ_SV,"2020-09-28 01:13:34",1420,1411,0,9,0,490,481,0,9,0,475,15,1500,1010,33,5,15,202,19,83,1,9,24,7,0,15,55,4,3
18,GALAŢI,"GRĂDINIȚA CU PROGRAM PRELUNGIT NR. 30",106,"MUNICIPIUL GALAŢI",75098,1,PROV,PRCNCT,CJ,CJ_SV,"2020-09-28 01:09:05",1134,1126,0,8,0,356,348,0,8,0,334,22,1200,844,20,3,5,148,19,59,2,5,15,1,0,7,41,5,4
18,GALAŢI,"GRĂDINIȚA CU PROGRAM PRELUNGIT NR. 47, ARONDATĂ GRĂDINIȚEI CU PROGRAM NORMAL ”ION CREANGĂ” (GRĂDINIȚA NR.47)",151,"MUNICIPIUL GALAŢI",75098,1,PROV,PRCNCT,CJ,CJ_SV,"2020-09-28 02:48:13",1743,1734,0,9,0,495,486,0,9,0,466,29,2000,1505,34,4,7,187,26,93,3,8,23,10,5,19,39,2,6
18,GALAŢI,"GRĂDINIȚA CU PROGRAM PRELUNGIT NR. 47, ARONDATĂ GRĂDINIȚEI CU PROGRAM NORMAL ”ION CREANGĂ” (GRĂDINIȚA NR.47)",152,"MUNICIPIUL GALAŢI",75098,2,PROV,PRCNCT,CJ,CJ_SV,"2020-09-28 05:04:55",1620,1617,0,3,0,473,470,0,3,0,459,14,1800,1327,31,1,8,201,36,87,4,9,23,7,0,9,39,1,3
18,GALAŢI,"GRĂDINIȚA CU PROGRAM PRELUNGIT NR. 47, ARONDATĂ GRĂDINIȚEI CU PROGRAM NORMAL ”ION CREANGĂ” (GRĂDINIȚA NR.47)",153,"MUNICIPIUL GALAŢI",75098,1,PROV,PRCNCT,CJ,CJ_SV,"2020-09-28 03:36:33",1743,1735,0,7,1,388,380,0,7,1,375,13,2000,1612,43,9,9,161,16,69,2,7,12,3,1,11,23,4,5
18,GALAŢI,"GRĂDINIȚA CU PROGRAM PRELUNGIT NR. 47, ARONDATĂ GRĂDINIȚEI CU PROGRAM NORMAL ”ION CREANGĂ” (GRĂDINIȚA NR.47)",154,"MUNICIPIUL GALAŢI",75098,1,PROV,PRCNCT,CJ,CJ_SV,"2020-09-28 00:13:21",1718,1708,0,10,0,192,182,0,10,0,181,11,1800,1608,22,6,4,74,10,37,1,6,4,3,0,4,5,1,4
18,GALAŢI,"GRĂDINIȚA CU PROGRAM PRELUNGIT ”PRICHINDEL” (GRĂDINIȚA ”PRICHINDEL” - GRĂDINIȚA NR. 62)",70,"MUNICIPIUL GALAŢI",75098,3,PROV,PRCNCT,CJ,CJ_SV,"2020-09-28 09:58:38",1523,1515,0,8,0,530,522,0,8,0,497,33,1600,1070,19,6,12,236,24,93,1,6,27,2,4,5,46,8,8
18,GALAŢI,"GRĂDINIȚA CU PROGRAM PRELUNGIT ”PRICHINDEL” (GRĂDINIȚA ”PRICHINDEL” - GRĂDINIȚA NR. 62)",71,"MUNICIPIUL GALAŢI",75098,1,PROV,PRCNCT,CJ,CJ_SV,"2020-09-28 01:18:24",1466,1456,1,9,0,510,501,0,9,0,482,28,1600,1090,24,6,6,196,22,92,3,11,28,7,1,14,59,8,5
18,GALAŢI,"GRĂDINIȚA CU PROGRAM PRELUNGIT ”PRICHINDEL” (GRĂDINIȚA ”PRICHINDEL” - GRĂDINIȚA NR. 62)",72,"MUNICIPIUL GALAŢI",75098,1,PROV,PRCNCT,CJ,CJ_SV,"2020-09-28 01:54:07",1381,1370,0,10,1,490,479,0,10,1,471,19,1500,1010,42,7,10,184,28,91,2,4,35,8,4,4,40,7,5
18,GALAŢI,"GRADINITA DE COPII SCHELA",389,SCHELA,77153,1,PROV,PRCNCT,CJ,CJ_SV,"2020-09-28 04:29:24",1414,1403,0,6,5,857,846,0,6,5,804,53,1500,643,63,4,15,263,146,261,5,5,3,7,0,3,11,4,14
18,GALAŢI,"GRADINITA DE COPII SCHELA",390,SCHELA,77153,1,PROV,PRCNCT,CJ,CJ_SV,"2020-09-28 03:39:19",1185,1180,0,2,3,699,694,0,2,3,666,33,1300,601,30,10,16,230,126,208,3,4,1,6,0,4,12,7,9
18,GALAŢI,"GRĂDINIŢA DIN CARTIERUL N BALCESCU",201,"MUNICIPIUL TECUCI",75203,1,PROV,PRCNCT,CJ,CJ_SV,"2020-09-28 02:24:01",1002,987,3,12,0,401,388,1,12,0,369,32,1075,674,14,5,19,101,12,150,1,7,3,12,1,3,18,13,10
18,GALAŢI,"GRĂDINIŢA MOSCU",216,"ORAŞ TÂRGU BUJOR",75472,1,PROV,PRCNCT,CJ,CJ_SV,"2020-09-28 02:05:13",1026,1011,0,6,9,533,518,0,6,9,502,31,1100,566,12,3,8,372,15,79,3,1,3,1,3,0,1,0,1
18,GALAŢI,"GRADINITA MOVILENI",405,ŞENDRENI,75114,1,PROV,PRCNCT,CJ,CJ_SV,"2020-09-28 01:42:30",559,552,1,5,1,297,290,1,5,1,284,13,605,308,60,4,12,71,15,85,1,5,0,4,1,8,12,5,1
18,GALAŢI,"GRĂDINIŢA NR.1",207,"MUNICIPIUL TECUCI",75203,1,PROV,PRCNCT,CJ,CJ_SV,"2020-09-28 04:30:33",825,815,0,10,0,287,277,0,10,0,271,16,906,619,21,8,14,67,6,106,4,3,1,11,0,4,11,4,11
18,GALAŢI,"GRĂDINIŢA NR.17",191,"MUNICIPIUL TECUCI",75203,2,PROV,PRCNCT,CJ,CJ_SV,"2020-09-29 10:59:10",1167,1158,1,8,0,489,481,0,8,0,440,49,1262,773,25,2,28,123,9,156,0,8,5,21,2,5,19,29,8
18,GALAŢI,"GRĂDINIŢA NR.17",192,"MUNICIPIUL TECUCI",75203,2,PROV,PRCNCT,CJ,CJ_SV,"2020-10-01 11:11:40",919,906,0,12,1,328,315,0,12,1,313,15,985,657,12,2,20,90,8,126,4,5,0,6,3,5,19,9,4
18,GALAŢI,"GRĂDINIŢA NR 2",265,COROD,75953,1,PROV,PRCNCT,CJ,CJ_SV,"2020-09-28 02:30:01",1222,1202,0,14,6,644,624,0,14,6,589,55,1340,696,20,7,8,112,189,215,4,1,2,9,0,0,5,13,4
18,GALAŢI,"GRĂDINIŢA NR.2",204,"MUNICIPIUL TECUCI",75203,2,PROV,PRCNCT,CJ,CJ_SV,"2020-10-01 09:51:21",1254,1241,2,11,0,485,474,0,11,0,449,36,1370,885,37,5,20,124,12,152,0,14,3,11,1,4,32,19,15
18,GALAŢI,"GRĂDINIŢA NR.2",203,"MUNICIPIUL TECUCI",75203,2,PROV,PRCNCT,CJ,CJ_SV,"2020-10-01 11:08:37",1055,1047,0,8,0,422,414,0,8,0,412,10,1140,718,14,3,25,120,14,165,2,13,6,5,2,5,19,9,10
18,GALAŢI,"GRADINIŢA NR.2 CĂSUŢA PITICILOR",213,"ORAŞ TÂRGU BUJOR",75472,1,PROV,PRCNCT,CJ,CJ_SV,"2020-09-28 03:05:43",807,794,0,9,4,364,351,0,9,4,332,32,800,436,13,24,2,207,4,61,4,1,3,2,0,2,8,1,0
18,GALAŢI,"GRADINIŢA NR.2 CĂSUŢA PITICILOR",212,"ORAŞ TÂRGU BUJOR",75472,1,PROV,PRCNCT,CJ,CJ_SV,"2020-09-28 00:39:54",729,714,0,6,9,372,357,0,6,9,343,29,800,428,12,8,4,222,9,69,1,0,0,5,1,3,4,2,3
18,GALAŢI,"GRĂDINIŢA NR.2 PECHEA",371,PECHEA,76969,2,PROV,PRCNCT,CJ,CJ_SV,"2020-09-29 13:30:31",1302,1293,0,9,0,562,553,0,9,0,527,35,1448,886,20,7,43,280,20,120,2,5,7,5,0,2,13,2,1
18,GALAŢI,"GRADINITA NR. 3",337,LIEŞTI,76674,2,PROV,PRCNCT,CJ,CJ_SV,"2020-09-28 05:34:54",1432,1417,0,14,1,582,567,0,14,1,526,56,1600,1018,12,12,3,86,13,361,2,16,2,4,0,4,9,1,1
18,GALAŢI,"GRĂDINIŢA PROFESOR IOAN BASOC",417,ŢEPU,77377,1,PROV,PRCNCT,CJ,CJ_SV,"2020-09-28 02:32:44",879,825,0,35,19,567,513,0,35,19,501,66,1000,433,18,15,10,281,22,109,8,1,1,5,0,2,2,22,5
18,GALAŢI,"GRADINITA SERBESTII VECHI",406,ŞENDRENI,75114,1,PROV,PRCNCT,CJ,CJ_SV,"2020-09-28 03:40:17",737,721,1,13,2,367,352,0,13,2,338,29,791,424,37,4,4,99,57,98,1,3,4,7,0,4,17,2,1
18,GALAŢI,"GRADINITA SMULTI",399,SMULŢI,77260,1,PROV,PRCNCT,CJ,CJ_SV,"2020-09-28 04:52:17",1162,1069,0,36,57,704,611,0,36,57,605,99,1229,525,41,14,159,263,34,67,7,0,3,7,1,3,3,3,0
18,GALAŢI,"GRĂDINIŢA TUDOR VLADIMIRESCU,",408,"TUDOR VLADIMIRESCU",77313,2,PROV,PRCNCT,CJ,CJ_SV,"2020-09-28 06:00:06",1382,1378,0,4,0,761,757,0,4,0,697,64,1529,768,14,8,13,332,87,179,6,15,3,0,3,8,27,2,0
18,GALAŢI,"GRADINITA TULUCESTI",411,TULUCEŞTI,77331,6,PROV,PRCNCT,CJ,CJ_SV,"2020-10-01 09:45:27",1849,1825,3,8,13,787,766,0,8,13,738,49,2100,1313,31,6,21,390,33,194,1,4,6,7,0,15,23,7,0
18,GALAŢI,"IMOBIL PROPRIETATE CLINCIU MARIA",424,UMBRĂREŞTI,77402,1,PROV,PRCNCT,CJ,CJ_SV,"2020-09-27 23:48:49",283,271,0,12,0,151,139,0,12,0,138,13,300,149,9,4,5,51,6,52,0,2,0,0,0,3,6,0,0
18,GALAŢI,"LICEUL CALISTRAT HOGAŞ",205,"MUNICIPIUL TECUCI",75203,4,PROV,PRCNCT,CJ,CJ_SV,"2020-10-01 09:55:14",1916,1899,0,17,0,56,39,0,17,0,50,6,2088,2032,5,1,3,13,4,18,1,1,0,2,0,0,1,1,0
18,GALAŢI,"LICEUL CALISTRAT HOGAŞ",206,"MUNICIPIUL TECUCI",75203,2,PROV,PRCNCT,CJ,CJ_SV,"2020-10-01 11:15:53",1921,1906,0,14,1,561,546,0,14,1,525,36,2133,1572,31,5,26,153,28,194,3,7,1,11,3,7,24,25,7
18,GALAŢI,"LICEUL CU PROGRAM SPORTIV (LICEUL CU PROGRAM DE EDUCAȚIE FIZICĂ - LICEUL INDUSTRIAL NR.12)",58,"MUNICIPIUL GALAŢI",75098,1,PROV,PRCNCT,CJ,CJ_SV,"2020-09-28 02:16:46",1894,1886,0,8,0,494,486,0,8,0,480,14,2000,1506,25,6,7,199,36,87,3,16,18,11,3,7,45,10,7
18,GALAŢI,"LICEUL CU PROGRAM SPORTIV (LICEUL CU PROGRAM DE EDUCAȚIE FIZICĂ - LICEUL INDUSTRIAL NR.12)",57,"MUNICIPIUL GALAŢI",75098,1,PROV,PRCNCT,CJ,CJ_SV,"2020-09-28 02:07:49",1750,1739,1,10,0,406,396,0,10,0,388,18,2000,1594,24,2,13,141,30,69,3,14,20,10,0,22,30,5,5
18,GALAŢI,"LICEUL CU PROGRAM SPORTIV (LICEUL CU PROGRAM DE EDUCAȚIE FIZICĂ - LICEUL INDUSTRIAL NR.12)",56,"MUNICIPIUL GALAŢI",75098,1,PROV,PRCNCT,CJ,CJ_SV,"2020-09-28 00:22:09",1909,1901,0,8,0,122,114,0,8,0,115,7,2200,2078,9,2,1,36,7,25,0,5,7,1,1,3,15,1,2
18,GALAŢI,"LICEUL CU PROGRAM SPORTIV (LICEUL CU PROGRAM DE EDUCAȚIE FIZICĂ - LICEUL INDUSTRIAL NR.12)",55,"MUNICIPIUL GALAŢI",75098,1,PROV,PRCNCT,CJ,CJ_SV,"2020-09-28 00:39:29",1936,1927,1,8,0,292,284,0,8,0,277,15,2000,1708,21,7,7,99,13,63,0,5,14,7,1,12,24,2,2
18,GALAŢI,"LICEUL SPIRU HARET",187,"MUNICIPIUL TECUCI",75203,4,PROV,PRCNCT,CJ,CJ_SV,"2020-10-01 11:02:41",1208,1190,0,18,0,531,513,0,18,0,505,26,1298,767,17,10,19,142,22,205,1,7,6,7,1,9,23,25,11
18,GALAŢI,"LICEUL SPIRU HARET",188,"MUNICIPIUL TECUCI",75203,4,PROV,PRCNCT,CJ,CJ_SV,"2020-10-01 11:08:08",693,677,0,16,0,246,236,0,10,0,237,9,734,488,14,11,9,67,8,100,0,0,0,0,1,2,12,9,4
18,GALAŢI,"LICEUL TEHNOLOGIC ”ANGHEL SALIGNY” (GRUP ȘCOLAR INDUSTRIAL ”ANGHEL SALIGNY” - LICEUL INDUSTRIAL NR.9)",126,"MUNICIPIUL GALAŢI",75098,2,PROV,PRCNCT,CJ,CJ_SV,"2020-09-28 06:09:21",1695,1687,1,7,0,63,56,0,7,0,61,2,1800,1737,5,2,2,24,5,6,1,3,4,1,0,4,2,1,1
18,GALAŢI,"LICEUL TEHNOLOGIC ”ANGHEL SALIGNY” (GRUP ȘCOLAR INDUSTRIAL ”ANGHEL SALIGNY” - LICEUL INDUSTRIAL NR.9)",128,"MUNICIPIUL GALAŢI",75098,3,PROV,PRCNCT,CJ,CJ_SV,"2020-09-28 06:22:05",1869,1858,2,9,0,481,472,0,9,0,464,17,2100,1619,37,9,12,175,28,100,4,5,19,14,1,16,37,5,2
18,GALAŢI,"LICEUL TEHNOLOGIC ”ANGHEL SALIGNY” (GRUP ȘCOLAR INDUSTRIAL ”ANGHEL SALIGNY” - LICEUL INDUSTRIAL NR.9)",127,"MUNICIPIUL GALAŢI",75098,2,PROV,PRCNCT,CJ,CJ_SV,"2020-09-28 02:12:19",1901,1891,0,10,0,132,122,0,10,0,130,2,2100,1968,9,0,5,51,9,21,0,1,8,0,0,3,15,3,5
18,GALAŢI,"LICEUL TEHNOLOGIC ”ANGHEL SALIGNY” (GRUP ȘCOLAR INDUSTRIAL ”ANGHEL SALIGNY” - LICEUL INDUSTRIAL NR.9)",125,"MUNICIPIUL GALAŢI",75098,1,PROV,PRCNCT,CJ,CJ_SV,"2020-09-28 01:54:40",1977,1971,0,6,0,464,458,0,6,0,446,18,2200,1736,40,3,8,174,38,95,2,9,24,3,4,9,29,5,3
18,GALAŢI,"LICEUL TEHNOLOGIC CĂI FERATE (GRUP ȘCOLAR INDUSTRIAL TRANSPORTURI CF - LICEUL CFR)",163,"MUNICIPIUL GALAŢI",75098,1,PROV,PRCNCT,CJ,CJ_SV,"2020-09-28 03:23:01",1505,1497,2,6,0,510,504,0,6,0,500,10,1600,1090,23,2,13,212,28,97,3,13,36,14,1,7,42,4,5
18,GALAŢI,"LICEUL TEHNOLOGIC CĂI FERATE (GRUP ȘCOLAR INDUSTRIAL TRANSPORTURI CF - LICEUL CFR)",164,"MUNICIPIUL GALAŢI",75098,1,PROV,PRCNCT,CJ,CJ_SV,"2020-09-28 06:17:54",1561,1550,2,9,0,503,494,0,9,0,488,15,1600,1097,24,3,12,206,27,84,1,6,22,12,2,11,62,10,6
18,GALAŢI,"LICEUL TEHNOLOGIC CĂI FERATE (GRUP ȘCOLAR INDUSTRIAL TRANSPORTURI CF - LICEUL CFR)",162,"MUNICIPIUL GALAŢI",75098,1,PROV,PRCNCT,CJ,CJ_SV,"2020-09-28 02:29:28",1532,1521,3,8,0,505,497,0,8,0,501,4,1600,1095,26,4,9,207,37,91,2,14,22,8,5,7,51,6,12
18,GALAŢI,"LICEUL TEHNOLOGIC DE MARINĂ (GRUP ȘCOLAR INDUSTRIAL DE MARINĂ - LICEUL DE MARINĂ)",48,"MUNICIPIUL GALAŢI",75098,1,PROV,PRCNCT,CJ,CJ_SV,"2020-09-28 01:00:56",1391,1377,2,12,0,345,333,0,12,0,325,20,1600,1255,29,7,9,127,21,53,2,9,16,5,1,17,20,8,1
18,GALAŢI,"LICEUL TEHNOLOGIC DE MARINĂ (GRUP ȘCOLAR INDUSTRIAL DE MARINĂ - LICEUL DE MARINĂ)",50,"MUNICIPIUL GALAŢI",75098,3,PROV,PRCNCT,CJ,CJ_SV,"2020-09-28 08:52:39",1354,1343,3,8,0,440,431,1,8,0,434,6,1500,1060,21,3,8,170,23,98,3,9,25,8,0,6,50,7,3
18,GALAŢI,"LICEUL TEHNOLOGIC DE MARINĂ (GRUP ȘCOLAR INDUSTRIAL DE MARINĂ - LICEUL DE MARINĂ)",49,"MUNICIPIUL GALAŢI",75098,3,PROV,PRCNCT,CJ,CJ_SV,"2020-10-01 10:43:03",1454,1427,19,8,0,461,453,0,8,0,436,25,1591,1130,39,7,9,183,24,94,1,7,19,11,0,9,27,2,4
18,GALAŢI,"LICEUL TEHNOLOGIC ”HORTENSIA PAPADAT – BENGESCU”",326,IVEŞTI,76601,1,PROV,PRCNCT,CJ,CJ_SV,"2020-09-28 02:53:29",1003,967,0,21,15,500,464,0,21,15,480,20,1100,600,23,12,2,127,6,291,1,0,1,3,0,5,8,1,0
18,GALAŢI,"LICEUL TEHNOLOGIC ”HORTENSIA PAPADAT – BENGESCU”",327,IVEŞTI,76601,1,PROV,PRCNCT,CJ,CJ_SV,"2020-09-28 03:09:36",1083,1057,1,16,9,635,609,1,16,9,541,94,1200,565,13,2,77,93,5,339,0,2,1,2,0,1,6,0,0
18,GALAŢI,"LICEUL TEHNOLOGIC NR.1",282,CUDALBI,76157,2,PROV,PRCNCT,CJ,CJ_SV,"2020-09-28 05:04:00",1607,1580,0,26,1,815,788,0,26,1,730,85,1742,927,39,11,194,246,23,162,5,1,2,7,0,10,25,3,2
18,GALAŢI,"LICEUL TEHNOLOGIC ”TUDOR VLADIMIRESCU”",410,"TUDOR VLADIMIRESCU",77313,2,PROV,PRCNCT,CJ,CJ_SV,"2020-09-28 05:08:02",1174,1170,0,4,0,607,603,0,4,0,563,44,1298,691,31,8,9,258,54,143,6,6,4,4,0,0,31,9,0
18,GALAŢI,"LICEUL TEORETIC ”DUNAREA”",101,"MUNICIPIUL GALAŢI",75098,1,PROV,PRCNCT,CJ,CJ_SV,"2020-09-28 00:34:56",1292,1284,0,8,0,458,450,0,8,0,440,18,1399,941,29,5,4,186,27,79,0,7,23,4,0,16,46,9,5
18,GALAŢI,"LICEUL TEORETIC ”DUNAREA”",103,"MUNICIPIUL GALAŢI",75098,2,PROV,PRCNCT,CJ,CJ_SV,"2020-09-28 04:47:52",1389,1381,2,5,1,475,468,1,5,1,465,10,1500,1025,18,6,15,188,43,75,0,8,22,6,3,23,45,5,8
18,GALAŢI,"LICEUL TEORETIC ”DUNAREA”",102,"MUNICIPIUL GALAŢI",75098,2,PROV,PRCNCT,CJ,CJ_SV,"2020-09-28 03:28:08",1263,1258,0,5,0,432,427,0,5,0,420,12,1400,968,36,5,10,198,16,80,0,3,13,7,2,6,37,4,3
18,GALAŢI,"LICEUL TEORETIC ”EMIL RACOVIȚĂ” (LICEUL ”EMIL RACOVIŢĂ” - ȘCOALA GENERALĂ NR. 6)",13,"MUNICIPIUL GALAŢI",75098,1,PROV,PRCNCT,CJ,CJ_SV,"2020-09-28 03:14:29",1750,1721,20,7,2,600,591,0,7,2,567,33,2000,1400,21,7,7,192,45,131,1,24,34,8,2,20,54,12,9
18,GALAŢI,"LICEUL TEORETIC ”EMIL RACOVIȚĂ” (LICEUL ”EMIL RACOVIŢĂ” - ȘCOALA GENERALĂ NR. 6)",14,"MUNICIPIUL GALAŢI",75098,1,PROV,PRCNCT,CJ,CJ_SV,"2020-09-28 02:06:23",1270,1260,2,8,0,415,407,0,8,0,398,17,1400,985,22,2,5,174,28,82,1,9,18,5,3,3,36,5,5
18,GALAŢI,"LICEUL TEORETIC ”EMIL RACOVIȚĂ” (LICEUL ”EMIL RACOVIŢĂ” - ȘCOALA GENERALĂ NR. 6)",15,"MUNICIPIUL GALAŢI",75098,1,PROV,PRCNCT,CJ,CJ_SV,"2020-09-28 01:09:19",1144,1138,1,5,0,320,315,0,5,0,302,18,1200,880,14,4,6,115,27,63,1,5,17,7,1,4,31,4,3
18,GALAŢI,"LICEUL TEORETIC ”MIRCEA ELIADE” (GRUP ȘCOLAR INDUSTRIAL ”GHEORGHE ASACHI” - LICEUL INDUSTRIAL NR. 8)",159,"MUNICIPIUL GALAŢI",75098,2,PROV,PRCNCT,CJ,CJ_SV,"2020-10-01 10:15:49",1956,1948,0,8,0,388,380,0,8,0,375,13,2200,1812,27,3,11,172,20,70,1,10,8,8,4,6,24,8,3
18,GALAŢI,"LICEUL TEORETIC ”MIRCEA ELIADE” (GRUP ȘCOLAR INDUSTRIAL ”GHEORGHE ASACHI” - LICEUL INDUSTRIAL NR. 8)",161,"MUNICIPIUL GALAŢI",75098,1,PROV,PRCNCT,CJ,CJ_SV,"2020-09-28 00:58:06",1854,1841,2,11,0,362,351,0,11,0,345,17,2002,1640,25,9,6,138,13,63,1,10,13,17,1,14,26,8,1
18,GALAŢI,"LICEUL TEORETIC ”MIRCEA ELIADE” (GRUP ȘCOLAR INDUSTRIAL ”GHEORGHE ASACHI” - LICEUL INDUSTRIAL NR. 8)",160,"MUNICIPIUL GALAŢI",75098,1,PROV,PRCNCT,CJ,CJ_SV,"2020-09-28 02:06:58",1900,1894,0,6,0,339,333,0,6,0,321,18,2000,1661,24,2,7,120,14,68,0,14,13,4,1,6,37,8,3
18,GALAŢI,"LICEUL TEORETIC ”SFÂNTA MARIA” (GRUP ȘCOLAR INDUSTRIAL ”SFÂNTA MARIA” - LICEUL INDUSTRIAL NR.10)",129,"MUNICIPIUL GALAŢI",75098,1,PROV,PRCNCT,CJ,CJ_SV,"2020-09-28 00:56:18",1227,1218,4,5,0,442,437,0,5,0,430,12,1300,858,17,3,7,161,20,99,2,10,36,6,1,8,54,3,3
18,GALAŢI,"LICEUL TEORETIC ”SFÂNTA MARIA” (GRUP ȘCOLAR INDUSTRIAL ”SFÂNTA MARIA” - LICEUL INDUSTRIAL NR.10)",130,"MUNICIPIUL GALAŢI",75098,3,PROV,PRCNCT,CJ,CJ_SV,"2020-10-01 10:46:58",1481,1470,2,8,1,501,492,0,8,1,491,10,1600,1099,29,5,7,217,23,98,3,13,26,7,0,4,46,8,5
18,GALAŢI,"SALA DE SPORT",211,"ORAŞ BEREŞTI",75338,2,PROV,PRCNCT,CJ,CJ_SV,"2020-09-28 07:18:11",1403,1351,0,9,43,804,752,0,9,43,742,62,1491,687,34,8,19,316,13,333,0,1,6,2,0,4,2,2,2
18,GALAŢI,"SALĂ ÎNTRUNIRI LUNCA",331,JORĂŞTI,76638,2,PROV,PRCNCT,CJ,CJ_SV,"2020-09-28 02:43:04",175,164,0,11,0,113,102,0,11,0,99,14,200,87,3,2,1,52,13,27,1,0,0,0,0,0,0,0,0
18,GALAŢI,"S.C. ”APA-CANAL” S.A.",8,"MUNICIPIUL GALAŢI",75098,1,PROV,PRCNCT,CJ,CJ_SV,"2020-09-28 03:24:24",1691,1668,12,11,0,653,641,1,11,0,639,14,1800,1147,29,4,18,238,37,130,3,12,61,8,1,12,73,2,11
18,GALAŢI,"S.C. ”APA-CANAL” S.A.",10,"MUNICIPIUL GALAŢI",75098,1,PROV,PRCNCT,CJ,CJ_SV,"2020-09-28 05:55:15",1351,1339,2,10,0,525,515,0,10,0,514,11,1500,975,20,4,7,197,16,109,0,17,39,6,0,11,68,10,10
18,GALAŢI,"S.C. ”APA-CANAL” S.A.",9,"MUNICIPIUL GALAŢI",75098,1,PROV,PRCNCT,CJ,CJ_SV,"2020-09-28 02:44:23",1603,1592,3,8,0,605,597,0,8,0,596,9,1800,1195,32,3,11,189,35,123,4,18,64,3,2,6,94,6,6
18,GALAŢI,"ŞCOALA BLÎNZI",267,COROD,75953,1,PROV,PRCNCT,CJ,CJ_SV,"2020-09-28 01:56:52",984,977,0,7,0,380,373,0,7,0,354,26,1075,695,6,7,3,63,108,147,0,1,0,2,0,0,0,6,11
18,GALAŢI,"ŞCOALA BRĂTULEŞTI",268,COROD,75953,1,PROV,PRCNCT,CJ,CJ_SV,"2020-09-27 23:53:59",486,478,0,8,0,230,222,0,8,0,209,21,529,299,6,3,12,40,65,78,0,1,0,2,0,0,0,1,1
18,GALAŢI,"ŞCOALA CĂRĂPCEŞTI",269,COROD,75953,1,PROV,PRCNCT,CJ,CJ_SV,"2020-09-28 01:59:11",647,639,0,8,0,320,312,0,8,0,294,26,705,385,6,3,8,62,90,117,0,0,4,0,1,1,2,0,0
18,GALAŢI,"ŞCOALA COASTA LUPEI",362,NICOREŞTI,76807,2,PROV,PRCNCT,CJ,CJ_SV,"2020-09-28 01:49:24",273,252,2,19,0,165,145,1,19,0,146,19,300,135,4,2,2,31,3,89,2,0,1,2,0,0,7,3,0
18,GALAŢI,"ȘCOALA COASTA VĂII",427,"VALEA MĂRULUI",77475,1,PROV,PRCNCT,CJ,CJ_SV,"2020-09-28 00:35:03",383,381,0,2,0,211,209,0,2,0,198,13,422,211,6,2,3,80,6,38,5,6,1,5,1,1,34,0,10
18,GALAŢI,"SCOALA CU CLASE I-IV",252,BUCIUMENI,75819,2,PROV,PRCNCT,CJ,CJ_SV,"2020-09-28 03:39:13",360,351,0,8,1,206,197,0,8,1,191,15,400,194,17,11,5,72,13,58,1,6,0,2,1,2,3,0,0
18,GALAŢI,"SCOALA CU CLASE I-IV",251,BUCIUMENI,75819,1,PROV,PRCNCT,CJ,CJ_SV,"2020-09-28 00:16:45",323,316,0,6,1,169,162,0,6,1,139,30,367,198,6,0,3,66,4,50,3,0,0,0,1,1,5,0,0
18,GALAŢI,"ŞCOALA CU CLASELE I-IV BĂLTĂREŢI",272,COSMEŞTI,76040,1,PROV,PRCNCT,CJ,CJ_SV,"2020-09-28 04:01:59",733,709,0,11,13,345,321,0,11,13,333,12,900,555,18,2,6,130,22,144,0,2,0,2,0,2,2,1,2
18,GALAŢI,"ŞCOALA CU CLASELE I-IV IREASCA",315,GOHOR,76497,1,PROV,PRCNCT,CJ,CJ_SV,"2020-09-28 00:23:36",240,228,0,6,6,147,136,0,6,5,121,26,300,153,4,1,1,64,2,44,0,0,1,0,0,0,3,1,0
18,GALAŢI,"ŞCOALA CU CLASELE I-IV NĂRTEŞTI",316,GOHOR,76497,5,PROV,PRCNCT,CJ,CJ_SV,"2020-09-28 04:54:09",752,657,1,70,24,496,402,0,70,24,453,43,800,304,8,5,5,170,7,247,0,3,1,3,0,1,1,2,0
18,GALAŢI,"ŞCOALA CU CLASELE I-VIII COSMEŞTII-VALE",271,COSMEŞTI,76040,1,PROV,PRCNCT,CJ,CJ_SV,"2020-09-28 02:36:07",948,915,2,13,18,468,436,1,13,18,401,67,1050,582,13,8,2,178,31,126,4,1,3,2,0,1,28,2,2
18,GALAŢI,"SCOALA CU CLASELE I-VIII FURCENII NOI",274,COSMEŞTI,76040,2,PROV,PRCNCT,CJ,CJ_SV,"2020-09-28 06:04:02",1287,1276,1,5,5,516,505,1,5,5,447,69,1369,853,15,3,28,164,23,193,2,0,1,11,0,1,4,1,1
18,GALAŢI,"SCOALA DIN MALUL ALB",287,DRĂGĂNEŞTI,75221,3,PROV,PRCNCT,CJ,CJ_SV,"2020-09-28 06:46:01",1698,1678,0,8,12,793,773,0,8,12,708,85,2000,1207,17,8,57,155,15,352,0,3,0,15,3,7,56,14,6
18,GALAŢI,"SCOALA DIN SATUL DRĂGĂNEŞTI",285,DRĂGĂNEŞTI,75221,1,PROV,PRCNCT,CJ,CJ_SV,"2020-09-28 02:14:46",1852,1844,0,5,3,793,785,0,5,3,723,70,2000,1207,56,10,24,161,34,357,5,9,2,11,0,2,45,4,3
18,GALAŢI,"ŞCOALA DOBRINEŞTI.",366,NICOREŞTI,76807,2,PROV,PRCNCT,CJ,CJ_SV,"2020-09-28 02:05:09",413,405,1,7,0,200,193,0,7,0,177,23,461,261,5,1,1,19,3,112,0,0,1,2,0,0,26,6,1
18,GALAŢI,"ŞCOALA DRĂGUŞENI",288,DRĂGUŞENI,76175,2,PROV,PRCNCT,CJ,CJ_SV,"2020-09-28 06:36:05",1483,1463,0,2,18,756,736,0,2,18,589,167,1600,844,73,65,8,317,22,70,6,1,5,14,2,1,2,3,0
18,GALAŢI,"SCOALA ELEMENTARA LUNGOCI",306,FUNDENI,76353,1,PROV,PRCNCT,CJ,CJ_SV,"2020-09-28 00:48:01",430,423,0,7,0,248,241,0,7,0,221,27,465,217,9,9,3,125,10,42,3,1,1,3,0,10,2,1,2
18,GALAŢI,"ŞCOALA FÎNTÂNI",361,NICOREŞTI,76807,2,PROV,PRCNCT,CJ,CJ_SV,"2020-09-28 01:58:31",486,476,0,9,1,237,227,0,9,1,207,30,500,263,11,8,10,48,22,83,2,3,1,5,0,0,11,3,0
18,GALAŢI,"ȘCOALA GÂRBOVĂȚ",311,GHIDIGENI,76406,1,PROV,PRCNCT,CJ,CJ_SV,"2020-09-27 23:35:02",219,205,0,14,0,108,94,0,14,0,100,8,261,153,3,2,12,18,1,60,1,1,0,2,0,0,0,0,0
18,GALAŢI,"ȘCOALA GEFU",310,GHIDIGENI,76406,1,PROV,PRCNCT,CJ,CJ_SV,"2020-09-28 01:45:52",851,841,0,10,0,552,542,0,10,0,458,94,1000,448,6,13,50,153,3,225,2,1,2,2,0,1,0,0,0
18,GALAŢI,"SCOALA GENERALĂ CIUREŞTI",228,BĂLĂŞEŞTI,75613,1,PROV,PRCNCT,CJ,CJ_SV,"2020-09-28 01:07:21",244,238,0,5,1,126,120,0,5,1,106,20,250,124,4,0,1,60,9,30,0,1,1,0,0,0,0,0,0
18,GALAŢI,"SCOALA GENERALĂ COMĂNEŞTI",257,CAVADINEŞTI,75864,1,PROV,PRCNCT,CJ,CJ_SV,"2020-09-27 23:25:20",188,172,0,16,0,109,93,0,16,0,97,12,200,91,4,2,3,42,4,39,1,0,0,0,0,1,0,0,1
18,GALAŢI,"ŞCOALA GENERALĂ CUCA",278,CUCA,76139,1,PROV,PRCNCT,CJ,CJ_SV,"2020-09-28 06:53:49",910,857,0,24,29,529,476,0,24,29,468,61,957,428,27,5,35,193,14,166,1,1,2,6,0,12,6,0,0
18,GALAŢI,"SCOALA GENERALA DE 4 ANI - PRIVAL",409,"TUDOR VLADIMIRESCU",77313,2,PROV,PRCNCT,CJ,CJ_SV,"2020-09-28 04:25:56",940,930,0,10,0,488,478,0,10,0,432,56,1028,540,16,4,2,213,45,105,6,5,4,4,0,1,22,2,3
18,GALAŢI,"SCOALA GENERALĂ FRUNZEASCA",353,MUNTENI,75258,1,PROV,PRCNCT,CJ,CJ_SV,"2020-09-28 01:45:41",1014,1001,0,8,5,617,604,0,8,5,567,50,1105,488,18,11,10,338,16,132,2,8,1,12,0,3,10,5,1
18,GALAŢI,"ŞCOALA GENERALA FUNDENI",305,FUNDENI,76353,1,PROV,PRCNCT,CJ,CJ_SV,"2020-09-28 01:49:40",679,672,1,5,1,399,393,0,5,1,353,46,738,339,19,2,2,178,8,107,5,1,2,7,1,11,8,0,2
18,GALAŢI,"ŞCOALA GENERALA HANU CONACHI",307,FUNDENI,76353,1,PROV,PRCNCT,CJ,CJ_SV,"2020-09-28 02:29:26",1207,1206,0,0,1,600,599,0,0,1,548,52,1336,736,67,5,12,94,123,212,1,4,3,7,0,13,0,2,5
18,GALAŢI,"ŞCOALA GENERALA HANU CONACHI",308,FUNDENI,76353,1,PROV,PRCNCT,CJ,CJ_SV,"2020-09-28 02:40:02",863,858,0,5,0,386,381,0,5,0,352,34,948,562,39,3,10,64,63,137,0,3,2,4,1,17,5,3,1
18,GALAŢI,"SCOALA GENERALA IJDILENI",303,FRUMUŞIŢA,76317,1,PROV,PRCNCT,CJ,CJ_SV,"2020-09-28 02:33:23",757,733,0,6,18,327,303,0,6,18,281,46,800,473,18,8,3,163,14,61,0,4,2,2,0,3,3,0,0
18,GALAŢI,"SCOALA GENERALĂ LUNGEŞTI",225,BĂLĂBĂNEŞTI,75542,3,PROV,PRCNCT,CJ,CJ_SV,"2020-09-28 09:06:55",466,458,0,8,0,260,252,0,8,0,240,20,500,240,13,4,1,127,9,70,2,3,2,1,0,5,1,2,0
18,GALAŢI,"SCOALA GENERALA MĂCIŞENI",262,CORNI,76004,3,PROV,PRCNCT,CJ,CJ_SV,"2020-10-01 11:59:26",667,649,0,10,8,435,417,0,10,8,412,23,686,251,15,4,1,112,16,256,3,0,0,0,0,2,0,2,1
18,GALAŢI,"SCOALA GENERALA NAMOLOASA",356,NĂMOLOASA,76763,1,PROV,PRCNCT,CJ,CJ_SV,"2020-09-28 02:34:19",782,728,0,4,50,470,416,0,4,50,411,59,855,385,21,8,2,273,8,80,9,3,0,2,0,1,3,1,0
18,GALAŢI,"SCOALA GENERALA NAMOLOASA SAT",357,NĂMOLOASA,76763,1,PROV,PRCNCT,CJ,CJ_SV,"2020-09-28 02:31:49",903,848,0,6,49,501,446,0,6,49,428,73,1000,499,15,8,4,323,11,58,5,0,1,0,0,0,2,1,0
18,GALAŢI,"ŞCOALA GENERALA NR.1 FRUMUŞIŢA (ŞCOALA DIN CENTRU)",301,FRUMUŞIŢA,76317,1,PROV,PRCNCT,CJ,CJ_SV,"2020-09-28 05:46:45",1803,1769,3,7,24,942,911,0,7,24,853,89,2000,1058,59,192,16,344,35,152,8,3,0,8,0,6,18,9,3
18,GALAŢI,"SCOALA GENERALĂ NR.1 SAT MUNTENI",352,MUNTENI,75258,1,PROV,PRCNCT,CJ,CJ_SV,"2020-09-28 03:55:59",1689,1676,0,8,5,962,949,0,8,5,785,177,1849,887,23,105,24,374,15,210,5,6,0,8,0,3,9,2,1
18,GALAŢI,"SCOALA GENERALĂ NR.2 PETRU RAREŞ",302,FRUMUŞIŢA,76317,1,PROV,PRCNCT,CJ,CJ_SV,"2020-09-28 02:57:47",854,831,0,12,11,460,437,0,12,11,437,23,1000,540,15,32,2,257,15,89,5,2,4,3,1,6,4,0,2
18,GALAŢI,"SCOALA GENERALĂ PUPEZENI",229,BĂLĂŞEŞTI,75613,2,PROV,PRCNCT,CJ,CJ_SV,"2020-09-28 04:49:53",160,146,0,10,4,95,81,0,10,4,86,9,209,114,3,0,1,59,1,15,0,0,1,0,0,2,3,0,1
18,GALAŢI,"SCOALA GENERALĂ – SAT ŢIGĂNEŞTI",354,MUNTENI,75258,1,PROV,PRCNCT,CJ,CJ_SV,"2020-09-28 01:53:11",861,835,1,16,9,465,440,0,16,9,432,33,944,479,16,3,8,295,7,80,6,2,3,2,0,2,7,1,0
18,GALAŢI,"ŞCOALA GENERALĂ ”SFÂNTA CUVIOASĂ PARASCHEVA” SMÂRDAN",396,SMÂRDAN,77224,1,PROV,PRCNCT,CJ,CJ_SV,"2020-09-28 03:58:46",1167,1157,0,2,8,556,547,0,2,7,531,25,1278,722,24,4,3,172,34,128,4,6,7,8,0,5,123,7,6
18,GALAŢI,"SCOALA GENERALĂ ”SFÂNTA CUVIOASĂ PARASCHEVA” SMÎRDAN",395,SMÂRDAN,77224,2,PROV,PRCNCT,CJ,CJ_SV,"2020-09-28 07:23:07",1427,1419,0,5,3,718,710,0,5,3,668,50,1563,845,44,4,12,200,40,156,6,24,2,17,3,17,131,7,5
18,GALAŢI,"SCOALA GENERALĂ SLOBOZIA BLĂNEASA",359,NEGRILEŞTI,77579,5,PROV,PRCNCT,CJ,CJ_SV,"2020-09-28 04:57:51",835,768,0,55,12,575,508,0,55,12,525,50,800,225,27,8,6,334,8,111,5,1,2,8,0,3,4,6,2
18,GALAŢI,"SCOALA GENERALA TĂMĂOANI",304,FRUMUŞIŢA,76317,1,PROV,PRCNCT,CJ,CJ_SV,"2020-09-28 05:37:44",959,941,1,5,12,511,494,0,5,12,473,38,1016,505,19,57,10,233,13,121,1,0,1,5,0,5,6,2,0
18,GALAŢI,"SCOALA GENERALĂ TRAIAN",243,BRANIŞTEA,75711,1,PROV,PRCNCT,CJ,CJ_SV,"2020-09-28 00:02:44",473,460,0,5,8,277,264,0,5,8,264,13,600,323,5,4,2,36,126,64,2,2,1,2,2,5,11,2,0
18,GALAŢI,"SCOALA GENERALĂ UMBRĂREŞTI",217,"ORAŞ TÂRGU BUJOR",75472,1,PROV,PRCNCT,CJ,CJ_SV,"2020-09-28 02:03:54",915,899,0,4,12,445,429,0,4,12,419,26,1001,556,10,12,3,271,4,108,0,1,1,2,0,3,4,0,0
18,GALAŢI,"SCOALA GENERALĂ UNGURENI",355,MUNTENI,75258,1,PROV,PRCNCT,CJ,CJ_SV,"2020-09-28 01:10:17",1116,1096,0,6,14,549,529,0,6,14,469,80,1219,670,8,5,8,252,18,146,2,1,3,5,1,2,14,2,2
18,GALAŢI,"SCOALA GENERALA URLEŞTI",263,CORNI,76004,3,PROV,PRCNCT,CJ,CJ_SV,"2020-10-01 12:03:36",378,367,0,6,5,249,238,0,6,5,219,30,400,151,3,4,2,94,0,103,0,1,1,2,0,3,3,2,1
18,GALAŢI,"SCOALA GENERALĂ VĂDENI",256,CAVADINEŞTI,75864,2,PROV,PRCNCT,CJ,CJ_SV,"2020-09-28 09:06:44",375,344,0,14,17,255,224,0,14,17,211,44,423,168,22,6,2,99,1,75,1,0,1,0,0,1,0,0,3
18,GALAŢI,"SCOALA GENERALA VASILE ALECSANDRI",242,BRANIŞTEA,75711,1,PROV,PRCNCT,CJ,CJ_SV,"2020-09-28 01:58:47",909,899,0,4,6,463,453,0,4,6,434,29,913,450,20,6,5,73,112,146,2,5,7,4,1,33,16,1,3
18,GALAŢI,"SCOALA GHINGHEŞTI",294,DRĂGUŞENI,76175,1,PROV,PRCNCT,CJ,CJ_SV,"2020-09-28 00:39:26",242,231,0,6,5,146,135,0,6,5,122,24,385,239,14,2,0,83,5,10,0,2,1,3,0,1,1,0,0
18,GALAŢI,"SCOALA GIMNAZIALĂ",380,PRIPONEŞTI,77028,5,PROV,PRCNCT,CJ,CJ_SV,"2020-10-01 11:49:42",764,751,0,7,6,409,396,0,7,6,387,22,800,391,21,3,6,140,2,195,1,7,0,0,0,1,11,0,0
18,GALAŢI,"ȘCOALA GIMNAZIALĂ BRĂNEȘTI",436,VLĂDEŞTI,77536,1,PROV,PRCNCT,CJ,CJ_SV,"2020-09-28 01:50:55",858,841,0,3,14,384,367,0,3,14,333,51,1096,712,56,5,0,105,26,124,3,1,2,2,0,3,2,2,2
18,GALAŢI,"ȘCOALA GIMNAZIALĂ CONDREA",422,UMBRĂREŞTI,77402,1,PROV,PRCNCT,CJ,CJ_SV,"2020-09-28 02:11:55",578,565,0,7,6,286,273,0,7,6,270,16,650,364,51,4,14,68,12,110,2,2,0,0,2,0,5,0,0
18,GALAŢI,"ȘCOALA GIMNAZIALĂ ”CONSTANTIN GHEORGHE MARINESCU” (SCOALA GENERALĂ NR.2)",11,"MUNICIPIUL GALAŢI",75098,3,PROV,PRCNCT,CJ,CJ_SV,"2020-10-01 10:44:00",1462,1453,1,8,0,537,529,0,8,0,527,10,1600,1063,30,3,8,158,40,124,2,7,52,5,2,9,72,7,8
18,GALAŢI,"ȘCOALA GIMNAZIALĂ ”CONSTANTIN GHEORGHE MARINESCU” (SCOALA GENERALĂ NR.2)",12,"MUNICIPIUL GALAŢI",75098,1,PROV,PRCNCT,CJ,CJ_SV,"2020-09-28 01:13:45",1618,1605,2,11,0,566,555,0,11,0,553,13,1800,1234,28,1,8,205,30,113,2,14,60,7,3,8,57,7,10
18,GALAŢI,"ȘCOALA GIMNAZIALĂ ”DAN BARBILIAN” (ȘCOALA GENERALĂ ”DAN BARBILIAN” - ȘCOALA GENERALĂ NR. 43)",75,"MUNICIPIUL GALAŢI",75098,1,PROV,PRCNCT,CJ,CJ_SV,"2020-09-28 03:03:26",1442,1437,0,5,0,500,495,0,5,0,489,11,1600,1100,24,4,8,235,15,83,6,10,20,6,2,15,55,6,0
18,GALAŢI,"ȘCOALA GIMNAZIALĂ ”DAN BARBILIAN” (ȘCOALA GENERALĂ ”DAN BARBILIAN” - ȘCOALA GENERALĂ NR. 43)",77,"MUNICIPIUL GALAŢI",75098,1,PROV,PRCNCT,CJ,CJ_SV,"2020-09-28 03:33:03",1482,1474,2,6,0,494,488,0,6,0,478,16,1600,1106,28,3,11,202,33,68,1,12,31,12,6,7,52,5,7
18,GALAŢI,"ȘCOALA GIMNAZIALĂ ”DAN BARBILIAN” (ȘCOALA GENERALĂ ”DAN BARBILIAN” - ȘCOALA GENERALĂ NR. 43)",79,"MUNICIPIUL GALAŢI",75098,2,PROV,PRCNCT,CJ,CJ_SV,"2020-09-28 06:37:19",1461,1451,1,9,0,540,531,0,9,0,520,20,1600,1060,24,5,10,234,19,97,2,10,22,12,0,12,61,6,6
18,GALAŢI,"ȘCOALA GIMNAZIALĂ ”DAN BARBILIAN” (ȘCOALA GENERALĂ ”DAN BARBILIAN” - ȘCOALA GENERALĂ NR. 43)",78,"MUNICIPIUL GALAŢI",75098,1,PROV,PRCNCT,CJ,CJ_SV,"2020-09-28 02:02:59",1490,1485,0,5,0,475,475,0,0,0,461,14,1600,1125,25,7,15,222,18,63,1,17,14,10,1,13,46,3,6
18,GALAŢI,"ȘCOALA GIMNAZIALĂ ”DAN BARBILIAN” (ȘCOALA GENERALĂ ”DAN BARBILIAN” - ȘCOALA GENERALĂ NR. 43)",80,"MUNICIPIUL GALAŢI",75098,1,PROV,PRCNCT,CJ,CJ_SV,"2020-09-28 03:18:02",1522,1515,0,7,0,483,476,0,7,0,473,10,1600,1117,25,5,11,194,30,77,5,8,34,7,0,10,55,8,4
18,GALAŢI,"ȘCOALA GIMNAZIALĂ ”DAN BARBILIAN” (ȘCOALA GENERALĂ ”DAN BARBILIAN” - ȘCOALA GENERALĂ NR. 43)",76,"MUNICIPIUL GALAŢI",75098,3,PROV,PRCNCT,CJ,CJ_SV,"2020-10-01 10:48:33",1450,1442,0,8,0,493,485,0,8,0,477,16,1600,1107,24,4,6,192,21,93,1,15,27,7,1,15,53,12,6
18,GALAŢI,"ȘCOALA GIMNAZIALĂ ”DAN BARBILIAN” (ȘCOALA GENERALĂ ”DAN BARBILIAN” - ȘCOALA GENERALĂ NR. 43)",74,"MUNICIPIUL GALAŢI",75098,1,PROV,PRCNCT,CJ,CJ_SV,"2020-09-28 02:02:54",1630,1618,0,12,0,539,527,0,12,0,517,22,1800,1261,30,7,9,223,22,94,5,10,23,7,2,11,65,6,3
18,GALAŢI,"SCOALA GIMNAZIALĂ ”DIMITRIE LUCHIAN ”CORP B , PISCU",375,PISCU,76996,3,PROV,PRCNCT,CJ,CJ_SV,"2020-09-28 07:09:44",956,941,0,12,3,444,429,0,12,3,418,26,1000,556,23,3,7,231,17,52,1,3,4,15,2,11,43,5,1
18,GALAŢI,"ȘCOALA GIMNAZIALĂ ”ELENA CUZA” (ȘCOALA NR.15)",23,"MUNICIPIUL GALAŢI",75098,1,PROV,PRCNCT,CJ,CJ_SV,"2020-09-28 02:47:57",1360,1349,0,11,0,450,439,0,11,0,410,40,1600,1150,28,7,7,169,17,83,3,8,26,8,2,5,36,5,6
18,GALAŢI,"ȘCOALA GIMNAZIALĂ ”ELENA CUZA” (ȘCOALA NR.15)",24,"MUNICIPIUL GALAŢI",75098,1,PROV,PRCNCT,CJ,CJ_SV,"2020-09-28 03:28:52",1723,1709,3,11,0,514,503,0,11,0,486,28,2000,1486,35,7,12,157,22,110,3,13,24,8,1,10,69,9,6
18,GALAŢI,"ŞCOALA GIMNAZIALA ELENA DOAMNA,",283,"CUZA VODĂ",77595,3,PROV,PRCNCT,CJ,CJ_SV,"2020-09-28 05:00:52",1220,1211,0,5,4,602,593,0,5,4,533,69,1256,654,17,4,22,154,87,224,4,0,2,6,1,3,6,1,2
18,GALAŢI,"ŞCOALA GIMNAZIALA ELENA DOAMNA,",284,"CUZA VODĂ",77595,1,PROV,PRCNCT,CJ,CJ_SV,"2020-09-28 02:14:05",1082,1071,0,3,8,532,521,0,3,8,492,40,1200,668,20,6,44,140,95,167,2,2,0,6,0,2,5,2,1
18,GALAŢI,"SCOALA GIMNAZIALA GĂNEŞTI",255,CAVADINEŞTI,75864,2,PROV,PRCNCT,CJ,CJ_SV,"2020-09-28 04:36:53",734,715,0,6,13,377,358,0,6,13,338,39,800,423,15,5,8,148,9,143,1,1,1,1,0,1,3,1,1
18,GALAŢI,"ŞCOALA GIMNAZIALA ”GEN.EREMIA GRIGORESCU”",329,IVEŞTI,76601,1,PROV,PRCNCT,CJ,CJ_SV,"2020-09-28 04:11:22",1759,1731,1,16,11,745,718,0,16,11,677,68,1865,1120,18,4,4,191,13,395,1,5,2,5,0,5,24,7,3
18,GALAŢI,"ȘCOALA GIMNAZIALĂ ”GHEORGHE MUNTEANU” (ȘCOALA GENERALĂ ”GHEORGHE MUNTEANU” - ȘCOALA GENERALĂ NR. 31)",137,"MUNICIPIUL GALAŢI",75098,1,PROV,PRCNCT,CJ,CJ_SV,"2020-09-27 23:55:08",1507,1500,0,7,0,474,467,0,7,0,448,26,1600,1126,30,2,6,204,24,83,2,11,18,5,3,6,47,5,2
18,GALAŢI,"ȘCOALA GIMNAZIALĂ ”GHEORGHE MUNTEANU” (ȘCOALA GENERALĂ ”GHEORGHE MUNTEANU” - ȘCOALA GENERALĂ NR. 31)",139,"MUNICIPIUL GALAŢI",75098,1,PROV,PRCNCT,CJ,CJ_SV,"2020-09-28 01:56:49",1422,1415,1,6,0,435,429,0,6,0,416,19,1580,1145,30,9,5,188,20,78,1,14,10,3,4,7,40,4,3
18,GALAŢI,"ȘCOALA GIMNAZIALĂ ”GHEORGHE MUNTEANU” (ȘCOALA GENERALĂ ”GHEORGHE MUNTEANU” - ȘCOALA GENERALĂ NR. 31)",138,"MUNICIPIUL GALAŢI",75098,1,PROV,PRCNCT,CJ,CJ_SV,"2020-09-27 23:53:06",1510,1498,0,12,0,433,421,0,12,0,420,13,1650,1217,31,9,4,212,10,62,3,9,19,9,2,14,24,9,3
18,GALAŢI,"ŞCOALA GIMNAZIALĂ ”GRIGORE HAGIU”",214,"ORAŞ TÂRGU BUJOR",75472,2,PROV,PRCNCT,CJ,CJ_SV,"2020-09-28 05:46:47",1321,1298,0,14,9,630,607,0,14,9,598,31,1600,971,12,19,5,377,6,132,1,2,1,8,0,2,29,2,2
18,GALAŢI,"ȘCOALA GIMNAZIALĂ ”GRIGORE MOISIL” (ȘCOALA GENERALĂ ”GRIGORE MOISIL” - ȘCOALA GENERALĂ NR. 38)",133,"MUNICIPIUL GALAŢI",75098,1,PROV,PRCNCT,CJ,CJ_SV,"2020-09-28 06:15:07",1699,1692,0,7,0,548,541,0,7,0,533,15,1800,1252,23,4,8,227,32,115,1,13,27,13,2,15,42,7,4
18,GALAŢI,"ȘCOALA GIMNAZIALĂ ”GRIGORE MOISIL” (ȘCOALA GENERALĂ ”GRIGORE MOISIL” - ȘCOALA GENERALĂ NR. 38)",135,"MUNICIPIUL GALAŢI",75098,1,PROV,PRCNCT,CJ,CJ_SV,"2020-09-28 01:17:40",1429,1424,1,4,0,480,476,0,4,0,465,15,1600,1120,22,4,5,214,28,95,2,6,21,9,0,10,38,5,6
18,GALAŢI,"ȘCOALA GIMNAZIALĂ ”GRIGORE MOISIL” (ȘCOALA GENERALĂ ”GRIGORE MOISIL” - ȘCOALA GENERALĂ NR. 38)",136,"MUNICIPIUL GALAŢI",75098,1,PROV,PRCNCT,CJ,CJ_SV,"2020-09-28 00:52:51",1657,1649,0,7,1,530,522,0,7,1,514,16,1800,1270,25,2,9,259,34,90,4,14,17,8,0,12,32,8,0
18,GALAŢI,"ȘCOALA GIMNAZIALĂ ”GRIGORE MOISIL” (ȘCOALA GENERALĂ ”GRIGORE MOISIL” - ȘCOALA GENERALĂ NR. 38)",134,"MUNICIPIUL GALAŢI",75098,1,PROV,PRCNCT,CJ,CJ_SV,"2020-09-28 02:07:55",1355,1346,0,9,0,473,464,0,9,0,459,14,1500,1027,16,2,13,215,18,97,2,10,22,4,2,9,34,7,8
18,GALAŢI,"ȘCOALA GIMNAZIALĂ ”IULIA HAȘDEU” (ȘCOALA GENERALĂ ”IULIA HAȘDEU” - ȘCOALA GENERALĂ NR. 40)",91,"MUNICIPIUL GALAŢI",75098,1,PROV,PRCNCT,CJ,CJ_SV,"2020-09-28 00:31:49",1282,1271,0,11,0,420,409,0,11,0,408,12,1400,980,13,5,11,171,22,79,1,7,18,8,1,15,44,7,6
18,GALAŢI,"ȘCOALA GIMNAZIALĂ ”IULIA HAȘDEU” (ȘCOALA GENERALĂ ”IULIA HAȘDEU” - ȘCOALA GENERALĂ NR. 40)",87,"MUNICIPIUL GALAŢI",75098,1,PROV,PRCNCT,CJ,CJ_SV,"2020-09-28 00:54:25",1371,1362,0,9,0,461,452,0,9,0,437,24,1400,939,35,8,11,188,28,74,4,12,17,4,4,17,27,5,3
18,GALAŢI,"ȘCOALA GIMNAZIALĂ ”IULIA HAȘDEU” (ȘCOALA GENERALĂ ”IULIA HAȘDEU” - ȘCOALA GENERALĂ NR. 40)",90,"MUNICIPIUL GALAŢI",75098,1,PROV,PRCNCT,CJ,CJ_SV,"2020-09-28 03:33:39",1592,1584,0,6,2,506,498,0,6,2,493,13,1700,1194,26,7,11,195,32,105,2,11,19,6,4,19,40,8,8
18,GALAŢI,"ȘCOALA GIMNAZIALĂ ”IULIA HAȘDEU” (ȘCOALA GENERALĂ ”IULIA HAȘDEU” - ȘCOALA GENERALĂ NR. 40)",89,"MUNICIPIUL GALAŢI",75098,1,PROV,PRCNCT,CJ,CJ_SV,"2020-09-28 02:03:03",1434,1426,1,7,0,557,550,0,7,0,541,16,1600,1043,22,6,18,217,31,100,0,12,27,16,6,22,49,6,9
18,GALAŢI,"ȘCOALA GIMNAZIALĂ ”IULIA HAȘDEU” (ȘCOALA GENERALĂ ”IULIA HAȘDEU” - ȘCOALA GENERALĂ NR. 40)",88,"MUNICIPIUL GALAŢI",75098,1,PROV,PRCNCT,CJ,CJ_SV,"2020-09-28 00:59:55",1398,1392,0,6,0,470,464,0,6,0,443,27,1500,1030,14,6,12,200,26,70,1,9,21,7,5,13,48,7,4
18,GALAŢI,"ȘCOALA GIMNAZIALĂ ”IULIA HAȘDEU” (ȘCOALA GENERALĂ ”IULIA HAȘDEU” - ȘCOALA GENERALĂ NR. 40)",86,"MUNICIPIUL GALAŢI",75098,7,PROV,PRCNCT,CJ,CJ_SV,"2020-10-01 10:40:55",1443,1428,2,13,0,492,479,0,13,0,480,12,1600,1108,20,2,7,191,22,95,5,6,19,10,7,11,65,9,11
18,GALAŢI,"SCOALA GIMNAZIALA IZVOARELE",394,"SLOBOZIA CONACHI",77180,2,PROV,PRCNCT,CJ,CJ_SV,"2020-09-28 03:39:44",817,779,0,6,32,451,413,0,6,32,410,41,968,517,24,6,3,284,9,52,5,1,0,15,0,5,2,0,4
18,GALAŢI,"ȘCOALA GIMNAZIALĂ ”LUDOVIC COSMA” (ȘCOALA GENERALĂ NR. 19)",39,"MUNICIPIUL GALAŢI",75098,7,PROV,PRCNCT,CJ,CJ_SV,"2020-09-29 17:46:55",1556,1515,8,5,28,524,497,0,5,22,507,17,2000,1476,25,12,26,159,19,130,4,13,22,11,4,10,59,4,9
18,GALAŢI,"ȘCOALA GIMNAZIALĂ ”LUDOVIC COSMA” (ȘCOALA GENERALĂ NR. 19)",38,"MUNICIPIUL GALAŢI",75098,1,PROV,PRCNCT,CJ,CJ_SV,"2020-09-28 04:34:53",1306,1287,0,8,11,428,409,0,8,11,413,15,1600,1172,23,12,10,137,25,91,1,8,22,15,1,7,51,7,3
18,GALAŢI,"SCOALA GIMNAZIALA MARIA GRECU ODAIA MANOLACHE",431,VÂNĂTORI,75150,2,PROV,PRCNCT,CJ,CJ_SV,"2020-09-28 06:24:04",1662,1652,0,8,2,851,841,0,8,2,791,60,1803,952,35,9,50,386,62,107,5,1,7,10,0,8,107,3,1
18,GALAŢI,"SCOALA GIMNAZIALĂ ”MIHAIL ŞI GAVRIL” M.KOGĂLNICEANU",397,SMÂRDAN,77224,2,PROV,PRCNCT,CJ,CJ_SV,"2020-09-28 04:36:00",912,905,1,6,0,460,454,0,6,0,430,30,994,534,22,6,17,118,72,70,4,4,1,7,0,3,93,7,6
18,GALAŢI,"ȘCOALA GIMNAZIALĂ ”MIHAI VITEAZUL” (ȘCOALA GENERALĂ ”MIHAI VITEAZUL” - ȘCOALA GENERALĂ NR. 34)",149,"MUNICIPIUL GALAŢI",75098,1,PROV,PRCNCT,CJ,CJ_SV,"2020-09-28 02:02:02",1575,1567,0,8,0,484,476,0,8,0,461,23,1800,1316,28,9,9,202,27,82,7,5,18,11,1,13,37,9,3
18,GALAŢI,"ȘCOALA GIMNAZIALĂ ”MIHAI VITEAZUL” (ȘCOALA GENERALĂ ”MIHAI VITEAZUL” - ȘCOALA GENERALĂ NR. 34)",150,"MUNICIPIUL GALAŢI",75098,1,PROV,PRCNCT,CJ,CJ_SV,"2020-09-28 03:42:11",1401,1392,0,9,0,441,432,0,9,0,424,17,1500,1059,27,2,14,171,25,70,2,12,24,7,4,13,40,6,7
18,GALAŢI,"ȘCOALA GIMNAZIALĂ ”MIRON COSTIN” (ȘCOALA GENERALĂ ”MIRON COSTIN” - ȘCOALA GENERALĂ NR.12)",169,"MUNICIPIUL GALAŢI",75098,1,PROV,PRCNCT,CJ,CJ_SV,"2020-09-28 02:14:31",1493,1485,0,8,0,490,482,0,8,0,465,25,1600,1110,27,5,9,185,25,90,2,11,24,6,2,11,54,7,7
18,GALAŢI,"ȘCOALA GIMNAZIALĂ ”MIRON COSTIN” (ȘCOALA GENERALĂ ”MIRON COSTIN” - ȘCOALA GENERALĂ NR.12)",166,"MUNICIPIUL GALAŢI",75098,1,PROV,PRCNCT,CJ,CJ_SV,"2020-09-28 02:12:22",1472,1463,0,9,0,500,491,0,9,0,479,21,1600,1100,23,2,14,208,27,85,6,16,37,5,4,7,34,6,5
18,GALAŢI,"ȘCOALA GIMNAZIALĂ ”MIRON COSTIN” (ȘCOALA GENERALĂ ”MIRON COSTIN” - ȘCOALA GENERALĂ NR.12)",171,"MUNICIPIUL GALAŢI",75098,3,PROV,PRCNCT,CJ,CJ_SV,"2020-10-01 10:34:00",1423,1415,0,8,0,454,446,0,8,0,440,14,1600,1146,21,3,7,202,26,75,0,12,18,18,3,3,46,3,3
18,GALAŢI,"ȘCOALA GIMNAZIALĂ ”MIRON COSTIN” (ȘCOALA GENERALĂ ”MIRON COSTIN” - ȘCOALA GENERALĂ NR.12)",165,"MUNICIPIUL GALAŢI",75098,2,PROV,PRCNCT,CJ,CJ_SV,"2020-09-28 09:28:32",1467,1461,0,6,0,499,493,0,6,0,488,11,1600,1101,19,1,8,204,20,100,2,9,32,7,2,10,60,9,5
18,GALAŢI,"ȘCOALA GIMNAZIALĂ ”MIRON COSTIN” (ȘCOALA GENERALĂ ”MIRON COSTIN” - ȘCOALA GENERALĂ NR.12)",172,"MUNICIPIUL GALAŢI",75098,1,PROV,PRCNCT,CJ,CJ_SV,"2020-09-28 02:00:48",1444,1437,1,6,0,521,515,0,6,0,505,16,1600,1079,20,5,9,203,31,109,1,12,39,3,2,9,54,6,2
18,GALAŢI,"ȘCOALA GIMNAZIALĂ ”MIRON COSTIN” (ȘCOALA GENERALĂ ”MIRON COSTIN” - ȘCOALA GENERALĂ NR.12)",167,"MUNICIPIUL GALAŢI",75098,2,PROV,PRCNCT,CJ,CJ_SV,"2020-09-28 02:39:56",1548,1535,3,10,0,457,447,0,10,0,438,19,1600,1143,30,4,10,160,23,90,1,9,34,8,1,11,47,6,4
18,GALAŢI,"ȘCOALA GIMNAZIALĂ ”MIRON COSTIN” (ȘCOALA GENERALĂ ”MIRON COSTIN” - ȘCOALA GENERALĂ NR.12)",173,"MUNICIPIUL GALAŢI",75098,2,PROV,PRCNCT,CJ,CJ_SV,"2020-09-28 07:54:52",1452,1447,0,5,0,511,506,0,5,0,495,16,1600,1089,18,3,2,197,24,122,1,7,47,7,2,7,47,3,8
18,GALAŢI,"ȘCOALA GIMNAZIALĂ ”MIRON COSTIN” (ȘCOALA GENERALĂ ”MIRON COSTIN” - ȘCOALA GENERALĂ NR.12)",174,"MUNICIPIUL GALAŢI",75098,1,PROV,PRCNCT,CJ,CJ_SV,"2020-09-28 00:46:35",1322,1317,1,4,0,436,432,0,4,0,418,18,1600,1164,21,2,14,173,23,73,1,6,30,8,1,9,53,2,2
18,GALAŢI,"ȘCOALA GIMNAZIALĂ ”MIRON COSTIN” (ȘCOALA GENERALĂ ”MIRON COSTIN” - ȘCOALA GENERALĂ NR.12)",170,"MUNICIPIUL GALAŢI",75098,1,PROV,PRCNCT,CJ,CJ_SV,"2020-09-28 04:05:39",1524,1517,0,7,0,527,520,0,7,0,500,27,1600,1073,19,6,23,180,21,89,1,14,29,13,4,9,79,7,6
18,GALAŢI,"ȘCOALA GIMNAZIALĂ ”MIRON COSTIN” (ȘCOALA GENERALĂ ”MIRON COSTIN” - ȘCOALA GENERALĂ NR.12)",168,"MUNICIPIUL GALAŢI",75098,2,PROV,PRCNCT,CJ,CJ_SV,"2020-10-01 10:29:37",1542,1529,1,12,0,461,449,0,12,0,453,8,1600,1139,27,2,7,198,19,92,1,10,14,5,0,6,65,2,5
18,GALAŢI,"ŞCOALA GIMNAZIALA ”NEGOIŢĂ DĂNĂILĂ”",328,IVEŞTI,76601,2,PROV,PRCNCT,CJ,CJ_SV,"2020-10-01 11:45:35",1922,1897,1,8,16,826,802,0,8,16,768,58,2100,1274,9,5,12,239,11,444,5,1,8,5,1,0,21,4,3
18,GALAŢI,"SCOALA GIMNAZIALA NR.1",293,DRĂGUŞENI,76175,1,PROV,PRCNCT,CJ,CJ_SV,"2020-09-28 00:56:09",583,582,0,1,0,251,250,0,1,0,197,54,600,349,11,8,1,107,10,50,2,5,2,0,0,0,0,0,1
18,GALAŢI,"SCOALA GIMNAZIALA NR. 1",403,ŞENDRENI,75114,1,PROV,PRCNCT,CJ,CJ_SV,"2020-09-28 06:41:52",1787,1756,3,6,22,877,849,0,6,22,823,54,1956,1079,105,7,19,270,31,210,0,11,17,11,4,37,80,12,9
18,GALAŢI,"SCOALA GIMNAZIALA NR. 1",321,INDEPENDENŢA,76585,1,PROV,PRCNCT,CJ,CJ_SV,"2020-09-28 02:48:23",1342,1331,1,1,9,710,700,0,1,9,670,40,1509,799,224,15,5,200,37,136,1,1,4,8,6,5,21,2,5
18,GALAŢI,"SCOALA GIMNAZIALA NR. 1",404,ŞENDRENI,75114,1,PROV,PRCNCT,CJ,CJ_SV,"2020-09-28 06:07:30",1202,1180,0,2,20,637,615,0,2,20,602,35,1313,676,73,3,13,164,17,178,3,2,8,10,0,46,65,10,10
18,GALAŢI,"ȘCOALA GIMNAZIALĂ NR.1",425,"VALEA MĂRULUI",77475,1,PROV,PRCNCT,CJ,CJ_SV,"2020-09-28 03:06:24",988,949,0,5,34,570,532,0,5,33,508,62,1083,513,14,3,10,241,25,131,7,3,1,4,1,2,58,7,1
18,GALAŢI,"ŞCOALA GIMNAZIALĂ NR. 1",333,LIEŞTI,76674,1,PROV,PRCNCT,CJ,CJ_SV,"2020-09-28 01:53:11",1698,1691,2,5,0,652,647,0,5,0,609,43,1800,1148,13,10,25,128,33,315,3,25,5,5,0,14,23,5,5
18,GALAŢI,"ȘCOALA GIMNAZIALĂ NR. 1",381,PRIPONEŞTI,77028,4,PROV,PRCNCT,CJ,CJ_SV,"2020-09-28 06:55:50",887,800,0,68,19,518,431,0,68,19,450,68,910,392,8,2,4,285,21,71,4,0,0,7,0,4,40,4,0
18,GALAŢI,"ȘCOALA GIMNAZIALĂ NR. 1",426,"VALEA MĂRULUI",77475,1,PROV,PRCNCT,CJ,CJ_SV,"2020-09-28 03:17:14",793,758,0,6,29,428,393,0,6,29,384,44,873,445,14,7,10,230,13,54,6,4,2,3,0,6,34,0,1
18,GALAŢI,"ȘCOALA GIMNAZIALĂ NR. 10 (ȘCOALA GENERALĂ ”PETRE ȚUȚEA” - ȘCOALA GENERALĂ NR. 10)",114,"MUNICIPIUL GALAŢI",75098,1,PROV,PRCNCT,CJ,CJ_SV,"2020-09-28 06:02:46",1745,1739,0,6,0,572,566,0,6,0,549,23,2000,1428,24,8,7,258,29,104,3,7,18,9,2,8,55,7,10
18,GALAŢI,"ȘCOALA GIMNAZIALĂ NR. 10 (ȘCOALA GENERALĂ ”PETRE ȚUȚEA” - ȘCOALA GENERALĂ NR. 10)",111,"MUNICIPIUL GALAŢI",75098,2,PROV,PRCNCT,CJ,CJ_SV,"2020-09-28 10:26:51",1615,1607,1,7,0,524,517,0,7,0,507,17,1800,1276,18,4,10,248,34,79,3,15,30,12,2,8,32,6,6
18,GALAŢI,"ȘCOALA GIMNAZIALĂ NR. 10 (ȘCOALA GENERALĂ ”PETRE ȚUȚEA” - ȘCOALA GENERALĂ NR. 10)",112,"MUNICIPIUL GALAŢI",75098,1,PROV,PRCNCT,CJ,CJ_SV,"2020-09-28 01:52:55",1668,1661,0,7,0,544,537,0,7,0,524,20,1800,1256,28,4,9,218,30,88,4,15,21,16,0,11,62,5,13
18,GALAŢI,"ȘCOALA GIMNAZIALĂ NR. 10 (ȘCOALA GENERALĂ ”PETRE ȚUȚEA” - ȘCOALA GENERALĂ NR. 10)",113,"MUNICIPIUL GALAŢI",75098,1,PROV,PRCNCT,CJ,CJ_SV,"2020-09-28 01:19:08",1447,1440,0,7,0,499,492,0,7,0,481,18,1600,1101,20,7,8,226,26,82,2,12,15,5,2,11,55,3,7
18,GALAŢI,"ȘCOALA GIMNAZIALĂ NR. 10 (ȘCOALA GENERALĂ ”PETRE ȚUȚEA” - ȘCOALA GENERALĂ NR. 10)",110,"MUNICIPIUL GALAŢI",75098,1,PROV,PRCNCT,CJ,CJ_SV,"2020-09-28 02:22:47",1596,1592,0,4,0,551,547,0,4,0,529,22,1800,1249,30,9,7,193,36,109,2,11,43,11,5,10,54,5,4
18,GALAŢI,"ȘCOALA GIMNAZIALĂ NR. 16 (ȘCOALA GENERALĂ ”NICOLAE BĂLCESCU” - ȘCOALA GENERALĂ NR. 16)",33,"MUNICIPIUL GALAŢI",75098,3,PROV,PRCNCT,CJ,CJ_SV,"2020-10-01 10:25:28",1277,1262,1,13,1,481,467,0,13,1,467,14,1400,919,16,10,6,158,34,87,2,19,32,5,2,15,70,9,2
18,GALAŢI,"ȘCOALA GIMNAZIALĂ NR. 16 (ȘCOALA GENERALĂ ”NICOLAE BĂLCESCU” - ȘCOALA GENERALĂ NR. 16)",32,"MUNICIPIUL GALAŢI",75098,3,PROV,PRCNCT,CJ,CJ_SV,"2020-09-28 03:43:02",1272,1261,1,10,0,496,486,0,10,0,484,12,1400,904,28,7,13,135,23,111,4,10,46,5,3,11,76,5,7
18,GALAŢI,"ȘCOALA GIMNAZIALĂ NR. 16 (ȘCOALA GENERALĂ ”NICOLAE BĂLCESCU” - ȘCOALA GENERALĂ NR. 16)",31,"MUNICIPIUL GALAŢI",75098,1,PROV,PRCNCT,CJ,CJ_SV,"2020-09-28 01:49:35",1176,1168,1,7,0,390,383,0,7,0,371,19,1300,910,16,5,6,134,23,80,2,9,15,6,3,23,37,8,4
18,GALAŢI,"ȘCOALA GIMNAZIALĂ NR. 16 (ȘCOALA GENERALĂ ”NICOLAE BĂLCESCU” - ȘCOALA GENERALĂ NR. 16)",30,"MUNICIPIUL GALAŢI",75098,1,PROV,PRCNCT,CJ,CJ_SV,"2020-09-28 00:23:20",1356,1348,0,8,0,502,494,0,8,0,480,22,1500,998,29,4,8,181,24,99,2,7,34,7,2,8,64,4,7
18,GALAŢI,"ȘCOALA GIMNAZIALĂ NR. 17 (ȘCOALA GENERALĂ ”NICHITA STĂNESCU” - ȘCOALA GENERALĂ NR. 17)",60,"MUNICIPIUL GALAŢI",75098,2,PROV,PRCNCT,CJ,CJ_SV,"2020-09-28 07:48:15",1796,1789,1,6,0,525,519,0,6,0,496,29,2000,1475,51,6,12,209,22,77,4,8,25,8,4,9,50,6,5
18,GALAŢI,"ȘCOALA GIMNAZIALĂ NR. 17 (ȘCOALA GENERALĂ ”NICHITA STĂNESCU” - ȘCOALA GENERALĂ NR. 17)",61,"MUNICIPIUL GALAŢI",75098,1,PROV,PRCNCT,CJ,CJ_SV,"2020-09-28 04:11:24",1778,1772,1,5,0,426,421,0,5,0,390,36,2000,1574,37,7,7,161,19,61,1,7,14,10,2,22,30,12,0
18,GALAŢI,"ȘCOALA GIMNAZIALĂ NR. 17 (ȘCOALA GENERALĂ ”NICHITA STĂNESCU” - ȘCOALA GENERALĂ NR. 17)",59,"MUNICIPIUL GALAŢI",75098,1,PROV,PRCNCT,CJ,CJ_SV,"2020-09-28 06:32:08",1794,1779,0,15,0,536,521,0,15,0,515,21,2000,1464,33,7,9,222,28,83,3,13,20,14,2,17,50,9,5
18,GALAŢI,"”ȘCOALA GIMNAZIALĂ NR. 1 BĂLENI”",230,BĂLENI,75668,1,PROV,PRCNCT,CJ,CJ_SV,"2020-09-28 03:38:01",950,899,2,0,49,531,482,0,0,49,482,49,1000,469,53,4,12,241,4,136,9,1,0,9,0,5,4,2,2
18,GALAŢI,"”ȘCOALA GIMNAZIALĂ NR. 1 BĂLENI”",231,BĂLENI,75668,2,PROV,PRCNCT,CJ,CJ_SV,"2020-09-28 04:53:53",951,893,0,1,57,538,480,0,1,57,479,55,1083,549,47,6,9,233,10,154,5,3,1,3,1,4,2,0,1
18,GALAŢI,"SCOALA GIMNAZIALA NR.1 BRĂHĂŞEŞTI",245,BRĂHĂŞEŞTI,75766,1,PROV,PRCNCT,CJ,CJ_SV,"2020-09-28 02:01:14",1015,1013,0,1,1,456,454,0,1,1,379,77,1100,644,9,46,6,173,5,124,2,0,1,6,0,4,1,1,1
18,GALAŢI,"SCOALA GIMNAZIALA NR.1 BRĂHĂŞEŞTI",244,BRĂHĂŞEŞTI,75766,2,PROV,PRCNCT,CJ,CJ_SV,"2020-10-01 11:33:19",1322,1311,0,3,8,557,546,0,3,8,487,69,1600,1044,23,81,4,234,2,128,3,0,1,5,0,1,2,3,0
18,GALAŢI,"SCOALA GIMNAZIALA NR. 1 CHIRAFTEI",347,MĂSTĂCANI,76718,1,PROV,PRCNCT,CJ,CJ_SV,"2020-09-28 00:55:28",1083,1065,1,7,10,455,439,0,7,9,391,64,1200,745,32,6,5,237,12,68,6,0,2,2,0,2,16,2,1
18,GALAŢI,"SCOALA GIMNAZIALA NR.1 COMUNA POIANA,JUDETUL GALATI",378,POIANA,77587,1,PROV,PRCNCT,CJ,CJ_SV,"2020-09-28 03:37:27",1079,990,0,59,30,708,619,0,59,30,643,65,1154,446,18,4,1,374,9,209,6,2,2,5,0,6,4,3,0
18,GALAŢI,"SCOALA GIMNAZIALA NR 1 GHE. POALELUNGI MASTACANI",345,MĂSTĂCANI,76718,1,PROV,PRCNCT,CJ,CJ_SV,"2020-09-28 02:50:49",1092,1055,0,24,13,421,384,0,24,13,368,53,1140,719,13,3,6,193,9,115,5,1,2,6,0,6,6,3,0
18,GALAŢI,"ŞCOALA GIMNAZIALĂ NR.1 GHIDIGENI",309,GHIDIGENI,76406,1,PROV,PRCNCT,CJ,CJ_SV,"2020-09-28 03:13:26",1681,1673,0,8,0,882,874,0,8,0,783,99,1800,918,26,29,140,237,10,324,3,2,0,4,1,3,3,0,1
18,GALAŢI,"ŞCOALA GIMNAZIALA NR.1 GOHOR",314,GOHOR,76497,2,PROV,PRCNCT,CJ,CJ_SV,"2020-09-28 09:06:21",1443,1368,1,17,57,904,833,1,17,53,816,88,1488,584,20,7,8,509,13,232,5,3,0,6,0,6,3,4,0
18,GALAŢI,"ȘCOALA GIMNAZIALĂ NR.1 SAT BALINTEȘTI",239,BEREŞTI-MERIA,75356,4,PROV,PRCNCT,CJ,CJ_SV,"2020-09-28 05:57:16",770,750,0,8,12,418,398,0,8,12,382,36,800,382,9,5,0,208,23,112,3,1,0,5,2,3,9,2,0
18,GALAŢI,"ŞCOALA GIMNAZIALĂ NR. 1 SAT BEREŞTI - MERIA",234,BEREŞTI-MERIA,75356,2,PROV,PRCNCT,CJ,CJ_SV,"2020-09-28 02:37:59",408,397,0,3,8,224,213,0,3,8,207,17,470,246,17,3,4,81,15,71,1,1,2,2,0,1,2,3,4
18,GALAŢI,"ŞCOALA GIMNAZIALĂ NR. 1 SAT SLIVNA",235,BEREŞTI-MERIA,75356,4,PROV,PRCNCT,CJ,CJ_SV,"2020-09-28 04:17:34",559,551,1,3,4,279,272,0,3,4,228,51,625,346,2,4,3,89,12,76,5,21,3,1,0,0,5,7,0
18,GALAŢI,"ŞCOALA GIMNAZIALĂ NR. 1(ŞCOALA GENERALA DE 8 CLASETUDOR VLADIMIRESCU MOARĂ)",407,"TUDOR VLADIMIRESCU",77313,1,PROV,PRCNCT,CJ,CJ_SV,"2020-09-28 01:56:51",803,795,3,5,0,349,344,0,5,0,310,39,882,533,8,1,5,150,30,78,3,7,2,8,1,6,8,0,3
18,GALAŢI,"SCOALA GIMNAZIALA NR.1 STOICANI",300,FOLTEŞTI,76282,1,PROV,PRCNCT,CJ,CJ_SV,"2020-09-28 02:29:01",848,835,0,7,6,448,435,0,7,6,407,41,892,444,73,6,23,167,15,97,3,6,1,3,0,2,8,3,0
18,GALAŢI,"SCOALA GIMNAZIALĂ NR.1 SUHURLUI",402,SUHURLUI,77601,1,PROV,PRCNCT,CJ,CJ_SV,"2020-09-28 02:38:04",1132,1100,0,4,28,583,551,0,4,28,501,82,1241,658,59,11,2,106,26,271,7,2,2,4,0,4,4,1,2
18,GALAŢI,"ȘCOALA GIMNAZIALĂ NR. 1 UMBRĂREȘTI",418,UMBRĂREŞTI,77402,2,PROV,PRCNCT,CJ,CJ_SV,"2020-09-28 07:21:59",1699,1692,1,6,0,735,729,0,6,0,662,73,1800,1065,43,34,24,230,5,287,7,1,3,7,0,4,10,7,0
18,GALAŢI,"SCOALA GIMNAZIALA NR.2",351,MUNTENI,75258,1,PROV,PRCNCT,CJ,CJ_SV,"2020-09-28 01:18:03",1360,1318,2,11,29,816,775,1,11,29,744,72,1480,664,32,10,12,473,14,147,3,4,5,11,0,12,19,2,0
18,GALAŢI,"SCOALA GIMNAZIALA NR. 2",322,INDEPENDENŢA,76585,2,PROV,PRCNCT,CJ,CJ_SV,"2020-09-28 06:16:42",1617,1597,2,4,14,874,855,1,4,14,820,54,1800,926,306,18,11,167,76,173,3,4,12,14,11,5,16,0,4
18,GALAŢI,"SCOALA GIMNAZIALĂ NR.2",254,CAVADINEŞTI,75864,2,PROV,PRCNCT,CJ,CJ_SV,"2020-09-28 07:44:08",895,843,1,19,32,591,540,0,19,32,549,42,900,308,18,9,9,215,4,276,2,3,2,0,0,10,1,0,0
18,GALAŢI,"ŞCOALA GIMNAZIALĂ NR. 2",334,LIEŞTI,76674,1,PROV,PRCNCT,CJ,CJ_SV,"2020-09-28 01:13:24",1433,1426,0,6,1,514,507,0,6,1,471,43,1600,1086,29,6,13,98,15,242,1,35,6,6,1,5,11,1,2
18,GALAŢI,"ŞCOALA GIMNAZIALĂ NR. 2",335,LIEŞTI,76674,1,PROV,PRCNCT,CJ,CJ_SV,"2020-09-28 02:53:25",1374,1360,0,8,6,531,517,0,8,6,509,22,1500,969,13,7,9,90,19,293,2,34,8,9,2,5,11,4,3
18,GALAŢI,"ȘCOALA GIMNAZIALĂ NR. 20 (ȘCOALA GENERALĂ NR. 20 ”TRAIAN”)",44,"MUNICIPIUL GALAŢI",75098,1,PROV,PRCNCT,CJ,CJ_SV,"2020-09-28 01:51:19",1932,1925,0,7,0,629,622,0,7,0,605,24,2200,1571,40,8,20,188,49,128,3,16,45,13,7,18,60,4,6
18,GALAŢI,"ȘCOALA GIMNAZIALĂ NR. 20 (ȘCOALA GENERALĂ NR. 20 ”TRAIAN”)",45,"MUNICIPIUL GALAŢI",75098,1,PROV,PRCNCT,CJ,CJ_SV,"2020-09-27 23:22:34",1931,1923,0,8,0,23,15,0,8,0,23,0,2200,2177,1,2,0,2,0,6,0,2,1,1,0,2,4,1,1
18,GALAŢI,"ȘCOALA GIMNAZIALĂ NR. 20 (ȘCOALA GENERALĂ NR. 20 ”TRAIAN”)",46,"MUNICIPIUL GALAŢI",75098,1,PROV,PRCNCT,CJ,CJ_SV,"2020-09-28 00:42:11",1958,1927,6,17,8,524,507,0,9,8,498,26,2200,1676,28,5,20,181,31,101,1,9,20,13,4,15,56,7,7
18,GALAŢI,"ȘCOALA GIMNAZIALĂ NR. 22 (ȘCOALA GENERALĂ ”DIMITRIE CANTEMIR” - ȘCOALA GENERALĂ NR. 22)",68,"MUNICIPIUL GALAŢI",75098,1,PROV,PRCNCT,CJ,CJ_SV,"2020-09-28 02:01:58",1471,1461,3,7,0,518,511,0,7,0,504,14,1600,1082,49,6,14,231,27,77,2,6,19,9,1,12,40,6,5
18,GALAŢI,"ȘCOALA GIMNAZIALĂ NR. 22 (ȘCOALA GENERALĂ ”DIMITRIE CANTEMIR” - ȘCOALA GENERALĂ NR. 22)",69,"MUNICIPIUL GALAŢI",75098,1,PROV,PRCNCT,CJ,CJ_SV,"2020-09-28 00:41:33",1521,1510,1,10,0,494,484,0,10,0,465,29,1700,1206,23,2,9,212,33,88,4,9,10,13,2,25,33,1,1
18,GALAŢI,"ȘCOALA GIMNAZIALĂ NR. 22 (ȘCOALA GENERALĂ ”DIMITRIE CANTEMIR” - ȘCOALA GENERALĂ NR. 22)",67,"MUNICIPIUL GALAŢI",75098,2,PROV,PRCNCT,CJ,CJ_SV,"2020-10-01 10:32:51",1484,1475,0,9,0,500,491,0,9,0,470,30,1600,1100,35,5,10,212,23,79,2,6,17,10,1,15,41,9,5
18,GALAŢI,"ȘCOALA GIMNAZIALĂ NR. 24 (ȘCOALA GENERALĂ NR. 24)",47,"MUNICIPIUL GALAŢI",75098,3,PROV,PRCNCT,CJ,CJ_SV,"2020-09-28 10:25:10",1563,1549,4,10,0,602,592,0,10,0,594,8,1700,1098,34,5,19,191,22,152,0,15,65,4,2,2,72,6,5
18,GALAŢI,"ȘCOALA GIMNAZIALĂ NR. 25 (ȘCOALA GENERALĂ ”PETRU RAREȘ” - ȘCOALA GENERALĂ NR. 25)",35,"MUNICIPIUL GALAŢI",75098,2,PROV,PRCNCT,CJ,CJ_SV,"2020-09-28 03:13:18",1502,1488,2,12,0,508,496,0,12,0,483,25,1700,1192,18,6,13,166,29,94,1,12,46,8,5,15,56,9,5
18,GALAŢI,"ȘCOALA GIMNAZIALĂ NR. 25 (ȘCOALA GENERALĂ ”PETRU RAREȘ” - ȘCOALA GENERALĂ NR. 25)",36,"MUNICIPIUL GALAŢI",75098,2,PROV,PRCNCT,CJ,CJ_SV,"2020-09-28 05:16:02",1275,1257,1,8,9,403,386,0,8,9,392,11,1400,997,27,7,11,119,25,82,3,13,43,6,0,11,37,5,3
18,GALAŢI,"ȘCOALA GIMNAZIALĂ NR. 25 (ȘCOALA GENERALĂ ”PETRU RAREȘ” - ȘCOALA GENERALĂ NR. 25)",34,"MUNICIPIUL GALAŢI",75098,3,PROV,PRCNCT,CJ,CJ_SV,"2020-10-01 10:07:53",1484,1471,0,13,0,487,474,0,13,0,476,11,1600,1113,23,9,9,193,20,85,1,8,30,9,1,9,72,6,1
18,GALAŢI,"ȘCOALA GIMNAZIALĂ NR. 26 (ŞCOALA GENERALĂ ”ION CREANGĂ” - ȘCOALA GENERALĂ NR. 26)",2,"MUNICIPIUL GALAŢI",75098,5,PROV,PRCNCT,CJ,CJ_SV,"2020-10-01 10:55:27",1200,1127,64,9,0,415,406,0,9,0,403,12,1200,785,27,2,4,131,20,96,3,9,33,4,3,8,53,8,2
18,GALAŢI,"ȘCOALA GIMNAZIALĂ NR. 26 (ŞCOALA GENERALĂ ”ION CREANGĂ” - ȘCOALA GENERALĂ NR. 26)",1,"MUNICIPIUL GALAŢI",75098,1,PROV,PRCNCT,CJ,CJ_SV,"2020-09-28 00:11:06",1245,1209,28,8,0,409,400,1,8,0,398,11,1400,991,27,1,4,131,25,94,1,16,39,9,1,12,33,3,2
18,GALAŢI,"ȘCOALA GIMNAZIALĂ NR. 28 (ŞCOALA GENERALĂ ”MIHAI EMINESCU” - ȘCOALA GENERALĂ NR. 28)",3,"MUNICIPIUL GALAŢI",75098,1,PROV,PRCNCT,CJ,CJ_SV,"2020-09-28 00:27:51",1217,1198,9,10,0,471,461,0,10,0,462,9,1400,929,20,4,13,136,25,121,2,9,43,8,2,6,65,4,4
18,GALAŢI,"ȘCOALA GIMNAZIALĂ NR. 28 (ŞCOALA GENERALĂ ”MIHAI EMINESCU” - ȘCOALA GENERALĂ NR. 28)",7,"MUNICIPIUL GALAŢI",75098,2,PROV,PRCNCT,CJ,CJ_SV,"2020-09-28 04:57:28",955,941,6,8,0,359,351,0,8,0,352,7,1100,741,23,1,11,152,23,68,0,7,14,2,3,3,29,9,7
18,GALAŢI,"ȘCOALA GIMNAZIALĂ NR. 28 (ŞCOALA GENERALĂ ”MIHAI EMINESCU” - ȘCOALA GENERALĂ NR. 28)",6,"MUNICIPIUL GALAŢI",75098,1,PROV,PRCNCT,CJ,CJ_SV,"2020-09-28 00:23:14",1301,1265,28,8,0,490,480,2,8,0,476,14,1401,911,35,1,5,176,29,101,1,10,39,3,3,5,61,1,6
18,GALAŢI,"ȘCOALA GIMNAZIALĂ NR. 28 (ŞCOALA GENERALĂ ”MIHAI EMINESCU” - ȘCOALA GENERALĂ NR. 28)",5,"MUNICIPIUL GALAŢI",75098,1,PROV,PRCNCT,CJ,CJ_SV,"2020-09-28 03:46:04",1310,1297,2,10,1,485,474,0,10,1,466,19,1398,913,26,3,12,175,22,99,1,6,38,2,2,7,66,2,5
18,GALAŢI,"ȘCOALA GIMNAZIALĂ NR. 28 (ŞCOALA GENERALĂ ”MIHAI EMINESCU” - ȘCOALA GENERALĂ NR. 28)",4,"MUNICIPIUL GALAŢI",75098,3,PROV,PRCNCT,CJ,CJ_SV,"2020-09-30 18:25:39",1083,1053,23,7,0,415,408,0,7,0,396,16,1098,686,19,4,8,139,19,97,2,8,34,1,1,4,53,4,3
18,GALAŢI,"ȘCOALA GIMNAZIALĂ NR. 29 (ȘCOALA GENERALĂ ”SFÂNTA ANA” - ȘCOALA GENERALĂ NR. 29)",66,"MUNICIPIUL GALAŢI",75098,1,PROV,PRCNCT,CJ,CJ_SV,"2020-09-28 01:02:38",1451,1441,1,9,0,529,520,0,9,0,507,22,1600,1071,29,3,10,200,24,115,1,10,31,7,2,4,54,9,8
18,GALAŢI,"ȘCOALA GIMNAZIALĂ NR. 29 (ȘCOALA GENERALĂ ”SFÂNTA ANA” - ȘCOALA GENERALĂ NR. 29)",63,"MUNICIPIUL GALAŢI",75098,1,PROV,PRCNCT,CJ,CJ_SV,"2020-09-28 05:47:08",1607,1597,1,9,0,502,493,0,9,0,480,22,1800,1298,24,8,11,216,20,104,1,10,13,11,3,6,41,7,5
18,GALAŢI,"ȘCOALA GIMNAZIALĂ NR. 29 (ȘCOALA GENERALĂ ”SFÂNTA ANA” - ȘCOALA GENERALĂ NR. 29)",64,"MUNICIPIUL GALAŢI",75098,1,PROV,PRCNCT,CJ,CJ_SV,"2020-09-28 03:15:53",1545,1535,1,9,0,515,506,0,9,0,489,26,1700,1185,20,4,16,205,34,75,1,8,24,8,6,13,60,10,5
18,GALAŢI,"ȘCOALA GIMNAZIALĂ NR. 29 (ȘCOALA GENERALĂ ”SFÂNTA ANA” - ȘCOALA GENERALĂ NR. 29)",65,"MUNICIPIUL GALAŢI",75098,2,PROV,PRCNCT,CJ,CJ_SV,"2020-09-28 06:04:54",1328,1319,0,9,0,454,445,0,9,0,445,9,1500,1046,29,5,13,203,24,66,1,10,24,4,1,11,38,4,12
18,GALAŢI,"SCOALA GIMNAZIALA NR. 2 CHIRAFTEI",348,MĂSTĂCANI,76718,1,PROV,PRCNCT,CJ,CJ_SV,"2020-09-28 04:01:44",1066,1037,0,16,13,456,427,0,16,13,415,41,1200,744,22,4,11,246,14,77,2,0,5,4,0,7,19,2,2
18,GALAŢI,"ŞCOALA GIMNAZIALĂ NR. 3",336,LIEŞTI,76674,1,PROV,PRCNCT,CJ,CJ_SV,"2020-09-28 02:01:52",1424,1416,0,7,1,558,550,0,7,1,515,43,1600,1042,20,6,3,147,7,281,3,21,3,6,0,3,13,1,1
18,GALAŢI,"ȘCOALA GIMNAZIALĂ NR. 33 (ȘCOALA GENERALĂ ”SFÂNTUL DUMITRU” - ȘCOALA GENERALĂ NR.33)",146,"MUNICIPIUL GALAŢI",75098,1,PROV,PRCNCT,CJ,CJ_SV,"2020-09-28 02:17:27",1769,1760,1,8,0,498,490,0,8,0,478,20,2000,1502,26,4,11,197,29,87,3,10,20,7,2,12,52,8,10
18,GALAŢI,"ȘCOALA GIMNAZIALĂ NR. 33 (ȘCOALA GENERALĂ ”SFÂNTUL DUMITRU” - ȘCOALA GENERALĂ NR.33)",145,"MUNICIPIUL GALAŢI",75098,2,PROV,PRCNCT,CJ,CJ_SV,"2020-10-01 10:09:58",1430,1419,1,10,0,476,466,0,10,0,463,13,1500,1024,44,3,7,211,25,73,1,8,26,10,0,12,30,6,7
18,GALAŢI,"ȘCOALA GIMNAZIALĂ NR. 33 (ȘCOALA GENERALĂ ”SFÂNTUL DUMITRU” - ȘCOALA GENERALĂ NR.33)",147,"MUNICIPIUL GALAŢI",75098,1,PROV,PRCNCT,CJ,CJ_SV,"2020-09-27 23:49:19",1384,1373,0,11,0,418,407,0,11,0,393,25,1500,1082,27,0,7,195,12,59,0,10,14,8,2,3,43,10,3
18,GALAŢI,"ȘCOALA GIMNAZIALĂ NR. 33 (ȘCOALA GENERALĂ ”SFÂNTUL DUMITRU” - ȘCOALA GENERALĂ NR.33)",148,"MUNICIPIUL GALAŢI",75098,1,PROV,PRCNCT,CJ,CJ_SV,"2020-09-28 02:13:08",1356,1345,1,10,0,431,421,0,10,0,419,12,1500,1069,22,8,6,198,24,63,0,11,18,7,1,14,34,4,9
18,GALAŢI,"SCOALA GIMNAZIALA NR. 3 MĂSTĂCANI",346,MĂSTĂCANI,76718,1,PROV,PRCNCT,CJ,CJ_SV,"2020-09-28 00:14:58",802,780,0,21,1,384,362,0,21,1,337,47,900,516,9,8,3,143,11,129,7,5,3,4,0,3,9,1,2
18,GALAŢI,"ȘCOALA GIMNAZIALĂ NR. 3 (ȘCOALA GENERALĂ NR. 3)",84,"MUNICIPIUL GALAŢI",75098,1,PROV,PRCNCT,CJ,CJ_SV,"2020-09-28 02:49:03",1669,1660,2,7,0,635,627,1,7,0,614,21,1800,1165,32,5,18,278,30,115,2,11,31,10,9,13,41,11,8
18,GALAŢI,"ȘCOALA GIMNAZIALĂ NR. 3 (ȘCOALA GENERALĂ NR. 3)",85,"MUNICIPIUL GALAŢI",75098,1,PROV,PRCNCT,CJ,CJ_SV,"2020-09-28 01:40:49",1386,1379,0,7,0,483,476,0,7,0,463,20,1600,1117,20,2,17,177,24,91,1,8,27,10,5,13,54,10,4
18,GALAŢI,"ȘCOALA GIMNAZIALĂ NR. 3 (ȘCOALA GENERALĂ NR. 3)",83,"MUNICIPIUL GALAŢI",75098,2,PROV,PRCNCT,CJ,CJ_SV,"2020-10-01 10:00:02",1499,1493,2,4,0,543,539,0,4,0,523,20,1600,1057,21,7,7,227,25,98,2,14,26,12,4,12,55,7,6
18,GALAŢI,"ȘCOALA GIMNAZIALĂ NR. 3 (ȘCOALA GENERALĂ NR. 3)",81,"MUNICIPIUL GALAŢI",75098,2,PROV,PRCNCT,CJ,CJ_SV,"2020-09-28 07:11:46",1571,1566,1,4,0,519,515,0,4,0,499,20,1700,1181,19,1,10,193,38,94,4,15,26,9,2,20,55,6,7
18,GALAŢI,"ȘCOALA GIMNAZIALĂ NR. 3 (ȘCOALA GENERALĂ NR. 3)",82,"MUNICIPIUL GALAŢI",75098,1,PROV,PRCNCT,CJ,CJ_SV,"2020-09-28 01:41:16",1574,1566,0,8,0,521,513,0,8,0,505,16,1700,1179,24,3,10,231,28,92,4,11,20,14,1,11,43,6,7
18,GALAŢI,"ȘCOALA GIMNAZIALĂ NR. 5 (ȘCOALA GENERALĂ ”CUZA VODĂ” - ȘCOALA GENERALĂ NR. 5)",97,"MUNICIPIUL GALAŢI",75098,2,PROV,PRCNCT,CJ,CJ_SV,"2020-10-01 10:53:01",1540,1516,17,7,0,508,501,0,7,0,489,19,1600,1092,25,2,14,180,31,109,1,8,23,11,2,9,66,3,5
18,GALAŢI,"ȘCOALA GIMNAZIALĂ NR. 5 (ȘCOALA GENERALĂ ”CUZA VODĂ” - ȘCOALA GENERALĂ NR. 5)",98,"MUNICIPIUL GALAŢI",75098,3,PROV,PRCNCT,CJ,CJ_SV,"2020-09-29 16:34:20",1297,1286,1,10,0,470,460,0,10,0,452,18,1400,930,25,7,10,185,22,90,1,9,21,12,0,9,52,3,6
18,GALAŢI,"ȘCOALA GIMNAZIALĂ NR. 5 (ȘCOALA GENERALĂ ”CUZA VODĂ” - ȘCOALA GENERALĂ NR. 5)",100,"MUNICIPIUL GALAŢI",75098,1,PROV,PRCNCT,CJ,CJ_SV,"2020-09-28 01:54:05",1387,1377,1,8,1,483,474,0,8,1,466,17,1400,917,14,1,11,172,29,113,2,13,25,8,3,10,53,6,6
18,GALAŢI,"ȘCOALA GIMNAZIALĂ NR. 5 (ȘCOALA GENERALĂ ”CUZA VODĂ” - ȘCOALA GENERALĂ NR. 5)",99,"MUNICIPIUL GALAŢI",75098,1,PROV,PRCNCT,CJ,CJ_SV,"2020-09-28 00:27:25",1562,1555,0,7,0,488,481,0,7,0,466,22,1600,1112,23,4,8,184,30,100,1,16,13,8,2,13,44,12,8
18,GALAŢI,"ȘCOALA GIMNAZIALĂ NR. 9 (ȘCOALA GIMNAZIALĂ NR. 9 ”CALISTRAT HOGAȘ”)",92,"MUNICIPIUL GALAŢI",75098,5,PROV,PRCNCT,CJ,CJ_SV,"2020-09-28 07:09:23",1463,1449,2,12,0,549,537,0,12,0,536,13,1600,1051,36,1,17,206,31,89,3,15,33,11,3,16,59,8,8
18,GALAŢI,"ȘCOALA GIMNAZIALĂ NR. 9 (ȘCOALA GIMNAZIALĂ NR. 9 ”CALISTRAT HOGAȘ”)",94,"MUNICIPIUL GALAŢI",75098,1,PROV,PRCNCT,CJ,CJ_SV,"2020-09-28 02:39:23",1404,1393,1,10,0,488,478,0,10,0,472,16,1500,1012,23,8,7,197,19,98,3,8,33,3,2,17,39,5,10
18,GALAŢI,"ȘCOALA GIMNAZIALĂ NR. 9 (ȘCOALA GIMNAZIALĂ NR. 9 ”CALISTRAT HOGAȘ”)",93,"MUNICIPIUL GALAŢI",75098,1,PROV,PRCNCT,CJ,CJ_SV,"2020-09-28 02:55:30",1260,1253,0,7,0,356,349,0,7,0,347,9,1400,1044,18,3,6,155,30,60,1,11,21,3,1,4,22,6,6
18,GALAŢI,"ŞCOALA GIMNAZIALA PROF. EMIL PANAITESCU",280,CUDALBI,76157,1,PROV,PRCNCT,CJ,CJ_SV,"2020-09-28 03:05:58",1528,1505,0,17,6,777,754,0,17,6,685,92,1670,893,25,16,225,199,17,143,4,0,0,10,1,7,32,3,3
18,GALAŢI,"ŞCOALA GIMNAZIALA PROF. EMIL PANAITESCU",281,CUDALBI,76157,1,PROV,PRCNCT,CJ,CJ_SV,"2020-09-28 02:57:36",1301,1283,0,15,3,630,612,0,15,3,517,113,1420,790,25,17,136,179,7,111,3,1,2,4,2,5,19,5,1
18,GALAŢI,"ȘCOALA GIMNAZIALĂ PROF. EMIL PANAITESCU",279,CUDALBI,76157,2,PROV,PRCNCT,CJ,CJ_SV,"2020-09-28 06:24:06",1792,1751,1,28,12,944,904,0,28,12,840,104,1930,986,38,23,247,228,14,223,9,4,0,10,0,3,38,0,3
18,GALAŢI,"SCOALA GIMNAZIALĂ ROGOJENI",401,SUCEVENI,77288,1,PROV,PRCNCT,CJ,CJ_SV,"2020-09-28 00:10:45",475,447,0,9,19,273,245,0,9,19,251,22,511,238,3,1,6,152,28,50,5,0,1,1,0,4,0,0,0
18,GALAŢI,"ȘCOALA GIMNAZIALĂ SALCIA",423,UMBRĂREŞTI,77402,2,PROV,PRCNCT,CJ,CJ_SV,"2020-09-28 12:56:15",706,698,0,4,4,307,299,0,4,4,276,31,800,493,48,6,3,83,4,125,0,1,0,1,0,2,1,1,1
18,GALAŢI,"ŞCOALA GIMNAZIALA - SAT GARA BERHECI",317,GOHOR,76497,2,PROV,PRCNCT,CJ,CJ_SV,"2020-09-28 05:51:21",584,565,0,14,5,349,330,0,14,5,313,36,600,251,8,6,2,143,2,138,3,4,1,2,0,1,0,0,3
18,GALAŢI,"ȘCOALA GIMNAZIALĂ ”SFÂNTUL GRIGORE TEOLOGUL” (ȘCOALA GENERALĂ ”SFÂNTUL GRIGORE TEOLOGUL” - ȘCOALA GENERALĂ NR. 41)",124,"MUNICIPIUL GALAŢI",75098,1,PROV,PRCNCT,CJ,CJ_SV,"2020-09-28 01:58:08",1735,1728,1,6,0,556,550,0,6,0,536,20,2000,1444,24,2,10,264,26,85,2,12,33,4,0,14,52,3,5
18,GALAŢI,"ȘCOALA GIMNAZIALĂ ”SFÂNTUL GRIGORE TEOLOGUL” (ȘCOALA GENERALĂ ”SFÂNTUL GRIGORE TEOLOGUL” - ȘCOALA GENERALĂ NR. 41)",122,"MUNICIPIUL GALAŢI",75098,1,PROV,PRCNCT,CJ,CJ_SV,"2020-09-28 01:18:21",1714,1707,1,6,0,620,614,0,6,0,590,30,2000,1380,33,5,15,218,36,111,2,16,44,11,5,10,74,8,2
18,GALAŢI,"ȘCOALA GIMNAZIALĂ ”SFÂNTUL GRIGORE TEOLOGUL” (ȘCOALA GENERALĂ ”SFÂNTUL GRIGORE TEOLOGUL” - ȘCOALA GENERALĂ NR. 41)",123,"MUNICIPIUL GALAŢI",75098,1,PROV,PRCNCT,CJ,CJ_SV,"2020-09-28 01:46:52",1736,1728,0,8,0,580,572,0,8,0,561,19,2000,1420,27,4,13,242,26,116,3,8,25,15,2,18,54,4,4
18,GALAŢI,"ȘCOALA GIMNAZIALĂ ”SFÂNTUL GRIGORE TEOLOGUL” (ȘCOALA GENERALĂ ”SFÂNTUL GRIGORE TEOLOGUL” - ȘCOALA GENERALĂ NR. 41)",121,"MUNICIPIUL GALAŢI",75098,1,PROV,PRCNCT,CJ,CJ_SV,"2020-09-28 02:16:20",1729,1721,1,7,0,566,559,0,7,0,546,20,2001,1435,29,5,10,234,33,104,2,17,29,4,0,9,61,3,6
18,GALAŢI,"ŞCOALA GIMNAZIALĂ ”SFÂNTUL NICOLAE”",338,LIEŞTI,76674,2,PROV,PRCNCT,CJ,CJ_SV,"2020-10-01 12:04:46",1530,1519,0,7,4,645,634,0,7,4,604,41,1686,1041,23,8,8,170,10,331,10,8,2,8,0,2,19,4,1
18,GALAŢI,"ȘCOALA GIMNAZIALĂ „ SFÂNTUL STELIAN” UMBRĂREȘTI - DEAL",419,UMBRĂREŞTI,77402,1,PROV,PRCNCT,CJ,CJ_SV,"2020-09-28 02:25:20",1187,1183,0,4,0,613,609,0,4,0,554,59,1300,687,21,18,20,210,12,256,1,6,0,5,0,1,2,2,0
18,GALAŢI,"ȘCOALA GIMNAZIALĂ „ SFÂNTUL STELIAN„ UMBRĂREȘTI - DEAL",420,UMBRĂREŞTI,77402,2,PROV,PRCNCT,CJ,CJ_SV,"2020-09-28 04:57:04",842,837,0,5,0,388,383,0,5,0,355,33,950,562,9,5,12,137,8,164,2,3,2,3,0,2,4,3,1
18,GALAŢI,"ȘCOALA GIMNAZIALĂ ”SFINȚII ÎMPĂRAȚI” (ȘCOALA GENERALĂ ”SFINȚII ÎMPĂRAȚI” - ȘCOALA GENERALĂ NR. 42)",118,"MUNICIPIUL GALAŢI",75098,1,PROV,PRCNCT,CJ,CJ_SV,"2020-09-28 02:33:27",1704,1695,1,8,0,622,614,0,8,0,612,10,1800,1178,19,3,6,243,44,134,1,23,35,8,2,11,66,8,9
18,GALAŢI,"ȘCOALA GIMNAZIALĂ ”SFINȚII ÎMPĂRAȚI” (ȘCOALA GENERALĂ ”SFINȚII ÎMPĂRAȚI” - ȘCOALA GENERALĂ NR. 42)",120,"MUNICIPIUL GALAŢI",75098,1,PROV,PRCNCT,CJ,CJ_SV,"2020-09-28 00:44:01",1347,1335,2,10,0,443,433,0,10,0,426,17,1400,957,16,3,7,187,14,98,0,7,24,3,2,9,49,4,3
18,GALAŢI,"ȘCOALA GIMNAZIALĂ ”SFINȚII ÎMPĂRAȚI” (ȘCOALA GENERALĂ ”SFINȚII ÎMPĂRAȚI” - ȘCOALA GENERALĂ NR. 42)",119,"MUNICIPIUL GALAŢI",75098,1,PROV,PRCNCT,CJ,CJ_SV,"2020-09-28 03:43:15",1563,1547,4,11,1,596,584,0,11,1,581,15,1600,1004,21,4,15,235,38,120,1,2,47,3,3,12,67,9,4
18,GALAŢI,"ŞCOALA GIMNAZIALẶ ” SFÎNTUL IERARH NICOLAE ”",435,VLĂDEŞTI,77536,1,PROV,PRCNCT,CJ,CJ_SV,"2020-09-28 04:10:26",1260,1206,0,22,32,591,537,0,22,32,540,51,1200,609,22,0,4,260,37,194,0,1,1,14,1,0,3,2,1
18,GALAŢI,"SCOALA GIMNAZIALA SLOBOZIA-CONACHI",392,"SLOBOZIA CONACHI",77180,2,PROV,PRCNCT,CJ,CJ_SV,"2020-09-28 04:22:36",1374,1322,1,8,43,675,623,1,8,43,627,48,1400,725,27,4,19,421,32,100,4,4,0,4,0,3,6,3,0
18,GALAŢI,"SCOALA GIMNAZIALĂ ” STEFAN CEL MARE” PISCU",376,PISCU,76996,1,PROV,PRCNCT,CJ,CJ_SV,"2020-09-28 01:50:10",1467,1461,0,4,2,669,663,0,4,2,621,48,1600,931,43,5,16,306,65,100,4,2,4,15,1,8,41,10,1
18,GALAŢI,"ȘCOALA GIMNAZIALĂ ”ȘTEFAN CEL MARE” (ȘCOALA GENERALĂ ”ȘTEFAN CEL MARE” - ȘCOALA GENERALĂ NR. 13)",132,"MUNICIPIUL GALAŢI",75098,1,PROV,PRCNCT,CJ,CJ_SV,"2020-09-28 03:27:46",1518,1512,0,6,0,537,531,0,6,0,510,27,1600,1063,23,3,3,213,31,89,3,22,38,9,2,9,52,7,6
18,GALAŢI,"ȘCOALA GIMNAZIALĂ ”ȘTEFAN CEL MARE” (ȘCOALA GENERALĂ ”ȘTEFAN CEL MARE” - ȘCOALA GENERALĂ NR. 13)",131,"MUNICIPIUL GALAŢI",75098,1,PROV,PRCNCT,CJ,CJ_SV,"2020-09-28 01:57:50",1394,1384,0,9,1,459,449,0,9,1,433,26,1500,1041,33,2,6,178,22,87,2,6,25,4,1,5,51,4,7
18,GALAŢI,"SCOALA GIMNAZIALA TOFLEA",248,BRĂHĂŞEŞTI,75766,4,PROV,PRCNCT,CJ,CJ_SV,"2020-10-01 11:49:32",1485,1475,0,10,0,521,511,0,10,0,397,124,1595,1074,20,145,1,203,2,13,3,1,4,1,0,3,0,1,0
18,GALAŢI,"SCOALA GIMNAZIALA TOFLEA",247,BRĂHĂŞEŞTI,75766,1,PROV,PRCNCT,CJ,CJ_SV,"2020-09-28 00:44:52",1164,1157,0,7,0,387,380,0,7,0,305,82,1200,813,10,113,0,153,3,16,2,1,0,2,0,3,1,1,0
18,GALAŢI,"SCOALA GIMNAZIALA TOFLEA",246,BRĂHĂŞEŞTI,75766,3,PROV,PRCNCT,CJ,CJ_SV,"2020-09-28 07:20:16",1577,1568,0,9,0,589,580,0,9,0,463,126,1700,1111,23,155,0,267,0,16,0,0,0,0,2,0,0,0,0
18,GALAŢI,"ȘCOALA GIMNAZIALĂ TORCEȘTI",421,UMBRĂREŞTI,77402,2,PROV,PRCNCT,CJ,CJ_SV,"2020-09-28 03:55:58",603,598,0,5,0,334,329,0,5,0,304,30,660,326,19,1,4,164,7,98,0,1,0,4,1,1,1,2,1
18,GALAŢI,"ȘCOALA GIMNAZIALĂ UNIREA BRANIȘTEA",241,BRANIŞTEA,75711,1,PROV,PRCNCT,CJ,CJ_SV,"2020-09-28 01:02:32",1016,988,0,3,25,547,519,0,3,25,504,43,1030,483,24,7,17,103,98,213,1,7,9,1,0,3,13,3,5
18,GALAŢI,"ȘCOALA GIMNAZIALĂ UNIREA BRANIȘTEA",240,BRANIŞTEA,75711,1,PROV,PRCNCT,CJ,CJ_SV,"2020-09-28 01:00:13",1241,1204,4,2,31,641,608,0,2,31,612,29,1440,799,22,7,10,96,95,332,1,9,8,11,0,3,10,3,5
18,GALAŢI,"ŞCOALA GIMNAZIALĂ ”VICTOR ION POPA ” IVEŞTI (ŞCOALA GIMNAZIALA NR.3 IVEŞTI)",325,IVEŞTI,76601,2,PROV,PRCNCT,CJ,CJ_SV,"2020-10-01 12:03:25",1527,1515,0,7,5,832,820,0,7,5,613,219,1700,868,21,119,0,142,54,261,0,1,2,2,0,4,5,1,1
18,GALAŢI,"SCOALA GIMNAZIALĂ VÎRLEZI",433,VÂRLEZI,77509,2,PROV,PRCNCT,CJ,CJ_SV,"2020-09-28 06:48:45",974,883,0,37,54,605,514,0,37,54,557,48,871,266,28,5,1,218,3,282,4,4,0,4,0,4,3,0,1
18,GALAŢI,"ŞCOALA IONĂŞEŞTI",365,NICOREŞTI,76807,2,PROV,PRCNCT,CJ,CJ_SV,"2020-09-28 02:24:31",544,542,0,2,0,229,227,0,2,0,193,36,600,371,3,4,8,38,7,119,0,0,1,3,0,0,8,0,2
18,GALAŢI,"ŞCOALA MĂLURENI",364,NICOREŞTI,76807,3,PROV,PRCNCT,CJ,CJ_SV,"2020-09-28 00:35:24",163,153,0,10,0,96,86,0,10,0,84,12,200,104,3,0,0,14,5,47,1,0,0,1,0,2,8,1,2
18,GALAŢI,"ȘCOALA MÎNDRESTI",428,"VALEA MĂRULUI",77475,1,PROV,PRCNCT,CJ,CJ_SV,"2020-09-28 03:42:24",825,792,0,7,26,392,359,0,7,26,339,53,871,479,7,3,4,204,11,60,1,0,0,8,0,2,36,3,0
18,GALAŢI,"SCOALA NATALIA NEGRU",249,BUCIUMENI,75819,1,PROV,PRCNCT,CJ,CJ_SV,"2020-09-28 02:20:37",938,918,1,17,2,504,487,0,17,0,426,78,1000,496,20,34,4,120,18,184,0,4,1,4,1,1,34,1,0
18,GALAŢI,"SCOALA NICOPOLE",290,DRĂGUŞENI,76175,2,PROV,PRCNCT,CJ,CJ_SV,"2020-09-28 03:04:12",466,457,0,9,0,186,177,0,9,0,163,23,500,314,12,8,1,107,12,18,0,1,1,1,0,0,0,2,0
18,GALAŢI,"ŞCOALA NICOREŞTI",360,NICOREŞTI,76807,2,PROV,PRCNCT,CJ,CJ_SV,"2020-09-28 08:57:11",1166,1154,2,10,0,544,533,1,10,0,473,71,1206,662,8,15,8,91,10,252,2,1,2,8,3,0,65,3,5
18,GALAŢI,"SCOALA NOUA GRIVITA",318,GRIVIŢA,76558,1,PROV,PRCNCT,CJ,CJ_SV,"2020-09-28 07:02:46",1606,1549,0,15,42,794,737,0,15,42,716,78,1700,906,28,11,61,396,37,171,1,2,3,0,0,1,3,0,2
18,GALAŢI,"SCOALA NOUA - SAT CORNI",261,CORNI,76004,3,PROV,PRCNCT,CJ,CJ_SV,"2020-10-01 11:53:40",690,660,0,13,17,486,456,0,13,17,428,58,800,314,6,1,8,194,7,196,1,1,4,5,0,3,1,0,1
18,GALAŢI,"ŞCOALA NR.1",177,"MUNICIPIUL TECUCI",75203,1,PROV,PRCNCT,CJ,CJ_SV,"2020-09-28 03:09:56",1295,1292,0,3,0,565,562,0,3,0,530,35,1409,844,17,5,18,144,55,196,3,11,5,15,1,7,12,24,17
18,GALAŢI,"ŞCOALA NR.1",179,"MUNICIPIUL TECUCI",75203,3,PROV,PRCNCT,CJ,CJ_SV,"2020-09-28 12:50:50",1509,1498,3,8,0,593,585,0,8,0,557,36,1638,1045,27,15,18,103,43,218,3,10,4,13,4,8,31,49,11
18,GALAŢI,"ŞCOALA NR.1",178,"MUNICIPIUL TECUCI",75203,1,PROV,PRCNCT,CJ,CJ_SV,"2020-09-28 01:51:18",1314,1311,0,3,0,492,489,0,3,0,449,43,1430,938,31,10,19,105,20,164,3,8,4,9,0,9,11,31,25
18,GALAŢI,"ŞCOALA NR.10",181,"MUNICIPIUL TECUCI",75203,1,PROV,PRCNCT,CJ,CJ_SV,"2020-09-28 00:06:52",731,723,0,8,0,319,311,0,8,0,305,14,800,481,10,4,6,89,11,138,1,3,0,3,3,1,17,10,9
18,GALAŢI,"ŞCOALA NR.10",180,"MUNICIPIUL TECUCI",75203,1,PROV,PRCNCT,CJ,CJ_SV,"2020-09-28 02:31:57",933,918,1,14,0,438,424,0,14,0,405,33,1015,577,15,7,25,108,15,154,6,9,3,8,1,7,29,14,4
18,GALAŢI,"ŞCOALA NR.11",195,"MUNICIPIUL TECUCI",75203,2,PROV,PRCNCT,CJ,CJ_SV,"2020-10-01 11:18:41",1176,1162,1,13,0,551,538,0,13,0,544,7,1296,745,24,3,19,140,12,241,4,8,0,12,0,10,39,15,17
18,GALAŢI,"ŞCOALA NR.11",193,"MUNICIPIUL TECUCI",75203,1,PROV,PRCNCT,CJ,CJ_SV,"2020-09-28 01:42:18",833,824,2,7,0,325,318,0,7,0,314,11,911,586,13,3,9,113,11,113,1,5,2,7,4,2,13,9,9
18,GALAŢI,"ŞCOALA NR.11",194,"MUNICIPIUL TECUCI",75203,2,PROV,PRCNCT,CJ,CJ_SV,"2020-10-01 11:15:06",1150,1147,0,3,0,444,441,0,3,0,412,32,1250,806,11,2,25,129,15,135,3,13,2,13,1,10,19,22,12
18,GALAŢI,"ŞCOALA NR. 1 BARCEA",221,BARCEA,75515,2,PROV,PRCNCT,CJ,CJ_SV,"2020-09-28 05:09:13",1073,1068,0,5,0,497,492,0,5,0,447,50,1170,673,33,43,9,136,25,181,0,1,1,8,0,2,7,0,1
18,GALAŢI,"SCOALA NR.1 MATCA",342,MATCA,76692,1,PROV,PRCNCT,CJ,CJ_SV,"2020-09-28 05:32:54",1606,1599,0,7,0,877,870,0,7,0,802,75,1760,883,26,14,186,181,47,265,5,18,6,7,0,4,33,6,4
18,GALAŢI,"SCOALA NR.1 MATCA",341,MATCA,76692,1,PROV,PRCNCT,CJ,CJ_SV,"2020-09-28 03:24:16",1507,1501,0,6,0,801,795,0,6,0,742,59,1650,849,33,17,174,206,44,218,9,12,2,7,1,5,12,2,0
18,GALAŢI,"ŞCOALA NR.1 MATCA",343,MATCA,76692,2,PROV,PRCNCT,CJ,CJ_SV,"2020-09-28 10:11:47",1586,1581,0,5,0,808,803,0,5,0,707,101,1740,932,27,9,165,206,39,197,6,11,5,11,0,5,18,5,3
18,GALAŢI,"SCOALA NR.1 PECHEA",368,PECHEA,76969,1,PROV,PRCNCT,CJ,CJ_SV,"2020-09-28 03:35:29",1263,1254,1,8,0,557,548,1,8,0,520,37,1420,863,42,11,33,227,12,136,3,5,3,5,0,3,35,4,1
18,GALAŢI,"SCOALA NR1 PLEVNA",386,REDIU,77082,1,PROV,PRCNCT,CJ,CJ_SV,"2020-09-28 00:46:10",461,447,0,5,9,245,231,0,5,9,212,33,500,255,6,1,19,59,19,87,3,7,1,4,0,3,1,0,2
18,GALAŢI,"ŞCOALA NR.1 SUSENI",340,MATCA,76692,1,PROV,PRCNCT,CJ,CJ_SV,"2020-09-28 04:35:00",1826,1814,0,12,0,979,967,0,12,0,893,86,2000,1021,41,10,239,231,33,254,15,25,6,9,1,5,18,6,0
18,GALAŢI,"ŞCOALA NR.2",182,"MUNICIPIUL TECUCI",75203,1,PROV,PRCNCT,CJ,CJ_SV,"2020-09-28 02:35:10",988,978,0,10,0,401,391,0,10,0,374,27,1065,664,14,17,8,102,9,176,6,5,0,4,2,2,11,13,5
18,GALAŢI,"ŞCOALA NR.2",183,"MUNICIPIUL TECUCI",75203,1,PROV,PRCNCT,CJ,CJ_SV,"2020-09-28 04:11:00",1439,1428,1,10,0,556,546,0,10,0,493,63,1560,1004,27,12,17,116,12,209,7,4,4,11,1,11,21,22,19
18,GALAŢI,"ŞCOALA NR. 2 BARCEA",218,BARCEA,75515,2,PROV,PRCNCT,CJ,CJ_SV,"2020-09-28 06:17:37",840,832,2,5,1,356,349,1,5,1,328,28,1000,644,26,8,8,67,4,196,1,1,0,7,0,3,7,0,0
18,GALAŢI,"ŞCOALA NR. 2 BARCEA",219,BARCEA,75515,2,PROV,PRCNCT,CJ,CJ_SV,"2020-09-28 10:01:08",890,878,0,11,1,388,376,0,11,1,353,35,1000,612,50,0,18,74,6,178,0,0,2,3,0,2,17,3,0
18,GALAŢI,"ŞCOALA NR.2 COROD",264,COROD,75953,1,PROV,PRCNCT,CJ,CJ_SV,"2020-09-28 02:28:24",1223,1209,0,8,6,621,607,0,8,6,558,63,1347,726,16,4,8,132,179,198,2,4,0,1,1,2,4,6,1
18,GALAŢI,"ŞCOALA NR.2 IVEŞTI",324,IVEŞTI,76601,1,PROV,PRCNCT,CJ,CJ_SV,"2020-09-28 02:25:51",760,738,1,14,7,378,357,0,14,7,361,17,800,422,13,3,1,95,3,233,2,1,1,1,0,1,5,1,1
18,GALAŢI,"ŞCOALA NR.2 MATCA",339,MATCA,76692,1,PROV,PRCNCT,CJ,CJ_SV,"2020-09-28 05:41:37",1478,1465,1,12,0,836,824,0,12,0,757,79,1652,816,24,14,209,212,57,189,8,9,5,8,0,5,12,4,1
18,GALAŢI,"SCOALA NR.2 MOVILENI",350,MOVILENI,76745,1,PROV,PRCNCT,CJ,CJ_SV,"2020-09-28 05:14:26",1179,1165,0,13,1,520,506,0,13,1,473,47,1224,704,23,34,13,114,6,221,1,9,2,6,1,2,36,2,3
18,GALAŢI,"SCOALA NR.2 PECHEA",369,PECHEA,76969,5,PROV,PRCNCT,CJ,CJ_SV,"2020-09-29 11:38:07",1495,1480,0,13,2,653,638,0,13,2,596,57,1582,929,15,4,36,322,25,134,5,3,3,6,0,3,37,2,1
18,GALAŢI,"ŞCOALA NR. 3 BARCEA",220,BARCEA,75515,1,PROV,PRCNCT,CJ,CJ_SV,"2020-09-28 02:35:16",1006,995,0,10,1,475,464,0,10,1,443,32,1072,597,37,9,9,131,7,219,4,1,2,4,1,4,12,3,0
18,GALAŢI,"ŞCOALA NR.3 COROD",266,COROD,75953,1,PROV,PRCNCT,CJ,CJ_SV,"2020-09-28 05:38:59",1506,1490,0,15,1,699,683,0,15,1,626,73,1650,951,19,8,1,132,274,151,1,0,4,9,0,5,6,9,7
18,GALAŢI,"SCOALA NR.3 MATCA",344,MATCA,76692,1,PROV,PRCNCT,CJ,CJ_SV,"2020-09-28 05:38:42",1921,1910,0,11,0,1134,1123,0,11,0,1070,64,2100,966,30,14,269,302,77,284,11,10,5,17,2,7,26,13,3
18,GALAŢI,"SCOALA NR.3 PECHEA",370,PECHEA,76969,1,PROV,PRCNCT,CJ,CJ_SV,"2020-09-28 04:53:50",1463,1455,0,8,0,670,662,0,8,0,607,63,1613,943,17,3,57,303,7,174,3,5,4,9,2,3,17,3,0
18,GALAŢI,"ŞCOALA NR.4",185,"MUNICIPIUL TECUCI",75203,1,PROV,PRCNCT,CJ,CJ_SV,"2020-09-28 02:43:27",998,978,1,6,13,443,424,0,6,13,408,35,1068,625,24,16,12,91,12,186,3,4,0,12,1,4,19,13,11
18,GALAŢI,"ŞCOALA NR.4",186,"MUNICIPIUL TECUCI",75203,1,PROV,PRCNCT,CJ,CJ_SV,"2020-09-28 02:45:32",731,720,0,11,0,316,305,0,11,0,294,22,781,465,12,14,15,81,15,103,0,3,0,6,0,11,12,11,11
18,GALAŢI,"SCOALA NR.4 PECHEA",373,PECHEA,76969,1,PROV,PRCNCT,CJ,CJ_SV,"2020-09-28 04:20:07",1731,1702,1,9,19,708,680,0,9,19,636,72,1882,1174,23,60,58,258,24,154,3,8,2,15,0,5,22,3,1
18,GALAŢI,"ŞCOALA NR. 4 PODOLENI",222,BARCEA,75515,1,PROV,PRCNCT,CJ,CJ_SV,"2020-09-28 04:20:40",1267,1260,1,3,3,621,616,0,2,3,492,129,1350,729,59,121,43,91,9,126,2,0,1,25,1,4,7,3,0
18,GALAŢI,"ŞCOALA NR.6",198,"MUNICIPIUL TECUCI",75203,1,PROV,PRCNCT,CJ,CJ_SV,"2020-09-28 08:03:35",1133,1115,2,16,0,444,427,1,16,0,417,27,1215,771,27,3,16,104,16,177,2,10,3,11,0,4,23,12,9
18,GALAŢI,"ŞCOALA NR.6",197,"MUNICIPIUL TECUCI",75203,1,PROV,PRCNCT,CJ,CJ_SV,"2020-09-28 03:37:24",1411,1403,0,8,0,589,581,0,8,0,555,34,1532,943,26,9,23,158,18,229,8,13,4,8,4,5,17,24,9
18,GALAŢI,"ŞCOALA NR.7",200,"MUNICIPIUL TECUCI",75203,2,PROV,PRCNCT,CJ,CJ_SV,"2020-10-01 11:26:22",1024,1016,1,7,0,460,453,0,7,0,423,37,1107,647,25,8,11,129,10,131,1,3,4,16,0,16,20,29,20
18,GALAŢI,"ŞCOALA NR.7",199,"MUNICIPIUL TECUCI",75203,2,PROV,PRCNCT,CJ,CJ_SV,"2020-10-01 11:22:43",1120,1117,0,3,0,505,502,0,3,0,464,41,1217,712,23,9,21,140,12,153,10,7,5,12,1,8,9,36,18
18,GALAŢI,"ŞCOALA NR.8",196,"MUNICIPIUL TECUCI",75203,1,PROV,PRCNCT,CJ,CJ_SV,"2020-09-28 04:18:42",1306,1295,0,11,0,540,529,0,11,0,507,33,1414,874,33,4,26,160,23,163,6,11,2,13,0,8,22,21,15
18,GALAŢI,"ŞCOALA NR.9",209,"MUNICIPIUL TECUCI",75203,2,PROV,PRCNCT,CJ,CJ_SV,"2020-10-01 11:21:15",990,981,0,9,0,504,495,0,9,0,478,26,1046,542,20,5,20,149,10,207,5,7,4,13,0,13,7,14,4
18,GALAŢI,"ŞCOALA PISCU CORBULUI",363,NICOREŞTI,76807,2,PROV,PRCNCT,CJ,CJ_SV,"2020-09-28 01:07:10",242,232,0,10,0,112,102,0,10,0,100,12,300,188,5,1,0,12,2,65,2,1,0,2,0,0,8,1,1
18,GALAŢI,"ȘCOALA PRIMARĂ",382,PRIPONEŞTI,77028,4,PROV,PRCNCT,CJ,CJ_SV,"2020-09-29 09:29:11",182,167,0,8,7,109,94,0,8,7,101,8,200,91,15,0,2,41,5,26,5,0,0,1,0,1,4,1,0
18,GALAŢI,"ŞCOALA PRIMARĂ ANDRONACHI GOGA NR. 1 SAT ALDEŞTI",237,BEREŞTI-MERIA,75356,1,PROV,PRCNCT,CJ,CJ_SV,"2020-09-28 00:21:00",343,334,0,8,1,157,148,0,8,1,136,21,380,223,6,0,10,50,8,45,2,1,2,1,1,3,7,0,0
18,GALAŢI,"SCOALA PRIMARA ”ION VODA CEL VITEAZ ROSCANI",233,BĂNEASA,75686,1,PROV,PRCNCT,CJ,CJ_SV,"2020-09-28 02:24:26",510,482,1,11,16,302,275,0,11,16,266,36,600,298,30,6,15,154,3,33,1,1,0,8,0,7,3,2,3
18,GALAŢI,"SCOALA PRIMARĂ NR.1 CIŞMELE",398,SMÂRDAN,77224,1,PROV,PRCNCT,CJ,CJ_SV,"2020-09-28 02:10:51",1238,1220,2,4,12,657,640,1,4,12,619,38,1363,706,20,13,10,283,41,127,6,4,3,12,2,7,74,10,7
18,GALAŢI,"SCOALA PRIMARA NR.1 SAT VISINA, COMUNA POIANA, JUDETUL GALATI",379,POIANA,77587,1,PROV,PRCNCT,CJ,CJ_SV,"2020-09-28 02:27:11",434,396,0,25,13,299,261,0,25,13,266,33,400,101,8,2,1,190,2,55,1,0,1,2,0,2,1,1,0
18,GALAŢI,"SCOALA PRIMARA NR.3",253,CAVADINEŞTI,75864,1,PROV,PRCNCT,CJ,CJ_SV,"2020-09-27 23:57:50",190,174,0,10,6,123,107,0,10,6,113,10,200,77,4,2,1,63,1,40,0,2,0,0,0,0,0,0,0
18,GALAŢI,"SCOALA PRIMARA, SAT CĂLMĂŢUI",320,GRIVIŢA,76558,1,PROV,PRCNCT,CJ,CJ_SV,"2020-09-28 04:06:22",577,560,0,8,9,305,288,0,8,9,259,46,612,307,2,34,34,103,16,56,2,0,0,6,1,1,2,1,1
18,GALAŢI,"ȘCOALA PRIMARĂ VAMEȘ",377,PISCU,76996,1,PROV,PRCNCT,CJ,CJ_SV,"2020-09-27 23:18:18",440,428,2,10,0,175,165,0,10,0,156,19,504,329,7,1,1,88,13,29,0,2,3,1,0,4,3,4,0
18,GALAŢI,"SCOALA SFINTUL NICOLAE",430,VÂNĂTORI,75150,1,PROV,PRCNCT,CJ,CJ_SV,"2020-09-28 04:15:32",1204,1186,0,18,0,670,652,0,18,0,643,27,1237,567,32,7,64,278,43,100,6,7,8,10,2,14,62,6,4
18,GALAŢI,"SCOALA SFINTUL NICOLAE",429,VÂNĂTORI,75150,2,PROV,PRCNCT,CJ,CJ_SV,"2020-10-01 09:36:11",1229,1217,6,6,0,640,633,1,6,0,613,27,1400,760,30,6,54,257,60,105,2,4,6,8,1,4,69,6,1
18,GALAŢI,"SCOALA SIVITA",414,TULUCEŞTI,77331,3,PROV,PRCNCT,CJ,CJ_SV,"2020-10-01 11:37:34",1048,1033,1,6,8,454,440,0,6,8,401,53,1164,710,39,1,14,212,46,59,2,5,3,3,1,1,12,2,1
18,GALAŢI,"ȘCOALA SLOBOZIA",313,GHIDIGENI,76406,2,PROV,PRCNCT,CJ,CJ_SV,"2020-09-28 03:56:32",647,641,0,6,0,377,371,0,6,0,350,27,700,323,11,7,27,102,7,184,3,1,2,5,0,0,1,0,0
18,GALAŢI,"SCOALA SMARANDA BRAESCU",250,BUCIUMENI,75819,1,PROV,PRCNCT,CJ,CJ_SV,"2020-09-28 01:01:39",380,374,0,6,0,226,220,0,6,0,199,27,400,174,22,4,30,72,16,42,1,3,1,3,0,1,2,1,1
18,GALAŢI,"SCOALA ŞTIETEŞTI",292,DRĂGUŞENI,76175,1,PROV,PRCNCT,CJ,CJ_SV,"2020-09-28 00:05:51",257,250,0,7,0,145,138,0,7,0,130,15,300,155,3,4,2,52,1,65,0,1,1,0,0,0,0,0,1
18,GALAŢI,"ȘCOALA TĂLPIGI",312,GHIDIGENI,76406,2,PROV,PRCNCT,CJ,CJ_SV,"2020-09-28 12:51:59",997,987,0,7,3,997,987,0,7,3,845,152,1800,803,34,93,199,79,3,409,4,3,3,13,0,4,0,0,1
18,GALAŢI,"SCOALA TATARCA",413,TULUCEŞTI,77331,1,PROV,PRCNCT,CJ,CJ_SV,"2020-09-27 23:51:16",669,662,0,5,2,257,250,0,5,2,233,24,700,443,23,5,6,113,21,50,0,1,0,1,0,4,5,2,2
18,GALAŢI,"SCOALA TUDOR PAMFILE",416,ŢEPU,77377,1,PROV,PRCNCT,CJ,CJ_SV,"2020-09-28 02:38:47",1162,1107,0,35,20,735,680,0,35,20,616,119,1177,442,1,8,6,348,52,144,5,1,0,3,2,4,4,23,15
18,GALAŢI,"SCOALA TULUCESTI",412,TULUCEŞTI,77331,1,PROV,PRCNCT,CJ,CJ_SV,"2020-09-28 03:00:08",1793,1773,0,5,15,811,791,0,5,15,736,75,1900,1089,31,5,11,453,36,137,8,7,6,8,0,8,19,6,1
18,GALAŢI,"ŞCOALA VECHE GRIVIŢA",319,GRIVIŢA,76558,2,PROV,PRCNCT,CJ,CJ_SV,"2020-09-28 04:14:48",986,950,0,14,22,526,490,0,14,22,468,58,1100,574,14,12,51,230,15,124,4,0,5,4,0,1,8,0,0
18,GALAŢI,"ŞCOALA VECHE ŞIVIŢA",415,TULUCEŞTI,77331,1,PROV,PRCNCT,CJ,CJ_SV,"2020-09-28 01:57:16",1039,1029,0,8,2,389,379,0,8,2,364,25,1149,760,21,5,4,168,52,77,1,10,1,1,0,5,15,3,1
18,GALAŢI,"STAȚIE DE POMPARE APE UZATE S.C. APĂ-CANAL S.A.",73,"MUNICIPIUL GALAŢI",75098,2,PROV,PRCNCT,CJ,CJ_SV,"2020-09-28 08:21:27",485,474,0,11,0,165,154,0,11,0,156,9,600,435,13,0,1,71,10,26,1,2,7,4,2,3,13,2,1
18,GALAŢI,"UNIVERSITATEA ”DUNĂREA DE JOS” GALAȚI (UNIVERSITATEA GALAŢI)",37,"MUNICIPIUL GALAŢI",75098,2,PROV,PRCNCT,CJ,CJ_SV,"2020-09-28 07:32:45",1510,1480,4,10,16,504,478,0,10,16,494,10,1700,1196,37,0,11,174,28,101,0,13,49,12,1,11,50,3,4
