precinct_county_nce,precinct_county_name,precinct_name,precinct_nr,uat_name,uat_siruta,report_version,report_stage_code,report_type_scope_code,report_type_category_code,report_type_code,created_at,a,a1,a2,a3,a4,b,b1,b2,b3,b4,c,d,e,f,"PARTIDUL MIȘCAREA POPULARĂ-voturi","UNIUNEA DEMOCRATĂ MAGHIARĂ DIN ROMÂNIA-voturi","PARTIDUL PRO ROMÂNIA-voturi","PARTIDUL SOCIAL DEMOCRAT-voturi","PARTIDUL NAȚIONAL LIBERAL-voturi","PARTIDUL ALIANŢA LIBERALILOR ŞI DEMOCRAŢILOR – ALDE-voturi","PARTIDUL PUTERII UMANISTE (SOCIAL-LIBERAL)-voturi","ALIANȚA PENTRU UNIREA ROMÂNILOR-voturi","PARTIDUL VERDE-voturi","ALIANȚA USR PLUS-voturi"
1,ALBA,"AŞEZĂMÂNTUL SOCIAL - GRĂDINIŢA ”SFÂNTA IRINA”",78,"MUNICIPIUL BLAJ",1348,1,PROV,PRCNCT,CJ,CJ_SV,"2020-09-28 02:04:26",1232,1224,3,5,0,471,466,0,5,0,461,10,1300,829,12,18,15,46,304,32,5,1,8,20
1,ALBA,"ASOCIAŢIA JUDEŢEANĂ A VÂNĂTORILOR SI PESCARILOR SPORTIVI ALBA - CLUBUL BLAJ",83,"MUNICIPIUL BLAJ",1348,1,PROV,PRCNCT,CJ,CJ_SV,"2020-09-28 00:01:47",353,344,0,9,0,165,156,0,9,0,157,8,500,335,4,1,2,17,107,15,1,2,2,6
1,ALBA,"BAZA DE AGREMENT A MUNICIPIULUI BLAJ",77,"MUNICIPIUL BLAJ",1348,1,PROV,PRCNCT,CJ,CJ_SV,"2020-09-28 00:33:36",706,695,0,10,1,337,326,0,10,1,305,32,800,463,7,5,6,17,251,15,0,2,1,1
1,ALBA,"BAZIN OLIMPIC",31,"MUNICIPIUL ALBA IULIA",1017,2,PROV,PRCNCT,CJ,CJ_SV,"2020-09-28 03:55:30",1402,1386,3,11,2,432,419,0,11,2,417,15,1535,1103,20,4,20,36,202,15,8,18,5,89
1,ALBA,"BAZIN OLIMPIC",30,"MUNICIPIUL ALBA IULIA",1017,1,PROV,PRCNCT,CJ,CJ_SV,"2020-09-28 01:41:10",384,372,0,12,0,384,372,0,12,0,374,10,1268,884,22,3,16,34,161,20,2,14,3,99
1,ALBA,"BIBLIOTECA COMUNALĂ",239,CRICĂU,4142,1,PROV,PRCNCT,CJ,CJ_SV,"2020-09-28 02:34:38",1159,1087,3,12,57,783,718,0,11,54,737,46,1190,407,14,4,12,63,324,253,3,18,0,46
1,ALBA,"CĂMIN CULTURAL",224,"CETATEA DE BALTĂ",3958,1,PROV,PRCNCT,CJ,CJ_SV,"2020-09-28 01:49:26",588,562,0,14,12,260,234,0,14,12,237,23,644,384,7,13,2,51,142,3,2,8,0,9
1,ALBA,"CĂMIN CULTURAL",225,"CETATEA DE BALTĂ",3958,1,PROV,PRCNCT,CJ,CJ_SV,"2020-09-27 23:59:43",865,800,0,14,51,471,406,0,14,51,428,43,968,497,19,91,6,89,186,12,2,8,1,14
1,ALBA,"CĂMIN CULTURAL",292,LIVEZILE,5167,1,PROV,PRCNCT,CJ,CJ_SV,"2020-09-28 00:28:42",302,271,0,13,18,198,167,0,13,18,175,23,296,98,6,1,4,47,112,1,0,2,0,2
1,ALBA,"CĂMIN CULTURAL",296,"LOPADEA NOUĂ",5210,1,PROV,PRCNCT,CJ,CJ_SV,"2020-09-27 22:33:53",95,85,0,10,0,59,49,0,10,0,55,4,93,34,2,3,1,4,43,0,0,2,0,0
1,ALBA,"CĂMIN CULTURAL",358,"ROŞIA DE SECAŞ",6930,1,PROV,PRCNCT,CJ,CJ_SV,"2020-09-28 00:54:59",277,265,0,6,6,162,150,0,6,6,155,7,304,142,17,5,5,40,72,1,1,13,1,0
1,ALBA,"CĂMIN CULTURAL BĂLCACIU",287,JIDVEI,5103,2,PROV,PRCNCT,CJ,CJ_SV,"2020-09-28 04:31:19",1125,1085,0,17,23,498,458,0,17,23,457,41,1210,712,13,10,19,35,331,7,2,29,1,10
1,ALBA,"CĂMIN CULTURAL CĂPUD",171,"ORAŞ TEIUŞ",8096,1,PROV,PRCNCT,CJ,CJ_SV,"2020-09-28 00:34:02",272,257,0,10,5,164,149,0,10,5,156,8,295,131,12,12,7,74,36,1,3,9,1,1
1,ALBA,"CĂMIN CULTURAL DOŞTAT",245,DOŞTAT,4268,3,PROV,PRCNCT,CJ,CJ_SV,"2020-09-28 02:07:17",436,406,0,17,13,300,270,0,17,13,271,29,438,138,18,4,0,25,179,38,1,4,1,1
1,ALBA,"CĂMIN CULTURAL DRÎMBAR",230,CIUGUD,1071,1,PROV,PRCNCT,CJ,CJ_SV,"2020-09-28 00:23:05",248,232,1,6,9,241,226,0,6,9,232,9,364,123,29,4,3,26,137,7,1,1,3,21
1,ALBA,"CĂMIN CULTURAL HĂPRIA",231,CIUGUD,1071,1,PROV,PRCNCT,CJ,CJ_SV,"2020-09-27 23:45:03",519,494,0,3,22,338,313,0,3,22,315,23,548,210,18,3,0,46,206,5,2,3,5,27
1,ALBA,"CĂMIN CULTURAL HOPÎRTA",265,HOPÂRTA,4703,1,PROV,PRCNCT,CJ,CJ_SV,"2020-09-27 22:55:44",240,233,0,5,2,131,124,0,5,2,117,14,254,123,21,2,3,6,82,3,0,0,0,0
1,ALBA,"CĂMIN CULTURAL IZVOARELE",293,LIVEZILE,5167,2,PROV,PRCNCT,CJ,CJ_SV,"2020-09-28 02:11:14",115,81,0,20,14,82,48,0,20,14,75,7,104,22,12,0,2,9,50,1,1,0,0,0
1,ALBA,"CĂMIN CULTURAL LIMBA",232,CIUGUD,1071,1,PROV,PRCNCT,CJ,CJ_SV,"2020-09-27 23:35:26",326,305,3,3,15,198,179,1,3,15,190,8,356,158,20,1,7,23,100,3,0,6,2,28
1,ALBA,"CĂMIN CULTURAL LUNCA TÂRNAVEI",404,ŞONA,7865,1,PROV,PRCNCT,CJ,CJ_SV,"2020-09-28 00:06:00",350,341,0,7,2,180,171,0,7,2,169,11,400,220,10,2,8,31,102,10,1,0,0,5
1,ALBA,"CĂMIN CULTURAL MĂTIȘEȘTI",273,HOREA,4767,2,PROV,PRCNCT,CJ,CJ_SV,"2020-09-28 05:26:24",337,324,0,6,7,253,240,0,6,7,232,21,383,130,18,3,10,51,140,3,2,3,0,2
1,ALBA,"CĂMIN CULTURAL, SAT IZVORUL AMPOIULUI",177,"ORAŞ ZLATNA",1936,2,PROV,PRCNCT,CJ,CJ_SV,"2020-09-28 03:24:35",419,409,0,7,3,219,209,0,7,3,205,14,451,232,22,2,20,60,83,6,4,4,1,3
1,ALBA,"CĂMIN CULTURAL, SAT VÎLTORI",182,"ORAŞ ZLATNA",1936,1,PROV,PRCNCT,CJ,CJ_SV,"2020-09-28 02:06:18",181,168,0,12,1,115,102,0,12,1,112,3,191,76,9,5,2,12,78,1,2,1,0,2
1,ALBA,"CĂMIN CULTURAL ȘEUȘA",233,CIUGUD,1071,1,PROV,PRCNCT,CJ,CJ_SV,"2020-09-28 00:19:02",696,646,0,6,44,462,412,0,6,44,441,21,708,246,27,5,5,23,302,9,3,9,10,48
1,ALBA,"CĂMIN CULTURAL ȘIBOT",400,ŞIBOT,7810,5,PROV,PRCNCT,CJ,CJ_SV,"2020-09-28 06:50:09",1193,1148,0,24,21,755,710,0,24,21,699,56,1280,525,53,13,53,183,230,87,2,4,32,42
1,ALBA,"CĂMIN CULTURAL ȘILEA",251,FĂRĂU,4302,1,PROV,PRCNCT,CJ,CJ_SV,"2020-09-28 00:59:10",261,248,0,6,7,182,169,0,6,7,152,30,300,118,7,13,3,4,98,2,1,5,0,19
1,ALBA,"CĂMIN CULTURAL SILIVAŞ",266,HOPÂRTA,4703,1,PROV,PRCNCT,CJ,CJ_SV,"2020-09-28 00:22:46",227,225,0,2,0,144,142,0,2,0,134,10,247,103,3,5,0,10,105,5,0,2,0,4
1,ALBA,"CĂMIN CULTURAL ŞPĂLNACA",267,HOPÂRTA,4703,1,PROV,PRCNCT,CJ,CJ_SV,"2020-09-27 22:53:31",152,144,0,5,3,82,74,0,5,3,79,3,161,79,0,0,3,11,62,1,1,0,0,1
1,ALBA,"CĂMIN CULTURAL TĂUNI",429,"VALEA LUNGĂ",8354,2,PROV,PRCNCT,CJ,CJ_SV,"2020-09-28 02:56:04",274,251,0,19,4,173,150,0,19,4,153,20,277,104,9,3,1,10,101,8,0,19,1,1
1,ALBA,"CĂMIN CULTURAL TELEAC",234,CIUGUD,1071,1,PROV,PRCNCT,CJ,CJ_SV,"2020-09-27 23:08:36",342,328,0,3,11,229,215,0,3,11,215,14,375,146,12,6,5,19,145,7,2,4,2,13
1,ALBA,"CĂMIN CULTURAL TURDAŞ",268,HOPÂRTA,4703,1,PROV,PRCNCT,CJ,CJ_SV,"2020-09-27 22:29:56",140,137,0,3,0,80,77,0,3,0,75,5,150,70,3,4,1,11,52,1,2,0,0,1
1,ALBA,"CĂMIN CULTURAL VĂLIȘOARA",294,LIVEZILE,5167,3,PROV,PRCNCT,CJ,CJ_SV,"2020-09-28 06:15:54",141,120,0,17,4,93,72,0,17,4,83,9,130,37,1,3,0,14,62,0,1,0,0,2
1,ALBA,"CĂMIN CULTURAL VAMA SEACĂ",269,HOPÂRTA,4703,1,PROV,PRCNCT,CJ,CJ_SV,"2020-09-27 22:09:10",155,146,0,3,6,107,98,0,3,6,106,1,159,52,4,1,1,7,88,2,0,0,0,3
1,ALBA,"CĂMINUL CULTURAL",223,CERU-BĂCĂINŢI,3841,2,PROV,PRCNCT,CJ,CJ_SV,"2020-09-28 04:05:19",282,214,1,61,6,245,177,1,61,6,226,19,294,49,110,1,1,9,103,0,0,0,0,2
1,ALBA,"CĂMINUL CULTURAL",344,POŞAGA,6468,1,PROV,PRCNCT,CJ,CJ_SV,"2020-09-28 00:40:31",380,346,0,27,7,271,237,0,27,7,265,6,376,105,5,1,2,18,139,7,0,2,1,90
1,ALBA,"CĂMINUL CULTURAL ALBAC",183,ALBAC,2130,1,PROV,PRCNCT,CJ,CJ_SV,"2020-09-28 01:10:58",711,670,1,6,34,474,434,0,6,34,444,30,818,344,10,5,5,68,287,34,5,5,1,24
1,ALBA,"CĂMINUL CULTURAL ALECUŞ",406,ŞONA,7865,1,PROV,PRCNCT,CJ,CJ_SV,"2020-09-27 22:26:40",96,83,0,13,0,41,28,0,13,0,38,3,100,59,3,2,1,6,21,2,1,0,0,2
1,ALBA,"CĂMINUL CULTURAL ALMAȘU MARE - SUSENI",189,"ALMAŞU MARE",2309,2,PROV,PRCNCT,CJ,CJ_SV,"2020-09-28 01:49:23",206,196,0,4,6,155,145,0,4,6,151,4,223,68,38,1,23,6,54,4,3,3,1,18
1,ALBA,"CĂMINUL CULTURAL AVRAM IANCU",197,"AVRAM IANCU",2577,1,PROV,PRCNCT,CJ,CJ_SV,"2020-09-28 02:04:47",622,564,1,17,40,404,347,0,17,40,379,25,669,265,31,0,8,33,245,2,1,44,0,15
1,ALBA,"CĂMINUL CULTURAL BALOMIR",401,ŞIBOT,7810,1,PROV,PRCNCT,CJ,CJ_SV,"2020-09-28 01:13:33",551,525,2,7,17,329,304,1,7,17,315,14,580,251,30,12,27,51,136,11,0,4,13,31
1,ALBA,"CĂMINUL CULTURAL BUCERDEA GRÂNOASĂ",211,"BUCERDEA GRÂNOASĂ",9026,1,PROV,PRCNCT,CJ,CJ_SV,"2020-09-28 02:01:36",1046,1021,0,4,21,694,669,0,4,21,640,54,1156,462,98,155,4,74,261,20,2,10,1,15
1,ALBA,"CĂMINUL CULTURAL CĂPÎLNA DE JOS",288,JIDVEI,5103,1,PROV,PRCNCT,CJ,CJ_SV,"2020-09-27 23:45:32",632,592,0,10,30,358,318,0,10,30,345,13,700,342,20,7,3,29,232,11,1,36,0,6
1,ALBA,"CĂMINUL CULTURAL CIOARA DE SUS",120,"ORAŞ BAIA DE ARIEŞ",2915,2,PROV,PRCNCT,CJ,CJ_SV,"2020-10-01 10:34:11",212,195,0,10,7,126,109,0,10,7,118,8,215,89,10,0,8,21,52,19,2,2,1,3
1,ALBA,"CĂMINUL CULTURAL ”EUGEN CURTA” GALTIU",385,SÂNTIMBRU,7384,1,PROV,PRCNCT,CJ,CJ_SV,"2020-09-28 02:11:11",416,404,0,3,9,246,234,0,3,9,235,11,443,197,4,3,5,55,143,16,1,1,1,6
1,ALBA,"CĂMINUL CULTURAL FEISA",289,JIDVEI,5103,2,PROV,PRCNCT,CJ,CJ_SV,"2020-09-28 03:53:45",665,629,0,10,26,398,362,0,10,26,372,26,700,302,14,6,0,19,308,7,2,7,0,9
1,ALBA,"CĂMINUL CULTURAL GĂBUD",327,NOŞLAC,6048,1,PROV,PRCNCT,CJ,CJ_SV,"2020-09-27 23:32:50",232,220,0,12,0,111,99,0,12,0,103,8,222,111,12,2,0,12,70,2,0,5,0,0
1,ALBA,"CĂMINUL CULTURAL GALDA DE JOS",252,"GALDA DE JOS",4366,1,PROV,PRCNCT,CJ,CJ_SV,"2020-09-28 02:59:45",1576,1552,3,8,13,864,843,0,8,13,833,31,1720,856,121,11,32,166,388,15,9,22,2,67
1,ALBA,"CĂMINUL CULTURAL GEOAGIU DE SUS",398,STREMŢ,7767,1,PROV,PRCNCT,CJ,CJ_SV,"2020-09-28 02:58:03",662,640,1,11,10,404,383,0,11,10,357,36,695,302,18,5,7,129,176,3,3,9,1,6
1,ALBA,"CAMINUL CULTURAL GEOGEL",343,PONOR,6397,1,PROV,PRCNCT,CJ,CJ_SV,"2020-09-28 03:00:03",245,177,0,59,9,201,133,0,59,9,187,14,230,29,22,3,8,20,110,13,1,1,0,9
1,ALBA,"CĂMINUL CULTURAL GEOMAL",399,STREMŢ,7767,1,PROV,PRCNCT,CJ,CJ_SV,"2020-09-27 23:24:33",277,261,0,5,11,189,173,0,5,11,178,11,287,98,6,3,0,107,55,1,2,0,0,4
1,ALBA,"CĂMINUL CULTURAL INURI",437,"VINŢU DE JOS",8826,1,PROV,PRCNCT,CJ,CJ_SV,"2020-09-27 23:28:33",157,146,0,11,0,71,60,0,11,0,67,4,150,79,7,1,1,14,36,3,0,0,0,5
1,ALBA,"CĂMINUL CULTURAL JIDVEI",286,JIDVEI,5103,2,PROV,PRCNCT,CJ,CJ_SV,"2020-09-28 02:11:55",1122,1074,1,14,33,623,578,0,14,31,595,28,1210,587,18,20,10,39,455,8,1,26,3,15
1,ALBA,"CĂMINUL CULTURAL LUNCA AMPOIȚEI",308,METEŞ,5577,1,PROV,PRCNCT,CJ,CJ_SV,"2020-09-28 00:18:14",211,196,2,8,5,154,141,0,8,5,141,13,231,77,7,2,5,35,66,2,0,13,0,11
1,ALBA,"CĂMINUL CULTURAL LUPȘA",304,LUPŞA,5336,1,PROV,PRCNCT,CJ,CJ_SV,"2020-09-28 02:08:21",672,655,0,8,9,466,449,0,8,9,443,23,700,234,50,3,10,86,157,24,0,16,4,93
1,ALBA,"CĂMINUL CULTURAL MERETEU",438,"VINŢU DE JOS",8826,1,PROV,PRCNCT,CJ,CJ_SV,"2020-09-27 23:54:13",174,166,1,7,0,123,116,0,7,0,116,7,183,60,5,2,3,10,45,26,1,8,0,16
1,ALBA,"CĂMINUL CULTURAL MUNCELU",121,"ORAŞ BAIA DE ARIEŞ",2915,1,PROV,PRCNCT,CJ,CJ_SV,"2020-09-28 01:16:40",288,285,0,1,2,166,163,0,1,2,157,9,317,151,25,2,6,37,50,18,2,3,0,14
1,ALBA,"CĂMINUL CULTURAL NECRILEȘTI",285,ÎNTREGALDE,4981,1,PROV,PRCNCT,CJ,CJ_SV,"2020-09-27 23:37:41",152,149,0,2,1,120,117,0,2,1,107,13,161,41,37,0,0,12,47,10,0,0,0,1
1,ALBA,"CĂMINUL CULTURAL OARDA DE JOS",48,"MUNICIPIUL ALBA IULIA",1017,1,PROV,PRCNCT,CJ,CJ_SV,"2020-09-28 00:43:57",1298,1290,3,2,3,513,508,0,2,3,492,21,1422,909,67,8,9,57,217,15,0,30,14,75
1,ALBA,"CĂMINUL CULTURAL OIEJDEA",257,"GALDA DE JOS",4366,1,PROV,PRCNCT,CJ,CJ_SV,"2020-09-28 01:49:59",699,692,1,2,4,351,345,0,2,4,334,17,765,414,57,90,4,41,102,14,1,3,1,21
1,ALBA,"CĂMINUL CULTURAL PĂGIDA",73,"MUNICIPIUL AIUD",1213,3,PROV,PRCNCT,CJ,CJ_SV,"2020-09-28 01:50:04",93,83,0,10,0,48,38,0,10,0,47,1,100,52,5,1,3,2,23,5,1,1,1,5
1,ALBA,"CĂMINUL CULTURAL POIANA AMPOIULUI",313,METEŞ,5577,1,PROV,PRCNCT,CJ,CJ_SV,"2020-09-27 23:13:34",229,214,1,13,1,144,130,0,13,1,124,20,248,104,4,1,2,49,47,15,1,3,0,2
1,ALBA,"CĂMINUL CULTURAL PRESACA AMPOIULUI",309,METEŞ,5577,1,PROV,PRCNCT,CJ,CJ_SV,"2020-09-28 02:01:41",279,263,0,12,4,229,213,0,12,4,215,13,304,76,13,1,6,104,75,7,1,1,1,6
1,ALBA,"CĂMINUL CULTURAL RĂZBOIENI-CETATE",164,"ORAŞ OCNA MUREŞ",1794,1,PROV,PRCNCT,CJ,CJ_SV,"2020-09-28 00:56:16",1073,1069,1,3,0,408,404,1,3,0,398,10,1412,1004,154,15,5,47,148,14,0,5,0,10
1,ALBA,"CĂMINUL CULTURAL RIMETEA",356,RIMETEA,6592,1,PROV,PRCNCT,CJ,CJ_SV,"2020-09-28 02:09:08",465,445,2,9,9,311,293,0,9,9,271,40,505,194,4,187,2,32,39,2,1,1,1,2
1,ALBA,"CĂMINUL CULTURAL SARTĂŞ",122,"ORAŞ BAIA DE ARIEŞ",2915,1,PROV,PRCNCT,CJ,CJ_SV,"2020-09-28 00:17:22",326,316,0,5,5,171,161,0,5,5,162,9,348,177,7,1,5,48,70,19,3,0,0,9
1,ALBA,"CĂMINUL CULTURAL SAT POIANA VADULUI",341,"POIANA VADULUI",6271,1,PROV,PRCNCT,CJ,CJ_SV,"2020-09-28 05:51:01",923,859,0,41,23,649,585,0,41,23,584,65,941,292,44,12,22,154,292,35,4,3,0,18
1,ALBA,"CĂMINUL CULTURAL SCĂRIȘOARA",387,SCĂRIŞOARA,7197,1,PROV,PRCNCT,CJ,CJ_SV,"2020-09-28 04:05:38",628,584,0,11,33,446,402,0,11,33,382,64,662,216,63,10,59,32,173,18,5,3,3,16
1,ALBA,"CĂMINUL CULTURAL SÎNCEL",379,SÂNCEL,7348,2,PROV,PRCNCT,CJ,CJ_SV,"2020-09-28 05:51:14",1359,1327,2,3,27,761,731,0,3,27,709,52,1382,621,30,7,14,76,449,65,5,22,2,39
1,ALBA,"CĂMINUL CULTURAL SOHODOL",395,SOHODOL,7446,1,PROV,PRCNCT,CJ,CJ_SV,"2020-09-28 03:24:31",794,778,0,9,7,478,462,0,9,7,442,36,876,398,39,6,12,99,256,14,2,4,0,10
1,ALBA,"CĂMINUL CULTURAL STREMȚ",397,STREMŢ,7767,1,PROV,PRCNCT,CJ,CJ_SV,"2020-09-28 04:13:19",1213,1169,1,15,28,804,761,0,15,28,762,42,1287,483,28,9,13,250,379,17,7,17,2,40
1,ALBA,"CĂMINUL CULTURAL VESEUŞ",290,JIDVEI,5103,2,PROV,PRCNCT,CJ,CJ_SV,"2020-09-28 05:14:58",790,741,0,8,41,550,501,0,8,41,471,79,813,263,7,19,1,14,410,7,0,11,2,0
1,ALBA,"CĂMINUL CULTURAL VINŢU DE JOS",434,"VINŢU DE JOS",8826,2,PROV,PRCNCT,CJ,CJ_SV,"2020-09-28 03:37:50",1070,1062,1,5,2,643,636,0,5,2,613,30,1177,534,82,12,6,86,256,42,0,38,6,85
1,ALBA,"CĂMINUL CULTURAL VURPĂR",433,"VINŢU DE JOS",8826,1,PROV,PRCNCT,CJ,CJ_SV,"2020-09-28 01:44:52",862,849,2,9,2,518,506,1,9,2,496,22,936,418,40,6,6,102,237,27,3,14,2,59
1,ALBA,"CĂMINUL PENTRU PERSOANE VÂRSTNICE",43,"MUNICIPIUL ALBA IULIA",1017,1,PROV,PRCNCT,CJ,CJ_SV,"2020-09-28 02:30:03",1137,1085,27,20,5,504,479,0,20,5,483,21,1212,708,27,9,15,43,219,18,1,22,12,117
1,ALBA,"CASA DE CULTURĂ A ORAŞULUI CUGIR",144,"ORAŞ CUGIR",1696,1,PROV,PRCNCT,CJ,CJ_SV,"2020-09-28 00:25:18",1299,1291,0,8,0,500,492,0,8,0,482,18,1437,937,15,5,12,106,232,19,6,4,4,79
1,ALBA,"CASA DE CULTURĂ A STUDENŢILOR",6,"MUNICIPIUL ALBA IULIA",1017,1,PROV,PRCNCT,CJ,CJ_SV,"2020-09-28 00:35:37",658,621,15,11,11,248,226,0,11,11,241,7,699,451,7,0,9,35,104,4,2,7,9,64
1,ALBA,"CASA DE CULTURĂ ”ION SÂNGEREANU”",156,"ORAŞ OCNA MUREŞ",1794,2,PROV,PRCNCT,CJ,CJ_SV,"2020-09-28 02:48:18",1245,1231,2,10,2,466,454,0,10,2,446,20,1355,889,12,19,17,52,307,4,2,17,1,15
1,ALBA,"CASA DE CULTURĂ TEIUŞ",165,"ORAŞ TEIUŞ",8096,5,PROV,PRCNCT,CJ,CJ_SV,"2020-09-28 07:42:56",1548,1518,2,21,7,820,792,0,21,7,787,33,1697,877,50,24,59,264,278,37,4,41,3,27
1,ALBA,"CENTRU DE ZI PERSOANE VĂRSTNICE",384,SÂNTIMBRU,7384,1,PROV,PRCNCT,CJ,CJ_SV,"2020-09-27 22:34:56",71,64,0,6,1,43,36,0,6,1,39,4,83,40,0,0,0,4,19,1,0,2,0,13
1,ALBA,"CENTRUL CULTURAL ”IACOB MUREŞIANU’’",80,"MUNICIPIUL BLAJ",1348,1,PROV,PRCNCT,CJ,CJ_SV,"2020-09-28 00:39:46",822,807,2,8,5,355,342,0,8,5,339,16,900,545,10,16,11,48,182,32,1,6,4,29
1,ALBA,"CENTRUL DE ZI PENTRU PERSOANE VÂRSTNICE",1,"MUNICIPIUL ALBA IULIA",1017,1,PROV,PRCNCT,CJ,CJ_SV,"2020-09-28 01:07:05",1663,1642,11,10,0,666,656,0,10,0,648,18,1804,1138,34,9,29,71,266,17,5,31,31,155
1,ALBA,"CLĂDIRE ADMINISTRATIVĂ COLIBI (FOSTA ŞCOALĂ GENERALĂ)",334,OHABA,6164,5,PROV,PRCNCT,CJ,CJ_SV,"2020-09-28 02:07:42",40,28,0,10,2,28,16,0,10,2,26,2,35,7,5,1,0,7,11,0,0,1,0,1
1,ALBA,"CLĂDIRE ADMINISTRATIVĂ (FOSTA ŞCOALĂ GENERALĂ CU CLASELE I-IV) PLAIURI",338,PIANU,6217,2,PROV,PRCNCT,CJ,CJ_SV,"2020-09-28 00:23:33",45,32,0,13,0,24,11,0,13,0,22,2,50,26,1,0,1,3,13,1,1,1,0,1
1,ALBA,"CLĂDIRE ADMINISTRATIVĂ (FOSTĂ ŞCOALA GENERALĂ DOBRA)",413,ŞUGAG,8014,1,PROV,PRCNCT,CJ,CJ_SV,"2020-09-27 23:29:27",449,448,0,0,1,232,231,0,0,1,222,10,600,368,8,2,1,12,167,3,2,2,2,23
1,ALBA,"CLĂDIRE ADMINISTRATIVĂ (FOSTĂ ŞCOALA GENERALĂ POIANA GALDEI)",258,"GALDA DE JOS",4366,1,PROV,PRCNCT,CJ,CJ_SV,"2020-09-27 23:40:57",133,120,0,12,1,87,74,0,12,1,78,9,132,45,24,2,3,13,22,3,5,0,1,5
1,ALBA,"CLĂDIRE ADMINISTRATIVĂ SĂRĂCSĂU (FOSTA ŞCOALĂ GENERALĂ)",403,ŞIBOT,7810,2,PROV,PRCNCT,CJ,CJ_SV,"2020-09-28 01:17:42",171,154,0,15,2,83,66,0,15,2,78,5,170,87,2,1,17,26,24,3,1,0,2,2
1,ALBA,"CLĂDIRE ANEXĂ PRIMĂRIA LOPADEA NOUĂ",297,"LOPADEA NOUĂ",5210,1,PROV,PRCNCT,CJ,CJ_SV,"2020-09-28 00:30:25",433,417,2,2,12,303,287,2,2,12,290,12,485,182,4,54,1,22,199,4,0,3,1,2
1,ALBA,"CLĂDIRE ANEXĂ PRIMĂRIA LOPADEA NOUĂ",300,"LOPADEA NOUĂ",5210,1,PROV,PRCNCT,CJ,CJ_SV,"2020-09-27 22:16:19",58,47,0,11,0,33,22,0,11,0,30,3,55,22,1,2,0,2,23,2,0,0,0,0
1,ALBA,"CLĂDIRE ANEXĂ PRIMĂRIA LOPADEA NOUĂ",299,"LOPADEA NOUĂ",5210,1,PROV,PRCNCT,CJ,CJ_SV,"2020-09-28 01:41:05",558,537,0,5,16,446,425,0,5,16,438,8,622,176,8,5,2,23,387,1,2,2,0,8
1,ALBA,"CLĂDIRE CĂMIN CULTURAL BERGHIN",200,BERGHIN,2988,1,PROV,PRCNCT,CJ,CJ_SV,"2020-09-28 00:10:11",684,683,0,1,0,258,257,0,1,0,237,21,749,491,28,5,9,18,165,4,0,3,0,5
1,ALBA,"CLĂDIRE CĂMIN CULTURAL GHIRBOM",201,BERGHIN,2988,1,PROV,PRCNCT,CJ,CJ_SV,"2020-09-28 00:48:13",409,404,0,5,0,226,221,0,5,0,209,17,444,218,12,4,2,9,170,3,1,0,1,7
1,ALBA,"CLĂDIRE CĂMIN CULTURAL HENIG",199,BERGHIN,2988,1,PROV,PRCNCT,CJ,CJ_SV,"2020-09-27 22:40:24",230,227,0,3,0,98,95,0,3,0,90,8,250,152,21,1,1,10,49,3,0,4,0,1
1,ALBA,"CLĂDIRE CĂMIN CULTURAL LUPU",222,CERGĂU,3805,1,PROV,PRCNCT,CJ,CJ_SV,"2020-09-27 23:21:50",219,199,3,8,9,165,148,0,8,9,149,16,220,55,6,0,4,9,95,2,1,2,1,29
1,ALBA,"CLĂDIRE CĂMIN CULTURAL STRAJA",202,BERGHIN,2988,1,PROV,PRCNCT,CJ,CJ_SV,"2020-09-28 01:46:09",284,283,0,1,0,121,120,0,1,0,115,6,311,190,18,4,2,15,62,5,0,5,0,4
1,ALBA,"CLĂDIRE VESTIAR - BAZA SPORTIVĂ COȘLARIU",381,SÂNTIMBRU,7384,1,PROV,PRCNCT,CJ,CJ_SV,"2020-09-28 00:34:07",381,363,0,5,13,212,194,0,5,13,199,13,420,208,24,1,11,43,104,4,0,10,1,1
1,ALBA,"CLĂRIREA CĂMINUL CULTURAL SÎNTIMBRU",386,SÂNTIMBRU,7384,1,PROV,PRCNCT,CJ,CJ_SV,"2020-09-28 02:12:12",285,271,0,10,4,155,141,0,10,4,151,4,301,146,2,0,7,65,61,0,1,7,2,6
1,ALBA,"COLEGIUL ECONOMIC”DIONISIE POP MARŢIAN”",7,"MUNICIPIUL ALBA IULIA",1017,1,PROV,PRCNCT,CJ,CJ_SV,"2020-09-28 03:15:41",1411,1378,19,11,3,568,554,0,11,3,560,8,1524,956,27,15,37,55,210,22,4,24,15,151
1,ALBA,"COLEGIUL NAŢIONAL ”AVRAM IANCU” CÎMPENI",126,"ORAŞ CÂMPENI",1455,1,PROV,PRCNCT,CJ,CJ_SV,"2020-09-28 04:08:51",899,871,0,24,4,561,533,0,24,4,537,24,963,402,16,5,12,181,263,23,3,10,2,22
1,ALBA,"COLEGIUL NAŢIONAL ”AVRAM IANCU” CÎMPENI",127,"ORAŞ CÂMPENI",1455,1,PROV,PRCNCT,CJ,CJ_SV,"2020-09-28 04:09:25",904,877,0,24,3,584,557,0,24,3,553,31,969,385,23,11,9,164,275,13,3,14,1,40
1,ALBA,"COLEGIUL NAŢIONAL ”DAVID PRODAN” CUGIR",137,"ORAŞ CUGIR",1696,1,PROV,PRCNCT,CJ,CJ_SV,"2020-09-28 00:22:46",1062,1049,2,11,0,375,364,0,11,0,360,15,1184,809,14,7,8,72,166,8,2,17,1,65
1,ALBA,"COLEGIUL NAŢIONAL ”DAVID PRODAN” CUGIR",138,"ORAŞ CUGIR",1696,2,PROV,PRCNCT,CJ,CJ_SV,"2020-09-28 02:23:25",1053,1033,7,13,0,403,390,0,13,0,392,11,1159,756,22,1,6,105,176,5,6,8,3,60
1,ALBA,"COLEGIUL NAŢIONAL „HOREA CLOŞCA ŞI CRIŞAN”",8,"MUNICIPIUL ALBA IULIA",1017,2,PROV,PRCNCT,CJ,CJ_SV,"2020-09-28 03:40:20",1044,1017,12,15,0,392,377,0,15,0,380,12,1117,725,9,31,19,51,133,12,1,17,11,96
1,ALBA,"COLEGIUL NAŢIONAL „HOREA CLOŞCA ŞI CRIŞAN”",10,"MUNICIPIUL ALBA IULIA",1017,1,PROV,PRCNCT,CJ,CJ_SV,"2020-09-28 01:11:22",1448,1433,2,13,0,443,430,0,13,0,422,21,1580,1137,14,8,17,71,168,28,3,14,16,83
1,ALBA,"COLEGIUL NAŢIONAL „HOREA CLOŞCA ŞI CRIŞAN”",11,"MUNICIPIUL ALBA IULIA",1017,1,PROV,PRCNCT,CJ,CJ_SV,"2020-09-27 23:50:07",990,980,2,8,0,279,271,0,8,0,275,4,1088,809,15,2,5,29,119,8,1,10,6,80
1,ALBA,"COLEGIUL NAŢIONAL „HOREA CLOŞCA ŞI CRIŞAN”",9,"MUNICIPIUL ALBA IULIA",1017,3,PROV,PRCNCT,CJ,CJ_SV,"2020-09-28 09:05:21",1648,1617,21,10,0,675,665,0,10,0,657,18,1770,1095,25,3,24,72,297,29,1,24,12,170
1,ALBA,"COLEGIUL NAŢIONAL ”INOCHENTIE MICU CLAIN’’",85,"MUNICIPIUL BLAJ",1348,1,PROV,PRCNCT,CJ,CJ_SV,"2020-09-28 01:06:16",1354,1325,5,8,16,529,505,0,8,16,508,21,1400,871,15,13,13,41,349,29,2,5,6,35
1,ALBA,"COLEGIUL NAŢIONAL ”LUCIAN BLAGA” SEBEŞ",101,"MUNICIPIUL SEBEŞ",1874,1,PROV,PRCNCT,CJ,CJ_SV,"2020-09-28 03:26:32",1297,1277,4,10,6,550,534,0,10,6,528,22,1407,857,29,6,14,69,300,10,2,13,34,51
1,ALBA,"COLEGIUL NAŢIONAL ”LUCIAN BLAGA” SEBEŞ",102,"MUNICIPIUL SEBEŞ",1874,1,PROV,PRCNCT,CJ,CJ_SV,"2020-09-28 03:50:26",1451,1417,22,12,0,626,614,0,12,0,610,16,1565,939,23,5,10,63,383,11,1,20,23,71
1,ALBA,"COLEGIUL NAŢIONAL ”TITU MAIORESCU” AIUD",61,"MUNICIPIUL AIUD",1213,1,PROV,PRCNCT,CJ,CJ_SV,"2020-09-28 03:35:14",1438,1412,1,12,13,569,544,0,12,13,554,15,1550,981,20,72,11,67,231,21,3,7,4,118
1,ALBA,"COLEGIUL TEHNIC AIUD",63,"MUNICIPIUL AIUD",1213,1,PROV,PRCNCT,CJ,CJ_SV,"2020-09-28 00:02:44",715,709,0,6,0,287,281,0,6,0,281,6,780,493,8,30,3,58,120,7,2,3,3,47
1,ALBA,"COLEGIUL TEHNIC AIUD",62,"MUNICIPIUL AIUD",1213,1,PROV,PRCNCT,CJ,CJ_SV,"2020-09-28 02:33:33",805,793,0,12,0,311,299,0,12,0,309,2,900,589,6,38,13,48,125,13,2,7,3,54
1,ALBA,"COLEGIUL TEHNIC „ALEXANDRU DOMSA”",38,"MUNICIPIUL ALBA IULIA",1017,1,PROV,PRCNCT,CJ,CJ_SV,"2020-09-28 03:10:36",1490,1478,3,9,0,538,529,0,9,0,522,16,1651,1113,11,7,24,65,186,30,5,17,11,166
1,ALBA,"COLEGIUL TEHNIC „ALEXANDRU DOMSA”",40,"MUNICIPIUL ALBA IULIA",1017,2,PROV,PRCNCT,CJ,CJ_SV,"2020-09-28 07:26:13",1381,1363,3,15,0,416,401,0,15,0,409,7,1502,1086,26,7,13,42,152,23,4,28,9,105
1,ALBA,"COLEGIUL TEHNIC „ALEXANDRU DOMSA”",39,"MUNICIPIUL ALBA IULIA",1017,1,PROV,PRCNCT,CJ,CJ_SV,"2020-09-28 01:17:32",1589,1581,2,6,0,472,466,0,6,0,466,6,1742,1270,27,12,12,43,191,9,5,34,16,117
1,ALBA,"COLEGIUL TEHNIC ”APULUM”",12,"MUNICIPIUL ALBA IULIA",1017,1,PROV,PRCNCT,CJ,CJ_SV,"2020-09-28 02:08:37",1212,1198,0,13,1,343,329,0,13,1,337,6,1322,979,17,4,14,53,136,15,2,19,12,65
1,ALBA,"COLEGIUL TEHNIC „APULUM”",14,"MUNICIPIUL ALBA IULIA",1017,1,PROV,PRCNCT,CJ,CJ_SV,"2020-09-28 00:48:07",1160,1143,8,9,0,365,356,0,9,0,356,9,1261,896,15,3,10,41,152,11,1,22,11,90
1,ALBA,"COLEGIUL TEHNIC „APULUM”",13,"MUNICIPIUL ALBA IULIA",1017,1,PROV,PRCNCT,CJ,CJ_SV,"2020-09-28 00:46:24",1022,1011,0,11,0,326,315,0,11,0,318,8,1110,784,9,1,15,43,142,9,2,12,8,77
1,ALBA,"COLEGIUL TEHNIC „DORIN PAVEL”",36,"MUNICIPIUL ALBA IULIA",1017,2,PROV,PRCNCT,CJ,CJ_SV,"2020-09-28 06:00:45",895,880,0,14,1,285,270,0,14,1,279,5,965,681,11,1,9,28,137,8,4,19,6,56
1,ALBA,"COLEGIUL TEHNIC „DORIN PAVEL” SCOALA GENERALA NR. 9",35,"MUNICIPIUL ALBA IULIA",1017,2,PROV,PRCNCT,CJ,CJ_SV,"2020-09-28 07:22:14",1409,1396,0,13,0,532,519,0,13,0,517,15,1535,1003,16,10,14,66,201,22,6,11,14,157
1,ALBA,"COLEGIUL TEHNIC ”I.D.LĂZĂRESCU” CUGIR",143,"ORAŞ CUGIR",1696,1,PROV,PRCNCT,CJ,CJ_SV,"2020-09-28 00:15:19",1019,1009,0,10,0,355,345,0,10,0,343,12,1130,775,17,2,3,80,149,7,6,10,5,64
1,ALBA,"CONSILIUL LOCAL AL COMUNEI MOGOŞ",323,MOGOŞ,5826,3,PROV,PRCNCT,CJ,CJ_SV,"2020-09-28 08:00:11",526,488,1,19,18,340,303,0,19,18,313,27,559,219,25,1,1,60,158,26,0,3,1,38
1,ALBA,"CONSILIUL LOCAL OHABA",333,OHABA,6164,1,PROV,PRCNCT,CJ,CJ_SV,"2020-09-28 01:47:17",436,356,0,44,36,305,225,0,44,36,278,27,393,88,23,2,3,75,148,21,1,3,0,2
1,ALBA,"DIRECŢIA SANITAR-VETERINARĂ ŞI PENTRU SIGURANŢA ALIMENTELOR OCNA MUREŞ",157,"ORAŞ OCNA MUREŞ",1794,1,PROV,PRCNCT,CJ,CJ_SV,"2020-09-28 03:56:52",1104,1092,1,11,0,361,350,0,11,0,346,15,1219,858,13,17,12,39,234,4,1,13,0,13
1,ALBA,"FOSTA GRĂDINIŢĂ NR. 1 AIUD",64,"MUNICIPIUL AIUD",1213,6,PROV,PRCNCT,CJ,CJ_SV,"2020-09-28 06:22:14",1470,1458,1,10,1,634,623,0,10,1,598,36,1600,966,24,80,18,73,236,40,6,2,2,117
1,ALBA,"FOSTA ŞCOALĂ CU CLASELE I-IV BRĂDEȘTI",353,RÂMEŢ,6627,1,PROV,PRCNCT,CJ,CJ_SV,"2020-09-27 23:35:18",102,89,0,11,2,73,60,0,11,2,62,11,95,22,0,1,2,41,14,2,1,0,0,1
1,ALBA,"FOSTA ŞCOALĂ CU CLASELE I-IV VALEA INZELULUI",354,RÂMEŢ,6627,1,PROV,PRCNCT,CJ,CJ_SV,"2020-09-27 23:03:44",94,72,0,19,3,66,44,0,19,3,65,1,80,14,1,0,0,31,29,1,1,0,0,2
1,ALBA,"FOSTA ŞCOALĂ CU CLASELE I-IV VALEA MĂNĂSTIRII",355,RÂMEŢ,6627,1,PROV,PRCNCT,CJ,CJ_SV,"2020-09-27 23:10:23",141,128,0,5,8,93,80,0,5,8,82,11,150,57,0,0,0,21,58,2,0,0,0,1
1,ALBA,"FOSTA ŞCOALĂ GENERALĂ GÎMBAŞ",68,"MUNICIPIUL AIUD",1213,1,PROV,PRCNCT,CJ,CJ_SV,"2020-09-27 23:54:23",414,407,0,7,0,160,153,0,7,0,151,9,450,290,7,34,1,15,62,9,1,2,0,20
1,ALBA,"FOSTA ŞCOALĂ GENERALĂ GÎRBOVA DE SUS",70,"MUNICIPIUL AIUD",1213,1,PROV,PRCNCT,CJ,CJ_SV,"2020-09-27 23:03:07",219,212,0,7,0,98,91,0,7,0,95,3,250,152,4,3,3,16,58,3,1,2,0,5
1,ALBA,"FOSTA ŞCOALĂ GENERALĂ GÎRBOVIŢA",71,"MUNICIPIUL AIUD",1213,1,PROV,PRCNCT,CJ,CJ_SV,"2020-09-27 22:32:48",105,96,0,9,0,49,40,0,9,0,49,0,112,63,7,3,1,13,18,4,0,0,0,3
1,ALBA,"FOSTUL SEDIU AL PRIMĂRIEI PONOREL",432,VIDRA,8425,2,PROV,PRCNCT,CJ,CJ_SV,"2020-09-28 08:00:21",732,715,0,6,11,550,533,0,6,11,519,31,715,165,31,11,4,227,183,40,6,6,0,11
1,ALBA,"FOSTUL SEDIU CAP",360,"ROŞIA DE SECAŞ",6930,1,PROV,PRCNCT,CJ,CJ_SV,"2020-09-28 02:24:56",372,347,0,12,13,225,200,0,12,13,216,9,397,172,27,12,19,93,54,0,1,2,3,5
1,ALBA,"FOSTUL SEDIU C.A.P.",335,OHABA,6164,1,PROV,PRCNCT,CJ,CJ_SV,"2020-09-28 00:22:16",163,122,0,21,20,133,92,0,21,20,110,23,150,17,6,1,5,40,51,3,0,1,0,3
1,ALBA,"GARA CFR TEIUŞ",168,"ORAŞ TEIUŞ",8096,1,PROV,PRCNCT,CJ,CJ_SV,"2020-09-28 03:22:24",1051,1034,3,11,3,514,500,0,11,3,489,25,1140,626,42,11,41,153,179,10,4,39,1,9
1,ALBA,"GRĂDINIŢA CU PROGRAM NORMAL BĂRĂBANŢ",44,"MUNICIPIUL ALBA IULIA",1017,1,PROV,PRCNCT,CJ,CJ_SV,"2020-09-27 23:57:00",1030,1006,14,9,1,311,300,1,9,1,302,9,1111,800,16,5,16,44,127,12,1,12,10,59
1,ALBA,"GRĂDINIŢA CU PROGRAM NORMAL BĂRĂBANŢ",45,"MUNICIPIUL ALBA IULIA",1017,1,PROV,PRCNCT,CJ,CJ_SV,"2020-09-28 00:17:35",1259,1256,0,3,0,503,500,0,3,0,487,16,1382,879,29,8,19,54,197,13,2,25,6,134
1,ALBA,"GRĂDINIȚA CU PROGRAM NORMAL CERGĂU MIC",221,CERGĂU,3805,1,PROV,PRCNCT,CJ,CJ_SV,"2020-09-27 23:04:29",275,257,0,7,11,182,164,0,7,11,164,18,282,100,4,3,0,30,102,3,4,0,0,18
1,ALBA,"GRĂDINIŢA CU PROGRAM NORMAL FĂRĂU",247,FĂRĂU,4302,2,PROV,PRCNCT,CJ,CJ_SV,"2020-09-28 02:01:12",479,446,0,8,25,321,288,0,8,25,297,24,530,209,3,9,2,27,243,6,1,1,0,5
1,ALBA,"GRĂDINIŢA CU PROGRAM NORMAL HERIA",248,FĂRĂU,4302,2,PROV,PRCNCT,CJ,CJ_SV,"2020-09-28 00:57:00",240,214,0,14,12,169,143,0,14,12,161,8,200,31,3,13,2,7,94,2,2,1,0,37
1,ALBA,"GRĂDINIŢA CU PROGRAM NORMAL ”IZVOARELE” BLAJ",88,"MUNICIPIUL BLAJ",1348,1,PROV,PRCNCT,CJ,CJ_SV,"2020-09-28 01:17:58",1319,1308,4,6,1,516,509,0,6,1,490,26,1428,912,14,8,8,39,335,40,3,8,1,34
1,ALBA,"GRĂDINIŢA CU PROGRAM NORMAL MĂGINA",72,"MUNICIPIUL AIUD",1213,1,PROV,PRCNCT,CJ,CJ_SV,"2020-09-27 22:38:22",462,452,0,10,0,226,216,0,10,0,219,7,510,284,23,3,6,41,114,12,3,4,0,13
1,ALBA,"GRĂDINIŢA CU PROGRAM NORMAL MICOŞLACA",163,"ORAŞ OCNA MUREŞ",1794,1,PROV,PRCNCT,CJ,CJ_SV,"2020-09-27 23:19:26",264,252,0,12,0,111,99,0,12,0,106,5,277,166,3,3,5,11,72,2,0,9,0,1
1,ALBA,"GRĂDINIŢA CU PROGRAM NORMAL - MIRĂSLĂU",318,MIRĂSLĂU,5755,1,PROV,PRCNCT,CJ,CJ_SV,"2020-09-28 01:56:33",723,715,0,3,5,408,400,0,3,5,382,26,786,378,10,99,11,101,139,8,0,0,0,14
1,ALBA,"GRADINITA CU PROGRAM NORMAL NR. 10",33,"MUNICIPIUL ALBA IULIA",1017,1,PROV,PRCNCT,CJ,CJ_SV,"2020-09-28 03:02:30",1794,1786,0,8,0,596,588,0,8,0,563,33,1968,1372,25,17,13,72,249,38,8,15,12,114
1,ALBA,"GRĂDINIŢA CU PROGRAM NORMAL NR. 10",34,"MUNICIPIUL ALBA IULIA",1017,1,PROV,PRCNCT,CJ,CJ_SV,"2020-09-28 02:03:53",1528,1507,9,12,0,520,508,0,12,0,477,43,1679,1159,16,10,9,65,178,57,9,25,7,101
1,ALBA,"GRĂDINIŢA CU PROGRAM NORMAL NR. 2 - CUGIR",145,"ORAŞ CUGIR",1696,1,PROV,PRCNCT,CJ,CJ_SV,"2020-09-28 01:50:24",1158,1150,1,7,0,490,483,0,7,0,468,22,1289,799,21,2,11,98,216,13,8,7,1,91
1,ALBA,"GRĂDINIŢA CU PROGRAM NORMAL NR. 3",159,"ORAŞ OCNA MUREŞ",1794,1,PROV,PRCNCT,CJ,CJ_SV,"2020-09-28 01:57:42",1450,1443,1,6,0,556,550,0,6,0,536,20,1588,1032,19,26,12,53,367,6,1,18,4,30
1,ALBA,"GRĂDINIŢA CU PROGRAM NORMAL NR. 5",154,"ORAŞ OCNA MUREŞ",1794,1,PROV,PRCNCT,CJ,CJ_SV,"2020-09-28 05:11:37",1361,1355,0,6,0,548,542,0,6,0,521,27,1602,1054,29,38,6,64,328,5,2,30,3,16
1,ALBA,"GRĂDINIŢA CU PROGRAM NORMAL NR.5PARTOŞ",42,"MUNICIPIUL ALBA IULIA",1017,1,PROV,PRCNCT,CJ,CJ_SV,"2020-09-28 00:33:17",846,834,1,11,0,350,339,0,11,0,341,9,920,570,34,2,9,29,126,24,5,17,4,91
1,ALBA,"GRĂDINIŢA CU PROGRAM NORMAL OARDA DE SUS",49,"MUNICIPIUL ALBA IULIA",1017,1,PROV,PRCNCT,CJ,CJ_SV,"2020-09-28 02:22:51",725,716,0,9,0,289,280,0,9,0,284,5,788,499,16,2,11,36,132,15,2,19,2,49
1,ALBA,"GRĂDINIŢA CU PROGRAM NORMAL ”VOINICEL” CUGIR",142,"ORAŞ CUGIR",1696,3,PROV,PRCNCT,CJ,CJ_SV,"2020-09-28 06:09:04",1231,1216,2,13,0,501,488,0,13,0,473,28,1370,869,32,7,10,107,197,8,10,9,4,89
1,ALBA,"GRĂDINIŢA CU PROGRAM PRELUNGIT ”LUMEA COPIILOR” BLAJ",76,"MUNICIPIUL BLAJ",1348,1,PROV,PRCNCT,CJ,CJ_SV,"2020-09-28 00:09:49",622,609,2,11,0,259,248,0,11,0,253,6,700,441,4,4,5,31,185,8,1,4,0,11
1,ALBA,"GRĂDINIŢA CU PROGRAM PRELUNGIT NR.11",19,"MUNICIPIUL ALBA IULIA",1017,1,PROV,PRCNCT,CJ,CJ_SV,"2020-09-28 02:43:24",1260,1242,1,17,0,375,358,0,17,0,360,15,1387,1012,18,4,16,38,146,14,2,22,12,88
1,ALBA,"GRĂDINIŢA CU PROGRAM PRELUNGIT NR.13",25,"MUNICIPIUL ALBA IULIA",1017,2,PROV,PRCNCT,CJ,CJ_SV,"2020-09-28 02:00:36",1231,1219,1,11,0,472,461,0,11,0,462,10,1342,870,22,3,23,61,207,21,2,27,7,89
1,ALBA,"GRĂDINIŢA CU PROGRAM PRELUNGIT NR.13",24,"MUNICIPIUL ALBA IULIA",1017,1,PROV,PRCNCT,CJ,CJ_SV,"2020-09-28 01:12:27",1100,1090,1,9,0,391,382,0,9,0,376,15,1200,809,17,5,11,55,173,18,5,13,9,70
1,ALBA,"GRĂDINIŢA CU PROGRAM PRELUNGIT NR.16",37,"MUNICIPIUL ALBA IULIA",1017,1,PROV,PRCNCT,CJ,CJ_SV,"2020-09-28 02:23:32",1638,1630,0,7,1,499,491,0,7,1,485,14,1799,1300,30,8,15,40,207,27,1,28,8,121
1,ALBA,"GRĂDINIŢA CU PROGRAM PRELUNGIT NR. 2 AIUD",60,"MUNICIPIUL AIUD",1213,1,PROV,PRCNCT,CJ,CJ_SV,"2020-09-28 00:07:20",1311,1293,1,16,1,511,494,0,16,1,506,5,1400,889,12,34,13,121,200,23,4,3,2,94
1,ALBA,"GRĂDINIŢA CU PROGRAM PRELUNGIT NR.9",15,"MUNICIPIUL ALBA IULIA",1017,2,PROV,PRCNCT,CJ,CJ_SV,"2020-09-28 00:19:41",1378,1362,2,14,0,423,409,0,14,0,410,13,1504,1081,11,5,15,50,179,18,4,28,7,93
1,ALBA,"GRĂDINIŢA CU PROGRAM PRELUNGIT ”PRIMII PAŞI” AIUD",55,"MUNICIPIUL AIUD",1213,6,PROV,PRCNCT,CJ,CJ_SV,"2020-09-28 08:46:17",1084,1066,2,9,7,457,441,0,9,7,439,18,1170,713,14,52,3,87,188,21,8,3,3,60
1,ALBA,"GRĂDINIŢA CU PROGRAM PRELUNGIT ”PRIMII PAŞI” AIUD",54,"MUNICIPIUL AIUD",1213,1,PROV,PRCNCT,CJ,CJ_SV,"2020-09-28 02:40:01",959,936,5,16,2,360,342,0,16,2,348,12,1030,670,14,74,11,39,135,17,2,4,7,45
1,ALBA,"GRĂDINIŢA CU PROGRAM PRELUNGIT STEP BY STEP NR.12",20,"MUNICIPIUL ALBA IULIA",1017,1,PROV,PRCNCT,CJ,CJ_SV,"2020-09-28 01:04:43",1070,1051,3,16,0,392,374,2,16,0,384,8,1161,769,12,9,19,59,148,16,1,23,11,86
1,ALBA,"GRĂDINIŢA CU PROGRAM PRELUNGIT STEP BY STEP NR.12",21,"MUNICIPIUL ALBA IULIA",1017,1,PROV,PRCNCT,CJ,CJ_SV,"2020-09-28 01:45:40",1063,1049,2,12,0,402,389,1,12,0,391,11,1175,773,10,5,26,62,164,18,4,21,2,79
1,ALBA,"GRADINIŢA DE COPII CU PROGRAM NORMAL ICLOD",378,SÂNCEL,7348,1,PROV,PRCNCT,CJ,CJ_SV,"2020-09-27 23:34:34",325,315,0,9,1,130,120,0,9,1,117,13,400,270,47,2,2,9,41,8,1,2,0,5
1,ALBA,"GRUP ȘCOLAR DE TURISM ARIEȘENI",193,ARIEŞENI,2381,1,PROV,PRCNCT,CJ,CJ_SV,"2020-09-28 00:36:35",648,603,0,19,26,524,480,0,19,25,504,20,653,129,27,3,11,180,270,5,1,1,2,4
1,ALBA,"GRUP ȘCOLAR DE TURISM ARIEȘENI",194,ARIEŞENI,2381,1,PROV,PRCNCT,CJ,CJ_SV,"2020-09-28 06:48:09",587,541,0,15,31,492,446,0,15,31,458,34,585,93,32,13,12,135,250,8,3,2,0,3
1,ALBA,"INTERNAT ŞCOLAR - OCOLIŞ",329,OCOLIŞ,6119,1,PROV,PRCNCT,CJ,CJ_SV,"2020-09-28 02:58:11",285,253,1,19,12,207,176,0,19,12,193,14,275,68,7,7,0,18,140,5,0,2,0,14
1,ALBA,"LICEUL CORNELIU MEDREA ZLATNA",174,"ORAŞ ZLATNA",1936,2,PROV,PRCNCT,CJ,CJ_SV,"2020-09-28 05:18:39",1374,1346,2,23,3,607,581,0,23,3,588,19,1485,878,65,10,26,91,288,49,4,14,4,37
1,ALBA,"LICEUL CU PROGRAM SPORTIV",26,"MUNICIPIUL ALBA IULIA",1017,1,PROV,PRCNCT,CJ,CJ_SV,"2020-09-28 00:02:19",1372,1353,3,14,2,459,443,0,14,2,445,14,1516,1057,19,6,14,58,199,13,6,16,15,99
1,ALBA,"LICEUL CU PROGRAM SPORTIV",27,"MUNICIPIUL ALBA IULIA",1017,1,PROV,PRCNCT,CJ,CJ_SV,"2020-09-28 02:13:48",1385,1373,1,10,1,521,510,0,10,1,512,9,1514,993,27,8,23,69,214,17,7,24,13,110
1,ALBA,"LICEUL CU PROGRAM SPORTIV",28,"MUNICIPIUL ALBA IULIA",1017,1,PROV,PRCNCT,CJ,CJ_SV,"2020-09-28 03:34:55",1401,1380,8,12,1,520,506,1,12,1,509,11,1535,1015,24,6,21,58,212,16,6,19,9,138
1,ALBA,"LICEUL CU PROGRAM SPORTIV",29,"MUNICIPIUL ALBA IULIA",1017,1,PROV,PRCNCT,CJ,CJ_SV,"2020-09-28 01:56:48",1081,1071,0,10,0,364,354,0,10,0,359,5,1176,812,14,4,13,44,148,21,4,19,7,85
1,ALBA,"LICEUL CU PROGRAM SPORTIV SEBEŞ",99,"MUNICIPIUL SEBEŞ",1874,1,PROV,PRCNCT,CJ,CJ_SV,"2020-09-28 00:33:28",1394,1362,20,12,0,530,518,0,12,0,516,14,1536,1006,28,5,6,96,290,12,1,5,19,54
1,ALBA,"LICEUL CU PROGRAM SPORTIV SEBEŞ",97,"MUNICIPIUL SEBEŞ",1874,1,PROV,PRCNCT,CJ,CJ_SV,"2020-09-28 01:55:47",1500,1485,3,11,1,611,599,0,11,1,585,25,1667,1057,35,5,8,103,340,16,1,13,20,44
1,ALBA,"LICEUL CU PROGRAM SPORTIV SEBEŞ",98,"MUNICIPIUL SEBEŞ",1874,1,PROV,PRCNCT,CJ,CJ_SV,"2020-09-28 00:54:53",1466,1440,10,13,3,606,590,0,13,3,580,26,1638,1032,25,12,4,86,311,16,4,23,34,65
1,ALBA,"LICEUL ”DR. LAZĂR CHIRILĂ”",118,"ORAŞ BAIA DE ARIEŞ",2915,1,PROV,PRCNCT,CJ,CJ_SV,"2020-09-28 01:18:16",620,606,0,10,4,339,325,0,10,4,316,23,667,328,11,3,7,72,155,53,3,2,3,7
1,ALBA,"LICEUL ”HOREA, CLOŞCA ŞI CRIŞAN” ABRUD",115,"ORAŞ ABRUD",1151,1,PROV,PRCNCT,CJ,CJ_SV,"2020-09-28 03:56:11",1046,1025,0,20,1,509,488,0,20,1,479,30,1127,618,14,2,21,148,191,25,5,19,1,53
1,ALBA,"LICEUL TEHNOLOGIC AGRICOL ”ALEXANDRU BORZA” CIUMBRUD",67,"MUNICIPIUL AIUD",1213,1,PROV,PRCNCT,CJ,CJ_SV,"2020-09-28 01:44:31",1075,1067,0,8,0,447,439,0,8,0,418,29,1170,723,8,87,6,87,140,25,8,7,1,49
1,ALBA,"LICEUL TEHNOLOGIC SEBEŞ",94,"MUNICIPIUL SEBEŞ",1874,1,PROV,PRCNCT,CJ,CJ_SV,"2020-09-28 02:53:11",1639,1614,5,14,6,681,661,0,14,6,654,27,1783,1102,37,3,10,100,384,8,1,20,30,61
1,ALBA,"LICEUL TEHNOLOGIC SEBEŞ",96,"MUNICIPIUL SEBEŞ",1874,1,PROV,PRCNCT,CJ,CJ_SV,"2020-09-28 03:18:42",995,983,1,9,2,386,375,0,9,2,371,15,1098,712,25,3,3,42,222,11,0,16,16,33
1,ALBA,"LICEUL TEHNOLOGIC SEBEŞ",95,"MUNICIPIUL SEBEŞ",1874,2,PROV,PRCNCT,CJ,CJ_SV,"2020-09-28 11:50:53",1080,1053,13,13,1,494,480,0,13,1,448,46,1165,671,21,6,4,119,214,16,4,9,13,42
1,ALBA,"LICEUL TEHNOLOGIC SEBEŞ",93,"MUNICIPIUL SEBEŞ",1874,1,PROV,PRCNCT,CJ,CJ_SV,"2020-09-28 03:28:21",1436,1416,1,15,4,673,654,0,15,4,490,183,1587,914,10,9,3,110,307,4,5,29,11,2
1,ALBA,"LICEUL TEHNOLOGIC ”ŞTEFAN MANCIULEA” BLAJ",81,"MUNICIPIUL BLAJ",1348,2,PROV,PRCNCT,CJ,CJ_SV,"2020-09-28 15:40:21",681,641,14,11,15,283,256,1,11,15,273,7,800,517,7,3,7,33,185,14,1,2,5,16
1,ALBA,"LICEUL TEHNOLOGIC ”TIMOTEI CIPARIU”",84,"MUNICIPIUL BLAJ",1348,1,PROV,PRCNCT,CJ,CJ_SV,"2020-09-28 02:23:09",1451,1443,2,4,2,643,636,1,4,2,633,10,1500,857,20,21,19,60,404,47,5,7,2,48
1,ALBA,"LICEUL TEORETIC ”PETRU MAIOR”",158,"ORAŞ OCNA MUREŞ",1794,1,PROV,PRCNCT,CJ,CJ_SV,"2020-09-28 01:57:19",1319,1308,2,9,0,464,455,0,9,0,435,29,1454,990,13,40,10,45,291,2,3,19,0,12
1,ALBA,"LICEUL TEORETIC TEIUŞ",167,"ORAŞ TEIUŞ",8096,1,PROV,PRCNCT,CJ,CJ_SV,"2020-09-28 04:25:42",1469,1438,2,15,14,756,727,0,15,14,741,15,1616,860,66,26,54,232,255,24,3,40,9,32
1,ALBA,"LOCUINȚE SOCIALE - CĂRPINIȘ",364,"ROŞIA MONTANĂ",6761,2,PROV,PRCNCT,CJ,CJ_SV,"2020-09-28 12:33:46",675,657,0,13,5,441,423,0,13,5,419,22,730,289,22,6,25,94,175,69,5,14,4,5
1,ALBA,"PIAŢA AGROALIMENTARĂ",75,"MUNICIPIUL BLAJ",1348,1,PROV,PRCNCT,CJ,CJ_SV,"2020-09-28 01:48:34",1021,1012,9,0,0,402,402,0,0,0,389,13,1100,698,13,9,15,29,249,34,2,12,3,23
1,ALBA,"PRIMĂRIA CENADE",219,CENADE,3761,1,PROV,PRCNCT,CJ,CJ_SV,"2020-09-28 00:41:37",780,746,1,6,27,452,419,0,6,27,427,25,850,398,11,4,3,17,355,30,1,3,0,3
1,ALBA,"PRIMARIA COMUNEI ALMSU MARE",188,"ALMAŞU MARE",2309,1,PROV,PRCNCT,CJ,CJ_SV,"2020-09-28 05:28:24",337,317,1,17,2,260,241,0,17,2,248,12,363,103,62,0,18,35,95,13,2,1,2,20
1,ALBA,"PRIMARIA COMUNEI BLANDIANA",208,BLANDIANA,3397,1,PROV,PRCNCT,CJ,CJ_SV,"2020-09-28 01:11:19",503,458,1,16,28,337,295,0,15,27,314,23,475,138,18,11,6,91,162,7,3,3,1,12
1,ALBA,"PRIMĂRIA COMUNEI CÎLNIC",217,CÂLNIC,4106,2,PROV,PRCNCT,CJ,CJ_SV,"2020-09-28 09:26:34",1227,1167,2,44,14,842,783,1,44,14,722,120,1285,443,191,17,11,140,274,9,4,5,10,61
1,ALBA,"PRIMĂRIA COMUNEI CIURULEASA",236,CIURULEASA,4008,1,PROV,PRCNCT,CJ,CJ_SV,"2020-09-28 04:43:28",585,542,0,22,21,435,392,0,22,21,394,41,638,203,18,4,6,237,81,16,6,9,0,17
1,ALBA,"PRIMĂRIA COMUNEI CRĂCIUNELU DE JOS",237,"CRĂCIUNELU DE JOS",4188,1,PROV,PRCNCT,CJ,CJ_SV,"2020-09-28 01:04:23",879,856,0,8,15,543,520,0,8,15,512,31,887,344,108,13,26,36,263,10,3,6,4,43
1,ALBA,"PRIMĂRIA COMUNEI GÂRBOVA",259,GÂRBOVA,4482,1,PROV,PRCNCT,CJ,CJ_SV,"2020-09-28 04:28:31",1214,1180,5,9,20,776,747,0,9,20,696,80,1223,447,70,18,5,252,332,2,3,3,1,10
1,ALBA,"PRIMĂRIA COMUNEI IGHIU",276,IGHIU,4927,2,PROV,PRCNCT,CJ,CJ_SV,"2020-09-28 06:54:48",1194,1182,3,4,5,719,709,1,4,5,699,20,1527,808,45,13,14,121,391,6,4,15,0,90
1,ALBA,"PRIMARIA COMUNEI PONOR",342,PONOR,6397,1,PROV,PRCNCT,CJ,CJ_SV,"2020-09-28 04:34:25",413,348,0,53,12,314,249,0,53,12,295,19,350,36,8,3,71,42,152,9,1,2,0,7
1,ALBA,"PRIMĂRIA COMUNEI RÎMEŢ",352,RÂMEŢ,6627,1,PROV,PRCNCT,CJ,CJ_SV,"2020-09-27 23:25:29",202,176,0,20,6,131,105,0,20,6,114,17,180,49,4,1,1,59,41,4,2,0,0,2
1,ALBA,"PRIMARIA COMUNEI ROȘIA MONTANĂ",363,"ROŞIA MONTANĂ",6761,1,PROV,PRCNCT,CJ,CJ_SV,"2020-09-28 04:30:39",692,668,0,13,11,450,426,0,13,11,416,34,740,290,51,6,13,105,151,25,14,12,2,37
1,ALBA,"PRIMĂRIA COMUNEI SÎNTIMBRU",383,SÂNTIMBRU,7384,2,PROV,PRCNCT,CJ,CJ_SV,"2020-09-28 04:52:16",862,840,0,5,17,548,526,0,5,17,529,19,942,394,17,8,1,171,289,9,4,5,1,24
1,ALBA,"PRIMĂRIA COMUNEI ŞPRING",409,ŞPRING,7945,1,PROV,PRCNCT,CJ,CJ_SV,"2020-09-28 03:14:26",663,578,1,45,39,471,391,0,43,37,454,17,635,164,6,6,2,30,192,16,1,195,0,6
1,ALBA,"PRIMĂRIA COMUNEI ŞUGAG",415,ŞUGAG,8014,2,PROV,PRCNCT,CJ,CJ_SV,"2020-09-28 11:07:59",1429,1408,4,2,15,852,835,0,2,15,788,64,1345,493,43,8,27,40,609,6,3,8,2,42
1,ALBA,"PRIMĂRIA COMUNEI VIDRA",430,VIDRA,8425,1,PROV,PRCNCT,CJ,CJ_SV,"2020-09-28 00:43:51",229,215,0,11,3,229,215,0,11,3,197,32,341,112,19,2,7,45,113,5,0,3,0,3
1,ALBA,"PRIMĂRIA DAIA ROMÂNĂ",243,"DAIA ROMÂNĂ",4240,1,PROV,PRCNCT,CJ,CJ_SV,"2020-09-28 00:24:43",1053,1050,0,1,2,663,660,0,1,2,625,38,1152,489,53,10,1,43,492,6,2,5,0,13
1,ALBA,"PRIMĂRIA DAIA ROMÂNĂ",244,"DAIA ROMÂNĂ",4240,1,PROV,PRCNCT,CJ,CJ_SV,"2020-09-28 00:05:21",1507,1498,0,2,7,843,834,0,2,7,779,64,1653,810,52,11,1,53,640,4,3,3,6,6
1,ALBA,"PRIMĂRIA LOPADEA NOUĂ",295,"LOPADEA NOUĂ",5210,1,PROV,PRCNCT,CJ,CJ_SV,"2020-09-28 00:33:17",820,781,0,5,34,663,624,0,5,34,640,23,907,244,6,481,1,3,148,1,0,0,0,0
1,ALBA,"PRIMĂRIA NOSLAC",326,NOŞLAC,6048,1,PROV,PRCNCT,CJ,CJ_SV,"2020-09-28 01:10:40",979,967,0,6,6,509,497,0,6,6,478,31,1000,491,61,33,5,52,271,7,3,35,4,7
1,ALBA,"PRIMĂRIA ORAŞULUI CÎMPENI",123,"ORAŞ CÂMPENI",1455,1,PROV,PRCNCT,CJ,CJ_SV,"2020-09-28 04:15:44",1315,1278,0,19,18,882,845,0,19,18,798,84,1406,524,36,6,25,302,348,26,12,8,3,32
1,ALBA,"PRIMĂRIA ROŞIA DE SECAŞ",359,"ROŞIA DE SECAŞ",6930,3,PROV,PRCNCT,CJ,CJ_SV,"2020-09-28 07:40:58",601,553,3,21,24,412,369,0,21,22,370,42,647,235,58,12,26,127,130,6,4,1,1,5
1,ALBA,"PRIMĂRIA VALEA LUNGĂ",425,"VALEA LUNGĂ",8354,3,PROV,PRCNCT,CJ,CJ_SV,"2020-09-28 09:42:22",1649,1553,1,61,34,1069,974,0,61,34,975,94,1703,634,91,36,16,28,362,92,0,336,2,12
1,ALBA,"REFUGIU TURISTIC VALEA BARNII",325,MOGOŞ,5826,1,PROV,PRCNCT,CJ,CJ_SV,"2020-09-28 00:46:16",144,132,0,8,4,90,78,0,8,4,80,10,145,55,6,0,0,13,44,13,0,1,0,3
1,ALBA,"SALA DE FESTIVITĂŢI DIN SÎNCRAI",74,"MUNICIPIUL AIUD",1213,1,PROV,PRCNCT,CJ,CJ_SV,"2020-09-28 04:10:52",575,569,0,6,0,241,235,0,6,0,231,10,626,385,13,41,3,50,91,7,4,1,1,20
1,ALBA,"SALA DE FESTIVITĂŢI MESENTEA",256,"GALDA DE JOS",4366,1,PROV,PRCNCT,CJ,CJ_SV,"2020-09-27 23:14:56",216,207,0,9,0,124,115,0,9,0,122,2,225,101,12,4,6,20,62,4,2,3,0,9
1,ALBA,"SALA DE ÎNTRUNIRI",241,CRICĂU,4142,1,PROV,PRCNCT,CJ,CJ_SV,"2020-09-28 00:12:09",327,307,0,6,14,244,224,0,6,14,239,5,341,97,4,2,0,9,138,80,0,0,0,6
1,ALBA,"SALA MULTIFUNCȚIONALĂ BIIA",407,ŞONA,7865,1,PROV,PRCNCT,CJ,CJ_SV,"2020-09-28 02:11:25",983,945,0,11,27,622,584,0,11,27,601,21,1057,435,18,37,17,16,425,67,0,3,0,18
1,ALBA,"SALA PAROHIALĂ SIBIŞENI",436,"VINŢU DE JOS",8826,2,PROV,PRCNCT,CJ,CJ_SV,"2020-09-28 06:15:00",596,585,1,8,2,332,322,0,8,2,317,15,644,312,15,3,2,62,168,15,4,12,4,32
1,ALBA,"SC FLORIDA IMPEX SRL",41,"MUNICIPIUL ALBA IULIA",1017,1,PROV,PRCNCT,CJ,CJ_SV,"2020-09-28 02:26:47",2003,1961,23,17,2,872,851,2,17,2,857,15,2157,1285,23,3,41,99,342,48,7,27,17,250
1,ALBA,"SC HIDROCONSTRUCȚIA SA SEBEȘ PUNCT DE LUCRU SAT LAZURI",396,SOHODOL,7446,2,PROV,PRCNCT,CJ,CJ_SV,"2020-09-28 00:09:39",188,184,0,4,0,125,121,0,4,0,118,7,200,75,3,1,2,25,84,2,1,0,0,0
1,ALBA,"ȘCOALA CU CLASELE I-IV - CORNA",365,"ROŞIA MONTANĂ",6761,1,PROV,PRCNCT,CJ,CJ_SV,"2020-09-28 00:21:14",139,126,0,13,0,103,90,0,13,0,97,6,155,52,4,0,1,31,39,14,3,0,1,4
1,ALBA,"ȘCOALA CU CLASELE I-IV DEALU GEOAGIULUI",283,ÎNTREGALDE,4981,1,PROV,PRCNCT,CJ,CJ_SV,"2020-09-27 23:39:34",99,89,0,10,0,78,68,0,10,0,72,6,95,17,14,0,0,11,45,1,0,0,0,1
1,ALBA,"ȘCOALA CU CLASELE I-IV GHIONCANI",284,ÎNTREGALDE,4981,1,PROV,PRCNCT,CJ,CJ_SV,"2020-09-27 23:44:43",61,54,0,7,0,46,39,0,7,0,44,2,57,11,12,0,0,4,8,14,1,1,0,4
1,ALBA,"ŞCOALA CU CLASELE I-IV - GURA ROȘIEI",361,"ROŞIA MONTANĂ",6761,1,PROV,PRCNCT,CJ,CJ_SV,"2020-09-28 06:44:53",661,647,0,10,4,496,482,0,10,4,433,63,710,214,15,12,13,95,136,133,17,7,1,4
1,ALBA,"ȘCOALA CU CLASELE I-IV - LUNCA",345,POŞAGA,6468,1,PROV,PRCNCT,CJ,CJ_SV,"2020-09-28 00:10:31",141,117,0,18,6,98,74,0,18,6,92,6,129,31,0,0,1,23,52,1,0,0,2,13
1,ALBA,"ȘCOALA CU CLASELE I-IV - ORĂȘTI",346,POŞAGA,6468,1,PROV,PRCNCT,CJ,CJ_SV,"2020-09-27 23:20:05",111,98,0,10,3,92,79,0,10,3,88,4,116,24,8,2,2,6,60,3,0,4,0,3
1,ALBA,"ŞCOALA CU CLASELE I-IV RĂCĂTĂU",210,BLANDIANA,3397,1,PROV,PRCNCT,CJ,CJ_SV,"2020-09-27 23:21:58",36,27,0,9,0,29,20,0,9,0,28,1,40,11,1,0,1,4,18,1,1,0,1,1
1,ALBA,"ŞCOALA CU CLASELE I-IV, SAT BUTEŞTI",324,MOGOŞ,5826,1,PROV,PRCNCT,CJ,CJ_SV,"2020-09-27 23:43:59",63,48,0,14,1,51,36,0,14,1,50,1,57,6,4,0,0,15,24,3,0,2,0,2
1,ALBA,"ŞCOALA CU CLASELE I-IV - VÎRTOP",362,"ROŞIA MONTANĂ",6761,1,PROV,PRCNCT,CJ,CJ_SV,"2020-09-28 03:34:47",194,187,0,7,0,143,136,0,7,0,138,5,200,57,9,2,3,38,59,9,10,4,0,4
1,ALBA,"ŞCOALA GENERALĂ CISTEIU DE MUREŞ",162,"ORAŞ OCNA MUREŞ",1794,1,PROV,PRCNCT,CJ,CJ_SV,"2020-09-27 23:55:28",553,546,0,7,0,174,167,0,7,0,162,12,604,430,7,11,4,14,111,2,0,9,0,4
1,ALBA,"SCOALA GENERALA CRĂCIUNELU DE SUS",226,"CETATEA DE BALTĂ",3958,1,PROV,PRCNCT,CJ,CJ_SV,"2020-09-27 22:54:52",89,68,2,15,4,65,44,2,15,4,60,5,77,12,2,1,1,2,49,0,2,2,0,1
1,ALBA,"ŞCOALA GENERALĂ CU CLASELE I-VIII",117,"ORAŞ BAIA DE ARIEŞ",2915,1,PROV,PRCNCT,CJ,CJ_SV,"2020-09-28 00:24:27",854,840,0,10,4,386,372,0,10,4,368,18,927,541,23,4,11,79,146,76,1,7,3,18
1,ALBA,"ŞCOALA GENERALĂ CU CLASELE I-VIII",116,"ORAŞ BAIA DE ARIEŞ",2915,1,PROV,PRCNCT,CJ,CJ_SV,"2020-09-28 04:22:44",947,889,0,32,26,539,483,0,32,24,504,35,979,440,25,9,32,127,180,91,5,8,1,26
1,ALBA,"SCOALA GENERALA SÎNTĂMĂRIE",227,"CETATEA DE BALTĂ",3958,1,PROV,PRCNCT,CJ,CJ_SV,"2020-09-27 23:08:46",251,233,0,12,6,132,114,0,12,6,126,6,264,132,6,22,1,18,72,1,0,3,0,3
1,ALBA,"ŞCOALA GENERALĂ STÎNA DE MUREŞ",328,NOŞLAC,6048,1,PROV,PRCNCT,CJ,CJ_SV,"2020-09-27 23:16:10",315,303,1,10,1,153,142,0,10,1,142,11,397,244,13,34,2,7,80,3,0,3,0,0
1,ALBA,"ŞCOALA GIMNAZIALĂ AMPOIŢA",311,METEŞ,5577,1,PROV,PRCNCT,CJ,CJ_SV,"2020-09-28 03:11:03",617,593,1,20,3,411,388,0,20,3,396,15,650,239,5,2,41,52,273,4,2,5,0,12
1,ALBA,"ŞCOALA GIMNAZIALĂ ”ARON COTRUŞ” CERGĂU MARE",220,CERGĂU,3805,1,PROV,PRCNCT,CJ,CJ_SV,"2020-09-28 01:55:33",822,781,2,8,31,598,557,2,8,31,569,29,900,302,9,1,66,58,360,2,2,5,2,64
1,ALBA,"ŞCOALA GIMNAZIALĂ ”AUGUSTIN BENA” PIANU DE JOS",337,PIANU,6217,1,PROV,PRCNCT,CJ,CJ_SV,"2020-09-28 04:10:15",1103,1069,4,8,22,563,533,0,8,22,513,50,1207,644,22,5,19,67,317,6,6,47,6,18
1,ALBA,"ŞCOALĂ GIMNAZIALĂ „AVRAM IANCU”",4,"MUNICIPIUL ALBA IULIA",1017,2,PROV,PRCNCT,CJ,CJ_SV,"2020-09-28 08:14:32",1318,1301,5,10,2,515,503,0,10,2,510,5,1419,904,20,0,16,41,285,21,4,19,0,104
1,ALBA,"ŞCOALĂ GIMNAZIALĂ „AVRAM IANCU”",5,"MUNICIPIUL ALBA IULIA",1017,1,PROV,PRCNCT,CJ,CJ_SV,"2020-09-28 01:57:45",973,949,7,16,1,377,360,0,16,1,364,13,1044,667,19,5,12,52,152,10,6,16,6,86
1,ALBA,"ŞCOALA GIMNAZIALĂ ”AVRAM IANCU” ABRUD",112,"ORAŞ ABRUD",1151,5,PROV,PRCNCT,CJ,CJ_SV,"2020-09-28 07:18:33",1149,1122,0,23,4,658,631,0,23,4,619,39,1234,576,30,13,22,243,230,27,4,14,2,34
1,ALBA,"ŞCOALA GIMNAZIALĂ ”AVRAM IANCU” GRADINIȚA CU PROGRAM NORMAL NR. 1 ABRUD",113,"ORAŞ ABRUD",1151,4,PROV,PRCNCT,CJ,CJ_SV,"2020-09-28 06:05:30",1084,1068,1,9,6,559,544,0,9,6,526,33,1174,615,11,22,16,175,219,29,3,9,4,38
1,ALBA,"ȘCOALA GIMNAZIALĂ ”AVRAM IANCU” GRĂDINIŢA CU PROGRAM PRELUNGIT NR.1 ABRUD",114,"ORAŞ ABRUD",1151,1,PROV,PRCNCT,CJ,CJ_SV,"2020-09-28 05:04:50",1310,1284,0,22,4,618,592,0,22,4,590,28,1412,794,18,6,14,182,226,63,4,15,9,53
1,ALBA,"ŞCOALA GIMNAZIALĂ ”AVRAM IANCU” UNIREA",417,UNIREA,8158,1,PROV,PRCNCT,CJ,CJ_SV,"2020-09-28 05:06:07",799,773,0,8,18,431,405,0,8,18,389,16,870,465,19,113,1,46,115,3,1,5,2,84
1,ALBA,"ŞCOALA GIMNAZIALĂ ”AVRAM IANCU” UNIREA",416,UNIREA,8158,1,PROV,PRCNCT,CJ,CJ_SV,"2020-09-28 02:31:33",1020,967,2,12,39,421,370,0,12,39,376,45,1051,630,13,96,3,38,155,4,1,1,3,62
1,ALBA,"ŞCOALA GIMNAZIALĂ „ AVRAM IANCU” ZLATNA",173,"ORAŞ ZLATNA",1936,3,PROV,PRCNCT,CJ,CJ_SV,"2020-09-28 04:40:46",971,955,0,9,7,503,487,0,9,7,482,21,1062,559,36,4,26,79,254,33,5,8,2,35
1,ALBA,"ŞCOALA GIMNAZIALĂ „ AVRAM IANCU” ZLATNA",172,"ORAŞ ZLATNA",1936,2,PROV,PRCNCT,CJ,CJ_SV,"2020-09-28 12:42:33",1203,1189,1,10,3,567,554,0,10,3,538,29,1310,743,45,13,42,110,255,24,0,9,6,34
1,ALBA,"ŞCOALA GIMNAZIALĂ ”AXENTE SEVER” AIUD",57,"MUNICIPIUL AIUD",1213,1,PROV,PRCNCT,CJ,CJ_SV,"2020-09-28 02:28:18",1225,1220,2,3,0,421,418,0,3,0,402,19,1360,939,13,64,9,72,152,20,1,4,1,66
1,ALBA,"ŞCOALA GIMNAZIALĂ ”AXENTE SEVER” AIUD",58,"MUNICIPIUL AIUD",1213,2,PROV,PRCNCT,CJ,CJ_SV,"2020-09-28 04:05:56",1158,1148,0,10,0,443,433,0,10,0,421,22,1300,857,28,50,7,75,161,19,6,3,3,69
1,ALBA,"ŞCOALA GIMNAZIALĂ ”AXENTE SEVER” AIUD",59,"MUNICIPIUL AIUD",1213,1,PROV,PRCNCT,CJ,CJ_SV,"2020-09-28 01:12:40",433,420,0,13,0,433,420,0,13,0,413,20,1250,817,18,45,9,79,151,25,1,9,4,72
1,ALBA,"ȘCOALA GIMNAZIALĂ ”AXENTE SEVER” AIUD",56,"MUNICIPIUL AIUD",1213,1,PROV,PRCNCT,CJ,CJ_SV,"2020-09-28 02:06:35",1295,1278,0,15,2,468,451,0,15,2,442,26,1400,932,16,34,6,77,185,26,3,3,2,90
1,ALBA,"ŞCOALA GIMNAZIALĂ ”AXENTE SEVER” MĂNĂRADE",89,"MUNICIPIUL BLAJ",1348,1,PROV,PRCNCT,CJ,CJ_SV,"2020-09-28 01:10:43",914,881,1,9,23,428,395,1,9,23,417,11,1000,572,16,5,7,27,330,8,2,2,1,19
1,ALBA,"ŞCOALA GIMNAZIALĂ BENIC",253,"GALDA DE JOS",4366,1,PROV,PRCNCT,CJ,CJ_SV,"2020-09-28 00:44:23",447,424,2,8,13,287,266,0,8,13,276,11,480,193,109,1,5,75,65,7,3,1,1,9
1,ALBA,"ŞCOALA GIMNAZIALĂ CÎMPENI",124,"ORAŞ CÂMPENI",1455,1,PROV,PRCNCT,CJ,CJ_SV,"2020-09-28 03:00:39",932,890,0,31,11,627,585,0,31,11,602,25,980,353,10,14,16,212,298,11,6,7,3,25
1,ALBA,"ȘCOALA GIMNAZIALĂ CÎMPENI",125,"ORAŞ CÂMPENI",1455,1,PROV,PRCNCT,CJ,CJ_SV,"2020-09-28 04:10:51",870,845,0,17,8,592,567,0,17,8,569,23,928,336,20,8,12,192,275,22,4,7,2,27
1,ALBA,"ŞCOALĂ GIMNAZIALĂ CIUGUD",229,CIUGUD,1071,1,PROV,PRCNCT,CJ,CJ_SV,"2020-09-28 00:18:01",549,512,5,7,25,355,323,0,7,25,333,22,570,215,60,3,16,34,173,3,1,7,3,33
1,ALBA,"ŞCOALA GIMNAZIALĂ - CRĂCIUNELU DE JOS",238,"CRĂCIUNELU DE JOS",4188,1,PROV,PRCNCT,CJ,CJ_SV,"2020-09-28 00:08:15",879,858,1,9,11,546,526,0,9,11,514,32,1000,454,63,9,32,40,309,14,3,8,0,36
1,ALBA,"ŞCOALA GIMNAZIALĂ CUNŢA",410,ŞPRING,7945,1,PROV,PRCNCT,CJ,CJ_SV,"2020-09-28 01:12:55",498,473,1,11,13,341,317,0,11,13,335,6,515,174,12,1,3,13,180,19,3,90,3,11
1,ALBA,"ȘCOALA GIMNAZIALĂ ”DAVID PRODAN” SĂLIȘTEA",368,SĂLIŞTEA,7044,2,PROV,PRCNCT,CJ,CJ_SV,"2020-09-28 11:12:47",1066,1020,2,29,15,801,756,1,29,15,741,60,1153,352,59,9,60,77,446,16,3,19,1,51
1,ALBA,"ȘCOALA GIMNAZIALĂ ”DEMETRIU RADU” RĂDEȘTI",349,RĂDEŞTI,6547,1,PROV,PRCNCT,CJ,CJ_SV,"2020-09-27 23:50:00",563,539,0,9,15,373,349,0,9,15,348,25,624,251,11,13,0,47,259,5,2,1,0,10
1,ALBA,"ŞCOALA GIMNAZIALĂ ”EMIL RACOVIŢĂ” GÎRDA DE SUS",262,"GÂRDA DE SUS",4525,1,PROV,PRCNCT,CJ,CJ_SV,"2020-09-28 03:02:03",709,697,1,9,2,520,509,0,9,2,472,48,873,353,20,6,99,76,195,54,6,7,1,8
1,ALBA,"ŞCOALA GIMNAZIALĂ ”GHEORGHE MAIER” UNIREA",418,UNIREA,8158,1,PROV,PRCNCT,CJ,CJ_SV,"2020-09-28 03:21:20",1174,1125,0,22,27,595,546,0,22,27,544,51,1290,695,24,11,7,96,360,5,1,6,2,32
1,ALBA,"ŞCOALA GIMNAZIALĂ GHEŢARI",264,"GÂRDA DE SUS",4525,1,PROV,PRCNCT,CJ,CJ_SV,"2020-09-28 01:37:53",411,404,0,6,1,309,302,0,6,1,283,26,443,134,11,1,18,5,225,14,1,4,0,4
1,ALBA,"ŞCOALA GIMNAZIALĂ GÎRDE I - COMUNA BISTRA",207,BISTRA,3039,1,PROV,PRCNCT,CJ,CJ_SV,"2020-09-28 01:46:42",637,622,0,11,4,378,363,0,11,4,357,21,716,338,17,9,6,49,239,5,10,9,12,1
1,ALBA,"ȘCOALA GIMNAZIALĂ HOREA",270,HOREA,4767,2,PROV,PRCNCT,CJ,CJ_SV,"2020-09-28 03:45:48",591,577,0,8,6,408,394,0,8,6,379,29,662,254,17,4,12,59,264,6,4,1,1,11
1,ALBA,"ȘCOALA GIMNAZIALĂ IGHIEL",278,IGHIU,4927,1,PROV,PRCNCT,CJ,CJ_SV,"2020-09-28 04:05:18",829,820,0,2,7,450,441,0,2,7,429,21,800,350,33,6,21,71,181,16,4,34,0,63
1,ALBA,"ȘCOALA GIMNAZIALĂ ÎNTREGALDE",282,ÎNTREGALDE,4981,1,PROV,PRCNCT,CJ,CJ_SV,"2020-09-28 01:00:27",233,226,0,4,3,158,151,0,4,3,142,16,243,85,50,1,0,3,57,27,1,0,0,3
1,ALBA,"ŞCOALA GIMNAZIALĂ IOAN MAIORESCU BUCERDEA GRANOASĂ",212,"BUCERDEA GRÂNOASĂ",9026,2,PROV,PRCNCT,CJ,CJ_SV,"2020-09-28 03:30:55",773,758,1,1,13,476,461,1,1,13,420,56,852,376,86,41,1,40,224,17,3,2,1,5
1,ALBA,"ŞCOALA GIMNAZIALĂ ”IOAN MIHU” VINEREA",153,"ORAŞ CUGIR",1696,1,PROV,PRCNCT,CJ,CJ_SV,"2020-09-28 02:17:10",927,916,2,7,2,474,465,0,7,2,459,15,1020,546,18,9,6,90,274,7,5,4,3,43
1,ALBA,"ȘCOALA GIMNAZIALĂ IOAN MIHU - VINEREA",152,"ORAŞ CUGIR",1696,2,PROV,PRCNCT,CJ,CJ_SV,"2020-09-28 06:03:09",1050,1040,1,5,4,492,483,0,5,4,472,20,1164,672,17,8,4,87,286,9,5,5,5,46
1,ALBA,"ŞCOALA GIMNAZIALĂ„ION AGÂRBICEANU”",18,"MUNICIPIUL ALBA IULIA",1017,1,PROV,PRCNCT,CJ,CJ_SV,"2020-09-28 02:42:04",869,847,1,20,1,307,286,0,20,1,297,10,961,654,7,8,10,33,120,17,2,13,9,78
1,ALBA,"ŞCOALA GIMNAZIALĂ„ION AGÂRBICEANU”",17,"MUNICIPIUL ALBA IULIA",1017,2,PROV,PRCNCT,CJ,CJ_SV,"2020-09-28 02:40:52",924,910,3,11,0,283,272,0,11,0,277,6,1001,718,7,6,10,37,111,11,5,20,5,65
1,ALBA,"ŞCOALA GIMNAZIALĂ ”ION BREAZU” MIHALŢ",315,MIHALŢ,5700,3,PROV,PRCNCT,CJ,CJ_SV,"2020-09-28 03:40:56",846,790,0,30,26,555,499,0,30,26,530,25,901,346,61,7,5,99,307,7,1,4,2,37
1,ALBA,"ŞCOALA GIMNAZIALĂ ”ION BREAZU” MIHALŢ",314,MIHALŢ,5700,2,PROV,PRCNCT,CJ,CJ_SV,"2020-09-28 04:43:25",1065,1013,1,21,30,689,638,0,21,30,656,33,1116,427,53,11,3,119,415,10,1,10,4,30
1,ALBA,"ŞCOALA GIMNAZIALĂ ”ION MICU MOLDOVAN” BLAJ",87,"MUNICIPIUL BLAJ",1348,1,PROV,PRCNCT,CJ,CJ_SV,"2020-09-28 00:48:41",1515,1504,1,9,1,607,597,0,9,1,536,71,1600,993,16,15,3,40,425,20,1,3,3,10
1,ALBA,"ŞCOALA GIMNAZIALĂ ”IOSIF PERVAIN” CUGIR",147,"ORAŞ CUGIR",1696,1,PROV,PRCNCT,CJ,CJ_SV,"2020-09-28 02:58:10",1105,1095,2,7,1,477,469,0,7,1,457,12,1239,770,15,8,18,95,216,12,15,11,6,61
1,ALBA,"ŞCOALA GIMNAZIALĂ ”IOSIF PERVAIN” CUGIR",146,"ORAŞ CUGIR",1696,2,PROV,PRCNCT,CJ,CJ_SV,"2020-09-28 04:37:35",1071,1054,5,12,0,459,447,0,12,0,442,17,1186,727,24,5,8,95,212,9,11,10,4,64
1,ALBA,"ȘCOALA GIMNAZIALĂ IOSIF PERVAIN CUGIR",148,"ORAŞ CUGIR",1696,1,PROV,PRCNCT,CJ,CJ_SV,"2020-09-28 02:02:03",1141,1132,0,8,1,407,398,0,8,1,383,24,1244,837,21,10,14,76,168,12,20,4,4,54
1,ALBA,"ŞCOALA GIMNAZIALĂ ”IULIU MANIU” VINŢU DE JOS",435,"VINŢU DE JOS",8826,1,PROV,PRCNCT,CJ,CJ_SV,"2020-09-28 03:20:25",1326,1322,2,2,0,741,739,0,2,0,686,55,1447,706,74,13,8,108,295,43,5,26,6,108
1,ALBA,"ŞCOALA GIMNAZIALĂ LANCRĂM",107,"MUNICIPIUL SEBEŞ",1874,1,PROV,PRCNCT,CJ,CJ_SV,"2020-09-28 03:52:08",1433,1410,3,13,7,617,597,0,13,7,586,31,1577,960,29,7,9,55,406,6,2,23,17,32
1,ALBA,"ŞCOALA GIMNAZIALĂ LĂZEȘTI",392,SCĂRIŞOARA,7197,1,PROV,PRCNCT,CJ,CJ_SV,"2020-09-27 23:47:28",217,203,0,4,10,156,142,0,4,10,145,11,220,64,18,3,48,9,59,2,0,2,0,4
1,ALBA,"ȘCOALA GIMNAZIALĂ LIVEZILE",291,LIVEZILE,5167,1,PROV,PRCNCT,CJ,CJ_SV,"2020-09-28 02:01:05",623,565,0,19,39,460,402,0,19,39,434,26,630,170,16,5,4,55,339,3,2,4,1,5
1,ALBA,"ŞCOALA GIMNAZIALĂ ”LIVIU REBREANU” AIUDUL DE SUS",66,"MUNICIPIUL AIUD",1213,1,PROV,PRCNCT,CJ,CJ_SV,"2020-09-28 03:18:44",1117,1112,0,5,0,409,404,0,5,0,365,44,1250,841,6,55,1,62,121,65,5,1,2,47
1,ALBA,"ŞCOALA GIMNAZIALĂ ”LIVIU REBREANU” AIUDUL DE SUS",65,"MUNICIPIUL AIUD",1213,1,PROV,PRCNCT,CJ,CJ_SV,"2020-09-28 00:30:33",921,912,0,9,0,321,312,0,9,0,298,23,1003,682,9,34,11,40,115,47,3,7,0,32
1,ALBA,"ȘCOALA GIMNAZIALĂ LOMAN",376,SĂSCIORI,7099,1,PROV,PRCNCT,CJ,CJ_SV,"2020-09-28 01:18:11",677,673,0,4,0,344,340,0,4,0,323,21,740,396,93,2,3,25,170,10,2,3,1,14
1,ALBA,"ȘCOALA GIMNAZIALĂ ”LUCIAN BLAGA”",155,"ORAŞ OCNA MUREŞ",1794,1,PROV,PRCNCT,CJ,CJ_SV,"2020-09-28 06:41:16",1164,1151,2,9,2,423,411,1,9,2,404,19,1268,845,15,19,10,65,244,11,2,16,4,18
1,ALBA,"ŞCOALA GIMNAZIALĂ METEŞ",310,METEŞ,5577,1,PROV,PRCNCT,CJ,CJ_SV,"2020-09-28 02:04:35",504,482,0,11,11,317,295,0,11,11,267,50,541,224,13,2,15,78,128,14,4,3,0,10
1,ALBA,"ŞCOALA GIMNAZIALĂ MICEŞTI",47,"MUNICIPIUL ALBA IULIA",1017,1,PROV,PRCNCT,CJ,CJ_SV,"2020-09-28 00:49:40",1268,1257,2,7,2,535,526,0,7,2,522,13,1384,849,20,4,61,75,198,15,2,18,6,123
1,ALBA,"ŞCOALA GIMNAZIALĂ MICEŞTI - SALA DE SPORT",46,"MUNICIPIUL ALBA IULIA",1017,1,PROV,PRCNCT,CJ,CJ_SV,"2020-09-28 02:51:58",1154,1137,5,12,0,502,489,1,12,0,490,12,1258,756,14,2,47,52,181,25,4,17,7,141
1,ALBA,"ŞCOALA GIMNAZIALĂ „MIHAI EMINESCU”",22,"MUNICIPIUL ALBA IULIA",1017,1,PROV,PRCNCT,CJ,CJ_SV,"2020-09-28 00:44:05",1223,1203,6,14,0,474,460,0,14,0,463,11,1354,880,21,8,25,58,196,18,5,19,5,108
1,ALBA,"ŞCOALA GIMNAZIALĂ „MIHAI EMINESCU”",23,"MUNICIPIUL ALBA IULIA",1017,1,PROV,PRCNCT,CJ,CJ_SV,"2020-09-28 02:29:49",1707,1678,13,13,3,631,615,0,13,3,621,10,1847,1216,24,7,32,59,299,24,4,14,14,144
1,ALBA,"ŞCOALA GIMNAZIALĂ ”MIHAIL KOGĂLNICEANU” SEBEŞ",106,"MUNICIPIUL SEBEŞ",1874,1,PROV,PRCNCT,CJ,CJ_SV,"2020-09-28 01:43:18",1102,1092,0,10,0,405,395,0,10,0,391,14,1225,820,15,3,7,64,238,5,1,12,19,27
1,ALBA,"ŞCOALA GIMNAZIALĂ ”MIHAIL KOGĂLNICEANU” SEBEŞ",105,"MUNICIPIUL SEBEŞ",1874,1,PROV,PRCNCT,CJ,CJ_SV,"2020-09-28 02:40:09",1140,1126,3,10,1,405,394,0,10,1,387,18,1266,861,15,6,2,75,232,6,3,16,14,18
1,ALBA,"ŞCOALA GIMNAZIALĂ ”MIHAIL KOGĂLNICEANU” SEBEŞ",104,"MUNICIPIUL SEBEŞ",1874,1,PROV,PRCNCT,CJ,CJ_SV,"2020-09-28 02:04:51",1037,1029,0,8,0,355,347,0,8,0,338,17,1150,795,18,4,3,60,201,3,1,17,14,17
1,ALBA,"ŞCOALA GIMNAZIALĂ ”MIHAIL KOGĂLNICEANU” SEBEŞ",103,"MUNICIPIUL SEBEŞ",1874,1,PROV,PRCNCT,CJ,CJ_SV,"2020-09-28 01:41:26",1112,1102,1,9,0,395,386,0,9,0,380,15,1234,839,14,2,3,73,229,5,1,10,16,27
1,ALBA,"ŞCOALA GIMNAZIALĂ ” NICODIM GANEA” BISTRA",203,BISTRA,3039,1,PROV,PRCNCT,CJ,CJ_SV,"2020-09-28 01:45:04",814,801,1,8,4,428,415,1,8,4,412,16,918,490,13,4,35,78,256,8,5,3,5,5
1,ALBA,"ŞCOALA GIMNAZIALĂ ”NICODIM GANEA” BISTRA",204,BISTRA,3039,1,PROV,PRCNCT,CJ,CJ_SV,"2020-09-28 02:37:08",1026,1015,0,4,7,560,549,0,4,7,538,22,970,410,12,2,20,94,355,16,20,8,1,10
1,ALBA,"ŞCOALA GIMNAZIALĂ ”NICODIM GANEA” BISTRA",205,BISTRA,3039,4,PROV,PRCNCT,CJ,CJ_SV,"2020-09-28 16:09:34",829,804,0,10,15,397,372,0,10,15,363,34,924,527,12,2,25,46,241,1,20,4,6,6
1,ALBA,"ŞCOALA GIMNAZIALĂ NR. 2 SEBEŞ",100,"MUNICIPIUL SEBEŞ",1874,1,PROV,PRCNCT,CJ,CJ_SV,"2020-09-28 02:44:23",1443,1385,7,17,34,659,608,0,17,34,639,20,1574,915,24,19,3,77,371,10,1,17,55,62
1,ALBA,"ŞCOALA GIMNAZIALĂ NR. 3 - CUGIR",133,"ORAŞ CUGIR",1696,1,PROV,PRCNCT,CJ,CJ_SV,"2020-09-28 02:03:24",1382,1369,3,10,0,488,478,0,10,0,471,17,1541,1053,27,9,11,108,200,9,8,11,6,82
1,ALBA,"ŞCOALA GIMNAZIALĂ NR. 3 - CUGIR",135,"ORAŞ CUGIR",1696,1,PROV,PRCNCT,CJ,CJ_SV,"2020-09-28 00:49:35",1109,1101,0,8,0,374,366,0,8,0,366,8,1234,860,21,3,6,72,193,3,7,5,3,53
1,ALBA,"ŞCOALA GIMNAZIALĂ NR. 3 - CUGIR",134,"ORAŞ CUGIR",1696,1,PROV,PRCNCT,CJ,CJ_SV,"2020-09-28 00:04:54",1227,1220,0,7,0,420,413,0,7,0,399,21,1387,967,23,2,7,81,171,18,7,5,7,78
1,ALBA,"ŞCOALA GIMNAZIALĂ NR. 3 - CUGIR",132,"ORAŞ CUGIR",1696,2,PROV,PRCNCT,CJ,CJ_SV,"2020-09-28 05:29:00",1017,1010,0,7,0,363,356,0,7,0,328,35,1140,777,26,7,4,74,140,10,5,13,2,47
1,ALBA,"ȘCOALA GIMNAZIALĂ NR.3 CUGIR",136,"ORAŞ CUGIR",1696,1,PROV,PRCNCT,CJ,CJ_SV,"2020-09-28 01:08:26",1007,990,4,13,0,392,379,0,13,0,383,9,1114,722,13,2,8,87,172,11,7,8,4,71
1,ALBA,"ŞCOALA GIMNAZIALĂ ”OVIDIU HULEA” AIUD",53,"MUNICIPIUL AIUD",1213,1,PROV,PRCNCT,CJ,CJ_SV,"2020-09-28 04:27:49",1197,1183,1,10,3,438,425,0,10,3,428,10,1300,862,12,61,9,61,176,13,6,6,4,80
1,ALBA,"ŞCOALA GIMNAZIALĂ ”OVIDIU HULEA” AIUD",52,"MUNICIPIUL AIUD",1213,1,PROV,PRCNCT,CJ,CJ_SV,"2020-09-28 01:11:54",1008,1002,0,6,0,328,322,0,6,0,318,6,1100,772,10,48,6,42,123,20,4,3,5,57
1,ALBA,"ȘCOALA GIMNAZIALĂ ”OVIDIU HULEA” AIUD",51,"MUNICIPIUL AIUD",1213,1,PROV,PRCNCT,CJ,CJ_SV,"2020-09-28 00:41:35",1398,1386,0,8,4,516,504,0,8,4,507,9,1500,984,21,63,16,96,179,20,7,9,2,94
1,ALBA,"ŞCOALA GIMNAZIALĂ PETREŞTI",110,"MUNICIPIUL SEBEŞ",1874,1,PROV,PRCNCT,CJ,CJ_SV,"2020-09-28 00:58:05",1479,1459,11,6,3,571,561,1,6,3,547,24,1623,1052,42,10,6,104,299,10,0,17,14,45
1,ALBA,"ŞCOALA GIMNAZIALĂ PETREŞTI",108,"MUNICIPIUL SEBEŞ",1874,1,PROV,PRCNCT,CJ,CJ_SV,"2020-09-28 02:21:35",1483,1463,16,3,1,601,597,0,3,1,577,24,1619,1018,26,11,2,112,344,8,2,15,13,44
1,ALBA,"ŞCOALA GIMNAZIALĂ PETREŞTI",109,"MUNICIPIUL SEBEŞ",1874,2,PROV,PRCNCT,CJ,CJ_SV,"2020-09-28 10:13:51",1421,1408,6,4,3,533,526,0,4,3,505,28,1556,1023,28,4,0,94,325,2,5,12,11,24
1,ALBA,"ŞCOALA GIMNAZIALĂ ”PETRU PAVEL ARON” BLAJ",86,"MUNICIPIUL BLAJ",1348,1,PROV,PRCNCT,CJ,CJ_SV,"2020-09-28 01:43:17",1615,1608,0,6,1,672,665,0,6,1,647,25,1688,1016,30,7,6,63,428,50,2,10,3,48
1,ALBA,"ŞCOALA GIMNAZIALĂ PIANU DE SUS",336,PIANU,6217,1,PROV,PRCNCT,CJ,CJ_SV,"2020-09-28 03:04:23",1363,1315,1,2,45,871,826,0,2,43,834,37,1511,640,40,8,65,192,437,24,7,14,8,39
1,ALBA,"ȘCOALA GIMNAZIALĂ RĂCHITA",377,SĂSCIORI,7099,2,PROV,PRCNCT,CJ,CJ_SV,"2020-09-28 04:13:51",753,749,0,4,0,558,554,0,4,0,518,40,827,269,214,5,4,20,216,5,1,4,2,47
1,ALBA,"ŞCOALA GIMNAZIALĂ RĂHĂU",111,"MUNICIPIUL SEBEŞ",1874,1,PROV,PRCNCT,CJ,CJ_SV,"2020-09-28 02:35:12",845,835,0,5,5,395,385,0,5,5,377,18,953,558,13,3,3,93,236,1,0,14,4,10
1,ALBA,"ŞCOALA GIMNAZIALĂ ŞARD",280,IGHIU,4927,1,PROV,PRCNCT,CJ,CJ_SV,"2020-09-28 02:04:17",1107,1104,0,2,1,510,507,0,2,1,470,40,1200,690,44,11,9,52,260,7,4,13,1,69
1,ALBA,"ŞCOALA GIMNAZIALĂ ŞARD",279,IGHIU,4927,1,PROV,PRCNCT,CJ,CJ_SV,"2020-09-28 01:59:52",949,930,6,12,1,451,438,0,12,1,423,28,1006,555,38,5,9,55,261,7,2,6,1,39
1,ALBA,"ȘCOALA GIMNAZIALĂ SĂSCIORI",373,SĂSCIORI,7099,5,PROV,PRCNCT,CJ,CJ_SV,"2020-09-28 05:04:00",1347,1340,1,6,0,664,658,0,6,0,648,16,1475,811,107,4,2,89,369,25,5,11,9,27
1,ALBA,"ŞCOALA GIMNAZIALĂ ” SAVA ALBESCU ” SAT FENEŞ",175,"ORAŞ ZLATNA",1936,2,PROV,PRCNCT,CJ,CJ_SV,"2020-09-28 05:22:31",755,717,0,13,25,527,489,0,13,25,503,23,815,289,19,5,14,61,367,14,3,7,1,12
1,ALBA,"ŞCOALA GIMNAZIALĂ ”SEPTIMIU ALBINI”",242,CUT,9019,1,PROV,PRCNCT,CJ,CJ_SV,"2020-09-28 02:56:30",1084,1059,0,13,12,736,711,0,13,12,707,29,1158,422,77,4,12,169,386,1,3,14,7,34
1,ALBA,"ŞCOALA GIMNAZIALĂ ”SIMION BĂRNUŢIU” TIUR",91,"MUNICIPIUL BLAJ",1348,1,PROV,PRCNCT,CJ,CJ_SV,"2020-09-28 02:22:05",1293,1283,0,5,5,590,580,0,5,5,568,22,1400,810,10,37,6,45,408,21,2,4,0,35
1,ALBA,"ŞCOALA GIMNAZIALĂ ”SIMION LAZĂR” LUNCA MUREŞULUI, NR. 241A",301,"LUNCA MUREŞULUI",5309,1,PROV,PRCNCT,CJ,CJ_SV,"2020-09-28 03:03:46",833,806,5,8,14,494,471,1,8,14,459,35,883,389,20,140,5,17,151,110,1,5,0,10
1,ALBA,"ŞCOALA GIMNAZIALĂ ”SIMION LAZĂR” LUNCA MUREŞULUI, NR. 241A",302,"LUNCA MUREŞULUI",5309,1,PROV,PRCNCT,CJ,CJ_SV,"2020-09-28 03:19:30",901,869,0,12,20,638,606,0,12,20,590,48,961,323,14,304,2,17,155,82,2,2,1,11
1,ALBA,"ŞCOALA GIMNAZIALĂ ”SIMION PANTEA” SĂLCIUA",367,SĂLCIUA,6976,1,PROV,PRCNCT,CJ,CJ_SV,"2020-09-28 02:26:50",585,539,1,12,33,364,318,1,12,33,335,29,617,253,23,5,28,41,198,14,5,2,0,19
1,ALBA,"ŞCOALA GIMNAZIALĂ ”SINGIDAVA” CUGIR",141,"ORAŞ CUGIR",1696,1,PROV,PRCNCT,CJ,CJ_SV,"2020-09-28 00:40:27",1171,1157,2,12,0,400,388,0,12,0,337,63,1183,783,20,16,3,109,98,12,3,13,2,61
1,ALBA,"ŞCOALA GIMNAZIALĂ ”SINGIDAVA” CUGIR",139,"ORAŞ CUGIR",1696,2,PROV,PRCNCT,CJ,CJ_SV,"2020-09-28 06:03:55",1152,1142,1,9,0,401,392,0,9,0,385,16,1283,882,22,3,6,82,181,9,4,4,4,70
1,ALBA,"ŞCOALA GIMNAZIALĂ ”SINGIDAVA” CUGIR",140,"ORAŞ CUGIR",1696,2,PROV,PRCNCT,CJ,CJ_SV,"2020-09-28 05:20:06",1337,1316,1,8,12,520,500,0,8,12,504,16,1491,971,26,7,8,98,210,20,7,18,8,102
1,ALBA,"ȘCOALA GIMNAZIALĂ SÎNMICLĂUŞ",408,ŞONA,7865,1,PROV,PRCNCT,CJ,CJ_SV,"2020-09-28 00:23:47",1139,1129,0,5,5,541,531,0,5,5,468,73,1243,702,19,182,1,61,172,13,2,8,0,10
1,ALBA,"ŞCOALA GIMNAZIALĂ ŞONA",405,ŞONA,7865,1,PROV,PRCNCT,CJ,CJ_SV,"2020-09-28 02:33:29",1049,1030,0,6,13,510,491,0,6,13,477,33,1150,640,87,12,2,42,276,11,1,10,0,36
1,ALBA,"ŞCOALA GIMNAZIALĂ STRUNGARI",340,PIANU,6217,1,PROV,PRCNCT,CJ,CJ_SV,"2020-09-27 23:53:57",196,189,0,6,1,148,141,0,6,1,141,7,218,70,3,1,2,53,68,3,1,4,0,6
1,ALBA,"ȘCOALA GIMNAZIALĂ TĂTÂRLAUA",228,"CETATEA DE BALTĂ",3958,2,PROV,PRCNCT,CJ,CJ_SV,"2020-09-28 04:51:07",635,616,0,12,7,284,265,0,12,7,234,50,685,401,9,5,1,44,171,0,0,3,0,1
1,ALBA,"ŞCOALA GIMNAZIALĂ TEIUŞ",166,"ORAŞ TEIUŞ",8096,1,PROV,PRCNCT,CJ,CJ_SV,"2020-09-28 04:19:40",1334,1314,1,16,3,554,535,0,16,3,514,40,1465,911,35,6,69,172,181,9,6,17,6,13
1,ALBA,"ȘCOALĂ GIMNAZIALĂ ȚELNA",281,IGHIU,4927,1,PROV,PRCNCT,CJ,CJ_SV,"2020-09-28 01:02:50",884,859,0,7,18,484,459,0,7,18,456,28,900,416,18,5,4,52,255,12,2,12,1,95
1,ALBA,"ŞCOALA GIMNAZIALĂ ”TOMA COCIŞIU” BLAJ",79,"MUNICIPIUL BLAJ",1348,1,PROV,PRCNCT,CJ,CJ_SV,"2020-09-28 01:18:38",1211,1197,8,5,1,440,436,0,4,0,433,7,1300,860,15,20,15,48,277,28,0,6,2,22
1,ALBA,"ȘCOALA GIMNAZIALĂ VADU MOȚILOR",424,"VADU MOŢILOR",8229,1,PROV,PRCNCT,CJ,CJ_SV,"2020-09-28 06:24:05",1172,1044,2,68,58,971,844,1,68,58,905,66,1220,249,63,4,79,154,572,23,5,0,3,2
1,ALBA,"ŞCOALA GIMNAZIALĂ „VASILE GOLDIŞ”",2,"MUNICIPIUL ALBA IULIA",1017,2,PROV,PRCNCT,CJ,CJ_SV,"2020-09-28 06:05:56",1029,1010,7,9,3,390,378,0,9,3,377,12,1125,723,22,10,20,30,158,25,3,19,13,77
1,ALBA,"ŞCOALA GIMNAZIALĂ „VASILE GOLDIŞ”",3,"MUNICIPIUL ALBA IULIA",1017,1,PROV,PRCNCT,CJ,CJ_SV,"2020-09-28 02:53:03",1388,1368,9,11,0,486,475,0,11,0,475,11,1506,1020,17,13,15,54,168,22,4,20,18,144
1,ALBA,"ŞCOALA PRIMARĂ ACMARIU",209,BLANDIANA,3397,1,PROV,PRCNCT,CJ,CJ_SV,"2020-09-28 00:19:46",367,285,0,48,34,287,205,0,48,34,261,26,320,33,7,12,2,32,186,2,4,3,4,9
1,ALBA,"ŞCOALA PRIMARA ALMAŞU DE MIJLOC",190,"ALMAŞU MARE",2309,2,PROV,PRCNCT,CJ,CJ_SV,"2020-09-28 00:17:30",136,121,0,15,0,101,86,0,15,0,95,6,133,32,31,1,12,9,29,4,0,1,0,8
1,ALBA,"ŞCOALA PRIMARĂ BĂCĂINŢI",402,ŞIBOT,7810,1,PROV,PRCNCT,CJ,CJ_SV,"2020-09-28 00:05:50",234,209,0,14,11,143,118,0,14,11,138,5,243,100,9,4,17,13,82,7,0,1,0,5
1,ALBA,"ŞCOALA PRIMARĂ BELDIU",169,"ORAŞ TEIUŞ",8096,1,PROV,PRCNCT,CJ,CJ_SV,"2020-09-27 23:30:05",202,194,0,8,0,97,89,0,8,0,93,4,213,116,4,2,17,38,20,1,1,6,1,3
1,ALBA,"ȘCOALA PRIMARĂ BEȚA",298,"LOPADEA NOUĂ",5210,2,PROV,PRCNCT,CJ,CJ_SV,"2020-09-28 00:37:23",310,284,1,5,20,243,218,0,5,20,230,13,336,93,5,110,0,5,108,1,0,0,0,1
1,ALBA,"ŞCOALA PRIMARĂ BIHARIA",263,"GÂRDA DE SUS",4525,1,PROV,PRCNCT,CJ,CJ_SV,"2020-09-28 00:08:42",124,119,0,5,0,81,76,0,5,0,75,6,132,51,8,1,16,14,27,3,0,2,0,4
1,ALBA,"ŞCOALA PRIMARĂ BOZ",246,DOŞTAT,4268,1,PROV,PRCNCT,CJ,CJ_SV,"2020-09-28 00:11:24",382,372,0,6,4,255,245,0,6,4,242,13,450,195,13,7,1,7,188,20,1,1,1,3
1,ALBA,"ŞCOALA PRIMARĂ BRĂZEŞTI",119,"ORAŞ BAIA DE ARIEŞ",2915,1,PROV,PRCNCT,CJ,CJ_SV,"2020-09-28 00:13:26",219,208,0,8,3,131,120,0,8,3,118,13,230,99,6,1,1,35,41,24,1,5,0,4
1,ALBA,"ȘCOALA PRIMARĂ BUCERDEA VINOASĂ",277,IGHIU,4927,1,PROV,PRCNCT,CJ,CJ_SV,"2020-09-28 01:05:33",767,738,0,13,16,518,489,0,13,16,475,43,800,282,21,3,14,42,243,7,3,4,1,137
1,ALBA,"ŞCOALA PRIMARĂ BUCIUM-SAT",214,BUCIUM,3459,1,PROV,PRCNCT,CJ,CJ_SV,"2020-09-28 01:51:43",399,371,0,9,19,239,211,0,9,19,226,13,428,189,6,1,10,118,69,5,3,4,1,9
1,ALBA,"ŞCOALA PRIMARĂ - BUCURU",149,"ORAŞ CUGIR",1696,2,PROV,PRCNCT,CJ,CJ_SV,"2020-09-28 16:18:12",109,96,0,13,0,40,27,0,13,0,38,2,107,67,2,3,1,2,19,1,2,1,0,7
1,ALBA,"ŞCOALA PRIMARĂ BUNINGINEA",235,CIURULEASA,4008,3,PROV,PRCNCT,CJ,CJ_SV,"2020-09-29 15:57:22",364,328,1,17,18,293,258,0,17,18,270,23,400,107,13,5,1,166,59,13,1,8,1,3
1,ALBA,"ŞCOALA PRIMARĂ - CĂLENE",150,"ORAŞ CUGIR",1696,1,PROV,PRCNCT,CJ,CJ_SV,"2020-09-27 22:29:46",59,46,0,13,0,27,14,0,13,0,27,0,95,68,1,0,1,2,17,2,1,2,0,1
1,ALBA,"ȘCOALA PRIMARĂ CĂPÎLNA",372,SĂSCIORI,7099,1,PROV,PRCNCT,CJ,CJ_SV,"2020-09-28 02:48:42",705,698,0,7,0,369,362,0,7,0,328,41,759,390,58,9,1,41,165,19,3,8,2,22
1,ALBA,"ȘCOALA PRIMARĂ CĂRPINIȘ",260,GÂRBOVA,4482,1,PROV,PRCNCT,CJ,CJ_SV,"2020-09-28 00:14:10",217,205,0,12,0,134,122,0,12,0,126,8,301,167,2,2,1,57,59,1,3,0,0,1
1,ALBA,"ȘCOALA PRIMARĂ CASA DE PIATRĂ",195,ARIEŞENI,2381,1,PROV,PRCNCT,CJ,CJ_SV,"2020-09-27 23:02:36",91,83,0,6,2,83,75,0,6,2,79,4,90,7,2,1,0,38,35,2,0,0,0,1
1,ALBA,"ŞCOALA PRIMARĂ CERBU",215,BUCIUM,3459,1,PROV,PRCNCT,CJ,CJ_SV,"2020-09-28 00:02:42",262,249,0,7,6,147,134,0,7,6,136,11,281,134,4,3,0,69,46,5,2,5,0,2
1,ALBA,"ŞCOALA PRIMARĂ CERTEGE",129,"ORAŞ CÂMPENI",1455,1,PROV,PRCNCT,CJ,CJ_SV,"2020-09-27 23:59:04",373,359,0,10,4,210,196,0,10,4,185,25,396,186,7,4,4,52,99,11,1,5,0,2
1,ALBA,"ŞCOALA PRIMARĂ CETEA",254,"GALDA DE JOS",4366,1,PROV,PRCNCT,CJ,CJ_SV,"2020-09-27 23:04:43",362,351,1,10,0,180,170,0,10,0,174,6,386,206,41,3,2,61,47,6,0,4,1,9
1,ALBA,"ŞCOALA PRIMARA CIB",191,"ALMAŞU MARE",2309,5,PROV,PRCNCT,CJ,CJ_SV,"2020-09-28 03:43:54",238,217,0,17,4,197,176,0,17,4,190,7,248,51,17,1,12,16,93,3,1,7,1,39
1,ALBA,"ŞCOALA PRIMARĂ - CICĂU",319,MIRĂSLĂU,5755,1,PROV,PRCNCT,CJ,CJ_SV,"2020-09-27 23:33:13",101,92,0,7,2,45,36,0,7,2,43,2,105,60,1,4,1,5,24,1,0,0,0,7
1,ALBA,"ŞCOALA PRIMARĂ CIONEŞTI",184,ALBAC,2130,1,PROV,PRCNCT,CJ,CJ_SV,"2020-09-28 00:13:45",556,518,0,7,31,345,307,0,7,31,325,20,580,235,9,6,0,23,261,3,1,5,0,17
1,ALBA,"ŞCOALA PRIMARĂ CISTEI",316,MIHALŢ,5700,1,PROV,PRCNCT,CJ,CJ_SV,"2020-09-28 01:09:44",510,469,0,35,6,380,339,0,35,6,365,15,516,136,24,3,9,44,240,32,0,1,0,12
1,ALBA,"ŞCOALA PRIMARĂ CIUCULEŞTI",213,BUCIUM,3459,1,PROV,PRCNCT,CJ,CJ_SV,"2020-09-28 00:07:28",346,320,0,14,12,206,180,0,14,12,196,10,383,177,6,3,3,87,80,12,0,2,0,3
1,ALBA,"ŞCOALA PRIMARĂ CIUGUDU DE JOS",419,UNIREA,8158,1,PROV,PRCNCT,CJ,CJ_SV,"2020-09-28 00:08:20",284,273,0,10,1,143,132,0,10,1,131,12,300,157,6,5,5,6,66,5,0,3,0,35
1,ALBA,"ŞCOALA PRIMARĂ CIUGUDU DE SUS",420,UNIREA,8158,1,PROV,PRCNCT,CJ,CJ_SV,"2020-09-27 23:20:41",124,106,0,15,3,71,53,0,15,3,67,4,120,49,0,1,0,2,47,4,0,0,1,12
1,ALBA,"ŞCOALA PRIMARĂ CIULDEŞTI - COMUNA BISTRA",206,BISTRA,3039,1,PROV,PRCNCT,CJ,CJ_SV,"2020-09-28 01:49:40",603,589,0,7,7,331,317,0,7,7,324,7,695,364,9,0,4,40,233,23,7,3,1,4
1,ALBA,"ȘCOALA PRIMARĂ COBLEȘ",196,ARIEŞENI,2381,1,PROV,PRCNCT,CJ,CJ_SV,"2020-09-28 00:55:50",184,160,0,14,10,184,160,0,14,10,171,13,224,40,7,4,4,82,71,2,1,0,0,0
1,ALBA,"ŞCOALA PRIMARA COLŢEŞTI",357,RIMETEA,6592,3,PROV,PRCNCT,CJ,CJ_SV,"2020-09-29 18:44:30",444,434,0,3,7,257,247,0,3,7,231,26,476,219,0,194,0,3,32,1,0,0,0,1
1,ALBA,"ŞCOALA PRIMARĂ COSTEŞTI",185,ALBAC,2130,1,PROV,PRCNCT,CJ,CJ_SV,"2020-09-28 00:36:39",87,77,0,6,4,53,43,0,6,4,48,5,91,38,6,0,0,0,32,3,1,1,0,5
1,ALBA,"ȘCOALA PRIMARĂ CRAIVA",240,CRICĂU,4142,1,PROV,PRCNCT,CJ,CJ_SV,"2020-09-28 00:36:03",289,272,0,4,13,211,194,0,4,13,205,6,316,105,7,2,0,18,71,98,1,1,0,7
1,ALBA,"ŞCOALA PRIMARĂ DEAL",218,CÂLNIC,4106,1,PROV,PRCNCT,CJ,CJ_SV,"2020-09-28 00:19:33",340,312,0,14,14,247,219,0,14,14,216,31,343,96,30,3,6,22,101,3,1,3,2,45
1,ALBA,"ŞCOALA PRIMARĂ - DECEA",320,MIRĂSLĂU,5755,2,PROV,PRCNCT,CJ,CJ_SV,"2020-09-28 05:45:01",623,602,3,5,13,308,288,2,5,13,286,22,683,375,18,64,2,61,101,9,0,2,2,27
1,ALBA,"ŞCOALA PRIMARĂ ”DIONISIU POPOVICIU” TĂUŢI",312,METEŞ,5577,1,PROV,PRCNCT,CJ,CJ_SV,"2020-09-28 02:06:32",571,556,0,6,9,351,336,0,6,9,337,14,580,229,14,3,4,75,160,12,18,6,1,44
1,ALBA,"ŞCOALA PRIMARĂ DRAŞOV",411,ŞPRING,7945,1,PROV,PRCNCT,CJ,CJ_SV,"2020-09-28 00:46:05",533,438,0,31,64,364,269,0,31,64,349,15,475,111,11,5,2,28,222,6,1,62,1,11
1,ALBA,"ŞCOALA PRIMARĂ DUMBRAVA",421,UNIREA,8158,1,PROV,PRCNCT,CJ,CJ_SV,"2020-09-28 00:39:03",289,236,0,16,37,182,129,0,16,37,174,8,300,118,8,2,1,7,144,4,0,1,0,7
1,ALBA,"ŞCOALA PRIMARĂ GALDA DE SUS",255,"GALDA DE JOS",4366,2,PROV,PRCNCT,CJ,CJ_SV,"2020-09-28 02:47:02",352,338,0,7,7,202,188,0,7,7,192,10,372,170,57,1,0,47,68,6,6,1,3,3
1,ALBA,"ŞCOALA PRIMARĂ ”GHEORGHE PAVELESCU” PURCĂREŢI",339,PIANU,6217,1,PROV,PRCNCT,CJ,CJ_SV,"2020-09-28 00:16:27",223,210,0,13,0,130,117,0,13,0,122,8,237,107,7,2,6,11,86,1,1,1,1,6
1,ALBA,"ŞCOALA PRIMARĂ GÎRBOVA DE JOS",69,"MUNICIPIUL AIUD",1213,1,PROV,PRCNCT,CJ,CJ_SV,"2020-09-27 23:52:49",420,410,0,10,0,157,147,0,10,0,152,5,450,293,8,2,3,30,88,5,2,0,0,14
1,ALBA,"ȘCOALA PRIMARĂ GIURGIUȚ",272,HOREA,4767,1,PROV,PRCNCT,CJ,CJ_SV,"2020-09-27 22:43:06",128,114,0,10,4,97,83,0,10,4,92,5,132,35,2,2,7,6,67,5,0,0,0,3
1,ALBA,"ŞCOALA PRIMARA GLOD",192,"ALMAŞU MARE",2309,1,PROV,PRCNCT,CJ,CJ_SV,"2020-09-27 23:43:58",156,145,0,9,2,119,108,0,9,2,117,2,165,46,16,1,17,16,41,1,1,4,0,20
1,ALBA,"ŞCOALA PRIMARĂ GLOGOVEŢ",426,"VALEA LUNGĂ",8354,1,PROV,PRCNCT,CJ,CJ_SV,"2020-09-27 23:23:09",102,88,0,14,0,102,88,0,14,0,95,7,148,46,4,2,4,2,42,15,0,22,0,4
1,ALBA,"ŞCOALA PRIMARĂ GOIEŞTI",431,VIDRA,8425,1,PROV,PRCNCT,CJ,CJ_SV,"2020-09-28 03:53:28",228,218,0,9,1,228,218,0,9,1,210,18,315,87,41,3,11,47,87,4,2,5,0,10
1,ALBA,"ŞCOALA PRIMARĂ GURA ARIEŞULUI, NR. 84",303,"LUNCA MUREŞULUI",5309,1,PROV,PRCNCT,CJ,CJ_SV,"2020-09-28 00:21:35",372,357,0,13,2,209,194,0,13,2,192,17,401,192,8,15,1,37,70,51,0,3,0,7
1,ALBA,"ŞCOALA PRIMARĂ HĂDĂRĂU",305,LUPŞA,5336,3,PROV,PRCNCT,CJ,CJ_SV,"2020-09-28 02:42:59",310,300,0,7,3,214,204,0,7,3,201,13,351,137,25,3,5,41,80,15,0,4,0,28
1,ALBA,"ŞCOALA PRIMARĂ I-IV TÎRSA",198,"AVRAM IANCU",2577,4,PROV,PRCNCT,CJ,CJ_SV,"2020-09-28 05:44:42",630,589,0,9,32,471,430,0,9,32,425,46,674,203,12,5,13,55,294,15,27,3,1,0
1,ALBA,"ŞCOALA PRIMARĂ INOC",422,UNIREA,8158,1,PROV,PRCNCT,CJ,CJ_SV,"2020-09-27 23:28:54",163,151,0,11,1,80,68,0,11,1,76,4,169,89,6,1,2,11,43,2,0,3,0,8
1,ALBA,"ȘCOALA PRIMARĂ LAZ",374,SĂSCIORI,7099,1,PROV,PRCNCT,CJ,CJ_SV,"2020-09-27 23:45:03",354,351,0,3,0,181,178,0,3,0,172,9,386,205,42,2,1,27,65,15,1,5,5,9
1,ALBA,"ŞCOALA PRIMARĂ LEORINŢ",350,RĂDEŞTI,6547,1,PROV,PRCNCT,CJ,CJ_SV,"2020-09-28 01:56:06",267,247,0,14,6,199,179,0,14,6,192,7,279,80,4,72,1,9,95,2,0,6,0,3
1,ALBA,"ŞCOALA PRIMARĂ LODROMAN",427,"VALEA LUNGĂ",8354,1,PROV,PRCNCT,CJ,CJ_SV,"2020-09-28 02:09:32",170,147,0,16,7,121,98,0,16,7,114,7,165,44,16,3,2,3,49,14,1,24,1,1
1,ALBA,"ŞCOALA PRIMARĂ - LOPADEA VECHE",321,MIRĂSLĂU,5755,1,PROV,PRCNCT,CJ,CJ_SV,"2020-09-27 23:40:44",223,218,0,4,1,135,130,0,4,1,126,9,241,106,12,3,10,16,76,2,1,1,1,4
1,ALBA,"ȘCOALA PRIMARĂ LUNCA",428,"VALEA LUNGĂ",8354,2,PROV,PRCNCT,CJ,CJ_SV,"2020-09-28 02:03:10",411,387,0,21,3,258,234,0,21,3,239,19,430,172,12,2,7,5,129,33,0,49,0,2
1,ALBA,"ŞCOALA PRIMARĂ MĂHĂCENI",423,UNIREA,8158,1,PROV,PRCNCT,CJ,CJ_SV,"2020-09-28 00:45:20",244,226,0,10,8,113,95,0,10,8,102,11,249,136,5,5,3,14,57,3,0,0,0,15
1,ALBA,"ŞCOALA PRIMARĂ MĂRGINENI",369,SĂLIŞTEA,7044,1,PROV,PRCNCT,CJ,CJ_SV,"2020-09-27 23:08:55",54,44,0,10,0,31,21,0,10,0,31,0,50,19,5,1,0,3,19,1,1,0,0,1
1,ALBA,"ŞCOALA PRIMARĂ MĂRTINIE",414,ŞUGAG,8014,1,PROV,PRCNCT,CJ,CJ_SV,"2020-09-28 00:16:01",451,449,0,1,1,282,280,0,1,1,271,11,600,318,43,3,0,33,158,4,2,3,6,19
1,ALBA,"ŞCOALA PRIMARĂ MEDVEŞ",250,FĂRĂU,4302,1,PROV,PRCNCT,CJ,CJ_SV,"2020-09-27 23:32:10",141,135,0,6,0,110,104,0,6,0,95,15,150,40,1,47,1,1,41,1,2,1,0,0
1,ALBA,"ŞCOALA PRIMARĂ MEŞCREAC",351,RĂDEŞTI,6547,1,PROV,PRCNCT,CJ,CJ_SV,"2020-09-28 00:51:26",277,244,0,19,14,204,171,0,19,14,189,15,290,86,3,3,2,13,160,2,1,2,1,2
1,ALBA,"ŞCOALA PRIMARĂ MIHOEŞTI",130,"ORAŞ CÂMPENI",1455,1,PROV,PRCNCT,CJ,CJ_SV,"2020-09-27 23:59:24",285,275,0,10,0,180,170,0,10,0,170,10,303,123,8,2,2,68,69,2,2,8,0,9
1,ALBA,"ŞCOALA PRIMARĂ - MUGEŞTI",151,"ORAŞ CUGIR",1696,1,PROV,PRCNCT,CJ,CJ_SV,"2020-09-28 00:08:08",101,89,0,12,0,32,20,0,12,0,30,2,392,360,1,0,1,7,15,1,0,1,1,3
1,ALBA,"ŞCOALA PRIMARĂ NEGEȘTI",388,SCĂRIŞOARA,7197,1,PROV,PRCNCT,CJ,CJ_SV,"2020-09-28 01:12:31",165,150,0,7,8,116,101,0,7,8,98,18,164,48,13,7,32,5,28,5,0,0,0,8
1,ALBA,"ŞCOALA PRIMARĂ OBREJA",317,MIHALŢ,5700,1,PROV,PRCNCT,CJ,CJ_SV,"2020-09-28 01:48:49",479,453,0,18,8,325,299,0,18,8,311,14,498,173,33,1,2,66,194,2,0,3,0,10
1,ALBA,"ŞCOALA PRIMARĂ - ORMENIŞ",322,MIRĂSLĂU,5755,1,PROV,PRCNCT,CJ,CJ_SV,"2020-09-27 22:26:18",66,61,1,4,0,46,42,0,4,0,38,8,68,22,2,6,1,7,21,0,0,1,0,0
1,ALBA,"ŞCOALA PRIMARĂ PÂCLIŞA",50,"MUNICIPIUL ALBA IULIA",1017,1,PROV,PRCNCT,CJ,CJ_SV,"2020-09-28 00:46:09",874,864,1,8,1,300,291,0,8,1,286,14,950,650,26,1,12,45,132,8,1,22,3,36
1,ALBA,"ŞCOALA PRIMARĂ PĂNADE",380,SÂNCEL,7348,1,PROV,PRCNCT,CJ,CJ_SV,"2020-09-28 01:42:27",541,515,0,9,17,342,316,0,9,17,325,17,600,258,24,5,27,22,149,77,3,5,2,11
1,ALBA,"ȘCOALA PRIMARĂ PĂTRUȘEȘTI",274,HOREA,4767,2,PROV,PRCNCT,CJ,CJ_SV,"2020-09-28 02:38:12",126,116,0,8,2,96,86,0,8,2,83,13,132,36,1,0,11,5,62,1,0,1,0,2
1,ALBA,"ȘCOALA PRIMARĂ PELEŞ",393,SOHODOL,7446,2,PROV,PRCNCT,CJ,CJ_SV,"2020-09-28 03:18:04",346,338,0,8,0,193,185,0,8,0,176,17,368,175,9,7,3,31,116,4,1,1,0,4
1,ALBA,"ŞCOALA PRIMARĂ PEŢELCA",170,"ORAŞ TEIUŞ",8096,1,PROV,PRCNCT,CJ,CJ_SV,"2020-09-27 23:26:32",122,108,0,11,3,75,61,0,11,3,69,6,120,45,3,2,6,34,19,2,1,2,0,0
1,ALBA,"ŞCOALA PRIMARĂ PETRISAT",90,"MUNICIPIUL BLAJ",1348,1,PROV,PRCNCT,CJ,CJ_SV,"2020-09-28 00:11:45",470,460,0,10,0,254,244,0,10,0,241,13,600,346,3,149,1,8,72,6,0,0,0,2
1,ALBA,"ŞCOALA PRIMARĂ POIANA",394,SOHODOL,7446,3,PROV,PRCNCT,CJ,CJ_SV,"2020-09-28 02:41:38",77,68,0,9,0,77,68,0,9,0,67,10,145,68,4,3,1,16,35,3,1,0,2,2
1,ALBA,"ŞCOALA PRIMARĂ POIENI",216,BUCIUM,3459,1,PROV,PRCNCT,CJ,CJ_SV,"2020-09-28 01:02:29",291,269,0,5,17,188,166,0,5,17,175,13,297,109,4,2,14,72,57,22,0,2,0,2
1,ALBA,"ŞCOALA PRIMARĂ - POȘAGA DE SUS",347,POŞAGA,6468,1,PROV,PRCNCT,CJ,CJ_SV,"2020-09-27 22:54:53",132,124,0,6,2,99,91,0,6,2,96,3,142,43,6,3,2,24,49,5,1,0,1,5
1,ALBA,"ŞCOALA PRIMARĂ POTIONCI",186,ALBAC,2130,1,PROV,PRCNCT,CJ,CJ_SV,"2020-09-27 22:43:15",66,55,0,8,3,40,29,0,8,3,38,2,65,25,0,2,0,2,30,0,0,1,0,3
1,ALBA,"ȘCOALA PRIMARĂ PRELUCA",275,HOREA,4767,1,PROV,PRCNCT,CJ,CJ_SV,"2020-09-27 23:12:26",55,44,0,11,0,55,44,0,11,0,54,1,63,8,2,1,1,7,42,0,0,0,0,1
1,ALBA,"ȘCOALA PRIMARĂ RECIU",261,GÂRBOVA,4482,1,PROV,PRCNCT,CJ,CJ_SV,"2020-09-27 23:32:03",281,269,1,6,5,156,145,0,6,5,145,11,304,148,25,0,0,22,89,0,2,5,1,1
1,ALBA,"ŞCOALA PRIMARĂ ROGOZ",187,ALBAC,2130,1,PROV,PRCNCT,CJ,CJ_SV,"2020-09-28 01:10:29",237,226,0,4,7,139,128,0,4,7,130,9,266,127,8,0,2,25,76,7,1,1,0,10
1,ALBA,"ŞCOALA PRIMARĂ RUNC",389,SCĂRIŞOARA,7197,1,PROV,PRCNCT,CJ,CJ_SV,"2020-09-28 01:06:56",108,92,0,7,9,108,92,0,7,9,97,11,140,32,10,2,16,9,47,3,1,0,3,6
1,ALBA,"ȘCOALA PRIMARĂ - RUNC",331,OCOLIŞ,6119,1,PROV,PRCNCT,CJ,CJ_SV,"2020-09-28 00:04:33",129,120,0,6,3,98,89,0,6,3,92,6,120,22,5,2,0,11,65,1,2,1,0,5
1,ALBA,"ȘCOALA PRIMARĂ - SAGAGEA",348,POŞAGA,6468,1,PROV,PRCNCT,CJ,CJ_SV,"2020-09-27 23:38:35",166,157,0,9,0,125,116,0,9,0,113,12,174,49,7,2,0,17,73,1,1,2,0,10
1,ALBA,"ŞCOALA PRIMARĂ SĂLCIUA DE JOS",366,SĂLCIUA,6976,1,PROV,PRCNCT,CJ,CJ_SV,"2020-09-28 02:16:11",680,637,0,11,32,440,397,0,11,32,409,31,752,312,23,12,26,108,156,25,4,4,1,50
1,ALBA,"ŞCOALA PRIMARĂ SĂLIŞTEA-DEAL",370,SĂLIŞTEA,7044,1,PROV,PRCNCT,CJ,CJ_SV,"2020-09-27 23:55:22",240,230,0,8,2,164,154,0,8,2,151,13,247,83,1,2,1,56,81,3,1,3,1,2
1,ALBA,"ŞCOALA PRIMARĂ , SAT GALAŢI",176,"ORAŞ ZLATNA",1936,1,PROV,PRCNCT,CJ,CJ_SV,"2020-09-28 00:30:09",309,301,0,6,2,137,129,0,6,2,135,2,333,196,15,3,12,12,72,5,3,1,0,12
1,ALBA,"ŞCOALA PRIMARĂ , SAT PĂTRÂNGENI",178,"ORAŞ ZLATNA",1936,2,PROV,PRCNCT,CJ,CJ_SV,"2020-09-28 01:56:18",512,504,0,7,1,298,290,0,7,1,278,20,557,259,19,3,11,57,141,39,0,2,0,6
1,ALBA,"ŞCOALA PRIMARĂ , SAT PIRITA",179,"ORAŞ ZLATNA",1936,1,PROV,PRCNCT,CJ,CJ_SV,"2020-09-28 01:07:29",379,367,0,10,2,238,226,0,10,2,225,13,408,170,21,5,16,54,81,40,3,1,0,4
1,ALBA,"ŞCOALA PRIMARĂ , SAT TRÎMPOIELE",180,"ORAŞ ZLATNA",1936,2,PROV,PRCNCT,CJ,CJ_SV,"2020-09-28 02:17:08",327,321,0,4,2,183,177,0,4,2,175,8,356,173,30,6,11,43,78,3,0,2,0,2
1,ALBA,"ŞCOALA PRIMARĂ , SAT VALEA MICĂ",181,"ORAŞ ZLATNA",1936,1,PROV,PRCNCT,CJ,CJ_SV,"2020-09-28 01:17:03",349,330,1,10,8,256,237,1,10,8,242,14,372,116,16,6,8,17,157,5,4,3,2,24
1,ALBA,"ȘCOALA PRIMARĂ SEBEȘEL",375,SĂSCIORI,7099,2,PROV,PRCNCT,CJ,CJ_SV,"2020-09-28 03:26:50",1067,1055,0,6,6,679,667,0,6,6,635,44,1161,482,286,8,2,58,214,37,0,1,5,24
1,ALBA,"ŞCOALA PRIMARĂ SFOARTEA",390,SCĂRIŞOARA,7197,1,PROV,PRCNCT,CJ,CJ_SV,"2020-09-27 23:28:13",76,67,0,9,0,61,52,0,9,0,56,5,75,14,7,1,13,2,31,2,0,0,0,0
1,ALBA,"ŞCOALA PRIMARĂ SÎNBENEDIC",249,FĂRĂU,4302,1,PROV,PRCNCT,CJ,CJ_SV,"2020-09-28 00:45:37",212,191,0,9,12,145,124,0,9,12,129,16,200,55,1,3,10,2,104,1,0,0,0,8
1,ALBA,"ŞCOALA PRIMARĂ ȘTIULEȚI",391,SCĂRIŞOARA,7197,1,PROV,PRCNCT,CJ,CJ_SV,"2020-09-27 22:57:33",127,111,0,10,6,102,86,0,10,6,97,5,112,10,9,3,23,13,45,1,0,1,0,2
1,ALBA,"ŞCOALA PRIMARĂ TĂRTĂRIA",371,SĂLIŞTEA,7044,1,PROV,PRCNCT,CJ,CJ_SV,"2020-09-28 02:04:48",582,544,0,13,25,445,407,0,13,25,423,22,631,186,24,3,2,100,250,9,3,10,4,18
1,ALBA,"ŞCOALA PRIMARĂ TOTOI",382,SÂNTIMBRU,7384,1,PROV,PRCNCT,CJ,CJ_SV,"2020-09-28 02:52:57",462,446,0,6,10,268,252,0,6,10,242,10,490,238,11,5,0,39,158,4,3,7,1,14
1,ALBA,"ȘCOALA PRIMARĂ TRIFEȘTI",271,HOREA,4767,2,PROV,PRCNCT,CJ,CJ_SV,"2020-09-28 04:34:36",386,369,0,9,8,300,283,0,9,8,284,16,424,124,5,4,1,92,171,1,4,3,0,3
1,ALBA,"ŞCOALA PRIMARĂ UIOARA DE JOS",160,"ORAŞ OCNA MUREŞ",1794,1,PROV,PRCNCT,CJ,CJ_SV,"2020-09-28 02:04:06",883,873,2,8,0,281,273,0,8,0,273,8,967,686,8,2,12,43,184,5,1,7,1,10
1,ALBA,"ŞCOALA PRIMARĂ UIOARA DE SUS, SALA NR. 1",161,"ORAŞ OCNA MUREŞ",1794,1,PROV,PRCNCT,CJ,CJ_SV,"2020-09-28 02:04:22",1381,1375,1,5,0,521,516,0,5,0,497,24,1519,998,21,29,10,62,319,3,0,32,1,20
1,ALBA,"ŞCOALA PRIMARĂ VALEA BISTRII",131,"ORAŞ CÂMPENI",1455,1,PROV,PRCNCT,CJ,CJ_SV,"2020-09-28 02:28:26",396,381,1,11,3,293,279,0,11,3,272,21,416,123,16,2,8,104,120,4,4,6,0,8
1,ALBA,"ŞCOALA PRIMARĂ VALEA LUPȘII",306,LUPŞA,5336,3,PROV,PRCNCT,CJ,CJ_SV,"2020-09-28 06:46:06",715,701,0,7,7,474,460,0,7,7,440,34,809,335,53,6,16,64,196,17,3,27,2,56
1,ALBA,"ŞCOALA PRIMARĂ VALEA VINŢULUI",439,"VINŢU DE JOS",8826,1,PROV,PRCNCT,CJ,CJ_SV,"2020-09-28 00:16:14",336,324,0,12,0,180,168,0,12,0,161,19,356,176,22,5,2,35,70,10,2,4,0,11
1,ALBA,"ȘCOALA PRIMARĂ - VIDOLM",332,OCOLIŞ,6119,1,PROV,PRCNCT,CJ,CJ_SV,"2020-09-27 23:16:03",62,47,0,11,4,47,32,0,11,4,44,3,60,13,3,2,2,2,33,1,0,0,0,1
1,ALBA,"ŞCOALA PRIMARĂ VÎRŞI",128,"ORAŞ CÂMPENI",1455,2,PROV,PRCNCT,CJ,CJ_SV,"2020-09-28 03:26:21",560,541,0,9,10,360,341,0,9,10,329,31,595,235,18,4,22,102,137,15,1,8,1,21
1,ALBA,"SEDIU ADMINISTRATIV VINGARD - COMUNA ŞPRING",412,ŞPRING,7945,1,PROV,PRCNCT,CJ,CJ_SV,"2020-09-28 00:14:08",585,560,0,15,10,326,301,0,15,10,299,27,623,297,6,5,2,18,158,6,1,57,4,42
1,ALBA,"SEDIUL FOSTEI PRIMĂRII MUȘCA",307,LUPŞA,5336,2,PROV,PRCNCT,CJ,CJ_SV,"2020-09-28 03:19:36",940,925,0,6,9,609,594,0,6,9,580,29,1000,391,36,11,8,118,169,49,4,10,2,173
1,ALBA,"SEMINARUL TEOLOGIC ORTODOX „SFÂNTUL SIMION ŞTEFAN”",16,"MUNICIPIUL ALBA IULIA",1017,2,PROV,PRCNCT,CJ,CJ_SV,"2020-09-28 06:36:20",1386,1342,18,12,14,473,448,0,12,13,466,7,1486,1010,22,5,15,63,193,16,4,25,11,112
1,ALBA,"SERVICIUL PUBLIC DE ADMINISTRARE A PATRIMONIULUI SEBEŞ",92,"MUNICIPIUL SEBEŞ",1874,1,PROV,PRCNCT,CJ,CJ_SV,"2020-09-28 00:37:33",1668,1645,12,11,0,719,706,2,11,0,691,28,1819,1100,34,9,8,133,385,16,7,17,27,55
1,ALBA,"SERVICIUL PUBLIC DE ASISTENŢĂ SOCIALĂ BLAJ",82,"MUNICIPIUL BLAJ",1348,1,PROV,PRCNCT,CJ,CJ_SV,"2020-09-27 23:49:57",513,500,1,11,1,221,209,0,11,1,216,5,600,379,8,3,6,14,152,19,2,5,1,6
1,ALBA,"STADION MUNICIPAL „CETATE”",32,"MUNICIPIUL ALBA IULIA",1017,1,PROV,PRCNCT,CJ,CJ_SV,"2020-09-28 01:57:11",1390,1381,1,8,0,505,497,0,8,0,493,12,1521,1016,29,5,15,53,204,15,5,14,8,145
1,ALBA,"TABĂRA DE CREAȚIE SI ODIHNĂ ”AVRAM IANCU”",330,OCOLIŞ,6119,1,PROV,PRCNCT,CJ,CJ_SV,"2020-09-28 01:09:43",63,44,0,13,6,58,39,0,13,6,54,4,60,2,1,2,1,2,44,1,0,2,0,1
