precinct_county_nce,precinct_county_name,precinct_name,precinct_nr,uat_name,uat_siruta,report_version,report_stage_code,report_type_scope_code,report_type_category_code,report_type_code,created_at,a,a1,a2,a3,a4,b,b1,b2,b3,b4,c,d,e,f,"PARTIDUL ALIANŢA LIBERALILOR ŞI DEMOCRAŢILOR – ALDE-voturi","PARTIDUL MIȘCAREA POPULARĂ-voturi","PARTIDUL SOCIAL DEMOCRAT-voturi","PARTIDUL PRO ROMÂNIA-voturi","PARTIDUL NAȚIONAL LIBERAL-voturi","ALIANȚA USR PLUS-voturi","PARTIDUL VERDE-voturi","PARTIDUL PUTERII UMANISTE (SOCIAL-LIBERAL)-voturi","PARTIDUL ECOLOGIST ROMÂN-voturi","PARTIDUL ALTERNATIVA PENTRU DEMNITATE NATIONALĂ-voturi","BĂLAN LUCIAN-DANIEL-voturi"
38,TULCEA,"BIBLIOTECA JUDEŢEANĂ",37,"MUNICIPIUL TULCEA",159614,2,PROV,PRCNCT,CJ,CJ_SV,"2020-09-28 09:11:47",1368,1337,20,9,2,544,533,0,9,2,526,18,1495,951,14,20,150,38,184,45,11,6,43,2,13
38,TULCEA,"CAMIN CULTURAL",106,"CHILIA VECHE",160172,1,PROV,PRCNCT,CJ,CJ_SV,"2020-09-28 01:54:00",830,827,1,1,1,452,450,0,1,1,413,39,907,455,19,18,61,118,167,11,2,2,4,6,5
38,TULCEA,"CAMIN CULTURAL",105,"CHILIA VECHE",160172,1,PROV,PRCNCT,CJ,CJ_SV,"2020-09-28 01:59:00",811,810,0,1,0,459,458,0,1,0,419,40,888,429,12,33,53,140,152,9,4,1,4,6,5
38,TULCEA,"CAMIN CULTURAL",180,"SFÂNTU GHEORGHE",161231,1,PROV,PRCNCT,CJ,CJ_SV,"2020-09-28 01:59:58",719,694,2,2,21,540,516,1,2,21,503,37,765,225,28,15,233,5,148,59,4,3,2,2,4
38,TULCEA,"CĂMIN CULTURAL",143,LUNCAVIŢA,160680,1,PROV,PRCNCT,CJ,CJ_SV,"2020-09-28 04:49:03",1311,1294,2,10,5,575,560,0,10,5,501,74,1425,850,11,40,121,105,169,25,2,5,13,5,5
38,TULCEA,"CĂMIN CULTURAL",142,LUNCAVIŢA,160680,1,PROV,PRCNCT,CJ,CJ_SV,"2020-09-28 04:14:43",1626,1607,0,8,11,796,777,0,8,11,676,120,1767,971,14,29,132,151,303,10,4,3,17,8,5
38,TULCEA,"CĂMIN CULTURAL",115,DOROBANŢU,160323,2,PROV,PRCNCT,CJ,CJ_SV,"2020-09-28 02:26:49",363,345,0,8,10,204,186,0,8,10,188,16,384,180,6,15,80,6,74,1,0,2,1,3,0
38,TULCEA,"CĂMIN CULTURAL",113,DĂENI,160305,1,PROV,PRCNCT,CJ,CJ_SV,"2020-09-28 04:46:50",1664,1617,0,19,28,1054,1007,0,19,28,980,74,1785,731,17,28,334,2,575,6,1,3,5,4,5
38,TULCEA,"CAMIN CULTURAL FRECATEI",117,FRECĂŢEI,160387,1,PROV,PRCNCT,CJ,CJ_SV,"2020-09-28 03:11:49",1027,986,1,13,27,524,485,0,13,26,485,39,1090,566,70,19,248,4,106,18,12,2,3,0,3
38,TULCEA,"CĂMIN CULTURAL IAZURILE",202,"VALEA NUCARILOR",161482,2,PROV,PRCNCT,CJ,CJ_SV,"2020-09-28 14:19:28",679,666,0,3,10,337,324,0,3,10,313,24,731,394,11,6,132,30,115,5,2,2,4,0,6
38,TULCEA,"CĂMIN CULTURAL MURIGHIOL",156,MURIGHIOL,160911,2,PROV,PRCNCT,CJ,CJ_SV,"2020-09-28 03:37:08",1241,1227,2,7,5,731,719,0,7,5,685,46,1335,604,15,42,105,92,353,56,4,3,8,7,0
38,TULCEA,"CAMIN CULTURAL POSTA",119,FRECĂŢEI,160387,1,PROV,PRCNCT,CJ,CJ_SV,"2020-09-28 00:27:04",545,530,0,5,10,250,235,0,5,10,228,22,582,332,20,9,133,5,40,7,4,1,5,1,3
38,TULCEA,"CĂMIN CULTURAL SARINASUF",161,MURIGHIOL,160911,1,PROV,PRCNCT,CJ,CJ_SV,"2020-09-28 00:09:06",347,340,0,7,0,187,180,0,7,0,173,14,376,189,4,22,21,37,56,20,3,3,1,3,3
38,TULCEA,"CĂMIN CULTURAL TELIȚA",120,FRECĂŢEI,160387,1,PROV,PRCNCT,CJ,CJ_SV,"2020-09-27 23:52:22",474,444,3,14,13,230,204,0,14,12,220,10,487,257,25,6,113,20,35,9,3,2,2,3,2
38,TULCEA,"CAMINUL CULTURAL",83,BEIDAUD,159847,4,PROV,PRCNCT,CJ,CJ_SV,"2020-09-28 09:32:51",509,469,0,32,8,353,313,0,32,8,329,19,514,164,7,14,208,49,43,1,1,2,3,1,0
38,TULCEA,"CAMINUL CULTURAL",82,BEIDAUD,159847,1,PROV,PRCNCT,CJ,CJ_SV,"2020-09-28 00:20:45",402,381,0,19,2,266,245,0,19,2,236,30,413,147,19,5,132,18,48,2,2,3,2,3,2
38,TULCEA,"CAMINUL CULTURAL",172,PARDINA,161133,2,PROV,PRCNCT,CJ,CJ_SV,"2020-09-28 06:49:48",535,467,1,63,4,375,308,0,63,4,349,26,514,139,4,4,151,28,119,29,2,3,3,3,3
38,TULCEA,"CĂMINUL CULTURAL",200,"VALEA NUCARILOR",161482,3,PROV,PRCNCT,CJ,CJ_SV,"2020-09-28 05:24:18",807,788,2,7,10,458,440,1,7,10,410,48,885,427,10,13,178,72,115,6,3,4,5,1,3
38,TULCEA,"CĂMINUL CULTURAL",187,STEJARU,161348,5,PROV,PRCNCT,CJ,CJ_SV,"2020-09-28 06:59:20",673,514,0,147,12,567,408,0,147,12,525,39,656,89,36,5,166,2,302,5,1,1,0,1,6
38,TULCEA,"CĂMINUL CULTURAL",173,PECENEAGA,161151,1,PROV,PRCNCT,CJ,CJ_SV,"2020-09-28 04:02:43",1497,1389,1,12,95,971,865,0,11,95,878,93,1532,561,180,61,348,14,206,8,1,8,44,1,7
38,TULCEA,"CĂMINUL CULTURAL",138,JURILOVCA,160644,1,PROV,PRCNCT,CJ,CJ_SV,"2020-09-28 01:44:18",1044,1034,1,8,1,586,577,0,8,1,552,34,1143,557,3,16,413,5,100,2,1,3,4,4,1
38,TULCEA,"CĂMINUL CULTURAL",137,JIJILA,160617,1,PROV,PRCNCT,CJ,CJ_SV,"2020-09-28 02:02:58",1067,1062,0,3,2,455,450,0,3,2,404,51,1175,720,72,7,129,11,159,14,4,1,6,1,0
38,TULCEA,"CĂMINUL CULTURAL",136,JIJILA,160617,1,PROV,PRCNCT,CJ,CJ_SV,"2020-09-28 04:53:32",1631,1625,0,2,4,870,864,0,2,4,804,66,1793,923,27,15,271,4,407,49,2,3,20,4,2
38,TULCEA,"CĂMINUL CULTURAL",135,JIJILA,160617,2,PROV,PRCNCT,CJ,CJ_SV,"2020-09-28 15:44:31",1832,1820,0,4,8,931,919,0,4,8,868,63,1990,1059,19,21,250,7,476,59,1,2,23,3,7
38,TULCEA,"CĂMINUL CULTURAL",131,I.C.BRĂTIANU,161525,1,PROV,PRCNCT,CJ,CJ_SV,"2020-09-28 05:49:36",1012,954,0,53,5,702,644,0,53,5,642,60,1043,341,15,110,107,23,194,27,99,4,56,1,6
38,TULCEA,"CĂMINUL CULTURAL",99,CEATALCHIOI,160047,2,PROV,PRCNCT,CJ,CJ_SV,"2020-09-28 02:56:52",394,378,0,13,3,266,250,0,13,3,236,30,417,151,2,4,101,10,108,2,1,2,3,0,3
38,TULCEA,"CĂMINUL CULTURAL AGIGHIOL",201,"VALEA NUCARILOR",161482,2,PROV,PRCNCT,CJ,CJ_SV,"2020-09-28 07:31:24",1411,1393,5,9,4,726,712,1,9,4,650,76,1518,792,43,25,201,204,142,4,2,3,13,6,7
38,TULCEA,"CĂMINUL CULTURAL GRECI",121,GRECI,160430,1,PROV,PRCNCT,CJ,CJ_SV,"2020-09-28 03:09:38",1521,1508,0,8,5,661,648,0,8,5,613,48,1657,996,34,13,201,15,314,9,2,3,5,8,9
38,TULCEA,"CĂMINUL CULTURAL JURILOVCA",141,JURILOVCA,160644,2,PROV,PRCNCT,CJ,CJ_SV,"2020-09-28 01:45:38",1062,1061,0,1,0,467,466,0,1,0,431,36,1165,698,12,12,307,7,66,17,0,1,3,3,3
38,TULCEA,"CASA DE CULTURĂ",42,"MUNICIPIUL TULCEA",159614,1,PROV,PRCNCT,CJ,CJ_SV,"2020-09-28 03:45:57",1453,1447,0,6,0,575,569,0,6,0,556,19,1599,1024,20,22,164,35,213,33,16,2,31,4,16
38,TULCEA,"CASA DE CULTURĂ",43,"MUNICIPIUL TULCEA",159614,1,PROV,PRCNCT,CJ,CJ_SV,"2020-09-28 00:49:39",536,530,0,6,0,190,184,0,6,0,186,4,587,397,7,4,56,9,71,7,3,3,18,2,6
38,TULCEA,"CASA DE CULTURĂ PAUL BARBĂNEAGRĂ",60,"ORAŞ ISACCEA",159687,3,PROV,PRCNCT,CJ,CJ_SV,"2020-09-28 03:28:31",1315,1299,1,4,11,649,634,0,4,11,617,32,1447,798,16,52,160,89,171,95,2,5,7,16,4
38,TULCEA,"CENTRUL CULTURAL ADMINISTRATIV SOCIAL",170,NUFĂRU,161053,1,PROV,PRCNCT,CJ,CJ_SV,"2020-09-28 01:59:44",1078,1049,3,15,11,631,605,0,15,11,588,43,1131,500,13,27,270,39,187,13,9,4,15,2,9
38,TULCEA,"CENTRUL SOCIAL DE ZI PENTRU PERSOANE DEFAVORIZATE",124,GRINDU,160458,1,PROV,PRCNCT,CJ,CJ_SV,"2020-09-28 04:56:41",1231,1115,0,48,68,754,638,0,48,68,693,61,1200,446,66,30,76,108,399,4,3,1,5,1,0
38,TULCEA,"CENTRU MULTIFUNCTIONAL CATALOI",118,FRECĂŢEI,160387,1,PROV,PRCNCT,CJ,CJ_SV,"2020-09-28 05:14:21",1098,1033,0,26,39,531,466,0,26,39,509,22,1132,601,15,23,309,11,82,41,9,4,10,1,4
38,TULCEA,"COLEGIUL ”ANGHEL SALIGNY”",41,"MUNICIPIUL TULCEA",159614,2,PROV,PRCNCT,CJ,CJ_SV,"2020-09-28 02:07:48",1634,1623,1,9,1,461,451,0,9,1,441,20,1787,1326,19,13,115,35,171,21,6,4,47,1,9
38,TULCEA,"COLEGIUL DOBROGEAN ”SPIRU HARET”",44,"MUNICIPIUL TULCEA",159614,1,PROV,PRCNCT,CJ,CJ_SV,"2020-09-28 01:50:41",1809,1796,5,7,1,663,655,0,7,1,635,28,1991,1328,19,40,191,31,197,77,9,6,34,3,28
38,TULCEA,"COLEGIUL ECONOMIC ” DELTA DUNĂRII”",38,"MUNICIPIUL TULCEA",159614,1,PROV,PRCNCT,CJ,CJ_SV,"2020-09-28 02:12:06",1255,1247,2,6,0,487,481,0,6,0,465,22,1375,888,17,17,120,34,194,32,3,0,33,4,11
38,TULCEA,"COLEGIUL ECONOMIC ” DELTA DUNĂRII”",39,"MUNICIPIUL TULCEA",159614,1,PROV,PRCNCT,CJ,CJ_SV,"2020-09-28 01:17:03",983,974,0,8,1,374,365,0,8,1,359,15,486,112,12,15,107,20,127,34,6,3,26,3,6
38,TULCEA,"COLEGIUL TEHNIC ”HENRY COANDĂ”",36,"MUNICIPIUL TULCEA",159614,2,PROV,PRCNCT,CJ,CJ_SV,"2020-09-29 15:25:58",1539,1518,1,16,4,595,575,0,16,4,575,20,1678,1083,12,13,153,39,213,48,6,6,66,5,14
38,TULCEA,"CONSILIUL LOCAL",181,"SLAVA CERCHEZĂ",161259,1,PROV,PRCNCT,CJ,CJ_SV,"2020-09-28 00:58:25",1031,1005,0,22,4,456,430,0,22,4,412,44,1100,644,26,7,178,5,175,6,1,6,3,2,3
38,TULCEA,"GRĂDINIŢA ”CONSTANTIN BRĂTESCU”",62,"ORAŞ ISACCEA",159687,3,PROV,PRCNCT,CJ,CJ_SV,"2020-09-29 16:36:31",1327,1314,0,6,7,694,681,0,6,7,632,49,1442,761,19,37,193,81,179,79,3,5,9,22,5
38,TULCEA,"GRĂDINIȚA CU PROGRAM NORMAL REVĂRSAREA",63,"ORAŞ ISACCEA",159687,1,PROV,PRCNCT,CJ,CJ_SV,"2020-09-28 00:19:53",439,408,0,11,20,206,175,0,11,20,180,26,448,242,3,8,76,45,27,13,2,0,4,2,0
38,TULCEA,"GRĂDINIȚA CU PROGRAM PRELUNGIT DE PE LÂNGĂ LICEUL TEHNOLOGIC AGRICOL NICOLAE CORNĂȚEANU",40,"MUNICIPIUL TULCEA",159614,1,PROV,PRCNCT,CJ,CJ_SV,"2020-09-28 06:42:23",1489,1463,17,9,0,629,620,0,9,0,605,24,1600,971,23,22,155,41,206,65,4,3,60,6,20
38,TULCEA,"GRĂDINIȚA CU PROGRAM PRELUNGIT ”DRUMBAVA MINUNATĂ”",22,"MUNICIPIUL TULCEA",159614,1,PROV,PRCNCT,CJ,CJ_SV,"2020-09-28 04:04:49",1802,1786,6,9,1,700,690,0,9,1,672,28,1974,1274,45,25,190,39,222,68,8,1,55,1,18
38,TULCEA,"GRĂDINIŢA CU PROGRAM PRELUNGIT NR.12",12,"MUNICIPIUL TULCEA",159614,1,PROV,PRCNCT,CJ,CJ_SV,"2020-09-28 03:15:21",1729,1718,0,9,2,671,660,0,9,2,653,18,1900,1229,11,31,221,33,213,66,12,3,48,2,13
38,TULCEA,"GRĂDINIŢA CU PROGRAM PRELUNGIT NR.13",6,"MUNICIPIUL TULCEA",159614,3,PROV,PRCNCT,CJ,CJ_SV,"2020-09-28 03:34:27",1660,1650,0,10,0,518,508,0,10,0,490,28,1800,1282,21,12,160,25,188,28,4,6,35,0,11
38,TULCEA,"GRĂDINIŢA CU PROGRAM PRELUNGIT NR.17",34,"MUNICIPIUL TULCEA",159614,1,PROV,PRCNCT,CJ,CJ_SV,"2020-09-28 05:31:28",1597,1588,1,8,0,588,580,0,8,0,565,23,1762,1174,12,23,158,36,216,50,9,1,47,1,12
38,TULCEA,"GRĂDINIŢA CU PROGRAM PRELUNGIT NR.17",35,"MUNICIPIUL TULCEA",159614,1,PROV,PRCNCT,CJ,CJ_SV,"2020-09-28 02:18:55",1672,1664,0,8,0,485,477,0,8,0,469,16,1851,1366,20,16,119,36,160,39,11,3,49,4,12
38,TULCEA,"GRĂDINIŢA CU PROGRAM PRELUNGIT NR.18",1,"MUNICIPIUL TULCEA",159614,1,PROV,PRCNCT,CJ,CJ_SV,"2020-09-28 00:09:24",1074,1064,1,9,0,326,317,0,9,0,316,10,1181,855,11,11,106,30,101,19,2,4,30,0,2
38,TULCEA,"GRĂDINIŢA CU PROGRAM PRELUNGIT NR.18",2,"MUNICIPIUL TULCEA",159614,1,PROV,PRCNCT,CJ,CJ_SV,"2020-09-28 03:52:02",1294,1285,2,5,2,488,481,0,5,2,470,18,1454,966,13,14,133,33,169,44,6,0,36,0,22
38,TULCEA,"GRĂDINIŢA DE COPII",167,NICULIŢEL,161035,1,PROV,PRCNCT,CJ,CJ_SV,"2020-09-28 02:40:31",1252,1227,0,12,13,571,546,0,12,13,509,62,1372,801,37,61,217,41,106,25,1,8,5,5,3
38,TULCEA,"GRĂDINIŢA DE COPII NR.2-VETERANI",58,"ORAŞ BABADAG",159650,1,PROV,PRCNCT,CJ,CJ_SV,"2020-09-28 05:50:10",643,621,1,17,4,298,277,0,17,4,286,12,680,382,2,9,106,8,149,6,1,1,3,1,0
38,TULCEA,"GRĂDINIŢA DE COPII OSTROV",171,OSTROV,161106,1,PROV,PRCNCT,CJ,CJ_SV,"2020-09-28 05:22:53",1589,1555,1,11,22,900,867,0,11,22,789,111,1700,800,13,45,411,27,265,6,6,6,3,2,5
38,TULCEA,"GRADINITA FLORESTI",129,HORIA,160528,1,PROV,PRCNCT,CJ,CJ_SV,"2020-09-28 01:04:46",236,213,0,13,10,149,126,0,13,10,130,19,233,84,12,0,72,4,34,0,1,3,3,1,0
38,TULCEA,"GRADINITA HORIA",130,HORIA,160528,1,PROV,PRCNCT,CJ,CJ_SV,"2020-09-28 03:53:47",881,827,0,30,24,572,518,0,30,24,539,33,907,335,24,17,288,25,153,8,4,5,5,3,7
38,TULCEA,"GRADINIȚA MINA ALTÂN-TEPE",188,STEJARU,161348,2,PROV,PRCNCT,CJ,CJ_SV,"2020-09-28 03:50:03",367,336,0,25,6,224,193,0,25,6,218,6,270,46,7,10,119,0,78,0,0,4,0,0,0
38,TULCEA,"GRĂDINIŢA NR. 3",66,"ORAŞ MĂCIN",159730,1,PROV,PRCNCT,CJ,CJ_SV,"2020-09-28 05:02:49",1207,1188,4,9,6,518,503,0,9,6,493,25,1307,789,34,27,117,15,214,26,7,5,20,3,25
38,TULCEA,"GRUP SCOLAR DIMITRIE CANTEMIR",54,"ORAŞ BABADAG",159650,1,PROV,PRCNCT,CJ,CJ_SV,"2020-09-28 03:57:46",1462,1445,1,16,0,692,676,0,16,0,637,55,1590,898,8,14,319,10,257,15,1,1,8,1,3
38,TULCEA,"INSTITUŢIA PRIMARULUI COMUNEI BEIDAUD",81,BEIDAUD,159847,1,PROV,PRCNCT,CJ,CJ_SV,"2020-09-28 01:43:52",500,438,0,47,15,373,311,0,47,15,331,42,478,105,11,6,148,122,27,1,8,3,4,0,1
38,TULCEA,"LICEUL DE ARTE ”GEORGE GEORGESCU”",11,"MUNICIPIUL TULCEA",159614,1,PROV,PRCNCT,CJ,CJ_SV,"2020-09-28 02:32:41",940,931,4,5,0,342,336,1,5,0,332,10,1000,658,15,10,100,23,111,21,5,3,28,4,12
38,TULCEA,"LICEUL DE ARTE ”GEORGE GEORGESCU”",9,"MUNICIPIUL TULCEA",159614,1,PROV,PRCNCT,CJ,CJ_SV,"2020-09-28 02:53:21",1215,1199,1,14,1,494,479,0,14,1,477,17,1300,806,15,18,150,40,154,37,12,3,33,3,12
38,TULCEA,"LICEUL DE ARTE ”GEORGE GEORGESCU”",10,"MUNICIPIUL TULCEA",159614,1,PROV,PRCNCT,CJ,CJ_SV,"2020-09-28 02:34:16",975,961,7,7,0,395,388,0,7,0,389,6,1065,670,15,21,115,24,132,36,5,0,21,3,17
38,TULCEA,"LICEUL DE ARTE ”GEORGE GEORGESCU”",8,"MUNICIPIUL TULCEA",159614,1,PROV,PRCNCT,CJ,CJ_SV,"2020-09-28 01:52:21",1130,1116,0,14,0,441,427,0,14,0,428,13,1238,797,12,11,156,22,138,40,4,2,34,2,7
38,TULCEA,"LICEUL DE ARTE ”GEORGE GEORGESCU”",7,"MUNICIPIUL TULCEA",159614,1,PROV,PRCNCT,CJ,CJ_SV,"2020-09-28 02:22:41",1331,1317,2,12,0,450,438,0,12,0,438,7,1465,1020,15,14,132,28,157,40,5,2,31,6,8
38,TULCEA,"LICEUL ”JEAN BART”, LOCALITATEA SULINA",73,"ORAŞ SULINA",159767,1,PROV,PRCNCT,CJ,CJ_SV,"2020-09-28 01:58:14",1082,1060,0,11,11,501,479,0,11,11,475,26,1166,665,47,74,108,24,120,76,3,1,8,8,6
38,TULCEA,"LICEUL ”JEAN BART”, LOCALITATEA SULINA",72,"ORAŞ SULINA",159767,1,PROV,PRCNCT,CJ,CJ_SV,"2020-09-27 23:15:12",221,208,0,10,3,111,98,0,10,3,107,4,230,119,3,17,26,6,31,8,1,1,12,0,2
38,TULCEA,"LICEUL TEHNOLOGIC TOPOLOG",191,TOPOLOG,161384,3,PROV,PRCNCT,CJ,CJ_SV,"2020-09-29 17:09:20",1001,990,0,7,4,557,546,0,7,4,500,38,1090,533,25,22,170,43,178,24,0,6,16,3,13
38,TULCEA,"LICEUL TEHNOLOGIC TOPOLOG TOPOLOG",190,TOPOLOG,161384,1,PROV,PRCNCT,CJ,CJ_SV,"2020-09-28 04:47:28",915,912,0,2,1,530,527,0,2,1,462,68,1003,473,24,27,165,34,162,9,1,2,10,5,23
38,TULCEA,"LICEUL TEHNOLOGIC ”VASILE BACALU”",146,MAHMUDIA,160724,2,PROV,PRCNCT,CJ,CJ_SV,"2020-09-28 10:15:16",1124,1100,1,10,13,640,617,0,10,13,606,32,1213,573,35,17,347,7,143,35,10,4,3,4,1
38,TULCEA,"LICEUL TEHNOLOGIC ”VASILE BACALU”",145,MAHMUDIA,160724,1,PROV,PRCNCT,CJ,CJ_SV,"2020-09-28 03:07:13",1056,1033,0,3,20,577,554,0,3,20,539,38,1165,588,16,14,322,16,113,33,12,3,4,3,3
38,TULCEA,"LICEUL TEORETIC ”CONSTANTIN BRĂTESCU”",61,"ORAŞ ISACCEA",159687,5,PROV,PRCNCT,CJ,CJ_SV,"2020-09-28 04:06:18",1173,1146,1,14,12,566,540,0,14,12,510,56,1264,698,17,32,148,92,140,63,2,2,7,6,1
38,TULCEA,"LICEUL TEORETIC” GHEORGHE MUNTEANU MURGOCI”",70,"ORAŞ MĂCIN",159730,1,PROV,PRCNCT,CJ,CJ_SV,"2020-09-28 03:07:31",942,929,0,7,6,335,322,0,7,6,294,41,1034,699,10,31,86,7,119,8,3,0,13,1,16
38,TULCEA,"LICEUL TEORETIC” GHEORGHE MUNTEANU MURGOCI”",69,"ORAŞ MĂCIN",159730,1,PROV,PRCNCT,CJ,CJ_SV,"2020-09-28 02:57:07",1426,1412,0,7,7,554,540,0,7,7,497,57,1565,1011,10,36,141,11,218,14,11,9,21,8,18
38,TULCEA,"LICEUL TEORETIC ”GRIGORE MOISIL”",30,"MUNICIPIUL TULCEA",159614,1,PROV,PRCNCT,CJ,CJ_SV,"2020-09-28 04:30:39",1204,1146,1,12,45,489,435,0,12,42,472,17,1272,783,16,15,146,29,155,40,8,5,34,2,22
38,TULCEA,"LICEUL TEORETIC ”GRIGORE MOISIL”",29,"MUNICIPIUL TULCEA",159614,1,PROV,PRCNCT,CJ,CJ_SV,"2020-09-28 04:27:29",1282,1270,1,10,1,507,496,0,10,1,498,9,1400,893,16,28,139,34,178,45,6,5,32,3,12
38,TULCEA,"LICEUL TEORETIC ”ION CREANGĂ”",14,"MUNICIPIUL TULCEA",159614,1,PROV,PRCNCT,CJ,CJ_SV,"2020-09-28 01:50:41",990,982,2,6,0,391,385,0,6,0,380,11,1089,698,12,13,90,24,148,36,4,3,40,0,10
38,TULCEA,"LICEUL TEORETIC ”ION CREANGĂ”",13,"MUNICIPIUL TULCEA",159614,1,PROV,PRCNCT,CJ,CJ_SV,"2020-09-28 02:33:02",1188,1171,3,12,2,461,447,0,12,2,451,10,1300,839,24,18,120,34,135,45,9,2,50,4,10
38,TULCEA,"PRIMĂRIA ORAŞULUI SULINA",74,"ORAŞ SULINA",159767,2,PROV,PRCNCT,CJ,CJ_SV,"2020-09-28 03:47:51",1063,1037,2,7,17,564,540,0,7,17,533,30,1170,607,37,72,148,23,139,63,3,5,21,10,12
38,TULCEA,"PUNCT DE ÎNCASARE TAXE ŞI IMPOZITE LOCALE",28,"MUNICIPIUL TULCEA",159614,1,PROV,PRCNCT,CJ,CJ_SV,"2020-09-28 05:11:47",1712,1699,4,9,0,659,650,0,9,0,645,14,1896,1237,25,26,184,43,213,72,4,3,53,5,17
38,TULCEA,"SALA DE EDUCAȚIE FIZICĂ ȘCOLARĂ",204,VĂCĂRENI,161543,1,PROV,PRCNCT,CJ,CJ_SV,"2020-09-28 05:35:23",1877,1809,2,26,40,1081,1013,2,26,40,977,104,1989,908,24,52,382,23,214,258,3,5,5,5,6
38,TULCEA,"SALA DE SPORT MULTIFUNCŢIONALĂ",33,"MUNICIPIUL TULCEA",159614,1,PROV,PRCNCT,CJ,CJ_SV,"2020-09-28 04:45:17",1472,1455,0,13,4,510,493,0,13,4,491,18,1600,1090,14,14,165,38,174,22,7,3,37,2,15
38,TULCEA,"”SALA DE SPORT TOMA AUREL”",59,"ORAŞ BABADAG",159650,1,PROV,PRCNCT,CJ,CJ_SV,"2020-09-28 04:28:26",1278,1250,0,27,1,663,635,0,27,1,643,20,1380,717,6,10,312,13,266,20,0,2,2,4,8
38,TULCEA,SCOALA,127,HAMCEARCA,160476,1,PROV,PRCNCT,CJ,CJ_SV,"2020-09-28 02:02:56",566,528,0,20,18,363,325,0,20,18,322,41,577,214,7,10,170,13,115,0,3,3,0,0,1
38,TULCEA,SCOALA,126,HAMCEARCA,160476,1,PROV,PRCNCT,CJ,CJ_SV,"2020-09-28 03:05:22",330,285,0,33,12,245,200,0,33,12,226,19,310,65,4,3,19,30,162,2,0,2,1,0,3
38,TULCEA,SCOALA,125,HAMCEARCA,160476,1,PROV,PRCNCT,CJ,CJ_SV,"2020-09-28 00:44:50",276,263,0,3,10,179,166,0,3,10,157,22,298,119,2,4,78,12,52,3,0,2,1,1,2
38,TULCEA,ŞCOALA,91,CASIMCEA,159963,1,PROV,PRCNCT,CJ,CJ_SV,"2020-09-27 22:30:56",37,30,0,7,0,31,24,0,7,0,29,2,53,22,2,6,3,1,17,0,0,0,0,0,0
38,TULCEA,ŞCOALA,85,BEŞTEPE,161552,1,PROV,PRCNCT,CJ,CJ_SV,"2020-09-27 22:41:25",64,61,0,3,0,42,39,0,3,0,37,5,68,26,2,1,22,3,5,4,0,0,0,0,0
38,TULCEA,"ŞCOALA CU CLASELE I-IV",185,SOMOVA,161302,1,PROV,PRCNCT,CJ,CJ_SV,"2020-09-28 00:31:55",648,640,3,4,1,311,305,1,4,1,278,33,712,401,19,10,46,28,125,28,4,9,4,3,2
38,TULCEA,"ŞCOALA CU CLASELE I-IV",184,SOMOVA,161302,1,PROV,PRCNCT,CJ,CJ_SV,"2020-09-28 03:07:33",1522,1501,9,9,3,765,753,0,9,3,719,46,1645,880,62,35,103,136,254,82,7,6,21,7,6
38,TULCEA,"ŞCOALA CU CLASELE I-IV",168,NUFĂRU,161053,2,PROV,PRCNCT,CJ,CJ_SV,"2020-09-28 09:57:24",190,184,0,6,0,103,97,0,6,0,98,5,200,97,2,28,18,10,29,0,10,0,0,0,1
38,TULCEA,"ŞCOALA CU CLASELE I-IV",162,NALBANT,160993,1,PROV,PRCNCT,CJ,CJ_SV,"2020-09-28 00:15:46",288,275,0,7,6,193,180,0,7,6,175,18,300,107,6,2,11,63,65,1,1,0,25,1,0
38,TULCEA,"ŞCOALA CU CLASELE I-IV",150,"MIHAI BRAVU",160831,2,PROV,PRCNCT,CJ,CJ_SV,"2020-09-28 05:15:35",571,550,0,12,9,344,323,0,12,9,322,22,635,291,9,39,161,28,69,2,1,8,2,2,1
38,TULCEA,"ŞCOALA CU CLASELE I-IV",128,HORIA,160528,1,PROV,PRCNCT,CJ,CJ_SV,"2020-09-28 00:07:41",108,97,0,8,3,75,64,0,8,3,69,6,100,25,5,3,37,4,18,0,1,0,0,1,0
38,TULCEA,"ŞCOALA CU CLASELE I-IV BAIA",76,BAIA,159785,1,PROV,PRCNCT,CJ,CJ_SV,"2020-09-28 01:05:00",837,789,0,29,19,580,532,0,29,19,529,51,896,316,8,9,237,189,54,19,1,3,3,4,2
38,TULCEA,"ŞCOALA CU CLASELE I-IV CAUGAGIA",78,BAIA,159785,1,PROV,PRCNCT,CJ,CJ_SV,"2020-09-28 00:24:03",199,181,0,14,4,139,121,0,14,4,126,13,197,58,2,3,38,59,19,2,1,0,1,1,0
38,TULCEA,"ŞCOALA CU CLASELE I-IV COLINA",157,MURIGHIOL,160911,1,PROV,PRCNCT,CJ,CJ_SV,"2020-09-27 23:24:13",118,112,0,6,0,62,56,0,6,0,54,8,125,63,1,9,10,8,14,5,1,1,3,1,1
38,TULCEA,"ŞCOALA CU CLASELE I-IV DUNAVĂȚU DE JOS",158,MURIGHIOL,160911,1,PROV,PRCNCT,CJ,CJ_SV,"2020-09-28 00:08:34",544,535,0,9,0,325,316,0,9,0,289,36,591,266,14,17,37,35,126,51,1,3,2,3,0
38,TULCEA,"ŞCOALA CU CLASELE I-IV DUNAVĂȚU DE SUS",159,MURIGHIOL,160911,1,PROV,PRCNCT,CJ,CJ_SV,"2020-09-27 23:48:09",132,124,0,8,0,70,62,0,8,0,61,9,135,65,1,1,5,4,44,5,0,1,0,0,0
38,TULCEA,"ŞCOALA CU CLASELE I-IV PLOPUL",160,MURIGHIOL,160911,1,PROV,PRCNCT,CJ,CJ_SV,"2020-09-28 01:06:32",511,505,0,6,0,220,214,0,6,0,208,12,553,333,10,20,22,22,78,42,4,3,2,4,1
38,TULCEA,"ŞCOALA CU CLASELE I-VIII",169,NUFĂRU,161053,1,PROV,PRCNCT,CJ,CJ_SV,"2020-09-28 04:19:02",1070,1037,0,23,10,626,593,0,23,10,574,52,1133,507,17,204,181,16,118,17,10,0,7,1,3
38,TULCEA,"ŞCOALA CU CLASELE I-VIII",163,NALBANT,160993,1,PROV,PRCNCT,CJ,CJ_SV,"2020-09-28 01:16:16",793,772,1,3,17,443,423,0,3,17,409,34,845,380,19,10,89,76,97,1,8,1,101,2,5
38,TULCEA,"ŞCOALA CU CLASELE I-VIII",151,"MIHAI BRAVU",160831,1,PROV,PRCNCT,CJ,CJ_SV,"2020-09-28 02:20:36",562,537,5,11,9,273,253,0,11,9,247,26,600,327,5,11,149,6,58,0,1,2,15,0,0
38,TULCEA,"ŞCOALA GENERALĂ",140,JURILOVCA,160644,1,PROV,PRCNCT,CJ,CJ_SV,"2020-09-28 02:12:07",967,951,2,12,2,477,463,0,12,2,453,24,1050,573,9,15,348,15,43,10,1,4,6,0,2
38,TULCEA,"ŞCOALA GENERALĂ",144,LUNCAVIŢA,160680,2,PROV,PRCNCT,CJ,CJ_SV,"2020-09-28 03:31:56",609,592,0,10,7,262,245,0,10,7,233,29,671,409,13,11,37,47,89,5,3,2,17,7,2
38,TULCEA,"ŞCOALA GENERALĂ",192,TOPOLOG,161384,1,PROV,PRCNCT,CJ,CJ_SV,"2020-09-27 22:46:28",104,99,0,5,0,61,56,0,5,0,57,4,108,47,4,2,16,4,26,2,0,2,0,1,0
38,TULCEA,"ŞCOALA GENERALĂ",193,TOPOLOG,161384,1,PROV,PRCNCT,CJ,CJ_SV,"2020-09-27 22:52:13",188,179,0,9,0,109,100,0,9,0,88,21,197,88,6,7,25,8,31,3,0,2,2,1,3
38,TULCEA,"ŞCOALA GENERALĂ",194,TOPOLOG,161384,3,PROV,PRCNCT,CJ,CJ_SV,"2020-09-28 05:22:35",514,507,0,7,0,276,269,0,7,0,236,40,558,282,9,10,48,17,125,8,4,2,6,2,5
38,TULCEA,"ŞCOALA GENERALĂ",195,TOPOLOG,161384,1,PROV,PRCNCT,CJ,CJ_SV,"2020-09-27 23:25:52",215,210,0,5,0,115,110,0,5,0,99,16,230,115,7,2,34,2,45,6,3,0,0,0,0
38,TULCEA,"ŞCOALA GENERALĂ",196,TOPOLOG,161384,2,PROV,PRCNCT,CJ,CJ_SV,"2020-09-28 04:29:48",195,189,0,6,0,119,113,0,6,0,105,14,207,88,4,9,27,4,57,2,0,0,1,0,1
38,TULCEA,"ŞCOALA GENERALĂ",197,TOPOLOG,161384,3,PROV,PRCNCT,CJ,CJ_SV,"2020-09-28 15:21:47",436,428,0,4,4,252,244,0,4,4,222,28,474,224,11,23,73,35,54,9,2,0,6,2,7
38,TULCEA,"ŞCOALA GENERALĂ CU CLASELE I-IV",182,"SLAVA CERCHEZĂ",161259,1,PROV,PRCNCT,CJ,CJ_SV,"2020-09-28 01:55:56",946,915,0,23,8,432,401,0,23,8,357,75,1000,568,11,45,144,40,92,4,5,4,4,3,5
38,TULCEA,"SCOALA GENERALA NR.1 MIRCEA CEL BATRAN",55,"ORAŞ BABADAG",159650,1,PROV,PRCNCT,CJ,CJ_SV,"2020-09-28 05:30:17",1872,1814,0,29,29,828,770,0,29,29,786,42,1995,1167,18,28,321,11,339,32,3,6,10,5,13
38,TULCEA,"SCOALA GENERALA NR.2",56,"ORAŞ BABADAG",159650,1,PROV,PRCNCT,CJ,CJ_SV,"2020-09-28 04:37:37",1366,1344,1,21,0,724,703,0,21,0,688,36,1486,762,9,19,314,12,296,24,1,3,4,1,5
38,TULCEA,"ŞCOALA GENERALĂ NR. 3 ”CONSTANTIN BRÂNCOVEANU”",57,"ORAŞ BABADAG",159650,1,PROV,PRCNCT,CJ,CJ_SV,"2020-09-28 03:28:09",1427,1412,0,13,2,565,550,0,13,2,471,94,1555,990,5,2,288,10,153,4,0,2,6,0,1
38,TULCEA,"ŞCOALA GENERAL PRAPORGESCU",104,CERNA,160127,3,PROV,PRCNCT,CJ,CJ_SV,"2020-09-28 03:18:31",155,149,0,6,0,83,77,0,6,0,75,8,165,82,2,5,40,0,25,0,0,0,3,0,0
38,TULCEA,"ŞCOALA GIMNAZIALĂ",132,IZVOARELE,160564,2,PROV,PRCNCT,CJ,CJ_SV,"2020-09-28 13:53:15",1297,1163,1,27,106,827,722,0,27,78,764,63,1385,558,19,13,206,23,459,15,3,10,5,5,6
38,TULCEA,"ŞCOALA GIMNAZIALĂ",88,"C.A. ROSETTI",159883,1,PROV,PRCNCT,CJ,CJ_SV,"2020-09-27 23:33:22",231,227,0,2,2,118,114,0,2,2,108,10,253,135,4,4,50,18,16,14,1,0,0,0,1
38,TULCEA,"ŞCOALA GIMNAZIALĂ",107,CIUCUROVA,160225,2,PROV,PRCNCT,CJ,CJ_SV,"2020-09-28 06:56:21",1125,1121,0,3,1,622,618,0,3,1,533,89,1230,608,153,5,95,12,227,15,0,4,4,6,12
38,TULCEA,"ŞCOALA GIMNAZIALĂ",92,CASIMCEA,159963,3,PROV,PRCNCT,CJ,CJ_SV,"2020-09-28 06:49:12",637,591,0,19,27,637,591,0,19,27,566,71,1189,552,13,115,62,6,296,54,4,4,6,5,1
38,TULCEA,"ŞCOALA GIMNAZIALĂ ”ALEXANDRU CIUCURENCU”",24,"MUNICIPIUL TULCEA",159614,2,PROV,PRCNCT,CJ,CJ_SV,"2020-09-29 15:00:34",1656,1649,0,7,0,584,577,0,7,0,559,25,1800,1216,18,14,182,40,187,39,9,5,49,0,16
38,TULCEA,"ŞCOALA GIMNAZIALĂ ”ALEXANDRU CIUCURENCU”",23,"MUNICIPIUL TULCEA",159614,1,PROV,PRCNCT,CJ,CJ_SV,"2020-09-28 02:40:53",1268,1249,0,13,6,502,483,0,13,6,481,21,1380,878,16,11,172,20,142,51,4,20,38,3,4
38,TULCEA,"ŞCOALA GIMNAZIALĂ BAIA",75,BAIA,159785,2,PROV,PRCNCT,CJ,CJ_SV,"2020-09-29 17:49:07",1677,1561,0,88,28,1084,968,0,88,28,979,73,1710,626,0,20,464,236,185,41,6,5,11,7,4
38,TULCEA,"ŞCOALA GIMNAZIALĂ BEŞTEPE",84,BEŞTEPE,161552,1,PROV,PRCNCT,CJ,CJ_SV,"2020-09-28 03:10:14",1443,1412,0,6,25,783,752,0,6,25,702,81,1554,771,23,51,268,91,208,32,5,3,16,1,4
38,TULCEA,"ŞCOALA GIMNAZIALA CARCALIU",90,CARCALIU,159945,2,PROV,PRCNCT,CJ,CJ_SV,"2020-09-28 08:46:58",1165,1122,0,19,24,452,411,0,19,22,378,74,1238,786,16,30,169,100,30,2,12,3,5,3,8
38,TULCEA,"ŞCOALA GIMNAZIALA CARCALIU",89,CARCALIU,159945,2,PROV,PRCNCT,CJ,CJ_SV,"2020-09-28 08:37:56",1407,1362,0,16,29,551,506,0,16,29,500,51,1500,949,24,25,243,121,52,6,12,5,3,3,6
38,TULCEA,"ŞCOALA GIMNAZIALĂ CEAMURLIA DE SUS",80,BAIA,159785,3,PROV,PRCNCT,CJ,CJ_SV,"2020-09-28 06:14:59",377,321,0,29,27,377,321,0,29,27,322,55,540,163,6,10,146,69,75,2,2,5,3,4,0
38,TULCEA,"ŞCOALA GIMNAZIALĂ ”CONSTANTIN GĂVENEA”",25,"MUNICIPIUL TULCEA",159614,1,PROV,PRCNCT,CJ,CJ_SV,"2020-09-28 02:14:26",1683,1676,1,6,0,642,636,0,6,0,625,17,1855,1213,17,18,182,68,210,63,6,6,40,2,13
38,TULCEA,"ŞCOALA GIMNAZIALĂ ”CONSTANTIN GĂVENEA”",27,"MUNICIPIUL TULCEA",159614,1,PROV,PRCNCT,CJ,CJ_SV,"2020-09-28 04:25:30",1534,1523,2,7,2,647,638,0,7,2,629,18,1691,1044,13,22,185,40,215,81,8,5,38,5,17
38,TULCEA,"ŞCOALA GIMNAZIALĂ ”CONSTANTIN GĂVENEA”",26,"MUNICIPIUL TULCEA",159614,1,PROV,PRCNCT,CJ,CJ_SV,"2020-09-28 00:30:11",1385,1382,1,2,0,502,500,0,2,0,494,8,1500,998,30,13,130,37,177,42,4,7,35,4,15
38,TULCEA,"ŞCOALA GIMNAZIALĂ CRISAN",110,CRIŞAN,160261,2,PROV,PRCNCT,CJ,CJ_SV,"2020-09-28 09:17:37",378,363,3,2,10,243,231,0,2,10,227,16,410,167,33,16,57,40,54,10,6,3,4,0,4
38,TULCEA,"SCOALA GIMNAZIALA DOROBANTU",114,DOROBANŢU,160323,1,PROV,PRCNCT,CJ,CJ_SV,"2020-09-28 00:43:29",654,627,0,8,19,405,378,0,8,19,368,37,685,280,9,21,190,13,105,6,3,2,6,3,10
38,TULCEA,"ŞCOALA GIMNAZIALĂ ”ELENA DOAMNA”",16,"MUNICIPIUL TULCEA",159614,1,PROV,PRCNCT,CJ,CJ_SV,"2020-09-28 02:01:25",975,964,0,11,0,386,375,0,11,0,377,9,1073,687,11,14,105,31,143,40,4,2,20,1,6
38,TULCEA,"ŞCOALA GIMNAZIALĂ ”ELENA DOAMNA”",15,"MUNICIPIUL TULCEA",159614,1,PROV,PRCNCT,CJ,CJ_SV,"2020-09-28 01:01:27",1319,1257,21,7,34,543,502,0,7,34,532,11,1395,852,16,23,164,31,195,50,8,5,29,1,10
38,TULCEA,"ŞCOALA GIMNAZIALĂ ”GHEORGHE BANEA”",64,"ORAŞ MĂCIN",159730,1,PROV,PRCNCT,CJ,CJ_SV,"2020-09-28 04:11:55",1251,1234,0,6,11,539,522,0,6,11,499,40,1362,823,18,52,123,19,199,25,0,1,48,1,13
38,TULCEA,"ŞCOALA GIMNAZIALĂ ”GHEORGHE BANEA”",65,"ORAŞ MĂCIN",159730,2,PROV,PRCNCT,CJ,CJ_SV,"2020-09-28 06:44:23",1359,1350,1,6,2,550,542,0,6,2,503,47,1484,934,22,29,137,20,214,22,4,5,29,3,18
38,TULCEA,"ŞCOALA GIMNAZIALĂ GRECI, CORP B",123,GRECI,160430,1,PROV,PRCNCT,CJ,CJ_SV,"2020-09-28 02:16:24",1250,1235,1,7,7,521,507,0,7,7,489,32,1361,840,30,9,142,15,254,18,1,7,4,1,8
38,TULCEA,"ŞCOALA GIMNAZIALĂ GRECI, CORP B",122,GRECI,160430,1,PROV,PRCNCT,CJ,CJ_SV,"2020-09-28 03:16:41",1552,1537,1,5,9,663,649,0,5,9,609,54,1698,1035,17,23,190,11,317,22,2,3,15,4,5
38,TULCEA,"ŞCOALA GIMNAZIALĂ ”GRIGORE ANTIPA”",20,"MUNICIPIUL TULCEA",159614,3,PROV,PRCNCT,CJ,CJ_SV,"2020-09-28 08:02:35",1216,1202,4,10,0,481,471,0,10,0,461,20,1300,819,14,18,173,23,150,34,7,6,29,1,6
38,TULCEA,"ŞCOALA GIMNAZIALĂ ”GRIGORE ANTIPA”",21,"MUNICIPIUL TULCEA",159614,2,PROV,PRCNCT,CJ,CJ_SV,"2020-09-28 07:39:23",1091,1078,7,6,0,469,463,0,6,0,456,7,1200,731,14,19,138,21,177,30,6,16,22,3,10
38,TULCEA,"ŞCOALA GIMNAZIALĂ ”IOAN NENIŢESCU”",52,"MUNICIPIUL TULCEA",159614,1,PROV,PRCNCT,CJ,CJ_SV,"2020-09-28 03:48:52",1285,1276,1,8,0,485,477,0,8,0,468,17,1400,915,17,13,135,18,163,37,0,7,65,6,7
38,TULCEA,"ŞCOALA GIMNAZIALĂ ”IOAN NENIŢESCU”",53,"MUNICIPIUL TULCEA",159614,2,PROV,PRCNCT,CJ,CJ_SV,"2020-09-29 15:52:43",1401,1392,2,6,1,524,517,0,6,1,497,20,1500,976,12,15,146,48,180,43,4,0,36,2,11
38,TULCEA,"ŞCOALA GIMNAZIALĂ ”IOAN NENIȚESCU ” PARTIZANI",149,MALIUC,160779,3,PROV,PRCNCT,CJ,CJ_SV,"2020-09-28 03:34:05",361,345,0,8,8,243,227,0,8,8,219,16,379,144,7,21,35,16,137,2,0,0,1,0,0
38,TULCEA,"ŞCOALA GIMNAZIALĂ ” ION LUCA CARAGIALE”",3,"MUNICIPIUL TULCEA",159614,1,PROV,PRCNCT,CJ,CJ_SV,"2020-09-28 03:49:29",1822,1817,0,5,0,567,562,0,5,0,556,11,2000,1433,20,25,145,37,216,45,5,0,45,4,14
38,TULCEA,"ŞCOALA GIMNAZIALĂ ” ION LUCA CARAGIALE”",5,"MUNICIPIUL TULCEA",159614,1,PROV,PRCNCT,CJ,CJ_SV,"2020-09-28 04:51:55",1752,1743,1,8,0,562,554,0,8,0,542,20,1900,1338,20,16,148,47,165,45,10,9,62,4,16
38,TULCEA,"ŞCOALA GIMNAZIALĂ ” ION LUCA CARAGIALE”",4,"MUNICIPIUL TULCEA",159614,1,PROV,PRCNCT,CJ,CJ_SV,"2020-09-28 06:39:45",1668,1656,4,7,1,558,550,0,7,1,551,7,1865,1307,21,19,174,29,181,44,7,7,42,4,23
38,TULCEA,"ŞCOALA GIMNAZIALĂ ”MAIOR IOAN MURGESCU”",183,SMÂRDAN,161286,1,PROV,PRCNCT,CJ,CJ_SV,"2020-09-28 02:26:14",935,892,0,29,14,581,538,0,29,14,532,49,978,397,45,13,356,14,82,3,6,2,3,5,3
38,TULCEA,"ŞCOALA GIMNAZIALĂ MALIUC",148,MALIUC,160779,1,PROV,PRCNCT,CJ,CJ_SV,"2020-09-27 23:38:55",336,318,0,15,3,203,185,0,15,3,194,9,349,146,13,5,45,8,101,13,5,0,2,0,2
38,TULCEA,"ŞCOALA GIMNAZIALĂ ”MIHAI EMINESCU” VALEA TEILOR",203,"VALEA TEILOR",161561,1,PROV,PRCNCT,CJ,CJ_SV,"2020-09-28 07:39:29",1162,1144,1,14,3,793,776,0,14,3,681,108,1254,465,194,13,178,18,229,24,4,4,8,8,1
38,TULCEA,"ŞCOALA GIMNAZIALĂ MIHAIL KOGĂLNICEANU",155,"MIHAIL KOGĂLNICEANU",160877,1,PROV,PRCNCT,CJ,CJ_SV,"2020-09-28 10:31:41",1655,1602,2,8,43,972,921,0,8,43,892,80,1793,821,29,37,467,41,285,14,6,3,2,4,4
38,TULCEA,"ŞCOALA GIMNAZIALĂ MILA23",112,CRIŞAN,160261,2,PROV,PRCNCT,CJ,CJ_SV,"2020-09-28 09:54:09",397,384,0,12,1,308,295,0,12,1,281,27,421,113,10,13,114,18,77,13,2,2,3,1,28
38,TULCEA,"ŞCOALA GIMNAZIALĂ ”NICHIFOR LUDOVIG”",166,NICULIŢEL,161035,2,PROV,PRCNCT,CJ,CJ_SV,"2020-09-28 11:14:57",1217,1208,1,4,4,557,549,0,4,4,516,41,1333,776,51,93,178,41,119,17,2,7,6,2,0
38,TULCEA,"ŞCOALA GIMNAZIALĂ ”NICHIFOR LUDOVIG”",165,NICULIŢEL,161035,1,PROV,PRCNCT,CJ,CJ_SV,"2020-09-28 05:34:45",1295,1279,1,14,1,623,607,1,14,1,584,39,1407,784,34,116,209,52,133,20,1,2,10,3,4
38,TULCEA,"ȘCOALA GIMNAZIALĂ NICOLAE BĂLCESCU",164,NALBANT,160993,1,PROV,PRCNCT,CJ,CJ_SV,"2020-09-28 01:55:12",1056,1025,1,19,11,516,486,0,19,11,466,50,1128,612,31,4,59,7,340,4,1,1,14,2,3
38,TULCEA,"ŞCOALA GIMNAZIALĂ ”NIFON BĂLĂŞESCU”",46,"MUNICIPIUL TULCEA",159614,2,PROV,PRCNCT,CJ,CJ_SV,"2020-09-28 03:26:35",1571,1557,6,8,0,588,578,2,8,0,554,34,1700,1112,32,36,161,26,195,46,1,5,34,3,15
38,TULCEA,"ŞCOALA GIMNAZIALĂ ”NIFON BĂLĂŞESCU”",45,"MUNICIPIUL TULCEA",159614,1,PROV,PRCNCT,CJ,CJ_SV,"2020-09-28 02:15:29",1131,1120,1,10,0,369,359,0,10,0,358,11,1200,831,15,12,118,26,103,38,5,3,25,4,9
38,TULCEA,"ŞCOALA GIMNAZIALĂ ”NIFON BĂLĂŞESCU”",47,"MUNICIPIUL TULCEA",159614,2,PROV,PRCNCT,CJ,CJ_SV,"2020-09-29 15:36:34",1458,1439,18,0,1,507,506,0,0,1,488,19,1594,1087,14,19,150,38,149,42,19,3,35,5,14
38,TULCEA,"ŞCOALA GIMNAZIALĂ NR. 1",68,"ORAŞ MĂCIN",159730,1,PROV,PRCNCT,CJ,CJ_SV,"2020-09-28 02:46:38",1047,1039,0,4,4,430,422,0,4,4,405,25,1158,728,10,21,154,18,144,10,13,2,19,2,12
38,TULCEA,"ŞCOALA GIMNAZIALĂ NR. 1",67,"ORAŞ MĂCIN",159730,2,PROV,PRCNCT,CJ,CJ_SV,"2020-09-28 05:50:10",1722,1714,1,5,2,739,731,1,5,2,675,64,1886,1147,15,40,201,30,258,43,10,3,40,3,32
38,TULCEA,"ŞCOALA GIMNAZIALĂ NR.12",32,"MUNICIPIUL TULCEA",159614,2,PROV,PRCNCT,CJ,CJ_SV,"2020-09-29 15:11:28",1447,1434,0,12,1,461,448,0,12,1,446,15,1586,1125,14,11,127,32,159,36,7,6,43,1,10
38,TULCEA,"ŞCOALA GIMNAZIALĂ NR.12",31,"MUNICIPIUL TULCEA",159614,2,PROV,PRCNCT,CJ,CJ_SV,"2020-09-29 15:04:55",1335,1325,1,9,0,503,494,0,9,0,487,16,1459,956,12,12,163,29,167,34,3,3,42,7,15
38,TULCEA,"ŞCOALA GIMNAZIALĂ ”PANAIT CERNA”",102,CERNA,160127,1,PROV,PRCNCT,CJ,CJ_SV,"2020-09-28 05:46:07",1729,1683,4,2,40,928,885,1,2,40,879,49,1853,925,45,57,418,4,315,26,3,4,2,2,3
38,TULCEA,"ŞCOALA GIMNAZIALĂ SARICHIOI",178,SARICHIOI,161179,1,PROV,PRCNCT,CJ,CJ_SV,"2020-09-28 02:25:21",1548,1541,0,3,4,735,728,0,3,4,663,72,1700,965,50,24,114,31,196,205,1,8,14,4,16
38,TULCEA,"ŞCOALA GIMNAZIALĂ SARICHIOI",179,SARICHIOI,161179,1,PROV,PRCNCT,CJ,CJ_SV,"2020-09-28 02:10:58",1370,1365,0,2,3,646,641,0,2,3,584,62,1500,854,64,18,113,20,175,143,2,12,11,4,22
38,TULCEA,"SCOALA GIMNAZIALA TURCOAIA",199,TURCOAIA,161464,1,PROV,PRCNCT,CJ,CJ_SV,"2020-09-28 08:21:59",1224,1201,0,4,19,726,703,0,4,19,677,49,1851,1125,13,55,197,55,302,24,3,3,9,6,10
38,TULCEA,"ŞCOALA GIMNAZIALĂ TURCOAIA",198,TURCOAIA,161464,1,PROV,PRCNCT,CJ,CJ_SV,"2020-09-28 05:22:26",1527,1466,2,11,48,972,911,2,11,48,875,97,1600,628,21,114,233,61,363,32,5,6,16,4,20
38,TULCEA,"ȘCOALA GIMNAZIALĂ TURDA",152,"MIHAI BRAVU",160831,1,PROV,PRCNCT,CJ,CJ_SV,"2020-09-28 03:17:41",1057,1002,0,26,29,593,538,0,26,29,530,63,1102,509,8,22,319,11,138,4,0,8,18,0,2
38,TULCEA,"ŞCOALA GIMNAZIALĂ ZEBIL",177,SARICHIOI,161179,1,PROV,PRCNCT,CJ,CJ_SV,"2020-09-28 01:59:24",1101,1089,0,10,2,423,411,0,10,2,402,21,1200,777,15,13,170,28,128,31,0,1,3,1,12
38,TULCEA,"ȘCOALA GIMNZIALĂ CEMURLIA DE JOS",96,"CEAMURLIA DE JOS",160092,2,PROV,PRCNCT,CJ,CJ_SV,"2020-09-28 04:47:20",1020,977,0,20,23,547,504,0,20,23,486,61,1070,523,37,31,245,58,96,12,1,2,3,1,0
38,TULCEA,"SCOALA I- IV - INCAPERE EXPOZITIONALA",71,"ORAŞ SULINA",159767,2,PROV,PRCNCT,CJ,CJ_SV,"2020-09-28 06:04:14",1035,1014,0,10,11,494,473,0,10,11,453,41,1116,622,34,56,100,22,128,60,9,4,21,11,8
38,TULCEA,"ȘCOALA MEȘTERU",116,DOROBANŢU,160323,1,PROV,PRCNCT,CJ,CJ_SV,"2020-09-28 00:17:07",123,114,0,8,1,77,68,0,8,1,71,6,124,47,5,5,37,1,16,1,0,0,4,2,0
38,TULCEA,"ŞCOALA MIRCEA VODĂ",101,CERNA,160127,1,PROV,PRCNCT,CJ,CJ_SV,"2020-09-28 01:00:41",420,414,1,5,0,222,217,0,5,0,202,20,459,237,13,6,74,3,90,9,0,1,0,1,5
38,TULCEA,"ŞCOALA PRIMARĂ",134,IZVOARELE,160564,2,PROV,PRCNCT,CJ,CJ_SV,"2020-09-29 16:49:06",168,154,0,8,6,168,154,0,8,6,154,14,278,110,1,1,59,6,73,2,1,1,2,1,7
38,TULCEA,"ŞCOALA PRIMARĂ",109,CIUCUROVA,160225,1,PROV,PRCNCT,CJ,CJ_SV,"2020-09-28 00:00:14",433,425,0,7,1,240,232,0,7,1,222,18,468,228,36,3,40,11,124,1,1,1,2,0,3
38,TULCEA,"ŞCOALA PRIMARĂ",133,IZVOARELE,160564,2,PROV,PRCNCT,CJ,CJ_SV,"2020-09-28 12:17:26",223,206,0,8,9,136,119,0,8,9,113,23,226,90,4,3,22,5,76,0,0,2,0,0,1
38,TULCEA,"ŞCOALA PRIMARĂ",93,CASIMCEA,159963,2,PROV,PRCNCT,CJ,CJ_SV,"2020-09-28 03:14:15",330,327,0,3,0,230,227,0,3,0,204,26,356,126,4,143,14,3,29,4,2,1,2,2,0
38,TULCEA,"ŞCOALA PRIMARĂ",87,"C.A. ROSETTI",159883,2,PROV,PRCNCT,CJ,CJ_SV,"2020-09-28 01:06:49",174,168,4,0,2,87,85,0,0,2,73,14,183,96,2,5,15,2,12,33,1,1,2,0,0
38,TULCEA,"ŞCOALA PRIMARĂ",86,"C.A. ROSETTI",159883,3,PROV,PRCNCT,CJ,CJ_SV,"2020-09-28 04:25:00",247,242,0,3,2,163,158,0,3,2,138,24,266,104,5,10,46,22,40,14,0,1,0,0,0
38,TULCEA,"ŞCOALA PRIMARĂ",95,CASIMCEA,159963,2,PROV,PRCNCT,CJ,CJ_SV,"2020-09-28 03:52:28",353,330,0,14,9,353,330,0,14,9,323,30,530,177,24,40,100,11,131,11,2,2,0,1,1
38,TULCEA,"ŞCOALA PRIMARĂ",108,CIUCUROVA,160225,1,PROV,PRCNCT,CJ,CJ_SV,"2020-09-27 23:44:56",165,156,0,9,0,91,82,0,9,0,83,8,171,80,30,0,15,2,34,1,0,0,1,0,0
38,TULCEA,"ŞCOALA PRIMARĂ",94,CASIMCEA,159963,2,PROV,PRCNCT,CJ,CJ_SV,"2020-09-28 01:59:56",251,248,0,3,0,116,113,0,3,0,108,8,271,155,4,14,15,2,68,2,0,1,0,1,1
38,TULCEA,"ŞCOALA PRIMARĂ CAMENA",77,BAIA,159785,1,PROV,PRCNCT,CJ,CJ_SV,"2020-09-28 01:00:10",333,290,0,35,8,236,193,0,35,8,219,17,313,77,8,8,68,48,78,3,2,0,1,0,3
38,TULCEA,"ŞCOALA PRIMARĂ CARAORMAN",111,CRIŞAN,160261,2,PROV,PRCNCT,CJ,CJ_SV,"2020-09-28 08:59:26",242,234,0,2,6,188,180,0,2,6,175,13,264,76,11,2,29,4,111,11,0,2,2,1,2
38,TULCEA,"ŞCOALA PRIMARĂ ENISALA",176,SARICHIOI,161179,1,PROV,PRCNCT,CJ,CJ_SV,"2020-09-28 00:37:20",781,776,0,5,0,380,375,0,5,0,351,29,848,468,13,10,125,19,138,24,1,4,5,2,10
38,TULCEA,"ȘCOALA PRIMARĂ GORGOVA",147,MALIUC,160779,2,PROV,PRCNCT,CJ,CJ_SV,"2020-09-28 01:05:25",114,107,0,4,3,76,69,0,4,3,68,8,116,40,2,2,6,1,48,5,0,0,0,0,4
38,TULCEA,"ŞCOALA PRIMARĂ LĂSTUNI",153,"MIHAIL KOGĂLNICEANU",160877,1,PROV,PRCNCT,CJ,CJ_SV,"2020-09-28 00:47:00",423,406,1,5,11,269,252,1,5,11,257,12,446,177,15,9,146,3,77,6,1,0,0,0,0
38,TULCEA,"ŞCOALA PRIMARĂ LUNCA",97,"CEAMURLIA DE JOS",160092,1,PROV,PRCNCT,CJ,CJ_SV,"2020-09-28 02:18:02",1071,1027,0,14,30,547,503,0,14,30,500,47,1101,554,33,31,137,25,235,25,1,2,6,4,1
38,TULCEA,"ŞCOALA PRIMARĂ NR. 9",50,"MUNICIPIUL TULCEA",159614,2,PROV,PRCNCT,CJ,CJ_SV,"2020-09-28 04:30:23",1202,1193,1,8,0,419,411,0,8,0,411,8,1300,881,9,6,113,39,140,32,6,3,49,4,10
38,TULCEA,"ŞCOALA PRIMARĂ NR. 9",51,"MUNICIPIUL TULCEA",159614,1,PROV,PRCNCT,CJ,CJ_SV,"2020-09-28 01:48:13",1370,1362,2,6,0,446,440,0,6,0,430,16,1500,1054,11,13,119,34,162,41,1,5,36,2,6
38,TULCEA,"ŞCOALA PRIMARĂ PANDURU",79,BAIA,159785,1,PROV,PRCNCT,CJ,CJ_SV,"2020-09-28 00:33:17",348,331,0,11,6,222,205,0,11,6,207,15,362,140,11,2,57,42,80,3,1,3,3,2,3
38,TULCEA,"ŞCOALA PRIMARĂ RÎNDUNICA",154,"MIHAIL KOGĂLNICEANU",160877,1,PROV,PRCNCT,CJ,CJ_SV,"2020-09-28 02:09:46",528,513,0,2,13,329,314,0,2,13,297,31,577,249,6,9,175,10,79,10,1,0,3,1,3
38,TULCEA,"ŞCOALA PRIMARĂ SABANGIA",174,SARICHIOI,161179,2,PROV,PRCNCT,CJ,CJ_SV,"2020-09-28 09:24:14",446,439,0,7,0,177,170,0,7,0,161,16,484,307,5,13,71,8,43,13,0,1,4,0,3
38,TULCEA,"ȘCOALA PRIMARĂ VIȘINA",139,JURILOVCA,160644,1,PROV,PRCNCT,CJ,CJ_SV,"2020-09-28 01:14:47",596,590,1,5,0,331,326,0,5,0,310,21,658,327,3,12,240,3,36,12,1,2,0,1,0
38,TULCEA,"ŞCOALA PRIMARĂ VISTERNA",175,SARICHIOI,161179,1,PROV,PRCNCT,CJ,CJ_SV,"2020-09-27 23:35:06",332,328,0,4,0,155,151,0,4,0,144,11,359,204,3,5,57,4,41,24,0,1,4,1,4
38,TULCEA,"ŞCOALA PROFESIONALĂ ”DANUBIUS”",49,"MUNICIPIUL TULCEA",159614,1,PROV,PRCNCT,CJ,CJ_SV,"2020-09-28 04:59:56",1140,1134,0,6,0,340,334,0,6,0,319,21,1254,914,6,13,134,30,81,29,3,1,13,1,8
38,TULCEA,"ŞCOALA PROFESIONALĂ ”DANUBIUS”",48,"MUNICIPIUL TULCEA",159614,1,PROV,PRCNCT,CJ,CJ_SV,"2020-09-28 02:05:55",1147,1139,1,7,0,351,344,0,7,0,335,16,1262,911,12,11,144,24,95,13,2,6,18,1,9
38,TULCEA,"ŞCOALA TRAIAN",103,CERNA,160127,1,PROV,PRCNCT,CJ,CJ_SV,"2020-09-28 03:39:24",819,807,0,10,2,819,807,0,10,2,370,46,889,473,21,18,148,5,152,7,1,2,6,3,7
38,TULCEA,"ŞCOALA ”TRAIAN COŞOVEI” CU CLASELE I-VIII",186,SOMOVA,161302,2,PROV,PRCNCT,CJ,CJ_SV,"2020-09-28 06:31:31",2005,1992,4,2,7,1079,1067,3,2,7,971,108,2186,1107,61,65,99,159,416,103,13,3,21,20,11
38,TULCEA,"ŞCOALA VECHE",98,CEATALCHIOI,160047,1,PROV,PRCNCT,CJ,CJ_SV,"2020-09-28 00:09:02",144,117,0,26,1,144,117,0,26,1,134,10,183,39,4,5,89,4,27,2,0,2,0,0,1
38,TULCEA,"ŞCOALA VECHE",100,CEATALCHIOI,160047,1,PROV,PRCNCT,CJ,CJ_SV,"2020-09-27 22:12:46",36,30,0,6,0,25,19,0,6,0,25,0,32,7,1,0,15,1,7,0,0,0,1,0,0
38,TULCEA,"SEDIUL FOSTEI ŞCOLI",189,STEJARU,161348,3,PROV,PRCNCT,CJ,CJ_SV,"2020-09-28 04:18:22",491,399,0,88,4,394,302,0,88,4,383,11,441,47,18,20,217,5,101,3,0,2,1,6,10
38,TULCEA,"SEMINARUL TEOLOGIC ORTODOX ”SF. IOAN CASIAN”",17,"MUNICIPIUL TULCEA",159614,1,PROV,PRCNCT,CJ,CJ_SV,"2020-09-28 03:06:33",1087,1028,4,19,36,475,423,0,19,33,466,9,1144,669,14,7,146,29,182,38,5,7,31,2,5
38,TULCEA,"SEMINARUL TEOLOGIC ORTODOX ”SF. IOAN CASIAN”",18,"MUNICIPIUL TULCEA",159614,1,PROV,PRCNCT,CJ,CJ_SV,"2020-09-28 00:03:04",968,958,1,7,2,376,367,0,7,2,364,12,1058,682,15,9,117,13,131,24,11,1,27,1,15
38,TULCEA,"TEATRUL ”JEAN BART”",19,"MUNICIPIUL TULCEA",159614,1,PROV,PRCNCT,CJ,CJ_SV,"2020-09-28 01:09:53",1623,1571,44,8,0,630,622,0,8,0,609,21,1700,1070,12,35,192,32,212,56,13,7,41,3,6
