precinct_county_nce,precinct_county_name,precinct_name,precinct_nr,uat_name,uat_siruta,report_version,report_stage_code,report_type_scope_code,report_type_category_code,report_type_code,created_at,a,a1,a2,a3,a4,b,b1,b2,b3,b4,c,d,e,f,"PARTIDUL PRO ROMÂNIA-voturi","PARTIDUL SOCIAL DEMOCRAT-voturi","UNIUNEA DEMOCRATĂ MAGHIARĂ DIN ROMÂNIA-voturi","PARTIDUL NAȚIONAL LIBERAL-voturi","FORUMUL DEMOCRAT AL GERMANILOR DIN ROMÂNIA-voturi","PARTIDUL MIȘCAREA POPULARĂ-voturi","PARTIDUL ALIANŢA LIBERALILOR ŞI DEMOCRAŢILOR – ALDE-voturi","PARTIDUL ROMÂNIA MARE-voturi","ALIANȚA USR PLUS-voturi","ASOCIAȚIA PARTIDA ROMILOR “PRO-EUROPA”-voturi","PARTIDUL ALTERNATIVA PENTRU DEMNITATE NATIONALĂ-voturi","PARTIDUL VERDE-voturi"
8,BRAŞOV,"AGENȚIA POȘTALĂ",250,"ORAŞ PREDEAL",40303,3,PROV,PRCNCT,CJ,CJ_SV,"2020-09-28 17:10:05",312,300,0,12,0,184,172,0,12,0,177,7,311,127,10,22,4,42,3,3,10,0,6,1,74,2
8,BRAŞOV,"AGENŢIA POŞTALĂ DÂMBUL MORII",252,"ORAŞ PREDEAL",40303,1,PROV,PRCNCT,CJ,CJ_SV,"2020-09-27 23:28:31",181,171,1,8,1,108,99,0,8,1,106,2,200,92,6,22,7,36,1,1,1,0,14,1,16,1
8,BRAŞOV,"AŞEZAMÂNT CULTURAL",377,MÂNDRA,41417,3,PROV,PRCNCT,CJ,CJ_SV,"2020-09-28 13:34:57",213,194,1,18,0,145,127,0,18,0,130,15,200,55,4,31,2,69,1,8,2,1,4,1,5,2
8,BRAŞOV,"AŞEZAMÂNT CULTURAL",374,MÂNDRA,41417,2,PROV,PRCNCT,CJ,CJ_SV,"2020-09-28 14:08:23",699,672,0,25,2,378,351,0,25,2,333,45,700,322,7,98,0,136,3,53,8,3,6,3,13,3
8,BRAŞOV,"AŞEZAMÂNT CULTURAL",375,MÂNDRA,41417,1,PROV,PRCNCT,CJ,CJ_SV,"2020-09-28 01:42:47",450,438,0,12,0,269,257,0,12,0,244,25,500,231,11,79,1,71,6,11,4,1,11,3,44,2
8,BRAŞOV,"AŞEZAMÂNT CULTURAL",376,MÂNDRA,41417,2,PROV,PRCNCT,CJ,CJ_SV,"2020-09-28 03:26:45",249,226,0,16,7,141,125,0,9,7,134,7,300,159,1,72,1,36,4,7,1,1,3,1,6,1
8,BRAŞOV,"CAMIN CULTURAL",424,TĂRLUNGENI,42003,5,PROV,PRCNCT,CJ,CJ_SV,"2020-09-29 15:00:07",2008,1998,1,7,2,932,922,1,7,2,844,88,2100,1168,28,83,178,332,11,29,7,3,152,9,6,6
8,BRAŞOV,"CAMIN CULTURAL",396,RACOŞ,41701,1,PROV,PRCNCT,CJ,CJ_SV,"2020-09-28 02:23:21",402,392,0,10,0,206,196,0,10,0,175,31,500,294,15,59,18,41,3,7,2,5,7,6,8,4
8,BRAŞOV,"CAMIN CULTURAL",344,HĂLCHIU,41033,1,PROV,PRCNCT,CJ,CJ_SV,"2020-09-28 01:53:10",1021,1010,0,11,0,437,426,0,11,0,391,46,1100,663,13,105,126,86,23,4,11,2,16,2,2,1
8,BRAŞOV,"CĂMIN CULTURAL ACRIȘ",443,"VAMA BUZĂULUI",42183,3,PROV,PRCNCT,CJ,CJ_SV,"2020-09-29 14:07:16",1005,995,0,10,0,584,574,0,10,0,517,67,1100,516,19,335,2,96,0,7,26,2,15,1,12,2
8,BRAŞOV,"CAMIN CULTURAL BOHOLT",295,BECLEAN,40544,2,PROV,PRCNCT,CJ,CJ_SV,"2020-09-28 02:04:14",186,156,0,26,4,141,111,0,26,4,126,15,200,59,4,51,0,56,0,3,1,0,8,0,3,0
8,BRAŞOV,"CAMIN CULTURAL HOMOROD",361,HOMOROD,41248,3,PROV,PRCNCT,CJ,CJ_SV,"2020-09-29 10:31:40",1229,1211,0,10,8,628,610,0,10,8,536,92,1300,672,31,266,24,114,14,6,22,2,4,49,3,1
8,BRAŞOV,"CAMIN CULTURAL JIMBOR",363,HOMOROD,41248,1,PROV,PRCNCT,CJ,CJ_SV,"2020-09-28 01:42:02",386,379,0,7,0,252,245,0,7,0,207,45,400,148,2,34,131,33,1,1,1,0,0,3,1,0
8,BRAŞOV,"CAMIN CULTURAL LUTA",297,BECLEAN,40544,1,PROV,PRCNCT,CJ,CJ_SV,"2020-09-27 23:36:27",76,59,0,17,0,62,45,0,17,0,60,2,100,38,3,16,0,29,2,0,2,0,4,0,3,1
8,BRAŞOV,"CAMIN CULTURAL MERCHEASA",362,HOMOROD,41248,3,PROV,PRCNCT,CJ,CJ_SV,"2020-09-29 08:34:05",437,410,0,27,0,330,303,0,27,0,286,44,500,170,26,48,4,188,5,0,5,0,2,8,0,0
8,BRAŞOV,"CĂMIN CULTURAL ŞERCAIA",407,ŞERCAIA,41818,2,PROV,PRCNCT,CJ,CJ_SV,"2020-09-29 09:04:30",1467,1423,4,21,19,718,678,1,21,18,608,110,1590,872,9,107,11,328,8,14,19,3,101,3,3,2
8,BRAŞOV,"CĂMIN CULTURAL VAD",408,ŞERCAIA,41818,2,PROV,PRCNCT,CJ,CJ_SV,"2020-09-28 03:12:37",454,441,0,8,5,220,207,0,8,5,206,14,500,280,5,49,4,94,1,3,15,4,24,2,1,4
8,BRAŞOV,"CĂMIN CULTURAL VAMA BUZĂULUI",442,"VAMA BUZĂULUI",42183,2,PROV,PRCNCT,CJ,CJ_SV,"2020-09-29 14:12:45",1371,1362,1,7,1,779,770,1,7,1,698,81,1500,721,18,390,1,209,5,12,13,2,21,7,17,3
8,BRAŞOV,"CĂMINUL CULTURAL",299,BOD,40606,3,PROV,PRCNCT,CJ,CJ_SV,"2020-09-29 18:51:35",1229,1201,8,20,0,580,559,1,20,0,548,32,1300,720,54,58,5,198,7,12,52,6,131,7,10,8
8,BRAŞOV,"CĂMINUL CULTURAL",329,CRIZBAV,42456,2,PROV,PRCNCT,CJ,CJ_SV,"2020-09-28 14:43:21",1421,1383,1,25,12,819,782,0,25,12,750,69,1500,681,20,292,284,104,14,6,7,3,15,4,0,1
8,BRAŞOV,"CĂMINUL CULTURAL",342,HĂLCHIU,41033,2,PROV,PRCNCT,CJ,CJ_SV,"2020-09-28 15:37:06",1525,1515,3,3,4,752,745,0,3,4,710,42,1700,948,88,141,23,207,137,10,9,6,79,1,3,6
8,BRAŞOV,"CĂMINUL CULTURAL",345,HĂRMAN,41088,2,PROV,PRCNCT,CJ,CJ_SV,"2020-09-28 14:54:10",661,657,0,4,0,369,365,0,4,0,343,26,431,31,35,34,5,150,4,28,16,3,49,0,8,11
8,BRAŞOV,"CĂMINUL CULTURAL",411,ŞINCA,41854,1,PROV,PRCNCT,CJ,CJ_SV,"2020-09-28 00:03:34",229,222,0,7,0,141,134,0,7,0,133,8,300,159,2,19,2,60,1,24,2,1,4,13,5,0
8,BRAŞOV,"CĂMINUL CULTURAL",412,ŞINCA,41854,1,PROV,PRCNCT,CJ,CJ_SV,"2020-09-27 23:58:06",292,271,3,17,1,162,142,2,17,1,151,11,300,138,3,24,0,68,2,20,2,4,8,11,8,1
8,BRAŞOV,"CĂMINUL CULTURAL",413,ŞINCA,41854,1,PROV,PRCNCT,CJ,CJ_SV,"2020-09-28 01:59:35",916,905,0,9,2,475,464,0,9,2,381,94,1000,525,18,56,4,210,11,14,5,6,13,23,20,1
8,BRAŞOV,"CĂMINUL CULTURAL",414,ŞINCA,41854,2,PROV,PRCNCT,CJ,CJ_SV,"2020-09-29 13:31:14",579,566,0,12,1,376,363,0,12,1,343,33,600,224,24,56,6,78,5,32,12,0,7,115,6,2
8,BRAŞOV,"CĂMINUL CULTURAL",416,"ŞINCA NOUĂ",42449,3,PROV,PRCNCT,CJ,CJ_SV,"2020-09-29 13:49:05",993,901,10,40,42,731,642,7,40,42,671,60,1000,269,26,84,5,415,11,21,20,3,51,2,30,3
8,BRAŞOV,"CAMINUL CULTURAL 1 MAI",457,VULCAN,42398,3,PROV,PRCNCT,CJ,CJ_SV,"2020-09-29 08:45:49",702,688,0,13,1,409,395,0,13,1,363,46,800,391,18,136,3,153,2,23,7,2,9,2,1,7
8,BRAŞOV,"CĂMINUL CULTURAL AL BISERICII ORTODOXE",405,SÂNPETRU,41925,2,PROV,PRCNCT,CJ,CJ_SV,"2020-09-29 14:20:32",1499,1489,0,8,2,725,715,0,8,2,662,63,1600,875,45,89,14,232,14,23,23,10,106,7,82,17
8,BRAŞOV,"CĂMINUL CULTURAL APAȚA",290,APAŢA,40526,3,PROV,PRCNCT,CJ,CJ_SV,"2020-09-29 14:45:06",1286,1259,1,9,17,759,733,0,9,17,648,111,1400,641,15,46,209,349,0,3,8,2,13,1,1,1
8,BRAŞOV,"CĂMINUL CULTURAL APAȚA",291,APAŢA,40526,1,PROV,PRCNCT,CJ,CJ_SV,"2020-09-28 05:39:47",1200,1169,0,18,13,721,690,0,18,13,614,107,1300,579,13,55,301,204,4,4,9,2,13,1,0,8
8,BRAŞOV,"CAMINUL CULTURAL ARINI",372,MĂIERUŞ,41382,3,PROV,PRCNCT,CJ,CJ_SV,"2020-09-29 14:19:23",831,804,0,17,10,552,525,0,17,10,412,140,900,348,14,62,3,295,1,2,24,1,2,3,3,2
8,BRAŞOV,"CĂMINUL CULTURAL BERIVOI",400,RECEA,41738,1,PROV,PRCNCT,CJ,CJ_SV,"2020-09-28 01:41:41",490,477,0,10,3,286,273,0,10,3,269,17,500,214,39,108,1,90,2,4,2,0,11,5,2,5
8,BRAŞOV,"CĂMINUL CULTURAL BOGATA",355,HOGHIZ,41177,2,PROV,PRCNCT,CJ,CJ_SV,"2020-09-29 11:33:16",349,334,0,15,0,256,241,0,15,0,186,70,400,144,44,64,8,43,2,0,2,1,8,3,10,1
8,BRAŞOV,"CĂMINUL CULTURAL BREAZA",370,LISA,41346,1,PROV,PRCNCT,CJ,CJ_SV,"2020-09-28 01:59:10",625,568,0,38,19,434,377,0,38,19,396,38,600,166,41,140,1,116,3,45,21,2,15,3,6,3
8,BRAŞOV,"CĂMINUL CULTURAL BUDILA",307,BUDILA,40688,2,PROV,PRCNCT,CJ,CJ_SV,"2020-09-28 13:25:09",1103,1080,0,11,12,829,806,0,11,12,619,210,1200,371,28,88,33,363,11,29,8,2,14,34,7,2
8,BRAŞOV,"CĂMINUL CULTURAL CAŢA",315,CAŢA,40768,2,PROV,PRCNCT,CJ,CJ_SV,"2020-09-28 13:17:15",1071,1045,0,16,10,655,629,0,16,10,520,135,1200,545,20,125,25,315,7,6,2,1,11,7,1,0
8,BRAŞOV,"CAMINUL CULTURAL CINCSOR",450,VOILA,42307,1,PROV,PRCNCT,CJ,CJ_SV,"2020-09-28 01:17:59",663,650,0,10,3,350,337,0,10,3,323,27,700,350,18,150,3,92,3,10,11,1,27,4,2,2
8,BRAŞOV,"CĂMINUL CULTURAL COMĂNA DE JOS",322,COMANA,40857,1,PROV,PRCNCT,CJ,CJ_SV,"2020-09-28 01:56:04",863,852,1,5,5,476,466,0,5,5,418,58,1000,524,23,157,2,208,4,6,2,1,5,2,7,1
8,BRAŞOV,"CĂMINUL CULTURAL COMĂNA DE SUS",323,COMANA,40857,2,PROV,PRCNCT,CJ,CJ_SV,"2020-09-29 13:57:15",288,282,0,5,1,174,168,0,5,1,151,23,300,126,9,72,0,57,1,4,0,2,0,1,2,3
8,BRAŞOV,"CAMINUL CULTURAL CORBI",439,UCEA,42101,2,PROV,PRCNCT,CJ,CJ_SV,"2020-09-28 01:13:46",186,176,0,10,0,124,114,0,10,0,111,13,200,76,5,29,2,37,1,9,0,0,26,1,1,0
8,BRAŞOV,"CĂMINUL CULTURAL CRIHALMA",324,COMANA,40857,1,PROV,PRCNCT,CJ,CJ_SV,"2020-09-28 01:15:17",573,568,0,4,1,345,340,0,4,1,242,103,602,257,15,32,1,184,2,2,3,0,0,2,1,0
8,BRAŞOV,"CĂMINUL CULTURAL DOPCA",357,HOGHIZ,41177,2,PROV,PRCNCT,CJ,CJ_SV,"2020-09-29 13:54:19",410,403,0,7,0,276,269,0,7,0,246,30,422,146,17,84,103,21,0,0,0,1,6,1,13,0
8,BRAŞOV,"CAMINUL CULTURAL DRIDIF",451,VOILA,42307,3,PROV,PRCNCT,CJ,CJ_SV,"2020-09-29 10:18:56",377,358,0,18,1,244,225,0,18,1,211,33,402,158,6,88,2,88,2,3,3,0,11,3,1,4
8,BRAŞOV,"CAMINUL CULTURAL FELDIOARA",438,UCEA,42101,1,PROV,PRCNCT,CJ,CJ_SV,"2020-09-28 00:11:30",207,177,0,26,4,146,116,0,26,4,124,22,200,54,31,11,0,22,2,52,1,2,1,0,1,1
8,BRAŞOV,"CĂMINUL CULTURAL FELDIOARA",335,FELDIOARA,40955,1,PROV,PRCNCT,CJ,CJ_SV,"2020-09-28 02:07:39",1825,1812,0,13,0,827,814,0,13,0,773,54,2000,1173,43,180,14,451,3,32,11,2,24,1,4,8
8,BRAŞOV,"CĂMINUL CULTURAL HOGHIZ",354,HOGHIZ,41177,3,PROV,PRCNCT,CJ,CJ_SV,"2020-09-29 10:42:22",797,786,2,6,3,363,354,0,6,3,341,22,900,537,13,91,82,118,4,1,3,0,10,1,18,0
8,BRAŞOV,"CĂMINUL CULTURAL HOGHIZ",353,HOGHIZ,41177,1,PROV,PRCNCT,CJ,CJ_SV,"2020-09-28 03:58:34",1021,1009,1,10,1,495,484,0,10,1,461,34,1100,605,11,123,133,148,3,2,4,1,13,1,20,2
8,BRAŞOV,"CĂMINUL CULTURAL HOLBAV",360,HOLBAV,42472,5,PROV,PRCNCT,CJ,CJ_SV,"2020-09-29 13:49:46",1031,1019,0,4,8,716,704,0,4,8,633,83,1099,383,17,298,2,251,2,41,4,1,11,0,3,3
8,BRAŞOV,"CĂMINUL CULTURAL IONEŞTI",318,CAŢA,40768,1,PROV,PRCNCT,CJ,CJ_SV,"2020-09-27 23:29:59",114,100,0,6,8,71,58,0,6,7,61,10,120,49,2,2,42,13,2,0,0,0,0,0,0,0
8,BRAŞOV,"CĂMINUL CULTURAL LISA",369,LISA,41346,2,PROV,PRCNCT,CJ,CJ_SV,"2020-09-29 18:31:23",918,876,0,28,14,599,557,0,28,14,525,74,1000,401,8,217,1,139,1,31,3,0,14,103,8,0
8,BRAŞOV,"CAMINUL CULTURAL LUDISOR",452,VOILA,42307,1,PROV,PRCNCT,CJ,CJ_SV,"2020-09-27 23:10:34",182,161,0,18,3,118,97,0,18,3,109,9,200,82,2,16,0,81,2,0,2,0,2,1,2,1
8,BRAŞOV,"CĂMINUL CULTURAL LUPŞA",359,HOGHIZ,41177,1,PROV,PRCNCT,CJ,CJ_SV,"2020-09-27 23:09:14",88,78,0,10,0,57,47,0,10,0,54,3,100,43,5,21,1,14,2,0,0,0,2,0,9,0
8,BRAŞOV,"CAMINUL CULTURAL MAIERUS",371,MĂIERUŞ,41382,4,PROV,PRCNCT,CJ,CJ_SV,"2020-09-29 11:48:16",1524,1482,0,10,32,1004,962,0,10,32,844,118,1600,638,37,191,10,459,23,11,76,2,23,2,6,4
8,BRAŞOV,"CĂMINUL CULTURAL MEŞENDORF",312,BUNEŞTI,40704,1,PROV,PRCNCT,CJ,CJ_SV,"2020-09-28 01:02:55",311,304,0,7,0,144,137,0,7,0,129,10,310,171,4,32,1,55,11,2,3,0,11,10,0,0
8,BRAŞOV,"CAMINUL CULTURAL NR. 1",327,CRISTIAN,40900,1,PROV,PRCNCT,CJ,CJ_SV,"2020-09-28 03:38:29",1347,1304,0,24,19,807,764,0,24,19,735,29,1400,636,44,94,2,405,14,36,30,2,88,0,14,6
8,BRAŞOV,"CĂMINUL CULTURAL ORTODOX SELIȘTAT",423,ŞOARŞ,41943,1,PROV,PRCNCT,CJ,CJ_SV,"2020-09-27 23:22:28",174,166,0,7,1,91,83,0,7,1,81,10,200,109,1,17,2,39,3,2,1,2,12,0,2,0
8,BRAŞOV,"CĂMINUL CULTURAL PĂRĂU",384,PĂRĂU,41578,2,PROV,PRCNCT,CJ,CJ_SV,"2020-09-29 14:12:16",551,507,0,36,8,323,279,0,36,8,284,39,600,277,21,161,0,26,1,60,0,0,7,2,1,5
8,BRAŞOV,"CĂMINUL CULTURAL POARTA",303,BRAN,40633,1,PROV,PRCNCT,CJ,CJ_SV,"2020-09-28 02:30:50",892,881,2,9,0,459,450,0,9,0,435,24,1001,542,24,85,1,271,3,12,7,2,21,1,8,0
8,BRAŞOV,"CĂMINUL CULTURAL RECEA",399,RECEA,41738,3,PROV,PRCNCT,CJ,CJ_SV,"2020-09-29 09:33:20",1630,1597,2,13,18,873,842,0,13,18,781,92,1800,927,36,291,1,352,12,23,4,3,30,8,6,15
8,BRAŞOV,"CĂMINUL CULTURAL RECONSTRUCŢIA",339,FELDIOARA,40955,4,PROV,PRCNCT,CJ,CJ_SV,"2020-09-29 08:21:54",600,590,0,10,0,319,309,0,10,0,296,23,700,381,13,72,15,140,2,38,0,2,10,1,0,3
8,BRAŞOV,"CĂMINUL CULTURAL ROTBAV",338,FELDIOARA,40955,3,PROV,PRCNCT,CJ,CJ_SV,"2020-09-29 09:45:48",1110,1087,4,17,2,590,571,0,17,2,540,50,1200,610,18,115,6,317,7,24,8,2,37,2,3,1
8,BRAŞOV,"CAMINUL CULTURAL SAMBATA DE JOS",453,VOILA,42307,3,PROV,PRCNCT,CJ,CJ_SV,"2020-09-28 17:00:33",450,438,0,8,4,236,224,0,8,4,207,29,450,214,9,51,0,96,0,33,2,0,13,1,1,1
8,BRAŞOV,"CĂMINUL CULTURAL SĂVĂSTRENI",401,RECEA,41738,1,PROV,PRCNCT,CJ,CJ_SV,"2020-09-28 03:13:50",576,565,4,7,0,300,292,1,7,0,277,23,600,300,29,99,0,128,2,3,0,1,10,1,3,1
8,BRAŞOV,"CĂMINUL CULTURAL ŞIMON",306,BRAN,40633,1,PROV,PRCNCT,CJ,CJ_SV,"2020-09-28 00:26:49",1034,1021,2,9,2,595,584,0,9,2,564,31,1100,505,48,71,1,306,6,30,12,6,77,0,2,5
8,BRAŞOV,"CĂMINUL CULTURAL SOHODOL",305,BRAN,40633,2,PROV,PRCNCT,CJ,CJ_SV,"2020-09-28 17:36:25",923,902,2,13,6,508,489,0,13,6,463,45,1000,492,69,44,4,288,4,17,2,2,28,1,1,3
8,BRAŞOV,"CĂMINUL CULTURAL TELIU",432,TELIU,42058,3,PROV,PRCNCT,CJ,CJ_SV,"2020-09-29 14:25:53",1072,1063,0,8,1,564,555,0,8,1,523,41,1200,636,29,71,133,143,2,51,62,2,19,2,7,2
8,BRAŞOV,"CĂMINUL CULTURAL TICUŞU NOU",325,COMANA,40857,3,PROV,PRCNCT,CJ,CJ_SV,"2020-09-29 14:09:08",478,471,1,6,0,330,324,0,6,0,279,51,500,170,20,33,0,205,3,1,3,0,4,1,8,1
8,BRAŞOV,"CĂMINUL CULTURAL TICUŞU VECHI",434,TICUŞU,42076,2,PROV,PRCNCT,CJ,CJ_SV,"2020-09-29 11:44:55",621,598,1,16,6,430,408,0,16,6,330,100,900,470,102,54,1,122,5,20,3,1,18,0,4,0
8,BRAŞOV,"CĂMINUL CULTURAL TOHANUL NOU",288,"ORAŞ ZĂRNEŞTI",40492,2,PROV,PRCNCT,CJ,CJ_SV,"2020-09-29 11:08:02",1202,1193,3,3,3,560,554,0,3,3,538,22,1300,740,40,158,5,247,3,12,3,3,60,3,1,3
8,BRAŞOV,"CAMINUL CULTURAL TOHANUL VECHI",289,"ORAŞ ZĂRNEŞTI",40492,1,PROV,PRCNCT,CJ,CJ_SV,"2020-09-28 04:14:58",1729,1717,1,9,2,801,790,0,9,2,756,45,1800,999,47,328,3,278,1,16,10,7,48,0,10,8
8,BRAŞOV,"CAMINUL CULTURAL UCEA DE SUS",437,UCEA,42101,5,PROV,PRCNCT,CJ,CJ_SV,"2020-09-28 12:31:39",843,823,1,19,0,523,504,0,19,0,492,31,900,377,12,81,1,248,7,96,3,3,29,1,6,5
8,BRAŞOV,"CĂMINUL CULTURAL VENEȚIA DE SUS",387,PĂRĂU,41578,4,PROV,PRCNCT,CJ,CJ_SV,"2020-09-29 18:05:54",298,253,0,38,7,298,253,0,38,7,241,57,400,102,26,22,1,79,0,98,4,2,3,2,1,3
8,BRAŞOV,"CĂMINUL CULTURAL VIȘTEA DE JOS",445,VIŞTEA,42236,2,PROV,PRCNCT,CJ,CJ_SV,"2020-09-28 14:52:29",689,641,1,35,12,341,294,0,35,12,307,34,660,319,10,39,0,103,2,121,0,2,24,0,4,2
8,BRAŞOV,"CĂMINUL CULTURAL VOILA",449,VOILA,42307,2,PROV,PRCNCT,CJ,CJ_SV,"2020-09-29 08:26:43",636,616,1,10,9,335,316,0,10,9,295,40,650,315,17,101,0,115,3,7,19,0,24,3,3,3
8,BRAŞOV,"CAMINUL CULTURAL VOIVODENII MARI",454,VOILA,42307,1,PROV,PRCNCT,CJ,CJ_SV,"2020-09-28 00:51:07",431,350,0,69,12,322,241,0,69,12,299,23,400,78,14,145,1,104,1,7,5,1,17,2,1,1
8,BRAŞOV,"CAMINUL CULTURAL VULCAN",455,VULCAN,42398,4,PROV,PRCNCT,CJ,CJ_SV,"2020-09-29 09:13:55",1727,1692,9,25,1,1071,1045,0,25,1,1018,53,1800,729,39,344,2,476,16,52,16,4,49,5,7,8
8,BRAŞOV,"CAMINUL CULTURAL VULCAN",456,VULCAN,42398,4,PROV,PRCNCT,CJ,CJ_SV,"2020-09-29 13:41:26",1664,1636,4,20,4,957,932,1,20,4,907,50,1800,843,36,440,6,299,8,32,12,2,62,2,4,4
8,BRAŞOV,"CĂMUNUL CULTURAL FÂNTÂNA",358,HOGHIZ,41177,1,PROV,PRCNCT,CJ,CJ_SV,"2020-09-28 00:26:38",227,215,0,11,1,167,155,0,11,1,157,10,220,53,12,35,1,79,3,3,5,3,8,0,6,2
8,BRAŞOV,"CANTINA STUDENŢEASCĂ",134,"MUNICIPIUL BRAŞOV",40198,1,PROV,PRCNCT,CJ,CJ_SV,"2020-09-28 06:04:51",1635,1591,32,12,0,590,578,0,12,0,569,21,1800,1210,14,53,53,209,25,16,15,0,170,0,7,7
8,BRAŞOV,"CARTIER AVANTGARDEN",151,"MUNICIPIUL BRAŞOV",40198,1,PROV,PRCNCT,CJ,CJ_SV,"2020-09-28 02:46:52",1897,1860,19,18,0,728,710,0,18,0,712,16,2000,1272,18,36,12,218,8,17,10,3,363,3,10,14
8,BRAŞOV,"CARTIER AVANTGARDEN",152,"MUNICIPIUL BRAŞOV",40198,1,PROV,PRCNCT,CJ,CJ_SV,"2020-09-28 04:28:37",1901,1846,33,21,1,759,737,0,21,1,743,16,2000,41,19,41,11,261,12,18,9,5,343,3,10,11
8,BRAŞOV,"CASA DE CULTURĂ",278,"ORAŞ ZĂRNEŞTI",40492,1,PROV,PRCNCT,CJ,CJ_SV,"2020-09-28 02:55:49",1309,1295,4,9,1,600,590,0,9,1,566,34,1400,800,36,210,10,197,3,25,13,6,55,0,8,3
8,BRAŞOV,"CASA MUNICIPALĂ DE CULTURĂ",202,"MUNICIPIUL FĂGĂRAŞ",40278,2,PROV,PRCNCT,CJ,CJ_SV,"2020-09-29 13:59:57",1512,1500,1,10,1,530,519,0,10,1,492,38,1700,1170,26,81,12,137,50,17,19,4,68,44,16,18
8,BRAŞOV,"CASA MUNICIPALĂ DE CULTURĂ",203,"MUNICIPIUL FĂGĂRAŞ",40278,2,PROV,PRCNCT,CJ,CJ_SV,"2020-09-29 13:09:16",1310,1298,2,10,0,404,394,0,10,0,383,21,1400,996,14,68,11,141,43,22,4,3,53,6,7,11
8,BRAŞOV,"CASA ORASENEASCA DE CULTURA",265,"ORAŞ RUPEA",40394,1,PROV,PRCNCT,CJ,CJ_SV,"2020-09-28 04:18:34",1234,1200,2,26,6,598,566,0,26,6,545,53,1300,702,57,131,50,176,43,7,9,3,55,3,7,4
8,BRAŞOV,"CENTRUL DE CULTURĂ MIHAIL SAULESCU",247,"ORAŞ PREDEAL",40303,3,PROV,PRCNCT,CJ,CJ_SV,"2020-09-29 14:16:08",1256,1231,6,15,4,610,590,1,15,4,591,19,1400,790,36,176,2,227,8,11,4,5,29,4,77,12
8,BRAŞOV,"CENTRUL REGIONAL DE FORMARE PROFESIONALĂ BRAŞOV",133,"MUNICIPIUL BRAŞOV",40198,1,PROV,PRCNCT,CJ,CJ_SV,"2020-09-28 03:17:36",1270,1257,4,9,0,429,420,0,9,0,409,20,1400,971,13,71,22,132,4,21,17,2,116,0,6,5
8,BRAŞOV,"CENTRUL REGIONAL DE FORMARE PROFESIONALĂ BRAŞOV",132,"MUNICIPIUL BRAŞOV",40198,1,PROV,PRCNCT,CJ,CJ_SV,"2020-09-28 00:21:39",987,977,0,10,0,277,267,0,10,0,262,15,1100,823,11,39,6,105,5,9,6,2,74,0,4,1
8,BRAŞOV,"CLĂDIREA FOSTEI PRIMĂRII",386,PĂRĂU,41578,2,PROV,PRCNCT,CJ,CJ_SV,"2020-09-29 14:40:17",388,345,0,21,22,388,345,0,21,22,296,92,600,212,19,62,3,127,3,60,1,1,8,4,3,5
8,BRAŞOV,"CLADIRE FOST SEDIU PRIMARIE",294,BECLEAN,40544,2,PROV,PRCNCT,CJ,CJ_SV,"2020-09-28 13:23:25",461,374,2,67,18,346,261,0,67,18,326,20,399,53,17,184,3,91,1,7,5,3,11,2,0,2
8,BRAŞOV,"CLUB MUNCITORESC BRAFOR GARA RUPEA",267,"ORAŞ RUPEA",40394,1,PROV,PRCNCT,CJ,CJ_SV,"2020-09-28 01:55:06",563,558,1,4,0,290,285,1,4,0,272,18,600,310,20,92,38,80,5,2,11,2,16,3,0,3
8,BRAŞOV,"CLUBUL PENSIONARILOR",281,"ORAŞ ZĂRNEŞTI",40492,2,PROV,PRCNCT,CJ,CJ_SV,"2020-09-29 15:29:04",1252,1241,1,8,2,558,548,0,8,2,534,24,1400,842,21,224,3,193,6,12,3,1,53,3,5,10
8,BRAŞOV,"CLUBUL PENSIONARILOR - CARAIMAN",280,"ORAŞ ZĂRNEŞTI",40492,2,PROV,PRCNCT,CJ,CJ_SV,"2020-09-29 10:47:52",1420,1413,2,5,0,551,546,0,5,0,532,19,1600,1049,57,188,1,196,0,19,10,3,49,0,3,6
8,BRAŞOV,"COLEGIUL „AUREL VIJOLI”",216,"MUNICIPIUL FĂGĂRAŞ",40278,2,PROV,PRCNCT,CJ,CJ_SV,"2020-09-29 11:16:05",1178,1153,0,15,10,426,401,0,15,10,397,29,1300,874,17,60,7,39,22,8,4,6,10,217,6,1
8,BRAŞOV,"COLEGIUL „AUREL VIJOLI”",215,"MUNICIPIUL FĂGĂRAŞ",40278,1,PROV,PRCNCT,CJ,CJ_SV,"2020-09-28 03:08:19",1408,1397,0,10,1,444,433,0,10,1,392,52,1500,1056,21,59,6,52,39,9,16,2,17,159,5,7
8,BRAŞOV,"COLEGIUL DE ŞTIINŢE ”GRIGORE ANTIPA”",108,"MUNICIPIUL BRAŞOV",40198,3,PROV,PRCNCT,CJ,CJ_SV,"2020-09-28 13:53:52",1488,1470,9,9,0,532,523,0,9,0,503,29,1600,1068,25,70,37,162,9,24,10,5,154,0,5,2
8,BRAŞOV,"COLEGIUL DE ŞTIINŢE ”GRIGORE ANTIPA”",110,"MUNICIPIUL BRAŞOV",40198,1,PROV,PRCNCT,CJ,CJ_SV,"2020-09-27 23:59:24",1223,1181,1,12,29,445,404,0,12,29,414,31,1300,855,15,53,21,126,7,11,10,4,156,1,5,5
8,BRAŞOV,"COLEGIUL DE ŞTIINŢE ”GRIGORE ANTIPA”",109,"MUNICIPIUL BRAŞOV",40198,1,PROV,PRCNCT,CJ,CJ_SV,"2020-09-28 01:55:41",1429,1412,6,11,0,473,462,0,11,0,458,15,1500,1027,18,38,45,115,12,21,8,2,186,2,2,9
8,BRAŞOV,"COLEGIUL DE ŞTIINŢE ”GRIGORE ANTIPA”",107,"MUNICIPIUL BRAŞOV",40198,1,PROV,PRCNCT,CJ,CJ_SV,"2020-09-28 01:58:01",1451,1440,2,9,0,531,522,0,9,0,513,18,1600,1069,21,59,34,167,10,15,13,6,173,1,9,5
8,BRAŞOV,"COLEGIUL ”EMIL RACOVIŢĂ”",34,"MUNICIPIUL BRAŞOV",40198,1,PROV,PRCNCT,CJ,CJ_SV,"2020-09-28 02:02:32",1301,1291,4,6,0,455,449,0,6,0,443,12,1400,945,14,52,18,152,10,14,7,2,159,1,7,7
8,BRAŞOV,"COLEGIUL ”EMIL RACOVIŢĂ”",32,"MUNICIPIUL BRAŞOV",40198,1,PROV,PRCNCT,CJ,CJ_SV,"2020-09-28 01:58:06",1545,1535,1,8,1,537,528,0,8,1,506,31,1700,1163,23,68,32,170,8,17,7,6,151,4,9,11
8,BRAŞOV,"COLEGIUL ”EMIL RACOVIŢĂ”",33,"MUNICIPIUL BRAŞOV",40198,1,PROV,PRCNCT,CJ,CJ_SV,"2020-09-28 00:37:00",1347,1343,0,4,0,478,474,0,4,0,458,20,1500,1022,11,61,23,160,9,13,9,2,161,1,3,5
8,BRAŞOV,"COLEGIUL ”EMIL RACOVIŢĂ”",35,"MUNICIPIUL BRAŞOV",40198,2,PROV,PRCNCT,CJ,CJ_SV,"2020-09-29 17:36:19",868,856,2,10,0,356,345,1,10,0,348,8,900,544,11,25,35,97,8,6,6,4,145,3,6,2
8,BRAŞOV,"COLEGIUL NAŢIONAL ”APRILY LAJOS”",9,"MUNICIPIUL BRAŞOV",40198,1,PROV,PRCNCT,CJ,CJ_SV,"2020-09-28 01:45:11",960,929,12,19,0,360,329,12,19,0,329,17,1000,654,25,36,35,108,7,9,3,3,91,2,6,4
8,BRAŞOV,"COLEGIUL NAŢIONAL ”APRILY LAJOS”",10,"MUNICIPIUL BRAŞOV",40198,1,PROV,PRCNCT,CJ,CJ_SV,"2020-09-28 02:49:17",961,943,13,5,0,359,354,0,5,0,350,9,1000,641,12,46,23,99,15,7,4,1,141,0,1,1
8,BRAŞOV,"COLEGIUL NAŢIONAL ”APRILY LAJOS”",11,"MUNICIPIUL BRAŞOV",40198,1,PROV,PRCNCT,CJ,CJ_SV,"2020-09-28 01:19:33",726,713,3,10,0,273,263,0,10,0,252,11,800,537,10,31,20,74,11,7,2,2,90,0,3,2
8,BRAŞOV,"COLEGIUL NAŢIONAL DE INFORMATICĂ ”GRIGORE MOISIL”",118,"MUNICIPIUL BRAŞOV",40198,3,PROV,PRCNCT,CJ,CJ_SV,"2020-09-29 16:37:15",1694,1671,10,11,2,595,582,0,11,2,574,20,1900,1305,23,51,15,178,6,17,9,3,243,2,14,13
8,BRAŞOV,"COLEGIUL NAŢIONAL DE INFORMATICĂ ”GRIGORE MOISIL”",113,"MUNICIPIUL BRAŞOV",40198,1,PROV,PRCNCT,CJ,CJ_SV,"2020-09-28 00:19:17",1560,1553,2,5,0,442,437,0,5,0,421,21,1700,1258,17,61,13,167,7,21,12,4,108,1,6,4
8,BRAŞOV,"COLEGIUL NAŢIONAL DE INFORMATICĂ ”GRIGORE MOISIL”",115,"MUNICIPIUL BRAŞOV",40198,1,PROV,PRCNCT,CJ,CJ_SV,"2020-09-28 01:42:33",1569,1559,0,10,0,572,562,0,10,0,556,16,1700,1128,29,67,15,212,11,17,10,4,177,0,4,10
8,BRAŞOV,"COLEGIUL NAŢIONAL DE INFORMATICĂ ”GRIGORE MOISIL”",116,"MUNICIPIUL BRAŞOV",40198,1,PROV,PRCNCT,CJ,CJ_SV,"2020-09-28 02:47:08",969,966,0,3,0,292,289,0,3,0,276,16,1100,808,10,32,9,106,3,13,2,5,89,2,2,3
8,BRAŞOV,"COLEGIUL NAŢIONAL DE INFORMATICĂ ”GRIGORE MOISIL”",117,"MUNICIPIUL BRAŞOV",40198,1,PROV,PRCNCT,CJ,CJ_SV,"2020-09-28 00:27:29",1290,1274,8,8,0,425,417,0,8,0,407,18,1400,975,21,51,24,131,7,11,8,1,143,0,6,4
8,BRAŞOV,"COLEGIUL NAŢIONAL DE INFORMATICĂ ”GRIGORE MOISIL”",114,"MUNICIPIUL BRAŞOV",40198,1,PROV,PRCNCT,CJ,CJ_SV,"2020-09-28 03:02:09",1359,1350,1,8,0,460,452,0,8,0,441,18,1500,1041,19,73,14,138,10,18,13,4,133,0,7,12
8,BRAŞOV,"COLEGIUL NAŢIONAL DE INFORMATICĂ ”GRIGORE MOISIL”",111,"MUNICIPIUL BRAŞOV",40198,1,PROV,PRCNCT,CJ,CJ_SV,"2020-09-28 00:43:05",1210,1199,3,8,0,393,385,0,8,0,384,9,1300,907,18,60,20,133,2,15,16,3,102,3,5,7
8,BRAŞOV,"COLEGIUL NAŢIONAL DE INFORMATICĂ ”GRIGORE MOISIL”",112,"MUNICIPIUL BRAŞOV",40198,1,PROV,PRCNCT,CJ,CJ_SV,"2020-09-28 02:24:33",1420,1398,3,6,13,504,485,0,6,13,487,17,1500,996,15,67,20,158,3,15,7,4,185,1,3,9
8,BRAŞOV,"COLEGIUL NAŢIONAL ”D-NA STANCA”",206,"MUNICIPIUL FĂGĂRAŞ",40278,2,PROV,PRCNCT,CJ,CJ_SV,"2020-09-29 14:15:48",1489,1470,6,13,0,492,479,0,13,0,478,14,1600,1108,37,62,11,163,52,19,21,1,69,7,16,20
8,BRAŞOV,"COLEGIUL NAŢIONAL ”D-NA STANCA”",207,"MUNICIPIUL FĂGĂRAŞ",40278,1,PROV,PRCNCT,CJ,CJ_SV,"2020-09-28 03:15:10",1347,1334,4,8,1,430,421,0,8,1,412,18,1400,970,27,71,6,125,50,20,16,5,61,3,12,16
8,BRAŞOV,"COLEGIUL NAŢIONAL ”D-NA STANCA”-ŞCOALA GIMNAZIALĂ NR.7",213,"MUNICIPIUL FĂGĂRAŞ",40278,3,PROV,PRCNCT,CJ,CJ_SV,"2020-09-29 13:50:53",1609,1595,2,12,0,450,438,0,12,0,407,43,1800,1350,26,67,12,101,35,17,21,5,34,76,8,5
8,BRAŞOV,"COLEGIUL NAŢIONAL ”D-NA STANCA”-ŞCOALA GIMNAZIALĂ NR.7",212,"MUNICIPIUL FĂGĂRAŞ",40278,1,PROV,PRCNCT,CJ,CJ_SV,"2020-09-28 00:47:18",1505,1491,1,11,2,383,370,0,11,2,365,18,1600,1217,20,82,9,114,26,16,15,6,45,8,11,13
8,BRAŞOV,"COLEGIUL NAŢIONAL ”D-NA STANCA”-ŞCOALA GIMNAZIALĂ NR. 7",214,"MUNICIPIUL FĂGĂRAŞ",40278,1,PROV,PRCNCT,CJ,CJ_SV,"2020-09-28 02:51:03",1650,1639,3,8,0,495,487,0,8,0,465,30,1800,1305,27,85,5,150,44,19,27,11,50,14,9,24
8,BRAŞOV,"COLEGIUL NAŢIONAL ”DR. I. MEŞOTĂ”",37,"MUNICIPIUL BRAŞOV",40198,1,PROV,PRCNCT,CJ,CJ_SV,"2020-09-28 05:20:36",936,914,7,15,0,370,356,1,13,0,362,8,1000,628,16,39,24,125,13,7,12,5,113,3,4,1
8,BRAŞOV,"COLEGIUL NAŢIONAL ”DR. I. MEŞOTĂ”",36,"MUNICIPIUL BRAŞOV",40198,1,PROV,PRCNCT,CJ,CJ_SV,"2020-09-28 02:43:15",1637,1616,7,14,0,628,614,0,14,0,603,25,1800,1172,14,63,46,218,19,18,13,4,195,0,10,3
8,BRAŞOV,"COLEGIUL NAŢIONAL ”DR. I. MEŞOTĂ”",38,"MUNICIPIUL BRAŞOV",40198,1,PROV,PRCNCT,CJ,CJ_SV,"2020-09-28 01:17:44",510,501,0,9,0,510,501,0,9,0,488,22,1600,1090,21,38,16,176,7,12,10,5,187,2,7,7
8,BRAŞOV,"COLEGIUL NAŢIONAL ECONOMIC ”ANDREI BÂRSEANU”",135,"MUNICIPIUL BRAŞOV",40198,1,PROV,PRCNCT,CJ,CJ_SV,"2020-09-28 02:08:59",953,936,8,9,0,361,352,0,9,0,347,14,1000,639,16,30,24,121,9,10,5,2,118,0,8,4
8,BRAŞOV,"COLEGIUL NAŢIONAL ECONOMIC ”ANDREI BÂRSEANU”",137,"MUNICIPIUL BRAŞOV",40198,1,PROV,PRCNCT,CJ,CJ_SV,"2020-09-28 01:12:08",1214,1198,5,10,1,465,453,1,10,1,451,14,1300,835,20,29,21,178,15,12,6,4,154,0,7,5
8,BRAŞOV,"COLEGIUL NAŢIONAL ECONOMIC ”ANDREI BÂRSEANU”",136,"MUNICIPIUL BRAŞOV",40198,1,PROV,PRCNCT,CJ,CJ_SV,"2020-09-28 03:12:17",1187,1172,3,12,0,409,397,0,12,0,383,14,1300,891,10,44,31,106,20,14,17,4,127,0,3,7
8,BRAŞOV,"COLEGIUL NAŢIONAL „RADU NEGRU”",210,"MUNICIPIUL FĂGĂRAŞ",40278,1,PROV,PRCNCT,CJ,CJ_SV,"2020-09-28 01:50:52",1163,1156,0,7,0,354,347,0,7,0,341,13,1300,939,14,74,5,99,39,19,9,2,61,7,6,6
8,BRAŞOV,"COLEGIUL NAŢIONAL „RADU NEGRU”",211,"MUNICIPIUL FĂGĂRAŞ",40278,1,PROV,PRCNCT,CJ,CJ_SV,"2020-09-28 01:42:52",1378,1366,0,10,2,418,406,0,10,2,399,19,1500,1082,23,55,7,146,57,17,16,4,41,8,9,16
8,BRAŞOV,"COLEGIUL NAŢIONAL ”RADU NEGRU” - ŞCOALA GENERALĂ NR.1",209,"MUNICIPIUL FĂGĂRAŞ",40278,1,PROV,PRCNCT,CJ,CJ_SV,"2020-09-28 01:34:29",1315,1302,4,8,1,401,392,0,8,1,371,30,1500,1099,16,54,14,148,36,15,10,4,54,5,4,11
8,BRAŞOV,"COLEGIUL NAŢIONAL ”RADU NEGRU” - ŞCOALA GENERALĂ NR.1",208,"MUNICIPIUL FĂGĂRAŞ",40278,1,PROV,PRCNCT,CJ,CJ_SV,"2020-09-28 03:11:58",1133,1124,2,6,1,404,397,0,6,1,393,11,1200,796,27,51,9,135,54,16,9,7,57,2,9,17
8,BRAŞOV,"COLEGIUL NAŢIONAL ”UNIREA”",12,"MUNICIPIUL BRAŞOV",40198,1,PROV,PRCNCT,CJ,CJ_SV,"2020-09-28 02:57:06",1248,1220,14,13,1,425,411,0,13,1,418,7,1300,875,12,48,19,125,13,7,10,3,169,0,6,6
8,BRAŞOV,"COLEGIUL NAŢIONAL ”UNIREA”",13,"MUNICIPIUL BRAŞOV",40198,2,PROV,PRCNCT,CJ,CJ_SV,"2020-09-29 17:02:45",1273,1261,1,8,3,404,392,1,8,3,392,12,1400,96,11,37,25,120,14,7,12,5,149,2,4,6
8,BRAŞOV,"COLEGIUL ”NICOLAE TITULESCU”",167,"MUNICIPIUL BRAŞOV",40198,1,PROV,PRCNCT,CJ,CJ_SV,"2020-09-28 03:10:52",1411,1404,0,7,0,396,389,0,7,0,372,24,1600,1204,13,76,6,136,1,13,12,6,99,1,2,7
8,BRAŞOV,"COLEGIUL ”NICOLAE TITULESCU”",164,"MUNICIPIUL BRAŞOV",40198,2,PROV,PRCNCT,CJ,CJ_SV,"2020-09-29 16:15:29",1524,1514,0,10,0,356,346,0,10,0,314,42,1700,1344,30,70,6,113,5,9,8,5,54,1,10,3
8,BRAŞOV,"COLEGIUL ”NICOLAE TITULESCU”",165,"MUNICIPIUL BRAŞOV",40198,1,PROV,PRCNCT,CJ,CJ_SV,"2020-09-28 01:59:00",1414,1399,0,15,0,408,393,0,15,0,387,21,1500,1092,17,63,11,151,7,12,17,2,97,3,1,6
8,BRAŞOV,"COLEGIUL ”NICOLAE TITULESCU”",166,"MUNICIPIUL BRAŞOV",40198,2,PROV,PRCNCT,CJ,CJ_SV,"2020-09-29 16:15:21",1396,1389,0,7,0,407,400,0,7,0,373,34,1500,1093,13,61,10,163,5,22,8,4,72,1,6,8
8,BRAŞOV,"COLEGIUL ”NICOLAE TITULESCU”",168,"MUNICIPIUL BRAŞOV",40198,2,PROV,PRCNCT,CJ,CJ_SV,"2020-09-29 15:52:14",1590,1579,1,10,0,461,451,0,10,0,433,28,1700,1239,14,81,6,173,2,12,20,2,111,2,4,6
8,BRAŞOV,"COLEGIUL ”NICOLAE TITULESCU”",169,"MUNICIPIUL BRAŞOV",40198,2,PROV,PRCNCT,CJ,CJ_SV,"2020-09-29 16:00:12",1413,1404,0,9,0,355,346,0,9,0,329,26,1500,1145,17,64,2,135,4,9,14,2,68,3,5,6
8,BRAŞOV,"COLEGIUL TEHNIC DE TRANSPORTURI",172,"MUNICIPIUL BRAŞOV",40198,3,PROV,PRCNCT,CJ,CJ_SV,"2020-09-29 16:28:00",744,733,2,9,0,227,218,0,9,0,204,23,800,573,10,28,3,87,5,10,6,2,46,1,4,2
8,BRAŞOV,"COLEGIUL TEHNIC DE TRANSPORTURI",173,"MUNICIPIUL BRAŞOV",40198,4,PROV,PRCNCT,CJ,CJ_SV,"2020-09-29 16:45:13",1173,1165,1,7,0,424,417,0,7,0,391,33,1300,876,19,67,6,161,3,6,12,4,88,4,15,6
8,BRAŞOV,"COLEGIUL TEHNIC DE TRANSPORTURI",174,"MUNICIPIUL BRAŞOV",40198,2,PROV,PRCNCT,CJ,CJ_SV,"2020-09-29 16:13:08",1628,1613,0,12,3,551,536,0,12,3,511,40,1800,1249,12,79,5,232,8,20,9,3,116,5,16,6
8,BRAŞOV,"COLEGIUL TEHNIC DR. ALEXANDRU BĂRBAT",272,"ORAŞ VICTORIA",40465,3,PROV,PRCNCT,CJ,CJ_SV,"2020-09-29 13:07:05",1112,1051,4,46,11,529,472,0,46,11,489,40,1200,671,17,67,6,160,10,20,4,3,141,5,47,9
8,BRAŞOV,"COLEGIUL TEHNIC ”MARIA BAIULESCU”",8,"MUNICIPIUL BRAŞOV",40198,1,PROV,PRCNCT,CJ,CJ_SV,"2020-09-28 00:06:10",1475,1446,22,7,0,447,440,0,7,0,417,28,1600,1153,21,60,26,121,18,9,11,0,142,1,5,3
8,BRAŞOV,"COLEGIUL TEHNIC ”MARIA BAIULESCU”",7,"MUNICIPIUL BRAŞOV",40198,2,PROV,PRCNCT,CJ,CJ_SV,"2020-09-29 16:43:21",1311,1293,0,16,2,467,449,0,16,2,441,26,1400,933,32,39,28,112,13,12,18,2,175,1,4,5
8,BRAŞOV,"COLEGIUL TEHNIC ”REMUS RĂDULEŢ”",182,"MUNICIPIUL BRAŞOV",40198,1,PROV,PRCNCT,CJ,CJ_SV,"2020-09-28 00:08:34",1034,1029,1,4,0,316,312,0,4,0,297,19,1200,884,21,52,8,112,1,11,11,4,68,1,3,5
8,BRAŞOV,"COLEGIUL TEHNIC ”REMUS RĂDULEŢ”",180,"MUNICIPIUL BRAŞOV",40198,2,PROV,PRCNCT,CJ,CJ_SV,"2020-09-29 17:48:36",1098,1089,0,9,0,277,268,0,9,0,257,20,1200,923,15,48,9,93,1,16,8,1,54,4,5,3
8,BRAŞOV,"COLEGIUL TEHNIC ”REMUS RĂDULEŢ”",181,"MUNICIPIUL BRAŞOV",40198,1,PROV,PRCNCT,CJ,CJ_SV,"2020-09-28 00:50:39",1065,1058,1,6,0,311,305,0,6,0,296,15,1200,889,21,58,8,121,5,8,8,3,52,5,2,5
8,BRAŞOV,"COLEGIUL TEHNIC ”REMUS RĂDULEŢ”",178,"MUNICIPIUL BRAŞOV",40198,1,PROV,PRCNCT,CJ,CJ_SV,"2020-09-27 23:12:37",543,533,2,8,0,187,179,0,8,0,174,13,600,413,11,21,4,75,3,7,4,2,42,2,0,3
8,BRAŞOV,"COLEGIUL TEHNIC ”REMUS RĂDULEŢ”",179,"MUNICIPIUL BRAŞOV",40198,1,PROV,PRCNCT,CJ,CJ_SV,"2020-09-27 23:31:10",992,986,0,6,0,287,281,0,6,0,259,28,1100,813,12,33,5,113,3,9,6,2,70,1,4,1
8,BRAŞOV,"COLEGIUL TEHNIC SIMION MEHEDINTI",186,"MUNICIPIUL CODLEA",40241,2,PROV,PRCNCT,CJ,CJ_SV,"2020-09-29 15:30:11",1103,1096,0,7,0,389,382,0,7,0,360,29,1200,811,30,82,8,131,2,9,10,8,48,3,6,23
8,BRAŞOV,"COLEGIUL TEHNIC SIMION MEHEDINŢI",183,"MUNICIPIUL CODLEA",40241,1,PROV,PRCNCT,CJ,CJ_SV,"2020-09-28 00:21:28",967,955,0,12,0,304,292,0,12,0,288,16,1100,796,30,73,2,120,1,7,9,0,27,2,1,16
8,BRAŞOV,"COLEGIUL TEHNIC SIMION MEHEDINŢI",184,"MUNICIPIUL CODLEA",40241,1,PROV,PRCNCT,CJ,CJ_SV,"2020-09-28 00:27:26",1164,1157,1,6,0,408,402,0,6,0,386,22,1300,892,30,114,3,130,6,10,13,2,54,0,2,22
8,BRAŞOV,"COLEGIUL TEHNIC SIMION MEHEDINŢI",185,"MUNICIPIUL CODLEA",40241,3,PROV,PRCNCT,CJ,CJ_SV,"2020-09-29 18:37:41",1120,1112,0,8,0,376,368,0,8,0,354,22,1200,824,24,133,1,104,4,10,10,3,51,0,3,11
8,BRAŞOV,"DISPENSAR MEDICAL ORMENIŞ",383,ORMENIŞ,41541,1,PROV,PRCNCT,CJ,CJ_SV,"2020-09-28 06:29:13",1688,1576,0,20,92,1233,1121,0,20,92,1085,148,1700,467,133,143,416,234,4,75,1,0,3,69,3,4
8,BRAŞOV,"FOSTUL SEDIU CAP",409,ŞERCAIA,41818,4,PROV,PRCNCT,CJ,CJ_SV,"2020-09-28 12:53:57",418,393,2,12,11,186,163,0,12,11,168,18,410,224,2,21,48,82,4,0,5,0,5,1,0,0
8,BRAŞOV,"FUNDAŢIA CULTURALĂ ”NEGRU VODA”",205,"MUNICIPIUL FĂGĂRAŞ",40278,2,PROV,PRCNCT,CJ,CJ_SV,"2020-09-28 03:10:33",995,976,5,11,3,382,366,2,11,3,363,19,1100,718,35,51,10,117,48,8,11,6,47,14,6,10
8,BRAŞOV,"GRĂDINIŢA BOBOCEL",274,"ORAŞ ZĂRNEŞTI",40492,1,PROV,PRCNCT,CJ,CJ_SV,"2020-09-28 01:09:57",1391,1384,0,7,0,600,593,0,7,0,571,29,1500,900,45,278,2,167,3,25,6,6,28,4,4,3
8,BRAŞOV,"GRĂDINIŢA BOD COLONIE",300,BOD,40606,2,PROV,PRCNCT,CJ,CJ_SV,"2020-09-29 11:48:57",916,902,2,10,2,457,444,1,10,2,422,35,1000,543,24,42,66,141,8,12,22,5,92,4,3,3
8,BRAŞOV,"GRĂDINIȚA COPĂCEL",352,HÂRSENI,41113,1,PROV,PRCNCT,CJ,CJ_SV,"2020-09-28 01:00:23",534,517,1,13,3,356,340,0,13,3,315,41,600,244,27,106,1,104,4,6,9,4,28,0,21,5
8,BRAŞOV,"GRADINITA CU PROGRAM NORMAL 4ORE SANPETRU",404,SÂNPETRU,41925,2,PROV,PRCNCT,CJ,CJ_SV,"2020-09-29 14:51:00",1941,1890,31,17,3,862,841,1,17,3,826,24,2000,1138,47,78,16,268,20,49,14,9,265,7,41,12
8,BRAŞOV,"GRADINITA CU PROGRAM NORMAL 8 ORE SÎNPETRU",406,SÂNPETRU,41925,3,PROV,PRCNCT,CJ,CJ_SV,"2020-09-29 13:01:13",1902,1867,0,33,2,1032,997,0,33,2,1008,24,2000,968,38,75,12,270,12,86,18,7,423,3,48,16
8,BRAŞOV,"GRĂDINIŢA CU PROGRAM NORMAL DUMBRĂVIŢA",333,DUMBRĂVIŢA,40928,2,PROV,PRCNCT,CJ,CJ_SV,"2020-09-29 12:04:59",1780,1766,6,7,1,1007,998,1,7,1,915,92,1900,893,85,214,9,251,5,60,52,5,207,5,17,5
8,BRAŞOV,"GRADINITA CU PROGRAM NORMAL TIMISUL DE JOS",251,"ORAŞ PREDEAL",40303,1,PROV,PRCNCT,CJ,CJ_SV,"2020-09-28 02:06:43",336,330,0,6,0,176,170,0,6,0,164,12,400,224,14,38,0,47,2,3,5,2,9,0,44,0
8,BRAŞOV,"GRADINITA CU PROGRAM NORMAL „VOINICELUL”",201,"MUNICIPIUL FĂGĂRAŞ",40278,1,PROV,PRCNCT,CJ,CJ_SV,"2020-09-28 02:53:46",1715,1698,4,13,0,479,466,0,13,0,449,30,1800,1321,31,105,6,118,41,39,31,9,24,16,12,17
8,BRAŞOV,"GRĂDINIȚA CU PROGRAM PRELUNGIT ALBINUȚA",219,"MUNICIPIUL FĂGĂRAŞ",40278,1,PROV,PRCNCT,CJ,CJ_SV,"2020-09-28 02:34:34",1191,1181,0,10,0,379,369,0,10,0,362,17,1300,921,29,57,7,118,63,11,12,1,45,5,5,9
8,BRAŞOV,"GRĂDINIȚA CU PROGRAM PRELUNGIT ALBINUȚA",218,"MUNICIPIUL FĂGĂRAŞ",40278,1,PROV,PRCNCT,CJ,CJ_SV,"2020-09-28 02:58:18",1078,1061,4,12,1,445,432,0,12,1,433,12,1200,755,37,60,2,149,45,13,22,5,64,9,10,17
8,BRAŞOV,"GRĂDINIŢA CU PROGRAM PRELUNGIT ”CASUTA BUCURIEI” NR. 11",30,"MUNICIPIUL BRAŞOV",40198,2,PROV,PRCNCT,CJ,CJ_SV,"2020-09-29 16:21:11",872,864,1,7,0,268,261,0,7,0,258,10,1000,732,10,33,16,84,4,13,12,3,75,0,3,5
8,BRAŞOV,"GRĂDINIŢA CU PROGRAM PRELUNGIT ”CASUTA BUCURIEI” NR. 11",31,"MUNICIPIUL BRAŞOV",40198,1,PROV,PRCNCT,CJ,CJ_SV,"2020-09-28 00:59:59",866,862,0,4,0,318,314,0,4,0,303,15,1001,683,9,45,23,117,3,8,6,0,85,1,2,4
8,BRAŞOV,"GRĂDINIȚA CU PROGRAM PRELUNGIT CINCU",320,CINCU,40820,2,PROV,PRCNCT,CJ,CJ_SV,"2020-09-29 11:11:07",1329,1295,2,15,17,744,711,1,15,17,641,103,1400,656,32,88,4,289,92,12,31,1,17,54,21,0
8,BRAŞOV,"GRĂDINIŢA CU PROGRAM PRELUNGIT NR. 2",4,"MUNICIPIUL BRAŞOV",40198,1,PROV,PRCNCT,CJ,CJ_SV,"2020-09-28 01:05:28",1173,1141,11,13,8,440,418,1,13,8,432,8,1300,850,8,39,35,109,20,6,12,1,195,2,1,4
8,BRAŞOV,"GRĂDINIŢA CU PROGRAM PRELUNGIT NR. 2",3,"MUNICIPIUL BRAŞOV",40198,2,PROV,PRCNCT,CJ,CJ_SV,"2020-09-29 17:56:50",1000,982,7,8,3,380,368,1,8,3,355,20,1100,725,7,49,17,113,16,12,14,3,113,2,4,5
8,BRAŞOV,"GRĂDINIŢA DĂIŞOARA",441,UNGRA,42156,5,PROV,PRCNCT,CJ,CJ_SV,"2020-09-29 11:34:40",601,588,0,12,1,409,396,0,12,1,334,75,700,290,179,93,0,39,3,8,0,3,1,3,3,2
8,BRAŞOV,"GRĂDINIȚA DE COPII",292,AUGUSTIN,42498,3,PROV,PRCNCT,CJ,CJ_SV,"2020-09-28 14:27:54",1376,1333,1,27,15,913,871,0,27,15,814,99,1500,587,64,428,3,229,2,6,3,5,59,14,0,1
8,BRAŞOV,"GRADINITA DE COPII CRISTIAN",326,CRISTIAN,40900,1,PROV,PRCNCT,CJ,CJ_SV,"2020-09-28 08:33:38",1926,1837,36,43,10,1146,1093,2,43,8,1105,41,1900,750,42,121,12,544,43,42,26,3,238,6,17,11
8,BRAŞOV,"GRĂDINIŢA DRĂUŞENI",317,CAŢA,40768,3,PROV,PRCNCT,CJ,CJ_SV,"2020-09-28 16:23:13",419,407,0,5,7,247,236,0,5,6,225,22,430,183,2,20,94,106,0,0,1,0,0,1,0,1
8,BRAŞOV,"GRĂDINIȚA MĂRGINENI",351,HÂRSENI,41113,2,PROV,PRCNCT,CJ,CJ_SV,"2020-09-29 13:18:12",263,249,0,10,4,160,146,0,10,4,141,19,300,140,7,32,0,27,3,13,2,1,5,1,47,3
8,BRAŞOV,"GRADINITA NR.1",189,"MUNICIPIUL CODLEA",40241,1,PROV,PRCNCT,CJ,CJ_SV,"2020-09-28 00:21:50",1316,1307,2,7,0,533,526,0,7,0,513,20,1400,867,10,139,9,206,14,18,26,0,67,3,2,19
8,BRAŞOV,"GRADINITA NR.1",188,"MUNICIPIUL CODLEA",40241,1,PROV,PRCNCT,CJ,CJ_SV,"2020-09-28 00:23:15",1233,1212,3,18,0,494,476,0,18,0,469,25,1300,806,20,129,15,171,14,11,18,2,48,2,4,35
8,BRAŞOV,"GRĂDINIŢA NR.1",257,"ORAŞ RÂŞNOV",40367,1,PROV,PRCNCT,CJ,CJ_SV,"2020-09-28 01:07:34",917,911,0,5,1,351,345,0,5,1,338,13,999,648,7,64,2,122,2,5,4,0,126,2,1,3
8,BRAŞOV,"GRĂDINIŢA NR. 1",273,"ORAŞ VICTORIA",40465,1,PROV,PRCNCT,CJ,CJ_SV,"2020-09-28 03:09:26",1480,1460,1,17,2,578,558,1,17,2,553,25,1600,1022,12,69,4,178,7,21,10,3,179,2,68,0
8,BRAŞOV,"GRADINITA NR.4",192,"MUNICIPIUL CODLEA",40241,1,PROV,PRCNCT,CJ,CJ_SV,"2020-09-28 00:59:20",1270,1262,2,6,0,384,378,0,6,0,366,18,1400,1016,21,115,4,141,1,13,8,1,38,0,3,21
8,BRAŞOV,"GRADINITA NR.4",193,"MUNICIPIUL CODLEA",40241,1,PROV,PRCNCT,CJ,CJ_SV,"2020-09-28 02:39:21",1803,1784,2,17,0,731,713,1,17,0,695,36,2000,1269,44,203,7,271,13,23,14,6,69,3,2,40
8,BRAŞOV,"GRADINITA PROGRAM PRELUNGIT",425,TĂRLUNGENI,42003,5,PROV,PRCNCT,CJ,CJ_SV,"2020-09-29 18:01:39",1178,1169,1,8,0,498,490,0,8,0,437,61,1300,802,12,45,66,214,0,9,7,4,63,6,6,5
8,BRAŞOV,"GRADINIŢA RUCĂR",448,VIŞTEA,42236,1,PROV,PRCNCT,CJ,CJ_SV,"2020-09-28 00:25:13",411,338,0,64,9,291,218,0,64,9,276,15,370,79,4,17,1,226,3,7,3,1,7,1,6,0
8,BRAŞOV,"GRĂDINIȚA SEBEȘ",350,HÂRSENI,41113,2,PROV,PRCNCT,CJ,CJ_SV,"2020-09-28 03:58:30",687,653,0,17,17,436,402,0,17,17,387,49,700,264,9,68,1,46,3,14,6,1,14,3,209,13
8,BRAŞOV,"GRĂDINIŢA VIŞTEA DE SUS",446,VIŞTEA,42236,2,PROV,PRCNCT,CJ,CJ_SV,"2020-09-28 14:32:36",543,493,0,43,7,312,262,0,43,7,289,23,501,189,4,20,1,150,1,10,5,0,20,1,77,0
8,BRAŞOV,"GRĂDINIŢA VOINICELUL NR. 2",279,"ORAŞ ZĂRNEŞTI",40492,1,PROV,PRCNCT,CJ,CJ_SV,"2020-09-28 01:48:22",1214,1202,1,10,1,499,488,0,10,1,466,33,1300,801,43,162,6,177,1,13,5,1,51,2,2,3
8,BRAŞOV,"GRUP SCOLAR FORESTIER",190,"MUNICIPIUL CODLEA",40241,2,PROV,PRCNCT,CJ,CJ_SV,"2020-09-29 14:41:24",1593,1575,8,10,0,658,646,2,10,0,632,26,1699,1041,36,153,11,274,16,18,14,8,72,3,4,23
8,BRAŞOV,"GRUP ȘCOLAR INDUSTRIAL RÂȘNOV",262,"ORAŞ RÂŞNOV",40367,1,PROV,PRCNCT,CJ,CJ_SV,"2020-09-28 03:20:56",1531,1512,4,15,0,675,660,0,15,0,639,36,1600,925,25,58,4,322,9,6,11,4,183,1,1,15
8,BRAŞOV,"GRUP ȘCOLAR INDUSTRIAL RÂȘNOV",263,"ORAŞ RÂŞNOV",40367,1,PROV,PRCNCT,CJ,CJ_SV,"2020-09-28 01:20:01",1449,1440,1,7,1,537,529,0,7,1,512,25,1600,1063,23,94,4,248,4,6,11,7,98,3,3,11
8,BRAŞOV,"GRUP ȘCOLAR INDUSTRIAL RÂȘNOV",261,"ORAŞ RÂŞNOV",40367,1,PROV,PRCNCT,CJ,CJ_SV,"2020-09-28 02:02:22",1070,1061,3,6,0,439,433,0,6,0,418,21,1100,661,13,66,4,212,9,7,7,4,81,2,5,8
8,BRAŞOV,"GRUP ŞCOLAR INDUSTRIAL VICTOR JINGA",236,"MUNICIPIUL SĂCELE",40438,2,PROV,PRCNCT,CJ,CJ_SV,"2020-09-28 02:50:17",1042,1033,0,9,0,352,343,0,9,0,335,17,1100,748,18,134,10,96,5,17,7,1,28,5,6,8
8,BRAŞOV,"GRUP ŞCOLAR INDUSTRIAL VICTOR JINGA",237,"MUNICIPIUL SĂCELE",40438,1,PROV,PRCNCT,CJ,CJ_SV,"2020-09-28 01:55:24",1110,1102,0,8,0,392,384,0,8,0,368,24,1200,808,17,155,16,97,6,25,8,3,24,1,13,3
8,BRAŞOV,"LICEUL ”ANDREI MUREŞANU”",5,"MUNICIPIUL BRAŞOV",40198,2,PROV,PRCNCT,CJ,CJ_SV,"2020-09-29 16:32:37",1442,1401,15,13,13,533,506,1,13,13,513,20,1500,967,21,68,21,134,27,8,14,3,204,2,4,7
8,BRAŞOV,"LICEUL ”ANDREI MUREŞANU”",6,"MUNICIPIUL BRAŞOV",40198,2,PROV,PRCNCT,CJ,CJ_SV,"2020-09-29 17:45:50",1411,1364,26,9,12,493,472,0,9,12,473,20,1500,1007,18,56,33,137,20,15,12,4,170,1,3,4
8,BRAŞOV,"LICEUL CU PROGRAM SPORTIV",119,"MUNICIPIUL BRAŞOV",40198,1,PROV,PRCNCT,CJ,CJ_SV,"2020-09-28 00:12:59",1547,1536,3,8,0,546,538,0,8,0,523,23,1700,1154,19,73,35,195,5,22,13,1,147,2,7,4
8,BRAŞOV,"LICEUL CU PROGRAM SPORTIV",120,"MUNICIPIUL BRAŞOV",40198,1,PROV,PRCNCT,CJ,CJ_SV,"2020-09-28 01:13:10",1090,1081,2,7,0,342,335,0,7,0,325,17,1200,858,12,40,18,105,9,13,9,0,110,1,3,5
8,BRAŞOV,"LICEUL CU PROGRAM SPORTIV",121,"MUNICIPIUL BRAŞOV",40198,1,PROV,PRCNCT,CJ,CJ_SV,"2020-09-28 02:39:05",1244,1237,2,5,0,387,382,0,5,0,370,17,1400,1013,14,50,13,138,5,17,6,2,119,1,4,1
8,BRAŞOV,"LICEUL CU PROGRAM SPORTIV",122,"MUNICIPIUL BRAŞOV",40198,1,PROV,PRCNCT,CJ,CJ_SV,"2020-09-28 00:36:52",1448,1439,2,7,0,467,460,0,7,0,451,16,1600,1133,18,68,25,146,4,17,12,6,144,1,5,5
8,BRAŞOV,"LICEUL CU PROGRAM SPORTIV",123,"MUNICIPIUL BRAŞOV",40198,1,PROV,PRCNCT,CJ,CJ_SV,"2020-09-28 01:05:37",1402,1393,1,8,0,461,453,0,8,0,446,15,1500,1039,16,76,18,139,6,21,12,7,131,3,7,10
8,BRAŞOV,"LICEUL DE ARTE PLASTICE „HANS MATTIS-TEUTSCH”",70,"MUNICIPIUL BRAŞOV",40198,1,PROV,PRCNCT,CJ,CJ_SV,"2020-09-27 23:24:17",1319,1297,4,18,0,503,485,0,18,0,484,19,1400,897,14,49,30,150,4,8,8,1,210,1,1,8
8,BRAŞOV,"LICEUL DE ARTE PLASTICE „HANS MATTIS-TEUTSCH”",71,"MUNICIPIUL BRAŞOV",40198,1,PROV,PRCNCT,CJ,CJ_SV,"2020-09-28 01:13:50",1225,1212,2,11,0,445,434,0,11,0,431,14,1300,855,20,49,14,149,9,13,16,3,150,3,1,4
8,BRAŞOV,"LICEUL DE ARTE PLASTICE „HANS MATTIS-TEUTSCH”",72,"MUNICIPIUL BRAŞOV",40198,1,PROV,PRCNCT,CJ,CJ_SV,"2020-09-28 03:44:34",1544,1533,1,10,0,556,546,0,10,0,519,37,1700,1144,12,58,15,161,3,19,9,4,216,1,9,12
8,BRAŞOV,"LICEUL DE MUZICĂ ”TUDOR CIORTEA”",27,"MUNICIPIUL BRAŞOV",40198,2,PROV,PRCNCT,CJ,CJ_SV,"2020-09-29 17:39:27",1363,1328,7,11,17,488,460,0,11,17,474,14,1500,1012,14,50,32,150,13,13,7,3,174,4,4,10
8,BRAŞOV,"LICEUL GEORGE MOROIANU",231,"MUNICIPIUL SĂCELE",40438,1,PROV,PRCNCT,CJ,CJ_SV,"2020-09-28 01:17:43",1733,1719,1,13,0,742,729,0,13,0,700,42,1800,1058,21,111,208,200,7,39,5,1,59,1,42,6
8,BRAŞOV,"LICEUL GEORGE MOROIANU CORPUL C",228,"MUNICIPIUL SĂCELE",40438,1,PROV,PRCNCT,CJ,CJ_SV,"2020-09-28 00:00:39",1508,1495,2,11,0,575,564,0,11,0,557,18,1600,1025,16,116,87,190,4,21,5,8,84,4,14,8
8,BRAŞOV,"LICEUL GEORGE MOROIANU CORPUL C",227,"MUNICIPIUL SĂCELE",40438,1,PROV,PRCNCT,CJ,CJ_SV,"2020-09-28 01:25:44",1676,1659,2,15,0,759,744,0,15,0,723,36,1800,1041,17,115,296,188,5,28,3,3,53,1,7,7
8,BRAŞOV,"LICEUL TEHNOLOGIC MALAXA",286,"ORAŞ ZĂRNEŞTI",40492,3,PROV,PRCNCT,CJ,CJ_SV,"2020-09-29 13:08:53",1014,1000,2,11,1,389,377,0,11,1,361,28,1100,711,28,144,3,120,4,13,5,3,26,4,5,6
8,BRAŞOV,"LICEUL TEHNOLOGIC SILVIC ”DOCTOR NICOLAE RUCĂREANU”",99,"MUNICIPIUL BRAŞOV",40198,1,PROV,PRCNCT,CJ,CJ_SV,"2020-09-27 23:07:33",874,870,0,4,0,259,255,0,4,0,249,10,1000,741,6,37,15,88,2,11,4,2,75,0,5,4
8,BRAŞOV,"LICEUL TEHNOLOGIC SILVIC ”DOCTOR NICOLAE RUCĂREANU”",97,"MUNICIPIUL BRAŞOV",40198,2,PROV,PRCNCT,CJ,CJ_SV,"2020-09-29 16:24:15",1091,1081,3,7,0,370,363,0,7,0,348,22,1200,830,9,42,13,120,6,9,11,3,114,1,14,6
8,BRAŞOV,"LICEUL TEHNOLOGIC SILVIC ”DOCTOR NICOLAE RUCĂREANU”",98,"MUNICIPIUL BRAŞOV",40198,1,PROV,PRCNCT,CJ,CJ_SV,"2020-09-28 01:43:12",1380,1372,2,6,0,470,464,0,6,0,439,31,1500,1030,28,56,19,138,3,10,8,4,157,2,6,8
8,BRAŞOV,"LICEUL TEHNOLOGIC SILVIC ”DOCTOR NICOLAE RUCĂREANU”",100,"MUNICIPIUL BRAŞOV",40198,2,PROV,PRCNCT,CJ,CJ_SV,"2020-09-29 16:42:31",1455,1440,5,10,0,471,460,1,10,0,454,17,1600,1129,15,74,19,153,2,11,13,7,148,2,6,4
8,BRAŞOV,"LICEUL TEOLOGIC ORTODOX ”CONSTANTIN BRÂNCOVEANU”",217,"MUNICIPIUL FĂGĂRAŞ",40278,1,PROV,PRCNCT,CJ,CJ_SV,"2020-09-28 01:57:04",1842,1838,0,4,0,528,524,0,4,0,519,9,2000,1472,22,97,12,179,69,16,19,4,52,15,18,16
8,BRAŞOV,"LICEUL TEOLOGIC ORTODOX ” SF.. CONSTANTIN BRÂNCOVEANU”",220,"MUNICIPIUL FĂGĂRAŞ",40278,1,PROV,PRCNCT,CJ,CJ_SV,"2020-09-28 02:30:24",1701,1688,1,12,0,450,438,0,12,0,425,25,1800,1350,39,83,7,121,24,21,31,8,34,33,9,15
8,BRAŞOV,"LICEUL TEOLOGIC ORTODOX ” SF.. CONSTANTIN BRÂNCOVEANU” -GRĂDINIŢA CU PROGRAM NORMAL „MATEIAŞ BRÂNCOVEANU”,",221,"MUNICIPIUL FĂGĂRAŞ",40278,1,PROV,PRCNCT,CJ,CJ_SV,"2020-09-28 01:56:04",1102,1089,1,12,0,344,332,0,12,0,326,18,1200,856,21,61,9,78,42,8,14,2,30,47,4,10
8,BRAŞOV,"LICEUL TEORETIC",197,"MUNICIPIUL CODLEA",40241,1,PROV,PRCNCT,CJ,CJ_SV,"2020-09-28 00:54:49",1294,1279,4,11,0,482,471,0,11,0,446,36,1400,918,19,125,2,186,9,19,9,4,48,0,2,23
8,BRAŞOV,"LICEUL TEORETIC I.C. DRĂGUȘANU",270,"ORAŞ VICTORIA",40465,2,PROV,PRCNCT,CJ,CJ_SV,"2020-09-28 07:17:32",1634,1601,0,32,1,630,597,0,32,1,592,38,1700,1070,29,67,6,155,15,25,12,2,204,3,68,6
8,BRAŞOV,"LICEUL TEORETIC MIHAIL SAULESCU",248,"ORAŞ PREDEAL",40303,3,PROV,PRCNCT,CJ,CJ_SV,"2020-09-29 13:42:15",986,963,0,20,3,555,532,0,20,3,529,26,1090,535,30,129,3,214,4,12,10,3,43,4,69,8
8,BRAŞOV,"LICEUL TEORETIC MIHAIL SĂULESCU",249,"ORAŞ PREDEAL",40303,2,PROV,PRCNCT,CJ,CJ_SV,"2020-09-29 08:11:15",1127,1095,7,10,15,673,649,0,10,14,628,45,1200,527,55,165,0,175,7,6,15,9,45,10,128,13
8,BRAŞOV,"LICEUL TEORETIC M.I.MEŢIANU - CORP A",275,"ORAŞ ZĂRNEŞTI",40492,5,PROV,PRCNCT,CJ,CJ_SV,"2020-09-29 13:51:37",1332,1310,4,14,4,671,653,0,14,4,635,36,1500,829,52,273,2,223,0,13,12,1,41,5,8,5
8,BRAŞOV,"LICEUL TEORETIC M.I.MEŢIANU - CORP B",277,"ORAŞ ZĂRNEŞTI",40492,2,PROV,PRCNCT,CJ,CJ_SV,"2020-09-29 10:53:48",1614,1607,1,6,0,794,788,0,6,0,746,48,1700,906,122,324,3,221,4,13,21,1,27,4,3,3
8,BRAŞOV,"LICEUL TEORETIC M.I.MEŢIANU - CORP B",276,"ORAŞ ZĂRNEŞTI",40492,3,PROV,PRCNCT,CJ,CJ_SV,"2020-09-29 13:18:35",1384,1373,1,9,1,681,671,0,9,1,648,33,1500,819,53,277,4,224,1,22,17,3,30,3,7,7
8,BRAŞOV,"LICEUL TEORETIC PETRU RAREȘ FELDIOARA",336,FELDIOARA,40955,1,PROV,PRCNCT,CJ,CJ_SV,"2020-09-28 00:23:14",1327,1317,0,10,0,742,732,0,10,0,714,28,1400,658,53,110,17,389,10,67,4,3,37,3,14,7
8,BRAŞOV,"LICEUL TEORETIC PETRU RAREȘ FELDIOARA",337,FELDIOARA,40955,3,PROV,PRCNCT,CJ,CJ_SV,"2020-09-28 04:37:06",1214,1200,3,7,4,539,528,0,7,4,489,50,1300,761,33,96,5,293,2,27,10,2,12,0,1,8
8,BRAŞOV,"LICEU ZAJZONI RAB ISTVAN",226,"MUNICIPIUL SĂCELE",40438,1,PROV,PRCNCT,CJ,CJ_SV,"2020-09-28 01:21:07",1614,1598,1,14,1,597,582,0,14,1,549,48,1800,1203,13,83,187,142,4,20,8,2,65,2,16,7
8,BRAŞOV,"LOCAȚIA KREDENT",343,HĂLCHIU,41033,1,PROV,PRCNCT,CJ,CJ_SV,"2020-09-28 01:50:49",1509,1507,0,1,1,740,738,0,1,1,698,42,1600,860,96,130,14,251,85,12,13,5,80,3,6,3
8,BRAŞOV,"PRIMĂRIA BUNEŞTI",310,BUNEŞTI,40704,3,PROV,PRCNCT,CJ,CJ_SV,"2020-09-29 09:36:28",619,615,0,1,3,414,410,0,1,3,347,67,687,273,1,163,1,102,48,6,10,1,10,3,1,1
8,BRAŞOV,"PRIMĂRIA COMUNEI BRAN",302,BRAN,40633,3,PROV,PRCNCT,CJ,CJ_SV,"2020-09-29 08:25:31",803,793,1,9,0,453,444,0,9,0,423,30,900,447,14,60,1,290,4,5,6,0,32,4,3,4
8,BRAŞOV,"PRIMĂRIA COMUNEI BUDILA",309,BUDILA,40688,1,PROV,PRCNCT,CJ,CJ_SV,"2020-09-28 02:04:12",994,948,0,31,15,710,664,0,31,15,501,209,1100,390,33,75,56,236,7,24,7,0,25,34,4,0
8,BRAŞOV,"PRIMĂRIA COMUNEI DUMBRĂVIŢA",332,DUMBRĂVIŢA,40928,1,PROV,PRCNCT,CJ,CJ_SV,"2020-09-28 05:41:21",1605,1599,0,3,3,872,866,0,3,3,786,86,1700,828,56,180,5,239,7,62,41,2,172,7,8,7
8,BRAŞOV,"PRIMĂRIA COMUNEI MOIECIU",379,MOIECIU,41471,1,PROV,PRCNCT,CJ,CJ_SV,"2020-09-28 02:20:25",1267,1234,0,8,25,852,819,0,8,25,802,50,1300,448,39,157,0,512,5,19,13,4,48,4,1,0
8,BRAŞOV,"PRIMĂRIA COMUNEI MOIECIU",378,MOIECIU,41471,1,PROV,PRCNCT,CJ,CJ_SV,"2020-09-28 03:04:33",1108,1083,1,8,16,688,664,0,8,16,638,50,1100,412,35,122,0,414,2,23,3,2,33,0,1,3
8,BRAŞOV,"PRIMĂRIA COMUNEI RACOS",398,RACOŞ,41701,2,PROV,PRCNCT,CJ,CJ_SV,"2020-09-28 13:33:53",1017,1010,1,6,0,648,641,1,6,0,547,101,1100,452,39,42,329,97,2,12,3,3,8,6,5,1
8,BRAŞOV,"PRIMĂRIA COMUNEI ȘOARȘ",419,ŞOARŞ,41943,1,PROV,PRCNCT,CJ,CJ_SV,"2020-09-28 01:42:23",509,497,0,11,1,310,298,0,11,1,256,54,500,190,22,77,4,115,3,4,3,0,17,3,7,1
8,BRAŞOV,"PRIMĂRIA DRĂGUŞ",331,DRĂGUŞ,42480,3,PROV,PRCNCT,CJ,CJ_SV,"2020-09-28 14:18:40",1032,911,3,56,62,706,589,0,56,61,617,89,1000,294,40,83,1,346,10,56,3,11,44,4,5,14
8,BRAŞOV,"PRIMĂRIA GHIMBAV",243,"ORAŞ GHIMBAV",40214,1,PROV,PRCNCT,CJ,CJ_SV,"2020-09-28 02:58:49",1571,1554,2,10,5,651,635,1,10,5,615,36,1700,1049,33,121,10,289,10,26,5,1,67,0,8,45
8,BRAŞOV,"PRIMARIA VICTORIA",269,"ORAŞ VICTORIA",40465,1,PROV,PRCNCT,CJ,CJ_SV,"2020-09-28 04:25:05",1272,1249,1,22,0,577,555,0,22,0,544,33,1400,823,14,82,8,154,10,42,8,5,173,6,38,4
8,BRAŞOV,PRIMĂRIE,415,ŞINCA,41854,2,PROV,PRCNCT,CJ,CJ_SV,"2020-09-29 13:34:36",724,707,0,17,0,435,418,0,17,0,406,29,800,365,6,60,4,151,0,111,8,1,29,2,33,1
8,BRAŞOV,"SALA DE SPORT",230,"MUNICIPIUL SĂCELE",40438,2,PROV,PRCNCT,CJ,CJ_SV,"2020-09-28 16:51:30",1396,1386,2,8,0,574,566,0,8,0,551,23,1500,926,28,191,34,175,4,24,6,3,47,2,30,7
8,BRAŞOV,"SALA DE SPORT",246,"ORAŞ GHIMBAV",40214,1,PROV,PRCNCT,CJ,CJ_SV,"2020-09-28 05:47:07",1565,1529,12,24,0,806,782,0,24,0,774,32,1600,794,47,61,5,367,8,12,5,7,223,0,4,35
8,BRAŞOV,"SALA DE SPORT",229,"MUNICIPIUL SĂCELE",40438,2,PROV,PRCNCT,CJ,CJ_SV,"2020-09-28 16:42:55",1498,1488,2,7,1,580,572,0,7,1,540,40,1600,1020,18,167,35,195,1,38,7,5,42,3,26,3
8,BRAŞOV,"SC CO MSM CONSTRUCT SRL",283,"ORAŞ ZĂRNEŞTI",40492,2,PROV,PRCNCT,CJ,CJ_SV,"2020-09-28 09:04:45",1329,1310,2,9,8,635,618,0,9,8,608,27,1400,765,26,276,3,207,4,9,9,7,50,2,2,13
8,BRAŞOV,"ŞCOALA DE ARTE SI MESERII",199,"MUNICIPIUL CODLEA",40241,3,PROV,PRCNCT,CJ,CJ_SV,"2020-09-29 11:41:10",1471,1459,0,12,0,529,517,0,12,0,452,77,1600,1071,28,206,3,109,11,18,24,5,18,5,12,13
8,BRAŞOV,"ŞCOALA DE ARTE SI MESERII",198,"MUNICIPIUL CODLEA",40241,1,PROV,PRCNCT,CJ,CJ_SV,"2020-09-28 01:48:56",1049,1023,12,14,0,449,435,0,14,0,425,24,1203,754,23,128,9,160,9,10,18,7,31,1,5,24
8,BRAŞOV,"SCOALA GENERALA",402,"SÂMBĂTA DE SUS",42464,2,PROV,PRCNCT,CJ,CJ_SV,"2020-09-29 14:33:13",1365,1292,0,45,28,956,883,0,45,28,894,62,1400,444,40,226,1,486,4,38,24,0,25,8,17,25
8,BRAŞOV,"ȘCOALĂ GENERALĂ",410,ŞINCA,41854,1,PROV,PRCNCT,CJ,CJ_SV,"2020-09-27 23:47:03",192,182,0,10,0,109,99,0,10,0,96,13,200,91,2,19,0,30,0,30,0,1,1,9,4,0
8,BRAŞOV,"ȘCOALĂ GENERALĂ",417,"ŞINCA NOUĂ",42449,1,PROV,PRCNCT,CJ,CJ_SV,"2020-09-27 23:07:15",209,197,0,12,0,124,112,0,12,0,116,8,200,76,6,32,1,56,0,3,1,1,9,0,6,1
8,BRAŞOV,"ȘCOALA GENERALĂ BĂRCUT",421,ŞOARŞ,41943,1,PROV,PRCNCT,CJ,CJ_SV,"2020-09-28 00:20:00",361,347,3,9,2,201,189,1,9,2,183,18,400,199,7,50,1,112,1,3,1,1,3,4,0,0
8,BRAŞOV,"SCOALA GENERALA BECLEAN",293,BECLEAN,40544,2,PROV,PRCNCT,CJ,CJ_SV,"2020-09-28 13:05:51",759,685,1,62,11,405,331,1,62,11,378,27,699,294,43,94,0,200,0,12,2,0,18,3,5,1
8,BRAŞOV,"ŞCOALA GENERALĂ BEIA",316,CAŢA,40768,1,PROV,PRCNCT,CJ,CJ_SV,"2020-09-27 23:21:23",345,317,0,22,6,218,190,0,22,6,181,37,350,132,3,22,1,147,2,0,1,0,1,3,1,0
8,BRAŞOV,"SCOALA GENERALA „BETHLEN SAMUEL”",397,RACOŞ,41701,2,PROV,PRCNCT,CJ,CJ_SV,"2020-09-28 13:34:56",1127,1119,0,8,0,694,686,0,8,0,341,353,1200,506,24,63,125,54,2,28,4,3,1,31,4,2
8,BRAŞOV,"SCOALA GENERALA CALBOR",296,BECLEAN,40544,2,PROV,PRCNCT,CJ,CJ_SV,"2020-09-28 03:22:04",234,193,0,39,2,172,131,0,39,2,156,16,200,28,3,24,0,89,2,3,0,2,30,0,2,1
8,BRAŞOV,"SCOALA GENERALA CARPINIS",430,TĂRLUNGENI,42003,1,PROV,PRCNCT,CJ,CJ_SV,"2020-09-28 00:54:58",422,415,0,7,0,192,185,0,7,0,183,9,500,308,13,37,10,75,0,8,4,1,29,2,2,2
8,BRAŞOV,"ȘCOALA GENERALĂ COLONIA BOD",301,BOD,40606,2,PROV,PRCNCT,CJ,CJ_SV,"2020-09-29 09:48:37",545,519,0,21,5,545,519,0,21,5,491,54,1100,555,26,65,38,155,5,25,22,12,120,2,13,8
8,BRAŞOV,"SCOALA GENERALA, CORP B",328,CRISTIAN,40900,1,PROV,PRCNCT,CJ,CJ_SV,"2020-09-28 06:09:57",1727,1704,0,15,8,990,967,0,15,8,958,32,1800,778,34,127,8,536,16,27,37,4,124,4,23,18
8,BRAŞOV,"ŞCOALA GENERALĂ DACIA",365,JIBERT,41284,2,PROV,PRCNCT,CJ,CJ_SV,"2020-09-28 16:58:18",623,614,1,8,0,319,311,0,8,0,268,51,700,381,25,105,5,114,11,2,0,0,2,0,2,2
8,BRAŞOV,"ȘCOALA GENERALĂ FELMER",420,ŞOARŞ,41943,1,PROV,PRCNCT,CJ,CJ_SV,"2020-09-28 01:44:21",263,252,0,11,0,263,252,0,11,0,196,67,400,137,7,76,2,83,4,1,0,0,20,1,1,1
8,BRAŞOV,"ŞCOALA GENERALĂ FUNDATA",340,FUNDATA,40991,1,PROV,PRCNCT,CJ,CJ_SV,"2020-09-28 01:05:32",537,452,0,57,28,427,342,0,57,28,404,23,490,63,19,70,7,240,2,6,39,2,16,0,1,2
8,BRAŞOV,"ŞCOALA GENERALĂ GHIMBAV CLASELE I-IV",245,"ORAŞ GHIMBAV",40214,1,PROV,PRCNCT,CJ,CJ_SV,"2020-09-28 00:53:29",1533,1515,0,11,7,670,652,0,11,7,635,35,1700,1030,30,110,11,270,5,23,9,7,117,8,4,41
8,BRAŞOV,"ŞCOALA GENERALĂ GHIMBAV CLASELE V-VIII",244,"ORAŞ GHIMBAV",40214,1,PROV,PRCNCT,CJ,CJ_SV,"2020-09-28 02:40:14",1396,1372,12,9,3,630,617,1,9,3,609,21,1500,870,50,80,19,252,14,24,5,7,91,3,5,59
8,BRAŞOV,"ŞCOALA GENERALĂ GRÎNARI",367,JIBERT,41284,2,PROV,PRCNCT,CJ,CJ_SV,"2020-09-28 02:16:00",296,285,2,7,2,154,145,0,7,2,145,9,300,146,13,7,85,35,2,0,0,1,2,0,0,0
8,BRAŞOV,"ŞCOALA GENERALA I",264,"ORAŞ RUPEA",40394,1,PROV,PRCNCT,CJ,CJ_SV,"2020-09-28 03:39:45",1108,1092,0,14,2,535,519,0,14,2,491,44,1200,665,51,102,50,174,33,15,7,2,49,2,3,3
8,BRAŞOV,"SCOALA GENERALA II",266,"ORAŞ RUPEA",40394,1,PROV,PRCNCT,CJ,CJ_SV,"2020-09-28 03:51:22",1562,1546,1,14,1,798,782,1,14,1,696,102,1700,902,28,154,64,256,50,12,8,4,107,5,2,6
8,BRAŞOV,"ŞCOALA GENERALĂ JIBERT",364,JIBERT,41284,2,PROV,PRCNCT,CJ,CJ_SV,"2020-09-28 15:57:29",664,639,0,22,3,314,289,0,22,3,253,61,700,386,79,48,2,101,16,2,0,1,3,1,0,0
8,BRAŞOV,"ŞCOALA GENERALĂ LOVNIC",366,JIBERT,41284,2,PROV,PRCNCT,CJ,CJ_SV,"2020-09-28 15:44:45",481,446,0,32,3,222,187,0,32,3,188,34,450,228,45,24,2,94,11,3,2,2,2,2,0,1
8,BRAŞOV,"SCOALA GENERALA MÂNDRA",373,MÂNDRA,41417,1,PROV,PRCNCT,CJ,CJ_SV,"2020-09-28 03:52:21",972,928,0,27,17,550,506,0,27,17,501,49,1000,450,22,238,2,131,11,23,7,7,24,5,25,6
8,BRAŞOV,"ŞCOALA GENERALA NR.1",191,"MUNICIPIUL CODLEA",40241,1,PROV,PRCNCT,CJ,CJ_SV,"2020-09-28 00:29:43",1350,1335,1,13,1,442,428,0,13,1,419,23,1500,1058,18,112,7,164,12,9,17,4,42,3,5,26
8,BRAŞOV,"ȘCOALĂ GENERALĂ NR. 11 ȘTEFAN OCTAVIAN IOSIF",59,"MUNICIPIUL BRAŞOV",40198,2,PROV,PRCNCT,CJ,CJ_SV,"2020-09-28 12:38:55",992,978,1,13,0,364,351,0,13,0,342,3,1100,736,16,43,15,115,7,8,9,4,116,0,3,6
8,BRAŞOV,"ȘCOALĂ GENERALĂ NR. 11 ȘTEFAN OCTAVIAN IOSIF",58,"MUNICIPIUL BRAŞOV",40198,1,PROV,PRCNCT,CJ,CJ_SV,"2020-09-28 00:11:44",1380,1371,2,7,0,391,384,0,7,0,374,17,1500,1109,16,58,20,122,9,11,17,4,105,1,4,7
8,BRAŞOV,"ȘCOALA GENERALĂ NR. 1 RÂȘNOV",253,"ORAŞ RÂŞNOV",40367,1,PROV,PRCNCT,CJ,CJ_SV,"2020-09-28 03:34:18",1558,1548,2,7,1,610,602,0,7,1,583,27,1700,1090,25,75,3,325,7,8,11,4,114,1,2,8
8,BRAŞOV,"ȘCOALA GENERALĂ NR. 1 RÂȘNOV",254,"ORAŞ RÂŞNOV",40367,1,PROV,PRCNCT,CJ,CJ_SV,"2020-09-28 01:57:14",1312,1292,14,6,0,548,540,2,6,0,478,70,1400,852,52,125,4,214,9,7,7,5,44,7,0,4
8,BRAŞOV,"ŞCOALA GENERALA NR.2",187,"MUNICIPIUL CODLEA",40241,1,PROV,PRCNCT,CJ,CJ_SV,"2020-09-28 02:11:23",1102,1074,1,9,18,416,390,0,9,17,396,20,1200,784,21,99,13,144,9,12,14,3,48,4,1,28
8,BRAŞOV,"ȘCOALA GENERALĂ NR. 2 RÂȘNOV",258,"ORAŞ RÂŞNOV",40367,1,PROV,PRCNCT,CJ,CJ_SV,"2020-09-28 02:14:24",1638,1632,1,5,0,538,533,0,5,0,508,30,1800,1262,16,64,3,277,8,7,11,5,104,1,5,7
8,BRAŞOV,"ȘCOALA GENERALĂ NR. 2 RÂȘNOV",260,"ORAŞ RÂŞNOV",40367,2,PROV,PRCNCT,CJ,CJ_SV,"2020-09-29 15:08:22",1227,1221,0,4,2,479,473,0,4,2,452,27,1400,921,9,62,4,247,11,8,11,5,83,1,2,9
8,BRAŞOV,"ȘCOALA GENERALĂ NR. 2 RÂȘNOV",259,"ORAŞ RÂŞNOV",40367,3,PROV,PRCNCT,CJ,CJ_SV,"2020-09-29 13:37:54",1417,1406,2,9,0,535,526,0,9,0,508,18,1600,1065,12,60,5,281,10,6,12,6,103,0,1,12
8,BRAŞOV,"ŞCOALA GENERALA NR. 3",194,"MUNICIPIUL CODLEA",40241,1,PROV,PRCNCT,CJ,CJ_SV,"2020-09-28 00:02:29",950,944,0,6,0,334,328,0,6,0,321,13,1000,666,19,87,6,125,2,5,15,4,34,0,4,20
8,BRAŞOV,"ŞCOALA GENERALA NR. 3",195,"MUNICIPIUL CODLEA",40241,1,PROV,PRCNCT,CJ,CJ_SV,"2020-09-27 23:43:04",1398,1386,2,10,0,467,457,0,10,0,446,21,1500,1033,15,135,3,159,9,20,16,2,63,0,3,21
8,BRAŞOV,"ŞCOALA GENERALA NR. 3",196,"MUNICIPIUL CODLEA",40241,2,PROV,PRCNCT,CJ,CJ_SV,"2020-09-28 16:57:59",1013,1008,0,5,0,357,352,0,5,0,338,19,1100,743,15,96,2,137,3,6,13,2,39,1,8,16
8,BRAŞOV,"ȘCOALA GENERALĂ NR. 3 RÂȘNOV",255,"ORAŞ RÂŞNOV",40367,1,PROV,PRCNCT,CJ,CJ_SV,"2020-09-28 03:32:23",1286,1273,2,9,2,535,524,0,9,2,504,31,1400,865,16,71,5,306,5,5,9,5,69,3,3,7
8,BRAŞOV,"ȘCOALA GENERALĂ NR. 3 RÂȘNOV",256,"ORAŞ RÂŞNOV",40367,2,PROV,PRCNCT,CJ,CJ_SV,"2020-09-28 05:08:52",1646,1638,0,6,2,605,597,0,6,2,579,26,1700,1095,37,70,2,308,5,9,16,3,121,2,3,3
8,BRAŞOV,"ȘCOALĂ GENERALĂ NR. 9",89,"MUNICIPIUL BRAŞOV",40198,2,PROV,PRCNCT,CJ,CJ_SV,"2020-09-29 16:32:12",1467,1455,3,9,0,436,427,0,9,0,407,29,1600,1164,15,60,9,144,8,17,16,5,117,2,9,5
8,BRAŞOV,"ŞCOALA GENERALĂ OLTEŢ",447,VIŞTEA,42236,3,PROV,PRCNCT,CJ,CJ_SV,"2020-09-28 01:54:51",319,294,0,20,5,156,131,0,20,5,142,14,300,144,5,16,2,81,2,14,1,1,14,2,4,0
8,BRAŞOV,"ŞCOALA GENERALĂ PALOŞ",319,CAŢA,40768,2,PROV,PRCNCT,CJ,CJ_SV,"2020-09-28 00:48:49",244,191,0,48,5,173,120,0,48,5,143,30,200,27,5,14,1,115,1,2,0,0,3,1,0,1
8,BRAŞOV,"ŞCOALA GENERALĂ PREDELUŢ",304,BRAN,40633,2,PROV,PRCNCT,CJ,CJ_SV,"2020-09-28 17:09:19",904,893,5,6,0,497,491,0,6,0,467,30,1000,503,18,87,0,282,5,11,5,5,48,1,2,3
8,BRAŞOV,"SCOALA GENERALA PURCARENI",427,TĂRLUNGENI,42003,6,PROV,PRCNCT,CJ,CJ_SV,"2020-09-29 09:31:30",1228,1220,0,8,0,605,597,0,8,0,571,34,1300,695,17,62,163,227,8,12,8,5,54,7,4,4
8,BRAŞOV,"ȘCOALA GENERALĂ RODBAV",422,ŞOARŞ,41943,2,PROV,PRCNCT,CJ,CJ_SV,"2020-09-28 02:43:41",270,260,1,8,1,167,158,0,8,1,149,18,300,133,3,61,1,62,4,1,3,0,13,1,0,0
8,BRAŞOV,"ŞCOALA GENERALĂ SAT VLĂDENI",334,DUMBRĂVIŢA,40928,1,PROV,PRCNCT,CJ,CJ_SV,"2020-09-28 04:04:55",735,721,1,12,1,375,362,0,12,1,341,34,800,425,68,46,7,124,1,40,14,3,31,2,3,2
8,BRAŞOV,"ŞCOALA GENERALĂ ŞIRNEA",341,FUNDATA,40991,1,PROV,PRCNCT,CJ,CJ_SV,"2020-09-28 01:06:19",261,199,1,59,2,201,140,0,59,2,192,9,210,9,7,21,0,145,2,1,2,2,12,0,0,0
8,BRAŞOV,"ȘCOALĂ GENERALĂ TELIU",431,TELIU,42058,2,PROV,PRCNCT,CJ,CJ_SV,"2020-09-29 19:12:14",1387,1376,0,11,0,845,834,0,11,0,763,82,1500,655,14,638,25,31,3,9,22,2,3,16,0,0
8,BRAŞOV,"ȘCOALĂ GENERALĂ TELIU VALE",433,TELIU,42058,2,PROV,PRCNCT,CJ,CJ_SV,"2020-09-29 14:55:47",811,795,1,9,6,503,488,0,9,6,460,43,900,397,24,59,1,213,3,51,92,3,7,1,6,0
8,BRAŞOV,"ȘCOALA GENERALĂ TOARCLA",321,CINCU,40820,1,PROV,PRCNCT,CJ,CJ_SV,"2020-09-27 23:54:49",292,273,0,8,11,180,161,0,8,11,154,26,300,120,7,22,0,53,20,7,9,0,1,20,15,0
8,BRAŞOV,"ŞCOALA GENERALĂ UNGRA",440,UNGRA,42156,2,PROV,PRCNCT,CJ,CJ_SV,"2020-09-29 11:27:09",1131,1116,2,10,3,732,719,0,10,3,532,197,1200,468,32,81,1,179,9,82,61,1,26,26,24,10
8,BRAŞOV,"ŞCOALA GENERALĂ VĂLENI",368,JIBERT,41284,3,PROV,PRCNCT,CJ,CJ_SV,"2020-09-28 16:06:13",144,138,0,6,0,84,78,0,6,0,69,15,150,66,20,13,1,28,2,1,1,0,2,1,0,0
8,BRAŞOV,"SCOALA GENERALA ZIZIN",428,TĂRLUNGENI,42003,1,PROV,PRCNCT,CJ,CJ_SV,"2020-09-28 08:11:47",1059,1046,0,11,2,698,685,0,11,2,586,112,1100,402,49,65,113,99,1,107,105,2,36,6,1,2
8,BRAŞOV,"SCOALA GENERALA ZIZIN",429,TĂRLUNGENI,42003,1,PROV,PRCNCT,CJ,CJ_SV,"2020-09-28 06:08:16",1158,1148,0,8,2,821,811,0,8,2,683,138,1300,479,46,77,120,122,1,136,137,0,32,8,2,2
8,BRAŞOV,"ȘCOALA GIMNAZIALĂ ”ARON PUMNU” CUCIULATA",356,HOGHIZ,41177,2,PROV,PRCNCT,CJ,CJ_SV,"2020-09-29 11:55:19",1149,1139,0,10,0,599,589,0,10,0,515,84,1260,661,63,226,7,118,1,5,4,2,13,2,73,1
8,BRAŞOV,"ȘCOALA GIMNAZIALĂ BOD SAT",298,BOD,40606,3,PROV,PRCNCT,CJ,CJ_SV,"2020-09-29 08:55:24",1300,1285,3,11,1,622,610,0,11,1,578,44,1400,778,52,84,9,234,4,13,49,5,118,3,4,3
8,BRAŞOV,"ȘCOALA GIMNAZIALĂ BUDILA",308,BUDILA,40688,2,PROV,PRCNCT,CJ,CJ_SV,"2020-09-28 15:28:32",1145,1115,4,13,13,639,613,1,13,12,570,68,1200,561,20,83,172,88,5,53,15,4,109,7,9,5
8,BRAŞOV,"SCOALA GIMNAZIALA HARMAN",347,HĂRMAN,41088,3,PROV,PRCNCT,CJ,CJ_SV,"2020-09-28 15:03:40",1677,1669,0,7,1,767,759,0,7,1,706,28,1800,1030,40,91,13,272,13,119,16,5,124,5,8,0
8,BRAŞOV,"SCOALA GIMNAZIALA HARMAN",346,HĂRMAN,41088,1,PROV,PRCNCT,CJ,CJ_SV,"2020-09-28 03:28:21",1758,1747,0,5,6,789,778,0,5,6,747,42,1900,1111,38,91,14,248,15,143,11,0,163,1,11,12
8,BRAŞOV,"SCOALA GIMNAZIALA HARMAN",348,HĂRMAN,41088,1,PROV,PRCNCT,CJ,CJ_SV,"2020-09-28 03:23:06",1604,1577,22,5,0,745,739,1,5,0,708,37,1700,955,44,81,5,297,13,116,8,6,115,4,10,9
8,BRAŞOV,"SCOALA GIMNAZIALA LUNCA CALNICULUI COLONIE",395,PREJMER,41667,2,PROV,PRCNCT,CJ,CJ_SV,"2020-09-29 10:16:46",1330,1312,4,12,2,583,569,0,12,2,543,40,1500,917,41,65,5,234,4,99,13,4,28,2,45,3
8,BRAŞOV,"SCOALA GIMNAZIALA LUNCA CALNICULUI SAT",394,PREJMER,41667,3,PROV,PRCNCT,CJ,CJ_SV,"2020-09-28 12:47:05",1309,1292,0,10,7,639,622,0,10,7,599,40,1400,761,59,79,1,301,5,62,9,7,41,4,25,6
8,BRAŞOV,"ŞCOALA GIMNAZIALĂ MĂGURA",382,MOIECIU,41471,2,PROV,PRCNCT,CJ,CJ_SV,"2020-09-28 03:32:49",423,412,2,9,0,298,288,1,9,0,263,35,500,202,6,48,0,179,3,11,3,0,11,1,0,1
8,BRAŞOV,"ŞCOALA GIMNAZIALĂ MOIECIU DE SUS",380,MOIECIU,41471,1,PROV,PRCNCT,CJ,CJ_SV,"2020-09-28 02:42:51",784,770,2,10,2,488,476,0,10,2,453,26,895,416,25,114,3,244,0,7,0,4,55,1,0,0
8,BRAŞOV,"ŞCOALA GIMNAZIALĂ NR. 1",127,"MUNICIPIUL BRAŞOV",40198,2,PROV,PRCNCT,CJ,CJ_SV,"2020-09-29 16:10:50",1630,1617,2,10,1,582,571,0,10,1,552,28,1800,20,11,72,28,192,10,20,7,3,190,2,9,8
8,BRAŞOV,"ŞCOALA GIMNAZIALĂ NR. 1",126,"MUNICIPIUL BRAŞOV",40198,2,PROV,PRCNCT,CJ,CJ_SV,"2020-09-28 03:34:36",1319,1309,2,8,0,467,459,0,8,0,439,28,1400,933,12,79,19,152,7,15,11,1,128,3,2,10
8,BRAŞOV,"ŞCOALA GIMNAZIALĂ NR. 1",125,"MUNICIPIUL BRAŞOV",40198,1,PROV,PRCNCT,CJ,CJ_SV,"2020-09-28 00:01:21",1381,1375,3,3,0,447,443,1,3,0,409,38,1500,1053,14,58,13,143,6,17,10,3,132,5,4,4
8,BRAŞOV,"ŞCOALA GIMNAZIALĂ NR. 1",131,"MUNICIPIUL BRAŞOV",40198,1,PROV,PRCNCT,CJ,CJ_SV,"2020-09-28 00:48:20",1560,1551,0,9,0,494,485,0,9,0,468,26,1700,1206,17,73,16,163,8,17,11,2,152,3,2,4
8,BRAŞOV,"ŞCOALA GIMNAZIALĂ NR. 1",128,"MUNICIPIUL BRAŞOV",40198,2,PROV,PRCNCT,CJ,CJ_SV,"2020-09-29 17:05:22",1464,1450,6,8,0,417,409,0,8,0,388,29,1600,1183,24,73,11,126,5,15,11,2,108,1,11,1
8,BRAŞOV,"ŞCOALA GIMNAZIALĂ NR. 1",124,"MUNICIPIUL BRAŞOV",40198,1,PROV,PRCNCT,CJ,CJ_SV,"2020-09-28 03:11:51",1446,1435,2,9,0,509,500,0,9,0,472,9,1600,1091,24,81,22,145,6,12,13,6,144,2,6,11
8,BRAŞOV,"ŞCOALA GIMNAZIALĂ NR. 1",130,"MUNICIPIUL BRAŞOV",40198,1,PROV,PRCNCT,CJ,CJ_SV,"2020-09-28 01:50:13",1047,1033,1,13,0,309,296,0,13,0,282,27,1100,791,8,53,11,83,8,16,9,1,84,2,4,3
8,BRAŞOV,"ŞCOALA GIMNAZIALĂ NR. 1",129,"MUNICIPIUL BRAŞOV",40198,2,PROV,PRCNCT,CJ,CJ_SV,"2020-09-29 16:44:48",934,927,2,5,0,275,270,0,5,0,262,13,1000,725,13,37,13,88,1,11,3,1,87,0,4,4
8,BRAŞOV,"ŞCOALA GIMNAZIALĂ NR. 11",60,"MUNICIPIUL BRAŞOV",40198,2,PROV,PRCNCT,CJ,CJ_SV,"2020-09-28 04:28:56",1212,1202,1,9,0,427,418,0,9,0,400,18,1300,882,22,57,10,130,11,10,7,2,133,1,14,3
8,BRAŞOV,"ŞCOALA GIMNAZIALĂ NR. 11",61,"MUNICIPIUL BRAŞOV",40198,1,PROV,PRCNCT,CJ,CJ_SV,"2020-09-28 00:48:41",1329,1317,1,11,0,475,464,0,11,0,449,26,1500,1025,17,75,15,159,6,9,10,8,134,2,10,4
8,BRAŞOV,"ŞCOALA GIMNAZIALĂ NR. 11",62,"MUNICIPIUL BRAŞOV",40198,2,PROV,PRCNCT,CJ,CJ_SV,"2020-09-29 16:30:33",1205,1199,1,5,0,440,435,0,5,0,406,34,1300,860,8,73,9,149,8,16,7,2,117,4,9,4
8,BRAŞOV,"ŞCOALA GIMNAZIALĂ NR. 11",63,"MUNICIPIUL BRAŞOV",40198,2,PROV,PRCNCT,CJ,CJ_SV,"2020-09-29 17:31:12",1260,1248,2,10,0,415,405,0,10,0,407,8,1400,985,11,47,21,153,3,10,13,3,134,1,8,3
8,BRAŞOV,"ŞCOALA GIMNAZIALĂ NR. 11",64,"MUNICIPIUL BRAŞOV",40198,2,PROV,PRCNCT,CJ,CJ_SV,"2020-09-29 17:49:31",1570,1563,0,7,0,573,566,0,7,0,545,28,1700,1127,17,71,21,215,11,21,23,6,134,5,9,12
8,BRAŞOV,"ŞCOALA GIMNAZIALĂ NR. 11",65,"MUNICIPIUL BRAŞOV",40198,4,PROV,PRCNCT,CJ,CJ_SV,"2020-09-29 17:53:45",1507,1499,1,7,0,506,499,0,7,0,480,26,1700,1194,14,59,23,189,10,15,14,6,127,4,11,8
8,BRAŞOV,"ŞCOALA GIMNAZIALĂ NR. 11 „ST.O.IOSIF”",57,"MUNICIPIUL BRAŞOV",40198,1,PROV,PRCNCT,CJ,CJ_SV,"2020-09-28 00:10:54",1364,1355,1,8,0,422,414,0,8,0,399,23,1500,1078,21,62,15,146,5,12,9,3,113,2,5,6
8,BRAŞOV,"ŞCOALA GIMNAZIALĂ NR. 11 „ST.O.IOSIF”",55,"MUNICIPIUL BRAŞOV",40198,1,PROV,PRCNCT,CJ,CJ_SV,"2020-09-27 23:44:47",915,910,0,4,1,209,204,0,4,1,200,9,1000,791,15,37,4,71,1,5,4,1,55,0,2,5
8,BRAŞOV,"ŞCOALA GIMNAZIALĂ NR. 11 „ST.O.IOSIF”",52,"MUNICIPIUL BRAŞOV",40198,1,PROV,PRCNCT,CJ,CJ_SV,"2020-09-28 00:54:35",1189,1175,3,11,0,431,420,0,11,0,413,18,1300,869,9,61,38,150,6,15,13,2,105,1,5,8
8,BRAŞOV,"ŞCOALA GIMNAZIALĂ NR. 11 „ST.O.IOSIF”",53,"MUNICIPIUL BRAŞOV",40198,3,PROV,PRCNCT,CJ,CJ_SV,"2020-09-29 16:25:29",1482,1472,3,7,0,509,502,0,7,0,494,15,1600,1091,17,74,7,167,8,20,12,3,173,3,6,4
8,BRAŞOV,"ŞCOALA GIMNAZIALĂ NR. 11 „ST.O.IOSIF”",54,"MUNICIPIUL BRAŞOV",40198,2,PROV,PRCNCT,CJ,CJ_SV,"2020-09-29 16:42:24",1076,1068,0,8,0,321,313,0,8,0,310,11,1200,879,21,49,7,106,4,7,5,4,100,2,2,3
8,BRAŞOV,"ŞCOALA GIMNAZIALĂ NR. 11 „ST.O.IOSIF”",56,"MUNICIPIUL BRAŞOV",40198,2,PROV,PRCNCT,CJ,CJ_SV,"2020-09-29 17:43:39",1403,1399,0,4,0,405,401,0,4,0,379,26,1500,1095,12,61,16,132,7,12,12,5,108,3,4,7
8,BRAŞOV,"ŞCOALA GIMNAZIALĂ NR. 12",29,"MUNICIPIUL BRAŞOV",40198,2,PROV,PRCNCT,CJ,CJ_SV,"2020-09-29 14:41:17",1471,1452,10,9,0,488,479,0,9,0,478,10,1600,1112,25,48,20,165,7,15,9,2,173,2,5,7
8,BRAŞOV,"ŞCOALA GIMNAZIALĂ NR. 12",28,"MUNICIPIUL BRAŞOV",40198,2,PROV,PRCNCT,CJ,CJ_SV,"2020-09-29 17:32:50",1636,1598,25,12,1,561,547,1,12,1,542,18,1800,1239,27,53,46,182,28,10,12,1,169,2,7,5
8,BRAŞOV,"ŞCOALA GIMNAZIALĂ NR. 13",160,"MUNICIPIUL BRAŞOV",40198,1,PROV,PRCNCT,CJ,CJ_SV,"2020-09-28 00:51:53",1262,1243,9,10,0,460,450,0,10,0,439,12,1400,949,25,59,17,172,14,10,11,5,114,4,2,6
8,BRAŞOV,"ŞCOALA GIMNAZIALĂ NR. 13",161,"MUNICIPIUL BRAŞOV",40198,2,PROV,PRCNCT,CJ,CJ_SV,"2020-09-29 16:26:57",1544,1533,0,9,2,516,505,0,9,2,482,34,1700,1184,18,72,15,149,13,26,21,4,146,1,5,12
8,BRAŞOV,"ŞCOALA GIMNAZIALĂ NR. 13",162,"MUNICIPIUL BRAŞOV",40198,1,PROV,PRCNCT,CJ,CJ_SV,"2020-09-28 01:41:56",1525,1508,2,14,1,538,523,0,14,1,491,32,1700,1170,15,70,12,198,7,18,17,1,136,2,8,7
8,BRAŞOV,"ŞCOALA GIMNAZIALĂ NR. 13",163,"MUNICIPIUL BRAŞOV",40198,1,PROV,PRCNCT,CJ,CJ_SV,"2020-09-28 02:50:33",1607,1597,0,10,0,531,521,0,10,0,512,19,1800,1269,10,78,12,184,6,14,16,6,173,1,6,6
8,BRAŞOV,"ŞCOALA GIMNAZIALĂ NR. 13",159,"MUNICIPIUL BRAŞOV",40198,1,PROV,PRCNCT,CJ,CJ_SV,"2020-09-28 05:26:18",1879,1840,17,19,3,670,648,0,19,3,643,9,2000,1348,21,60,13,217,13,25,19,2,247,3,11,12
8,BRAŞOV,"ŞCOALA GIMNAZIALĂ NR. 14",140,"MUNICIPIUL BRAŞOV",40198,1,PROV,PRCNCT,CJ,CJ_SV,"2020-09-28 02:16:21",1621,1617,2,2,0,566,564,0,2,0,540,26,1800,1234,15,70,32,238,7,18,10,7,139,1,2,1
8,BRAŞOV,"ŞCOALA GIMNAZIALĂ NR. 14",143,"MUNICIPIUL BRAŞOV",40198,2,PROV,PRCNCT,CJ,CJ_SV,"2020-09-29 17:52:29",1664,1653,4,7,0,535,528,0,7,0,511,24,1800,1263,25,67,6,236,5,15,12,3,129,1,2,10
8,BRAŞOV,"ŞCOALA GIMNAZIALĂ NR. 14",148,"MUNICIPIUL BRAŞOV",40198,2,PROV,PRCNCT,CJ,CJ_SV,"2020-09-29 16:38:20",1322,1311,2,9,0,418,409,0,9,0,398,20,1399,981,6,47,19,181,1,14,11,3,105,0,2,9
8,BRAŞOV,"ŞCOALA GIMNAZIALĂ NR. 14",142,"MUNICIPIUL BRAŞOV",40198,2,PROV,PRCNCT,CJ,CJ_SV,"2020-09-29 16:09:42",1487,1470,9,8,0,502,494,0,8,0,464,38,1600,1098,23,44,13,195,12,19,14,2,134,0,4,4
8,BRAŞOV,"ŞCOALA GIMNAZIALĂ NR. 14",141,"MUNICIPIUL BRAŞOV",40198,2,PROV,PRCNCT,CJ,CJ_SV,"2020-09-29 17:43:36",1516,1512,0,4,0,490,486,0,4,0,457,33,1700,1210,17,56,22,188,6,13,8,5,122,3,10,7
8,BRAŞOV,"ŞCOALA GIMNAZIALĂ NR. 14",147,"MUNICIPIUL BRAŞOV",40198,1,PROV,PRCNCT,CJ,CJ_SV,"2020-09-28 03:02:29",1378,1371,1,6,0,441,435,0,6,0,397,0,1500,1103,12,33,15,189,4,12,9,3,108,3,3,6
8,BRAŞOV,"ŞCOALA GIMNAZIALĂ NR. 14",149,"MUNICIPIUL BRAŞOV",40198,1,PROV,PRCNCT,CJ,CJ_SV,"2020-09-28 02:08:08",1928,1910,12,6,0,850,843,1,6,0,793,57,2200,1350,26,67,22,284,10,45,17,1,283,3,24,11
8,BRAŞOV,"ŞCOALA GIMNAZIALĂ NR. 14",150,"MUNICIPIUL BRAŞOV",40198,1,PROV,PRCNCT,CJ,CJ_SV,"2020-09-28 02:20:04",1909,1896,2,9,2,781,770,0,9,2,751,30,2000,1219,36,78,13,330,13,26,25,2,200,5,17,6
8,BRAŞOV,"ŞCOALA GIMNAZIALĂ NR. 14",138,"MUNICIPIUL BRAŞOV",40198,3,PROV,PRCNCT,CJ,CJ_SV,"2020-09-29 17:00:07",1311,1303,0,8,0,439,431,0,8,0,408,31,1400,961,12,49,37,154,8,15,8,4,101,5,10,5
8,BRAŞOV,"ŞCOALA GIMNAZIALĂ NR. 14",146,"MUNICIPIUL BRAŞOV",40198,3,PROV,PRCNCT,CJ,CJ_SV,"2020-09-29 17:11:37",1212,1203,1,8,0,399,391,0,8,0,378,21,1300,901,18,51,8,153,8,17,8,5,98,5,2,5
8,BRAŞOV,"ŞCOALA GIMNAZIALĂ NR. 14",145,"MUNICIPIUL BRAŞOV",40198,1,PROV,PRCNCT,CJ,CJ_SV,"2020-09-28 01:07:33",907,900,0,7,0,300,293,0,7,0,275,25,1000,700,5,38,17,103,2,8,14,3,71,0,9,5
8,BRAŞOV,"ŞCOALA GIMNAZIALĂ NR. 14",139,"MUNICIPIUL BRAŞOV",40198,2,PROV,PRCNCT,CJ,CJ_SV,"2020-09-29 16:41:33",1448,1431,6,11,0,480,469,0,11,0,432,47,1600,1120,11,63,14,212,6,13,12,3,79,3,11,5
8,BRAŞOV,"ŞCOALA GIMNAZIALĂ NR. 14",144,"MUNICIPIUL BRAŞOV",40198,1,PROV,PRCNCT,CJ,CJ_SV,"2020-09-28 00:46:13",1235,1227,1,7,0,427,420,0,7,0,394,33,1400,973,17,43,17,155,8,14,14,2,114,0,5,5
8,BRAŞOV,"ŞCOALA GIMNAZIALĂ NR. 15",23,"MUNICIPIUL BRAŞOV",40198,2,PROV,PRCNCT,CJ,CJ_SV,"2020-09-29 15:57:42",1430,1414,4,12,0,531,519,0,12,0,518,13,1600,1069,19,67,58,173,9,10,10,2,164,0,4,2
8,BRAŞOV,"ŞCOALA GIMNAZIALĂ NR. 15",20,"MUNICIPIUL BRAŞOV",40198,2,PROV,PRCNCT,CJ,CJ_SV,"2020-09-29 17:00:16",1660,1627,14,14,5,589,570,0,14,5,568,21,1800,1211,16,68,39,196,12,18,6,2,199,1,5,6
8,BRAŞOV,"ŞCOALA GIMNAZIALĂ NR. 15",21,"MUNICIPIUL BRAŞOV",40198,1,PROV,PRCNCT,CJ,CJ_SV,"2020-09-28 00:19:31",1538,1527,1,10,0,503,493,0,10,0,480,23,1700,1197,19,68,25,160,6,19,7,3,166,1,3,3
8,BRAŞOV,"ŞCOALA GIMNAZIALĂ NR. 15",26,"MUNICIPIUL BRAŞOV",40198,1,PROV,PRCNCT,CJ,CJ_SV,"2020-09-28 02:59:48",1165,1150,5,9,1,429,419,0,9,1,416,13,1300,871,9,32,92,119,10,14,8,0,126,0,4,2
8,BRAŞOV,"ŞCOALA GIMNAZIALĂ NR. 15",25,"MUNICIPIUL BRAŞOV",40198,1,PROV,PRCNCT,CJ,CJ_SV,"2020-09-28 00:21:58",1206,1197,0,9,0,385,376,0,9,0,367,18,1300,915,14,29,19,120,4,14,10,2,142,1,3,9
8,BRAŞOV,"ŞCOALA GIMNAZIALĂ NR. 15",24,"MUNICIPIUL BRAŞOV",40198,2,PROV,PRCNCT,CJ,CJ_SV,"2020-09-29 16:32:38",1280,1268,0,12,0,416,404,0,12,0,387,29,1400,984,25,66,9,126,6,7,7,2,126,2,8,3
8,BRAŞOV,"ŞCOALA GIMNAZIALĂ NR. 15",22,"MUNICIPIUL BRAŞOV",40198,1,PROV,PRCNCT,CJ,CJ_SV,"2020-09-28 02:00:11",1471,1446,17,8,0,501,493,0,8,0,488,13,1600,1099,10,77,26,164,10,12,7,0,172,0,4,6
8,BRAŞOV,"ŞCOALA GIMNAZIALĂ NR. 19",41,"MUNICIPIUL BRAŞOV",40198,1,PROV,PRCNCT,CJ,CJ_SV,"2020-09-28 01:40:55",976,963,6,7,0,355,348,0,7,0,346,9,1100,745,14,42,18,124,4,11,13,0,113,0,2,5
8,BRAŞOV,"ŞCOALA GIMNAZIALĂ NR. 19",39,"MUNICIPIUL BRAŞOV",40198,1,PROV,PRCNCT,CJ,CJ_SV,"2020-09-28 04:11:21",1116,1102,8,6,0,443,437,0,6,0,426,17,1200,757,9,68,32,129,8,10,5,3,152,1,6,3
8,BRAŞOV,"ŞCOALA GIMNAZIALĂ NR. 19",43,"MUNICIPIUL BRAŞOV",40198,2,PROV,PRCNCT,CJ,CJ_SV,"2020-09-29 17:11:58",1430,1418,3,9,0,542,533,0,9,0,531,11,1600,1055,19,70,17,166,8,16,12,7,197,2,12,5
8,BRAŞOV,"ŞCOALA GIMNAZIALĂ NR. 19",42,"MUNICIPIUL BRAŞOV",40198,2,PROV,PRCNCT,CJ,CJ_SV,"2020-09-29 17:21:33",1538,1523,4,11,0,484,473,0,11,0,457,27,1700,1216,13,70,19,150,13,10,14,0,162,3,0,3
8,BRAŞOV,"ŞCOALA GIMNAZIALĂ NR. 19",40,"MUNICIPIUL BRAŞOV",40198,1,PROV,PRCNCT,CJ,CJ_SV,"2020-09-28 02:35:57",1348,1339,0,7,2,516,507,0,7,2,491,25,1500,984,21,82,18,154,9,19,13,2,159,1,5,8
8,BRAŞOV,"ȘCOALA GIMNAZIALĂ NR.1 CORP A2",388,"POIANA MĂRULUI",41621,1,PROV,PRCNCT,CJ,CJ_SV,"2020-09-28 01:42:19",1289,1271,0,3,15,854,836,0,3,15,810,44,1400,546,24,390,0,301,0,38,12,8,33,1,1,2
8,BRAŞOV,"ȘCOALĂ GIMNAZIALĂ NR.1 CORP B",389,"POIANA MĂRULUI",41621,1,PROV,PRCNCT,CJ,CJ_SV,"2020-09-28 00:53:54",1013,993,0,16,4,556,536,0,16,4,497,59,1100,544,31,258,2,148,0,29,6,0,19,2,2,0
8,BRAŞOV,"ŞCOALA GIMNAZIALĂ NR. 1, CORPUL A (LÂNGĂ GRĂDINIŢĂ)",223,"MUNICIPIUL SĂCELE",40438,1,PROV,PRCNCT,CJ,CJ_SV,"2020-09-28 02:02:13",1255,1234,9,12,0,462,450,0,12,0,449,13,1400,938,14,77,116,125,4,11,0,2,80,3,10,7
8,BRAŞOV,"ŞCOALA GIMNAZIALĂ NR. 1 CORPUL B",224,"MUNICIPIUL SĂCELE",40438,2,PROV,PRCNCT,CJ,CJ_SV,"2020-09-28 05:05:29",1308,1294,2,12,0,416,404,0,12,0,373,43,1400,984,17,110,39,103,3,15,2,0,28,44,9,3
8,BRAŞOV,"ȘCOALA GIMNAZIALĂ NR.1 , CORPUL B",242,"MUNICIPIUL SĂCELE",40438,2,PROV,PRCNCT,CJ,CJ_SV,"2020-09-29 10:25:45",1253,1241,2,9,1,451,441,0,9,1,422,29,1400,949,15,99,69,133,5,10,4,3,66,2,10,6
8,BRAŞOV,"ŞCOALA GIMNAZIALĂ NR. 1 CORPUL F",225,"MUNICIPIUL SĂCELE",40438,1,PROV,PRCNCT,CJ,CJ_SV,"2020-09-28 02:00:59",1880,1853,8,18,1,747,727,1,18,1,679,68,2000,1253,27,170,101,228,1,20,6,4,81,5,27,9
8,BRAŞOV,"ŞCOALA GIMNAZIALĂ NR. 1 GHEORGHE CRĂCIUN",285,"ORAŞ ZĂRNEŞTI",40492,1,PROV,PRCNCT,CJ,CJ_SV,"2020-09-28 03:40:55",1387,1377,2,6,2,627,619,0,6,2,595,32,1500,873,43,216,6,220,7,16,8,6,53,0,11,9
8,BRAŞOV,"ŞCOALA GIMNAZIALĂ NR. 1 GHEORGHE CRĂCIUN CORP B",284,"ORAŞ ZĂRNEŞTI",40492,2,PROV,PRCNCT,CJ,CJ_SV,"2020-09-28 10:28:25",1349,1338,0,10,1,557,546,0,10,1,527,30,1500,943,34,213,2,181,6,16,9,5,50,1,2,8
8,BRAŞOV,"SCOALA GIMNAZIALA NR. 2",287,"ORAŞ ZĂRNEŞTI",40492,3,PROV,PRCNCT,CJ,CJ_SV,"2020-09-29 18:00:08",1648,1639,0,8,1,446,437,0,8,1,372,74,1800,1354,100,176,5,56,4,7,6,0,8,6,3,1
8,BRAŞOV,"ŞCOALA GIMNAZIALĂ NR. 2",104,"MUNICIPIUL BRAŞOV",40198,2,PROV,PRCNCT,CJ,CJ_SV,"2020-09-29 16:36:00",1609,1598,3,6,2,508,500,0,6,2,499,9,1800,1292,23,66,23,170,5,22,19,3,153,1,4,10
8,BRAŞOV,"ŞCOALA GIMNAZIALĂ NR. 2",103,"MUNICIPIUL BRAŞOV",40198,1,PROV,PRCNCT,CJ,CJ_SV,"2020-09-28 01:48:44",1441,1430,2,9,0,488,479,0,9,0,459,29,1600,1112,27,56,29,143,8,20,16,5,150,0,4,1
8,BRAŞOV,"ŞCOALA GIMNAZIALĂ NR. 2",102,"MUNICIPIUL BRAŞOV",40198,2,PROV,PRCNCT,CJ,CJ_SV,"2020-09-29 16:33:56",1484,1469,3,12,0,531,519,0,12,0,507,21,1600,1072,16,63,24,193,10,17,10,3,157,1,7,6
8,BRAŞOV,"ŞCOALA GIMNAZIALĂ NR. 2",101,"MUNICIPIUL BRAŞOV",40198,1,PROV,PRCNCT,CJ,CJ_SV,"2020-09-28 02:23:06",1519,1503,3,13,0,487,474,0,13,0,449,20,1700,1231,16,68,27,152,7,15,12,2,133,0,8,9
8,BRAŞOV,"ŞCOALA GIMNAZIALĂ NR. 2",105,"MUNICIPIUL BRAŞOV",40198,3,PROV,PRCNCT,CJ,CJ_SV,"2020-09-29 17:19:16",1447,1428,9,10,0,440,430,0,10,0,412,28,1600,1160,16,56,12,162,7,15,12,5,112,1,6,8
8,BRAŞOV,"ȘCOALA GIMNAZIALĂ NR. 2",106,"MUNICIPIUL BRAŞOV",40198,4,PROV,PRCNCT,CJ,CJ_SV,"2020-09-29 16:03:56",1770,1760,3,6,1,620,613,0,6,1,587,33,1900,1280,12,87,24,204,9,29,13,5,187,1,4,12
8,BRAŞOV,"ŞCOALA GIMNAZIALĂ NR. 25",66,"MUNICIPIUL BRAŞOV",40198,1,PROV,PRCNCT,CJ,CJ_SV,"2020-09-28 03:42:51",1536,1524,2,10,0,621,611,0,10,0,604,17,1700,1079,23,72,19,199,11,15,15,7,226,2,9,6
8,BRAŞOV,"ŞCOALA GIMNAZIALĂ NR. 25",67,"MUNICIPIUL BRAŞOV",40198,1,PROV,PRCNCT,CJ,CJ_SV,"2020-09-28 02:04:11",1694,1672,14,8,0,569,560,1,8,0,551,18,1800,1231,10,68,11,159,13,15,12,2,244,1,10,6
8,BRAŞOV,"ŞCOALA GIMNAZIALĂ NR. 25",68,"MUNICIPIUL BRAŞOV",40198,1,PROV,PRCNCT,CJ,CJ_SV,"2020-09-28 00:27:00",859,851,2,6,0,325,319,0,6,0,310,15,1000,675,7,35,13,92,5,15,11,2,120,3,3,4
8,BRAŞOV,"ŞCOALA GIMNAZIALĂ NR. 25",69,"MUNICIPIUL BRAŞOV",40198,2,PROV,PRCNCT,CJ,CJ_SV,"2020-09-28 16:51:02",1596,1578,6,11,1,531,519,0,11,1,507,24,1700,1169,23,61,9,191,3,12,11,2,178,4,7,6
8,BRAŞOV,"ŞCOALA GIMNAZIALĂ NR. 27 ”ANATOL GHERMANSCHI”",48,"MUNICIPIUL BRAŞOV",40198,2,PROV,PRCNCT,CJ,CJ_SV,"2020-09-29 17:28:34",1574,1561,2,11,0,548,537,0,11,0,526,22,1700,1152,25,78,13,183,6,16,11,5,168,0,14,7
8,BRAŞOV,"ŞCOALA GIMNAZIALĂ NR. 27 ”ANATOL GHERMANSCHI”",51,"MUNICIPIUL BRAŞOV",40198,2,PROV,PRCNCT,CJ,CJ_SV,"2020-09-29 16:56:50",1555,1543,2,9,1,486,476,0,9,1,466,20,1700,1214,27,72,31,169,1,12,7,3,134,1,9,0
8,BRAŞOV,"ŞCOALA GIMNAZIALĂ NR. 27 ”ANATOL GHERMANSCHI”",45,"MUNICIPIUL BRAŞOV",40198,1,PROV,PRCNCT,CJ,CJ_SV,"2020-09-28 02:01:55",1485,1472,7,6,0,533,526,1,6,0,507,26,1600,1067,23,61,18,165,7,16,10,7,184,0,10,6
8,BRAŞOV,"ŞCOALA GIMNAZIALĂ NR. 27 ”ANATOL GHERMANSCHI”",46,"MUNICIPIUL BRAŞOV",40198,1,PROV,PRCNCT,CJ,CJ_SV,"2020-09-28 00:39:11",1425,1411,5,9,0,513,504,0,9,0,499,14,1600,1087,22,69,19,155,6,21,12,3,182,2,4,4
8,BRAŞOV,"ŞCOALA GIMNAZIALĂ NR. 27 ”ANATOL GHERMANSCHI”",47,"MUNICIPIUL BRAŞOV",40198,1,PROV,PRCNCT,CJ,CJ_SV,"2020-09-28 00:34:28",650,641,2,7,0,254,247,0,7,0,245,8,700,447,12,36,16,74,2,4,10,2,77,2,7,3
8,BRAŞOV,"ŞCOALA GIMNAZIALĂ NR. 27 ”ANATOL GHERMANSCHI”",49,"MUNICIPIUL BRAŞOV",40198,2,PROV,PRCNCT,CJ,CJ_SV,"2020-09-28 04:54:53",1434,1424,5,5,0,488,483,0,5,0,470,18,1600,1112,20,62,32,166,6,23,13,6,128,2,6,6
8,BRAŞOV,"ŞCOALA GIMNAZIALĂ NR. 27 ”ANATOL GHERMANSCHI”",50,"MUNICIPIUL BRAŞOV",40198,1,PROV,PRCNCT,CJ,CJ_SV,"2020-09-28 02:09:24",1526,1511,2,13,0,549,536,0,13,0,512,37,1700,1150,18,59,40,193,6,14,14,1,148,3,11,5
8,BRAŞOV,"ȘCOALĂ GIMNAZIALĂ NR. 2 ÎNTRE-VAI",390,"POIANA MĂRULUI",41621,1,PROV,PRCNCT,CJ,CJ_SV,"2020-09-27 23:08:40",406,388,0,10,8,210,192,0,10,8,202,8,400,190,4,122,1,62,0,5,0,0,6,0,2,0
8,BRAŞOV,"ŞCOALA GIMNAZIALĂ NR. 30",153,"MUNICIPIUL BRAŞOV",40198,2,PROV,PRCNCT,CJ,CJ_SV,"2020-09-29 16:09:44",1546,1535,4,4,3,560,553,0,4,3,530,23,1700,1147,21,65,12,174,7,10,11,5,204,2,9,10
8,BRAŞOV,"ŞCOALA GIMNAZIALĂ NR. 30",158,"MUNICIPIUL BRAŞOV",40198,2,PROV,PRCNCT,CJ,CJ_SV,"2020-09-29 17:00:51",2003,1953,32,18,0,844,826,0,18,0,820,24,2100,1256,17,68,21,245,7,14,11,6,414,0,8,9
8,BRAŞOV,"ŞCOALA GIMNAZIALĂ NR. 30",154,"MUNICIPIUL BRAŞOV",40198,1,PROV,PRCNCT,CJ,CJ_SV,"2020-09-28 01:10:53",1695,1667,12,16,0,690,674,0,16,0,669,21,1800,1110,18,63,10,232,14,20,12,5,279,2,9,5
8,BRAŞOV,"ŞCOALA GIMNAZIALĂ NR. 30",155,"MUNICIPIUL BRAŞOV",40198,1,PROV,PRCNCT,CJ,CJ_SV,"2020-09-28 03:33:35",1643,1635,1,7,0,599,592,0,7,0,574,3,1800,1223,25,66,9,210,6,15,22,7,200,2,7,5
8,BRAŞOV,"ŞCOALA GIMNAZIALĂ NR. 30",156,"MUNICIPIUL BRAŞOV",40198,2,PROV,PRCNCT,CJ,CJ_SV,"2020-09-29 16:40:24",1519,1513,2,4,0,514,510,0,4,0,494,20,1700,1186,14,72,10,155,8,18,20,3,183,1,5,5
8,BRAŞOV,"ȘCOALA GIMNAZIALĂ NR. 30",157,"MUNICIPIUL BRAŞOV",40198,1,PROV,PRCNCT,CJ,CJ_SV,"2020-09-28 01:56:57",1546,1523,14,9,0,671,662,0,9,0,662,9,1601,930,25,62,8,205,8,4,10,3,315,0,16,6
8,BRAŞOV,"ŞCOALA GIMNAZIALĂ NR. 31",175,"MUNICIPIUL BRAŞOV",40198,1,PROV,PRCNCT,CJ,CJ_SV,"2020-09-28 01:49:09",1371,1362,0,9,0,461,452,0,9,0,429,32,1500,1039,14,62,9,166,4,17,10,1,127,5,7,7
8,BRAŞOV,"ŞCOALA GIMNAZIALĂ NR. 31",176,"MUNICIPIUL BRAŞOV",40198,1,PROV,PRCNCT,CJ,CJ_SV,"2020-09-28 00:43:42",1409,1402,0,7,0,474,467,0,7,0,461,13,1500,1026,16,72,10,167,2,25,10,3,145,2,5,4
8,BRAŞOV,"ŞCOALA GIMNAZIALĂ NR. 31",177,"MUNICIPIUL BRAŞOV",40198,2,PROV,PRCNCT,CJ,CJ_SV,"2020-09-29 16:11:24",1148,1140,1,7,0,398,391,0,7,0,382,16,1300,902,18,79,6,148,6,8,8,0,104,0,2,3
8,BRAŞOV,"ŞCOALA GIMNAZIALĂ NR. 3 ”GHEORGHE LAZĂR”",93,"MUNICIPIUL BRAŞOV",40198,1,PROV,PRCNCT,CJ,CJ_SV,"2020-09-28 02:01:17",1259,1253,2,4,0,442,438,0,4,0,429,13,1400,958,16,46,28,141,5,21,11,6,136,1,7,11
8,BRAŞOV,"ŞCOALA GIMNAZIALĂ NR. 3 ”GHEORGHE LAZĂR”",94,"MUNICIPIUL BRAŞOV",40198,1,PROV,PRCNCT,CJ,CJ_SV,"2020-09-28 01:57:53",1559,1551,0,8,0,488,480,0,8,0,471,17,1700,1212,27,63,24,155,10,19,14,0,149,1,4,5
8,BRAŞOV,"ŞCOALA GIMNAZIALĂ NR. 3 ”GHEORGHE LAZĂR”",95,"MUNICIPIUL BRAŞOV",40198,2,PROV,PRCNCT,CJ,CJ_SV,"2020-09-29 17:36:11",1478,1468,2,8,0,482,474,0,8,0,461,21,1600,1118,22,54,25,157,5,29,10,2,138,4,5,10
8,BRAŞOV,"ŞCOALA GIMNAZIALĂ NR. 3 ”GHEORGHE LAZĂR”",92,"MUNICIPIUL BRAŞOV",40198,1,PROV,PRCNCT,CJ,CJ_SV,"2020-09-28 00:33:47",1677,1667,1,9,0,594,585,0,9,0,561,33,1800,1206,30,68,22,176,10,31,16,5,183,3,5,12
8,BRAŞOV,"ŞCOALA GIMNAZIALĂ NR. 3 ”GHEORGHE LAZĂR”",96,"MUNICIPIUL BRAŞOV",40198,1,PROV,PRCNCT,CJ,CJ_SV,"2020-09-28 06:10:23",1649,1637,1,11,0,564,553,0,11,0,535,29,1800,1236,26,59,23,172,6,17,17,5,193,1,5,11
8,BRAŞOV,"ŞCOALA GIMNAZIALĂ NR. 3 ”GHEORGHE LAZĂR”",91,"MUNICIPIUL BRAŞOV",40198,1,PROV,PRCNCT,CJ,CJ_SV,"2020-09-28 01:00:57",1554,1539,0,15,0,507,492,0,15,0,475,32,1700,1193,15,49,20,189,8,13,14,1,141,3,13,9
8,BRAŞOV,"ŞCOALA GIMNAZIALĂ NR. 3 ”GHEORGHE LAZĂR”",90,"MUNICIPIUL BRAŞOV",40198,3,PROV,PRCNCT,CJ,CJ_SV,"2020-09-29 16:17:23",1581,1574,0,7,0,487,480,0,7,0,453,34,1700,1213,17,54,21,161,3,14,9,5,156,0,9,4
8,BRAŞOV,"ŞCOALA GIMNAZIALĂ NR. 3 POMPILIU DAN-CORP A",282,"ORAŞ ZĂRNEŞTI",40492,1,PROV,PRCNCT,CJ,CJ_SV,"2020-09-28 00:24:59",1018,1008,1,9,0,459,450,0,9,0,443,16,1100,641,32,140,19,163,6,17,6,2,51,1,3,3
8,BRAŞOV,"ȘCOALA GIMNAZIALĂ NR. 4",75,"MUNICIPIUL BRAŞOV",40198,2,PROV,PRCNCT,CJ,CJ_SV,"2020-09-29 15:55:08",1260,1249,1,8,2,454,444,0,8,2,436,18,1400,946,16,53,17,134,6,22,12,3,156,3,6,8
8,BRAŞOV,"ȘCOALA GIMNAZIALĂ NR. 4",77,"MUNICIPIUL BRAŞOV",40198,2,PROV,PRCNCT,CJ,CJ_SV,"2020-09-29 16:38:51",1579,1564,4,11,0,594,583,0,11,0,574,20,1700,1106,16,73,22,173,8,18,14,1,232,0,2,15
8,BRAŞOV,"ȘCOALA GIMNAZIALĂ NR. 4",76,"MUNICIPIUL BRAŞOV",40198,1,PROV,PRCNCT,CJ,CJ_SV,"2020-09-28 03:28:42",1333,1322,1,10,0,466,456,0,10,0,446,18,1500,1036,15,65,9,145,7,15,12,0,168,1,3,6
8,BRAŞOV,"ȘCOALA GIMNAZIALĂ NR. 4",74,"MUNICIPIUL BRAŞOV",40198,1,PROV,PRCNCT,CJ,CJ_SV,"2020-09-28 01:49:27",1171,1156,6,9,0,391,382,0,9,0,382,9,1299,908,13,40,16,134,6,14,12,1,137,1,2,6
8,BRAŞOV,"ȘCOALA GIMNAZIALĂ NR. 4",73,"MUNICIPIUL BRAŞOV",40198,2,PROV,PRCNCT,CJ,CJ_SV,"2020-09-29 15:49:54",1419,1401,8,10,0,484,473,1,10,0,469,15,1500,1016,21,46,20,169,11,12,13,2,163,0,5,7
8,BRAŞOV,"ȘCOALA GIMNAZIALĂ NR. 4",78,"MUNICIPIUL BRAŞOV",40198,1,PROV,PRCNCT,CJ,CJ_SV,"2020-09-28 00:24:20",1138,1130,1,7,0,398,391,0,7,0,386,12,1200,802,11,44,2,135,5,11,12,5,151,1,2,7
8,BRAŞOV,"ŞCOALA GIMNAZIALĂ NR.4 FRAŢII POPEEA",235,"MUNICIPIUL SĂCELE",40438,2,PROV,PRCNCT,CJ,CJ_SV,"2020-09-29 09:05:05",1461,1451,1,9,0,526,517,0,9,0,488,38,1600,1074,23,179,30,154,6,26,14,2,31,2,17,4
8,BRAŞOV,"ŞCOALA GIMNAZIALĂ NR.4 FRAŢII POPEEA",233,"MUNICIPIUL SĂCELE",40438,1,PROV,PRCNCT,CJ,CJ_SV,"2020-09-28 03:27:50",1353,1341,0,8,4,452,440,0,8,4,415,37,1500,1048,22,165,20,132,2,22,7,0,26,2,9,8
8,BRAŞOV,"ŞCOALA GIMNAZIALĂ NR.4 FRAŢII POPEEA",234,"MUNICIPIUL SĂCELE",40438,1,PROV,PRCNCT,CJ,CJ_SV,"2020-09-28 00:42:50",1123,1115,0,7,1,392,384,0,7,1,369,23,1300,908,12,126,19,121,4,17,9,0,41,1,11,8
8,BRAŞOV,"ŞCOALA GIMNAZIALĂ NR.4 FRAŢII POPEEA",232,"MUNICIPIUL SĂCELE",40438,2,PROV,PRCNCT,CJ,CJ_SV,"2020-09-28 13:02:24",1653,1641,1,10,1,730,718,1,10,1,677,53,1800,1070,25,181,50,239,8,55,10,2,62,6,31,8
8,BRAŞOV,"ŞCOALA GIMNAZIALĂ NR.5",19,"MUNICIPIUL BRAŞOV",40198,2,PROV,PRCNCT,CJ,CJ_SV,"2020-09-29 16:07:38",1568,1550,0,10,8,557,539,0,10,8,532,25,1700,1143,14,56,58,158,17,12,7,4,191,2,4,9
8,BRAŞOV,"ŞCOALA GIMNAZIALĂ NR.5",18,"MUNICIPIUL BRAŞOV",40198,2,PROV,PRCNCT,CJ,CJ_SV,"2020-09-29 16:49:51",1457,1419,22,13,3,564,548,0,13,3,545,19,1600,1036,12,56,81,175,18,6,10,1,169,2,6,9
8,BRAŞOV,"ŞCOALA GIMNAZIALĂ NR.5 CORPUL A",240,"MUNICIPIUL SĂCELE",40438,1,PROV,PRCNCT,CJ,CJ_SV,"2020-09-28 01:02:51",1151,1142,0,9,0,547,538,0,9,0,281,266,1300,753,15,128,5,83,8,22,2,0,3,9,6,0
8,BRAŞOV,"ŞCOALA GIMNAZIALĂ NR.5 CORPUL A",241,"MUNICIPIUL SĂCELE",40438,3,PROV,PRCNCT,CJ,CJ_SV,"2020-09-29 09:20:50",1369,1357,1,11,0,758,747,0,11,0,474,284,1500,742,28,135,3,236,13,17,11,1,1,18,8,3
8,BRAŞOV,"ŞCOALA GIMNAZIALĂ NR.5 CORPUL B",239,"MUNICIPIUL SĂCELE",40438,2,PROV,PRCNCT,CJ,CJ_SV,"2020-09-29 10:50:09",1297,1287,0,10,0,482,472,0,10,0,317,165,1400,918,21,125,9,113,3,11,12,0,3,16,4,0
8,BRAŞOV,"ŞCOALA GIMNAZIALĂ NR.5 CORPUL B",238,"MUNICIPIUL SĂCELE",40438,2,PROV,PRCNCT,CJ,CJ_SV,"2020-09-28 04:36:28",1127,1117,1,9,0,391,382,0,9,0,350,41,1200,809,13,78,75,113,3,11,3,0,38,2,14,0
8,BRAŞOV,"ŞCOALA GIMNAZIALĂ NR. 8",15,"MUNICIPIUL BRAŞOV",40198,1,PROV,PRCNCT,CJ,CJ_SV,"2020-09-28 02:11:30",1033,1010,5,12,6,349,331,0,12,6,340,9,1100,751,13,45,20,107,8,8,8,0,120,0,4,7
8,BRAŞOV,"ŞCOALA GIMNAZIALĂ NR. 8",16,"MUNICIPIUL BRAŞOV",40198,1,PROV,PRCNCT,CJ,CJ_SV,"2020-09-28 01:51:25",1183,1164,3,16,0,481,465,0,16,0,467,14,1300,819,8,59,22,157,8,8,9,1,189,0,3,3
8,BRAŞOV,"ŞCOALA GIMNAZIALĂ NR. 8",17,"MUNICIPIUL BRAŞOV",40198,1,PROV,PRCNCT,CJ,CJ_SV,"2020-09-28 00:38:56",1676,1667,0,9,0,579,570,0,9,0,560,19,1800,1221,13,66,34,197,9,17,14,9,186,0,7,8
8,BRAŞOV,"ŞCOALA GIMNAZIALĂ NR. 8",14,"MUNICIPIUL BRAŞOV",40198,1,PROV,PRCNCT,CJ,CJ_SV,"2020-09-28 00:45:52",977,957,8,11,1,348,336,0,11,1,339,8,1100,752,11,26,24,125,18,8,11,2,109,1,3,1
8,BRAŞOV,"ŞCOALA GIMNAZIALĂ NR. 9",83,"MUNICIPIUL BRAŞOV",40198,2,PROV,PRCNCT,CJ,CJ_SV,"2020-09-29 17:33:45",1044,1034,2,8,0,344,336,0,8,0,323,21,1100,711,15,64,6,98,10,10,11,3,91,0,8,7
8,BRAŞOV,"ŞCOALA GIMNAZIALĂ NR. 9",82,"MUNICIPIUL BRAŞOV",40198,1,PROV,PRCNCT,CJ,CJ_SV,"2020-09-28 02:16:05",1464,1457,1,6,0,439,433,0,6,0,415,24,1600,1161,14,71,3,146,8,18,13,5,120,2,12,3
8,BRAŞOV,"ŞCOALA GIMNAZIALĂ NR. 9",85,"MUNICIPIUL BRAŞOV",40198,3,PROV,PRCNCT,CJ,CJ_SV,"2020-09-29 16:34:27",1424,1414,0,10,0,421,411,0,10,0,394,27,1600,1179,21,51,4,145,10,22,13,1,111,3,6,7
8,BRAŞOV,"ŞCOALA GIMNAZIALĂ NR. 9",86,"MUNICIPIUL BRAŞOV",40198,1,PROV,PRCNCT,CJ,CJ_SV,"2020-09-28 00:52:53",1627,1610,9,7,1,549,538,3,7,1,510,39,1800,1251,28,53,8,204,4,22,13,3,151,4,12,8
8,BRAŞOV,"ŞCOALA GIMNAZIALĂ NR. 9",87,"MUNICIPIUL BRAŞOV",40198,2,PROV,PRCNCT,CJ,CJ_SV,"2020-09-29 16:53:09",1601,1580,9,8,4,561,549,0,8,4,531,30,1700,1139,28,56,15,191,13,14,7,4,177,7,12,7
8,BRAŞOV,"ŞCOALA GIMNAZIALĂ NR. 9",88,"MUNICIPIUL BRAŞOV",40198,4,PROV,PRCNCT,CJ,CJ_SV,"2020-09-29 16:18:36",1479,1468,3,8,0,405,397,0,8,0,385,20,1600,1195,15,70,2,117,8,13,17,8,117,2,7,9
8,BRAŞOV,"ŞCOALA GIMNAZIALĂ NR. 9",84,"MUNICIPIUL BRAŞOV",40198,2,PROV,PRCNCT,CJ,CJ_SV,"2020-09-29 16:34:55",1148,1140,0,8,0,366,358,0,8,0,347,19,1300,934,20,44,6,129,3,15,11,3,104,3,4,5
8,BRAŞOV,"ŞCOALA GIMNAZIALĂ NR. 9 ”NICOLAE ORGHIDAN”",79,"MUNICIPIUL BRAŞOV",40198,1,PROV,PRCNCT,CJ,CJ_SV,"2020-09-28 02:04:34",1583,1566,2,15,0,458,443,0,15,0,433,25,1700,1242,25,49,17,181,5,17,11,2,109,2,12,3
8,BRAŞOV,"ŞCOALA GIMNAZIALĂ NR. 9 ”NICOLAE ORGHIDAN”",81,"MUNICIPIUL BRAŞOV",40198,2,PROV,PRCNCT,CJ,CJ_SV,"2020-09-29 17:52:43",1415,1386,1,7,21,483,455,0,7,21,449,34,1500,1017,17,71,9,155,11,24,12,0,133,0,11,6
8,BRAŞOV,"ŞCOALA GIMNAZIALĂ NR. 9 ”NICOLAE ORGHIDAN”",80,"MUNICIPIUL BRAŞOV",40198,3,PROV,PRCNCT,CJ,CJ_SV,"2020-09-29 15:56:56",1675,1621,1,29,24,531,478,0,29,24,458,73,1800,1269,20,72,13,174,10,17,13,4,110,5,8,12
8,BRAŞOV,"ŞCOALA GIMNAZIALĂ ” OVID DENSUŞIANU”",222,"MUNICIPIUL FĂGĂRAŞ",40278,1,PROV,PRCNCT,CJ,CJ_SV,"2020-09-28 00:49:23",1107,1095,0,12,0,332,320,0,12,0,316,16,1200,868,22,48,13,119,27,18,11,5,33,8,6,6
8,BRAŞOV,"ŞCOALA GIMNAZIALĂ ” OVID DENSUŞIANU” - ŞCOALA GENERALĂ NR.4",204,"MUNICIPIUL FĂGĂRAŞ",40278,2,PROV,PRCNCT,CJ,CJ_SV,"2020-09-28 05:20:24",1156,1147,0,9,0,536,527,0,9,0,464,63,1300,773,22,95,4,98,43,18,13,8,25,124,2,12
8,BRAŞOV,"ŞCOALA GIMNAZIALĂ PEȘTERA",381,MOIECIU,41471,1,PROV,PRCNCT,CJ,CJ_SV,"2020-09-28 01:41:08",358,346,0,11,1,240,228,0,11,1,215,25,401,161,4,40,0,141,2,7,4,1,12,1,1,2
8,BRAŞOV,"ȘCOALA GIMNAZIALĂ PREJMER, STR.ȘCOLII, NR.1, CORP A, PARTER",392,PREJMER,41667,2,PROV,PRCNCT,CJ,CJ_SV,"2020-09-29 10:05:50",1854,1850,1,2,1,912,909,0,2,1,840,72,1900,988,34,99,6,352,8,90,22,2,45,71,107,4
8,BRAŞOV,"ȘCOALA GIMNAZIALĂ PREJMER, STR.ȘCOLII, NR.1, CORP A, PARTER",393,PREJMER,41667,2,PROV,PRCNCT,CJ,CJ_SV,"2020-09-29 10:29:30",1765,1762,0,3,0,896,893,0,3,0,847,49,1900,1004,48,104,7,422,7,124,10,7,59,3,51,5
8,BRAŞOV,"ȘCOALA GIMNAZIALĂ PREJMER, STR.ȘCOLII, NR.1, CORP A, PARTER",391,PREJMER,41667,3,PROV,PRCNCT,CJ,CJ_SV,"2020-09-29 10:42:55",1623,1611,10,1,1,777,774,1,1,1,728,49,1800,1023,56,77,6,328,4,80,20,7,61,17,62,10
8,BRAŞOV,"ŞCOALA GIMNAZIALĂ PROF.DR. IOAN CERGHIT HÂRSENI",349,HÂRSENI,41113,2,PROV,PRCNCT,CJ,CJ_SV,"2020-09-29 13:13:58",479,475,0,2,2,267,263,0,2,2,240,27,500,233,17,74,2,63,1,4,4,1,31,0,39,4
8,BRAŞOV,"ŞCOALA GIMNAZIALĂ SÂNPETRU",403,SÂNPETRU,41925,2,PROV,PRCNCT,CJ,CJ_SV,"2020-09-29 14:04:25",2013,1996,0,12,5,872,855,0,12,5,838,34,2200,1328,61,63,13,252,15,44,17,12,313,5,32,11
8,BRAŞOV,"ȘCOALA GIMNAZIALĂ TĂRLUNGENI",426,TĂRLUNGENI,42003,3,PROV,PRCNCT,CJ,CJ_SV,"2020-09-28 05:47:43",936,916,5,14,1,449,434,0,14,1,402,47,1000,551,11,25,86,166,3,9,3,6,82,2,2,7
8,BRAŞOV,"ŞCOALA GIMNAZIALA VICTORIA",271,"ORAŞ VICTORIA",40465,2,PROV,PRCNCT,CJ,CJ_SV,"2020-09-29 11:35:17",1663,1626,1,34,2,738,701,1,34,2,673,65,1799,61,26,75,8,181,10,37,5,1,230,2,87,11
8,BRAŞOV,"ŞCOALA PRIMARĂ BUZĂIEL",444,"VAMA BUZĂULUI",42183,1,PROV,PRCNCT,CJ,CJ_SV,"2020-09-28 00:16:55",477,464,0,13,0,263,250,0,13,0,229,34,500,237,5,124,0,71,1,3,4,0,4,0,15,2
8,BRAŞOV,"ŞCOALA PRIMARĂ COBOR",435,TICUŞU,42076,1,PROV,PRCNCT,CJ,CJ_SV,"2020-09-28 00:03:12",210,182,4,19,5,162,134,4,19,5,145,17,200,38,3,24,36,38,1,2,1,0,39,0,0,1
8,BRAŞOV,"ŞCOALA PRIMARĂ CRIȚ",311,BUNEŞTI,40704,3,PROV,PRCNCT,CJ,CJ_SV,"2020-09-29 09:24:44",565,553,1,7,4,314,303,0,7,4,253,61,600,286,8,54,1,119,44,5,4,1,10,3,3,1
8,BRAŞOV,"ŞCOALA PRIMARĂ CUTUŞ",330,CRIZBAV,42456,1,PROV,PRCNCT,CJ,CJ_SV,"2020-09-28 02:00:00",593,580,0,10,3,384,371,0,10,3,328,56,700,316,4,194,102,16,3,2,2,0,0,3,2,0
8,BRAŞOV,"SCOALA PRIMARA FISER",268,"ORAŞ RUPEA",40394,1,PROV,PRCNCT,CJ,CJ_SV,"2020-09-28 01:08:55",422,392,0,10,20,244,216,0,8,20,205,39,500,256,36,51,4,60,25,6,3,0,14,3,1,2
8,BRAŞOV,"ŞCOALA PRIMARĂ GRID",385,PĂRĂU,41578,2,PROV,PRCNCT,CJ,CJ_SV,"2020-09-29 14:20:09",262,232,0,23,7,179,149,0,23,7,150,29,300,121,8,42,0,57,0,29,4,2,3,3,1,1
8,BRAŞOV,"ȘCOALA PRIMARĂ PALTIN",418,"ŞINCA NOUĂ",42449,1,PROV,PRCNCT,CJ,CJ_SV,"2020-09-27 23:22:01",161,139,0,15,7,116,94,0,15,7,102,14,200,84,4,13,0,77,0,1,1,0,3,0,2,1
8,BRAŞOV,"ŞCOALA PRIMARĂ ROADEŞ",313,BUNEŞTI,40704,3,PROV,PRCNCT,CJ,CJ_SV,"2020-09-29 09:38:45",274,269,0,5,0,137,132,0,5,0,127,10,300,163,6,21,2,37,45,3,3,1,6,1,1,1
8,BRAŞOV,"ŞCOALA PRIMARĂ VISCRI",314,BUNEŞTI,40704,1,PROV,PRCNCT,CJ,CJ_SV,"2020-09-28 03:21:20",401,377,8,14,2,224,203,5,14,2,200,24,398,174,1,20,0,56,89,3,3,0,24,2,1,1
8,BRAŞOV,"ŞCOALA PROFESIONALĂ GERMANĂ „KRONSTADT”",170,"MUNICIPIUL BRAŞOV",40198,2,PROV,PRCNCT,CJ,CJ_SV,"2020-09-29 17:34:24",1702,1673,14,15,0,832,816,1,15,0,817,15,2300,1468,25,35,10,219,10,31,9,3,458,5,6,6
8,BRAŞOV,"ŞCOALA PROFESIONALĂ GERMANĂ „KRONSTADT”",171,"MUNICIPIUL BRAŞOV",40198,1,PROV,PRCNCT,CJ,CJ_SV,"2020-09-28 01:51:37",1751,1729,8,14,0,744,729,1,14,0,729,15,1400,656,22,57,6,250,5,31,22,5,307,4,8,12
8,BRAŞOV,"SEDIUL PRIMARIEI COMUNEI UCEA",436,UCEA,42101,1,PROV,PRCNCT,CJ,CJ_SV,"2020-09-28 01:09:53",723,695,0,26,2,356,328,0,26,2,325,31,800,444,14,54,3,179,1,45,2,1,20,1,4,1
8,BRAŞOV,"SEMINARUL TEOLOGIC LICEAL ORTODOX ”DUMITRU STĂNILOAIE”",1,"MUNICIPIUL BRAŞOV",40198,3,PROV,PRCNCT,CJ,CJ_SV,"2020-09-29 16:53:32",1546,1529,12,5,0,589,583,1,5,0,564,25,1700,1111,26,75,19,192,19,22,22,2,168,7,8,4
8,BRAŞOV,"SEMINARUL TEOLOGIC LICEAL ORTODOX ”DUMITRU STĂNILOAIE”",2,"MUNICIPIUL BRAŞOV",40198,1,PROV,PRCNCT,CJ,CJ_SV,"2020-09-28 04:33:52",1213,1201,0,12,0,460,448,0,12,0,442,18,1300,840,12,40,14,157,9,13,10,3,165,3,3,13
8,BRAŞOV,"SERVICIUL PUBLIC DE ASISTENTA SOCIALA, STR. T. VLADIMIRESCU NR.8",200,"MUNICIPIUL FĂGĂRAŞ",40278,2,PROV,PRCNCT,CJ,CJ_SV,"2020-09-29 13:41:52",1593,1581,1,10,1,448,437,0,10,1,420,28,1800,1352,34,91,3,115,45,19,15,6,44,21,9,18
8,BRAŞOV,"VILA ORIZONT",44,"MUNICIPIUL BRAŞOV",40198,1,PROV,PRCNCT,CJ,CJ_SV,"2020-09-28 00:28:46",350,336,3,11,0,124,113,0,11,0,118,6,400,276,3,7,5,60,9,7,3,1,22,0,1,0
