precinct_county_nce,precinct_county_name,precinct_name,precinct_nr,uat_name,uat_siruta,report_version,report_stage_code,report_type_scope_code,report_type_category_code,report_type_code,created_at,a,a1,a2,a3,a4,b,b1,b2,b3,b4,c,d,e,f,"PARTIDUL ALIANŢA LIBERALILOR ŞI DEMOCRAŢILOR – ALDE-voturi","PARTIDUL SOCIAL DEMOCRAT-voturi","PARTIDUL NAȚIONAL LIBERAL-voturi","PARTIDUL MIȘCAREA POPULARĂ-voturi","PARTIDUL PRO ROMÂNIA-voturi","ASOCIAȚIA PARTIDA ROMILOR “PRO-EUROPA”-voturi","ALIANȚA USR PLUS-voturi","PARTIDUL PUTERII UMANISTE (SOCIAL-LIBERAL)-voturi","PARTIDUL SOCIALIST ROMÂN-voturi","ALIANȚA PENTRU UNIREA ROMÂNILOR-voturi","PARTIDUL ECOLOGIST ROMÂN-voturi","PARTIDUL VERDE-voturi","MILITARU IONEL-voturi"
40,VÂLCEA,"ANEXĂ PRIMĂRIE",303,MILCOIU,171469,4,PROV,PRCNCT,CJ,CJ_SV,"2020-09-28 04:22:38",257,212,0,18,27,176,131,0,18,27,138,38,260,84,9,34,66,3,24,0,0,0,0,1,1,0,0
40,VÂLCEA,"CĂMIN CULTURAL(FOSTUL CĂMIN CULTURAL DIN CURTEA PRIMĂRIEI)",319,ORLEŞTI,171879,1,PROV,PRCNCT,CJ,CJ_SV,"2020-09-28 02:50:40",1502,1478,1,1,22,814,790,1,1,22,726,88,1650,836,14,261,379,19,9,3,9,5,1,5,16,2,3
40,VÂLCEA,"CĂMIN CULTURAL GREBLEŞTI",188,CÂINENI,169119,1,PROV,PRCNCT,CJ,CJ_SV,"2020-09-28 01:47:12",714,556,0,145,13,535,377,0,145,13,494,41,610,75,9,167,257,0,1,5,6,2,3,2,39,2,1
40,VÂLCEA,"CĂMIN CULTURAL SINEȘTI",366,SINEŞTI,172992,1,PROV,PRCNCT,CJ,CJ_SV,"2020-09-28 02:44:31",752,660,0,65,27,497,405,0,65,27,472,25,860,363,5,153,271,5,4,4,16,1,1,3,5,1,3
40,VÂLCEA,"CĂMIN CULTURAL VOICEŞTI",427,VOICEŞTI,174218,1,PROV,PRCNCT,CJ,CJ_SV,"2020-09-28 04:27:02",1324,1234,1,34,55,943,853,1,34,55,904,39,1390,447,6,419,441,14,1,3,5,3,2,2,5,1,2
40,VÂLCEA,"CĂMINUL CULTURAL BALOTA",348,RACOVIŢA,172509,1,PROV,PRCNCT,CJ,CJ_SV,"2020-09-27 23:43:41",329,315,0,13,1,214,200,0,13,1,190,24,350,136,1,45,45,1,0,93,2,1,1,0,1,0,0
40,VÂLCEA,"CĂMINUL CULTURAL BĂRBĂTEŞTI",164,BĂRBĂTEŞTI,168559,1,PROV,PRCNCT,CJ,CJ_SV,"2020-09-28 01:41:20",1254,1245,0,7,2,677,668,0,7,2,630,47,1370,693,15,415,63,8,4,7,11,0,5,9,89,3,1
40,VÂLCEA,"CĂMINUL CULTURAL BÂRLOGU",378,STOENEŞTI,173230,2,PROV,PRCNCT,CJ,CJ_SV,"2020-09-28 03:07:10",297,276,0,21,0,221,200,0,21,0,212,9,300,79,1,36,142,2,5,1,14,0,0,2,6,2,1
40,VÂLCEA,"CĂMINUL CULTURAL BOGDĂNEȘTI",415,TOMŞANI,173935,1,PROV,PRCNCT,CJ,CJ_SV,"2020-09-28 01:53:59",595,588,0,5,2,411,404,0,5,2,371,40,650,239,6,139,187,8,5,0,14,0,1,1,5,1,4
40,VÂLCEA,"CĂMINUL CULTURAL CĂLINEŞTI",136,"ORAŞ BREZOI",167794,1,PROV,PRCNCT,CJ,CJ_SV,"2020-09-28 00:20:46",555,543,0,12,0,278,266,0,12,0,253,25,600,322,5,144,56,2,5,3,9,8,2,1,14,3,1
40,VÂLCEA,"CĂMINUL CULTURAL CREMENARI",239,GALICEA,169994,1,PROV,PRCNCT,CJ,CJ_SV,"2020-09-28 00:57:25",348,336,0,10,2,237,225,0,10,2,225,12,370,133,5,167,26,5,5,2,4,1,0,1,2,1,6
40,VÂLCEA,"CAMINUL CULTURAL DIANU",388,STROEŞTI,173533,1,PROV,PRCNCT,CJ,CJ_SV,"2020-09-28 02:14:34",415,399,0,7,9,246,230,0,7,9,207,39,450,204,2,88,82,5,7,2,1,0,2,1,7,8,2
40,VÂLCEA,"CĂMINUL CULTURAL DÎNGEŞTI",167,BERISLĂVEŞTI,168675,6,PROV,PRCNCT,CJ,CJ_SV,"2020-09-28 12:58:45",277,253,0,11,13,185,161,0,11,13,184,1,287,102,1,135,40,1,3,1,0,0,1,0,1,1,0
40,VÂLCEA,"CĂMINUL CULTURAL DOBRICENI",379,STOENEŞTI,173230,1,PROV,PRCNCT,CJ,CJ_SV,"2020-09-28 01:55:58",1019,1010,0,9,0,603,594,0,9,0,549,54,1110,507,3,126,378,10,12,0,2,2,0,5,9,2,0
40,VÂLCEA,"CĂMINUL CULTURAL DRĂGANI",424,"VALEA MARE",174085,1,PROV,PRCNCT,CJ,CJ_SV,"2020-09-28 00:38:55",465,434,3,27,1,282,254,0,27,1,260,22,480,198,0,119,98,5,7,2,11,1,3,0,14,0,0
40,VÂLCEA,"CĂMINUL CULTURAL FOLEȘTII DE JOS",414,TOMŞANI,173935,1,PROV,PRCNCT,CJ,CJ_SV,"2020-09-28 02:01:30",678,669,0,9,0,406,397,0,9,0,366,40,740,334,15,204,116,6,5,2,8,3,0,2,2,1,2
40,VÂLCEA,"CĂMINUL CULTURAL FUMURENI",278,LUNGEŞTI,170952,1,PROV,PRCNCT,CJ,CJ_SV,"2020-09-28 01:51:53",564,533,0,15,16,347,316,0,15,16,315,32,580,233,13,81,95,1,1,4,15,0,3,3,94,5,0
40,VÂLCEA,"CĂMINUL CULTURAL GALICEA",233,GALICEA,169994,1,PROV,PRCNCT,CJ,CJ_SV,"2020-09-28 01:47:38",580,563,0,5,12,580,563,0,5,12,549,31,1030,450,3,337,134,16,3,3,19,2,1,5,22,3,1
40,VÂLCEA,"CĂMINUL CULTURAL GHIOROIU",241,GHIOROIU,170097,1,PROV,PRCNCT,CJ,CJ_SV,"2020-09-28 00:58:34",496,449,0,29,18,338,291,0,29,18,300,38,510,172,15,115,107,30,2,1,20,1,2,5,0,2,0
40,VÂLCEA,"CĂMINUL CULTURAL GURA VĂII",182,BUJORENI,168880,1,PROV,PRCNCT,CJ,CJ_SV,"2020-09-27 23:29:48",1168,1148,1,10,9,634,615,0,10,9,591,43,1270,636,8,226,127,12,14,20,26,5,3,18,106,23,3
40,VÂLCEA,"CĂMINUL CULTURAL GUŞOIANCA",255,GUŞOENI,170444,3,PROV,PRCNCT,CJ,CJ_SV,"2020-09-28 04:41:57",480,462,0,4,14,324,308,0,4,12,303,21,510,186,11,184,93,2,0,0,3,4,2,1,0,1,2
40,VÂLCEA,"CĂMINUL CULTURAL IZVORU RECE",418,VAIDEENI,174021,1,PROV,PRCNCT,CJ,CJ_SV,"2020-09-28 00:53:54",642,610,2,5,25,421,391,0,5,25,389,32,700,279,5,195,134,7,12,1,9,1,3,2,5,15,0
40,VÂLCEA,"CĂMINUL CULTURAL MĂGURA",295,MIHĂEŞTI,171325,1,PROV,PRCNCT,CJ,CJ_SV,"2020-09-28 00:46:31",748,735,0,13,0,423,410,0,13,0,406,17,810,387,8,214,92,4,2,2,68,1,0,1,10,2,2
40,VÂLCEA,"CĂMINUL CULTURAL MARIŢA",419,VAIDEENI,174021,2,PROV,PRCNCT,CJ,CJ_SV,"2020-09-28 09:38:20",484,463,0,16,5,284,263,0,16,5,258,26,510,226,4,161,59,0,1,4,1,8,5,0,4,11,0
40,VÂLCEA,"CÃMINUL CULTURAL MITROFANI",305,MITROFANI,174520,5,PROV,PRCNCT,CJ,CJ_SV,"2020-09-28 04:10:29",576,541,0,17,18,412,377,0,17,18,395,17,620,208,9,233,126,6,2,2,4,1,4,1,5,2,0
40,VÂLCEA,"CĂMINUL CULTURAL MLĂCENI",331,PERIŞANI,172153,1,PROV,PRCNCT,CJ,CJ_SV,"2020-09-27 23:14:17",433,430,0,3,0,274,271,0,3,0,239,35,470,196,7,40,149,4,5,0,20,6,4,0,0,3,1
40,VÂLCEA,"CĂMINUL CULTURAL OTEŞANI",321,OTEŞANI,171931,1,PROV,PRCNCT,CJ,CJ_SV,"2020-09-28 03:36:39",1111,1080,0,7,24,630,599,0,7,24,561,69,1190,560,11,213,273,28,8,2,7,1,1,2,11,1,3
40,VÂLCEA,"CĂMINUL CULTURAL PĂUŞEŞTI",324,PĂUŞEŞTI,171995,1,PROV,PRCNCT,CJ,CJ_SV,"2020-09-28 00:49:02",745,744,0,1,0,458,457,0,1,0,405,53,820,362,8,158,37,4,2,6,6,2,3,6,162,8,3
40,VÂLCEA,"CĂMINUL CULTURAL PERIŞANI",330,PERIŞANI,172153,1,PROV,PRCNCT,CJ,CJ_SV,"2020-09-28 00:49:07",459,455,0,3,1,295,291,0,3,1,272,23,510,215,11,51,163,10,9,2,13,7,2,1,1,2,0
40,VÂLCEA,"CĂMINUL CULTURAL PISCU MARE",380,STOENEŞTI,173230,2,PROV,PRCNCT,CJ,CJ_SV,"2020-09-28 06:06:01",514,502,0,12,0,305,293,0,12,0,286,19,560,255,1,130,107,6,6,1,4,0,3,1,25,1,1
40,VÂLCEA,"CĂMINUL CULTURAL POJOGI - CERNA",390,STROEŞTI,173533,1,PROV,PRCNCT,CJ,CJ_SV,"2020-09-28 00:16:19",217,199,0,8,10,139,121,0,8,10,124,15,230,91,1,43,69,3,3,0,0,0,0,0,5,0,0
40,VÂLCEA,"CĂMINUL CULTURAL POPEŞTI",246,GOLEŞTI,170220,1,PROV,PRCNCT,CJ,CJ_SV,"2020-09-28 01:57:47",773,753,0,7,13,467,447,0,7,13,431,36,860,393,12,163,180,11,4,2,8,1,9,4,32,3,2
40,VÂLCEA,"CĂMINUL CULTURAL POPEŞTI",339,POPEŞTI,172377,1,PROV,PRCNCT,CJ,CJ_SV,"2020-09-28 00:49:50",402,370,0,13,19,287,255,0,13,19,267,20,430,143,3,159,82,8,4,1,1,4,1,0,3,0,1
40,VÂLCEA,"CĂMINUL CULTURAL RACOVIŢA",345,RACOVIŢA,172509,2,PROV,PRCNCT,CJ,CJ_SV,"2020-09-28 03:02:02",829,768,0,49,12,567,506,0,49,12,519,48,900,333,11,287,128,4,12,38,18,2,3,5,10,0,1
40,VÂLCEA,"CĂMINUL CULTURAL RĂDĂCINEŞTI",168,BERISLĂVEŞTI,168675,1,PROV,PRCNCT,CJ,CJ_SV,"2020-09-28 01:14:34",566,531,0,21,14,395,360,0,21,14,367,28,590,195,1,151,166,6,15,1,2,4,2,2,15,2,0
40,VÂLCEA,"CĂMINUL CULTURAL RÂMEȘTI",150,"ORAŞ HOREZU",168041,1,PROV,PRCNCT,CJ,CJ_SV,"2020-09-28 00:39:05",383,371,0,12,0,238,226,0,12,0,221,17,410,172,3,121,69,2,1,4,8,0,1,0,6,4,2
40,VÂLCEA,"CĂMINUL CULTURAL ROBAIA",169,BERISLĂVEŞTI,168675,3,PROV,PRCNCT,CJ,CJ_SV,"2020-09-28 10:19:21",208,196,0,11,1,144,132,0,11,1,133,11,220,76,1,86,42,0,2,1,0,0,0,0,1,0,0
40,VÂLCEA,"CĂMINUL CULTURAL ROBEȘTI",189,CÂINENI,169119,3,PROV,PRCNCT,CJ,CJ_SV,"2020-09-28 06:01:30",190,170,0,18,2,118,98,0,18,2,102,10,190,78,3,32,51,3,1,0,2,1,0,0,7,0,2
40,VÂLCEA,"CĂMINUL CULTURAL ROMANII DE SUS",152,"ORAŞ HOREZU",168041,1,PROV,PRCNCT,CJ,CJ_SV,"2020-09-28 00:49:19",279,271,0,7,1,174,166,0,7,1,156,18,300,126,1,75,35,1,4,0,10,5,2,0,19,2,2
40,VÂLCEA,"CĂMINUL CULTURAL SĂLĂTRUCEL",360,SĂLĂTRUCEL,172894,1,PROV,PRCNCT,CJ,CJ_SV,"2020-09-28 04:38:22",1219,1187,2,18,12,798,767,1,18,12,734,64,1310,512,7,341,267,27,14,1,20,10,6,5,22,8,6
40,VÂLCEA,"CĂMINUL CULTURAL ŞERBĂNEŞTI",325,PĂUŞEŞTI,171995,1,PROV,PRCNCT,CJ,CJ_SV,"2020-09-27 23:19:10",486,484,0,2,0,304,302,0,2,0,269,35,540,236,6,107,38,1,6,3,4,0,2,1,99,1,1
40,VÂLCEA,"CĂMINUL CULTURAL SPINU",333,PERIŞANI,172153,1,PROV,PRCNCT,CJ,CJ_SV,"2020-09-27 23:29:01",293,292,0,1,0,169,168,0,1,0,148,21,330,161,9,40,77,2,1,0,5,10,1,2,0,1,0
40,VÂLCEA,"CĂMINUL CULTURAL STOENESTI",377,STOENEŞTI,173230,1,PROV,PRCNCT,CJ,CJ_SV,"2020-09-28 03:17:15",904,877,1,26,0,600,573,1,26,0,564,36,1040,440,11,92,394,11,22,0,14,2,3,4,10,0,1
40,VÂLCEA,"CĂMINUL CULTURAL STOENEŞTI",166,BERISLĂVEŞTI,168675,1,PROV,PRCNCT,CJ,CJ_SV,"2020-09-28 01:55:00",787,759,0,21,7,556,528,0,21,7,524,32,858,302,8,278,209,4,3,1,10,1,4,3,2,1,0
40,VÂLCEA,"CĂMINUL CULTURAL TĂNĂSEȘTI",153,"ORAŞ HOREZU",168041,1,PROV,PRCNCT,CJ,CJ_SV,"2020-09-28 00:44:26",129,118,0,10,1,90,79,0,10,1,83,7,130,40,1,39,28,2,4,1,4,0,0,0,2,1,1
40,VÂLCEA,"CĂMINUL CULTURAL TETOIU",406,TETOIU,173855,1,PROV,PRCNCT,CJ,CJ_SV,"2020-09-28 01:58:55",566,525,0,26,15,341,300,0,26,15,306,35,586,245,27,157,65,26,16,1,5,2,3,3,0,0,1
40,VÂLCEA,"CĂMINUL CULTURAL TOMŞANI",412,TOMŞANI,173935,1,PROV,PRCNCT,CJ,CJ_SV,"2020-09-28 01:19:24",948,941,0,6,1,589,582,0,6,1,545,44,1050,461,6,311,150,17,6,3,11,3,6,14,9,4,5
40,VÂLCEA,"CĂMINUL CULTURAL URȘANI",146,"ORAŞ HOREZU",168041,1,PROV,PRCNCT,CJ,CJ_SV,"2020-09-28 00:26:28",401,385,1,13,2,272,256,1,13,2,256,16,500,228,4,133,48,2,3,1,43,1,0,4,10,1,6
40,VÂLCEA,"CĂMINUL CULTURAL UŞUREI",400,ŞUŞANI,173793,2,PROV,PRCNCT,CJ,CJ_SV,"2020-09-28 06:14:49",466,438,0,23,5,301,273,0,23,5,280,21,580,279,4,128,125,7,3,1,8,0,3,1,0,0,0
40,VÂLCEA,"CĂMINUL CULTURAL VAIDEENI",417,VAIDEENI,174021,1,PROV,PRCNCT,CJ,CJ_SV,"2020-09-28 03:24:33",1235,1189,0,10,36,821,775,0,10,36,723,98,1310,489,13,426,178,1,3,42,5,3,3,2,35,8,4
40,VÂLCEA,"CĂMINUL CULTURAL VAIDEENI",416,VAIDEENI,174021,1,PROV,PRCNCT,CJ,CJ_SV,"2020-09-28 02:00:55",944,890,0,16,38,605,551,0,16,38,568,37,1080,475,9,340,139,11,3,5,12,1,2,7,32,6,1
40,VÂLCEA,"CĂMINUL CULTURAL VULPUEŞTI",296,MIHĂEŞTI,171325,1,PROV,PRCNCT,CJ,CJ_SV,"2020-09-28 01:12:39",643,638,0,5,0,318,313,0,5,0,296,22,700,382,2,181,76,3,3,2,16,0,2,5,2,2,2
40,VÂLCEA,"CĂMINUL CULTURAL ZMEURĂTU",381,STOENEŞTI,173230,1,PROV,PRCNCT,CJ,CJ_SV,"2020-09-28 01:13:09",152,140,0,12,0,152,140,0,12,0,79,7,160,74,0,25,43,1,3,0,1,0,0,0,4,0,2
40,VÂLCEA,"CARTIER PETRIŞOR - PT8",49,"MUNICIPIUL RÂMNICU VÂLCEA",167473,1,PROV,PRCNCT,CJ,CJ_SV,"2020-09-28 03:31:00",1552,1545,0,6,1,489,482,0,6,1,467,22,1720,1231,13,162,125,10,10,3,39,7,11,5,63,8,11
40,VÂLCEA,"CASA CĂSĂTORIILOR DIN CADRUL CLĂDIRII BIBLIOTECII COMUNALE",172,BUDEŞTI,168791,1,PROV,PRCNCT,CJ,CJ_SV,"2020-09-28 04:06:47",1302,1285,3,13,1,671,657,0,13,1,633,38,1450,779,15,129,376,7,19,2,40,0,3,9,15,14,4
40,VÂLCEA,"CASA DE CULTURĂ CONSTANTIN BRÂNCOVEANU",149,"ORAŞ HOREZU",168041,1,PROV,PRCNCT,CJ,CJ_SV,"2020-09-28 05:56:25",1104,1083,0,11,10,680,660,0,11,9,622,38,1200,520,22,302,160,10,8,1,54,3,5,1,38,7,11
40,VÂLCEA,"CASA DE CULTURĂ SLĂTIOARA",369,SLĂTIOARA,173061,1,PROV,PRCNCT,CJ,CJ_SV,"2020-09-28 00:30:26",795,790,0,4,1,480,475,0,4,1,455,25,910,430,11,327,51,16,1,2,8,2,2,8,23,0,4
40,VÂLCEA,"CENTRUL CULTURAL TEPŞENARI",304,MILCOIU,171469,2,PROV,PRCNCT,CJ,CJ_SV,"2020-09-28 04:49:24",367,324,0,43,0,270,227,0,43,0,243,27,360,90,6,70,93,8,37,2,10,1,4,2,3,1,6
40,VÂLCEA,"CENTRUL DE INFORMARE TURISTICA CACIULATA",142,"ORAŞ CĂLIMĂNEŞTI",167909,1,PROV,PRCNCT,CJ,CJ_SV,"2020-09-28 00:25:34",610,602,0,8,0,264,256,0,8,0,250,14,660,396,3,63,120,4,3,2,19,8,1,3,20,3,1
40,VÂLCEA,"CENTRUL DE INFORMARE TURISTICĂ CĂLIMĂNEŞTI",141,"ORAŞ CĂLIMĂNEŞTI",167909,1,PROV,PRCNCT,CJ,CJ_SV,"2020-09-28 02:03:08",519,505,0,13,1,237,223,0,13,1,223,14,560,323,3,69,67,8,3,2,12,24,1,0,28,5,1
40,VÂLCEA,"CENTRUL DE ÎNGRIJIRE ȘI ASISTENȚĂ PENTRU PERSOANE VARSTNICE",225,FÂRTĂŢEŞTI,169681,1,PROV,PRCNCT,CJ,CJ_SV,"2020-09-27 22:40:59",412,366,0,39,7,258,212,0,39,7,248,10,400,142,0,25,197,1,8,0,0,1,0,3,9,0,4
40,VÂLCEA,"CENTRUL SOCIAL OBROCEŞTI",389,STROEŞTI,173533,1,PROV,PRCNCT,CJ,CJ_SV,"2020-09-28 00:44:46",282,266,0,13,3,172,156,0,13,3,145,27,300,128,4,56,49,0,6,0,5,0,0,0,20,5,0
40,VÂLCEA,"CENTRU SOCIAL RUDA",176,BUDEŞTI,168791,1,PROV,PRCNCT,CJ,CJ_SV,"2020-09-28 01:04:51",457,450,0,7,0,253,246,0,7,0,236,17,500,247,3,75,139,0,3,4,3,0,1,1,6,1,0
40,VÂLCEA,"CLĂDIRE GRĂDINIȚĂ PÎRÎIENII DE JOS",275,LIVEZI,170872,1,PROV,PRCNCT,CJ,CJ_SV,"2020-09-28 00:53:03",964,921,1,22,20,569,526,1,22,20,525,44,1040,471,5,334,56,55,20,1,26,2,3,6,11,0,6
40,VÂLCEA,"CLĂDIRE ȘCOALĂ I-IV TINA",273,LIVEZI,170872,2,PROV,PRCNCT,CJ,CJ_SV,"2020-09-28 13:53:36",614,575,0,29,10,402,363,0,29,10,353,49,700,298,4,159,56,53,13,0,23,4,0,1,34,1,5
40,VÂLCEA,"CLUBUL COPIILOR HOREZU",148,"ORAŞ HOREZU",168041,2,PROV,PRCNCT,CJ,CJ_SV,"2020-09-28 04:02:43",1067,1049,4,13,1,593,577,2,13,1,565,28,1196,603,11,266,145,10,13,5,43,12,8,4,26,11,11
40,VÂLCEA,"COLEGIUL ECONOMIC",53,"MUNICIPIUL RÂMNICU VÂLCEA",167473,1,PROV,PRCNCT,CJ,CJ_SV,"2020-09-28 01:57:59",1103,1092,0,11,0,391,380,0,11,0,375,16,1220,829,9,123,124,8,10,2,48,3,7,3,24,3,11
40,VÂLCEA,"COLEGIUL ECONOMIC",54,"MUNICIPIUL RÂMNICU VÂLCEA",167473,2,PROV,PRCNCT,CJ,CJ_SV,"2020-09-28 04:37:38",1090,1074,1,13,2,391,376,0,13,2,384,7,1200,808,6,147,105,14,10,1,35,4,2,0,43,6,11
40,VÂLCEA,"COLEGIUL ECONOMIC",55,"MUNICIPIUL RÂMNICU VÂLCEA",167473,1,PROV,PRCNCT,CJ,CJ_SV,"2020-09-28 01:46:16",1108,1095,0,13,0,360,347,0,13,0,343,17,1220,860,13,137,88,12,10,2,32,2,7,0,31,7,2
40,VÂLCEA,"COLEGIUL ENERGETIC",1,"MUNICIPIUL RÂMNICU VÂLCEA",167473,1,PROV,PRCNCT,CJ,CJ_SV,"2020-09-28 04:46:18",1743,1732,3,7,1,598,590,0,7,1,574,24,1930,1332,14,145,201,18,19,2,48,6,4,5,80,18,14
40,VÂLCEA,"COLEGIUL ENERGETIC",2,"MUNICIPIUL RÂMNICU VÂLCEA",167473,1,PROV,PRCNCT,CJ,CJ_SV,"2020-09-28 01:10:35",911,898,3,10,0,341,331,0,10,0,333,8,1040,699,10,90,96,18,10,4,43,2,9,5,34,5,7
40,VÂLCEA,"COLEGIUL NAȚIONAL ALEXANDRU LAHOVARI",30,"MUNICIPIUL RÂMNICU VÂLCEA",167473,1,PROV,PRCNCT,CJ,CJ_SV,"2020-09-28 04:40:40",1403,1379,10,14,0,503,489,0,14,0,494,9,1560,1057,19,161,144,18,12,1,56,9,5,7,52,9,1
40,VÂLCEA,"COLEGIUL NAȚIONAL ALEXANDRU LAHOVARI",29,"MUNICIPIUL RÂMNICU VÂLCEA",167473,2,PROV,PRCNCT,CJ,CJ_SV,"2020-09-28 01:40:27",1066,1051,6,9,0,386,377,0,9,0,381,5,1180,794,13,112,129,10,5,0,48,7,5,2,40,9,1
40,VÂLCEA,"COLEGIUL NAŢIONAL DE INFORMATICĂ ”MATEI BASARAB”",14,"MUNICIPIUL RÂMNICU VÂLCEA",167473,1,PROV,PRCNCT,CJ,CJ_SV,"2020-09-27 23:42:32",1021,1009,4,8,0,293,284,1,8,0,286,7,1130,837,11,108,77,5,11,2,23,3,0,2,37,3,4
40,VÂLCEA,"COLEGIUL NAŢIONAL DE INFORMATICĂ ”MATEI BASARAB”",16,"MUNICIPIUL RÂMNICU VÂLCEA",167473,1,PROV,PRCNCT,CJ,CJ_SV,"2020-09-28 01:59:34",1048,1041,0,7,0,344,337,0,7,0,337,7,1170,826,6,102,124,8,5,2,39,3,4,0,34,6,4
40,VÂLCEA,"COLEGIUL NAŢIONAL DE INFORMATICĂ ”MATEI BASARAB”",15,"MUNICIPIUL RÂMNICU VÂLCEA",167473,1,PROV,PRCNCT,CJ,CJ_SV,"2020-09-28 00:39:42",789,778,0,11,0,274,263,0,11,0,260,14,880,606,5,83,68,7,6,1,42,0,7,3,29,5,4
40,VÂLCEA,"COLEGIUL NAŢIONAL DE INFORMATICĂ ”MATEI BASARAB”",17,"MUNICIPIUL RÂMNICU VÂLCEA",167473,1,PROV,PRCNCT,CJ,CJ_SV,"2020-09-28 00:00:57",1293,1280,1,12,0,437,425,0,12,0,422,15,1420,983,7,152,114,14,14,2,41,4,3,5,44,11,11
40,VÂLCEA,"COLEGIUL NAȚIONAL GIB MIHĂESCU",99,"MUNICIPIUL DRĂGĂŞANI",167981,1,PROV,PRCNCT,CJ,CJ_SV,"2020-09-28 04:08:50",1491,1467,0,19,5,567,543,0,19,5,539,28,1629,1062,17,181,171,49,13,4,46,4,1,4,25,12,12
40,VÂLCEA,"DADP - SEDIU, BL A17",34,"MUNICIPIUL RÂMNICU VÂLCEA",167473,1,PROV,PRCNCT,CJ,CJ_SV,"2020-09-28 03:19:46",1854,1837,4,13,0,628,615,0,13,0,618,10,2050,1422,14,184,231,14,9,2,85,2,4,4,59,7,3
40,VÂLCEA,"DIRECȚIA ADMINISTRĂRII DOMENIULUI PUBLIC",70,"MUNICIPIUL RÂMNICU VÂLCEA",167473,1,PROV,PRCNCT,CJ,CJ_SV,"2020-09-28 03:55:54",1639,1591,6,8,34,760,718,0,8,34,744,16,1730,970,25,207,224,21,11,13,83,6,13,4,113,12,12
40,VÂLCEA,"FOSTA ŞCOALĂ CU CLASELE I-IV BODEŞTI",163,BĂRBĂTEŞTI,168559,1,PROV,PRCNCT,CJ,CJ_SV,"2020-09-27 23:19:48",765,760,0,5,0,412,407,0,5,0,352,60,860,448,5,231,40,4,4,2,11,4,2,6,35,5,3
40,VÂLCEA,"FOSTA ȘCOALA CU CLASELE I-IV GIULEȘTII DE SUS",224,FÂRTĂŢEŞTI,169681,1,PROV,PRCNCT,CJ,CJ_SV,"2020-09-27 23:31:52",283,262,0,15,6,183,162,0,15,6,172,11,290,107,0,27,122,1,2,1,3,0,1,3,11,0,1
40,VÂLCEA,"FOSTA ȘCOALA CU CLASELE I-VIII OCNIŢA",156,"ORAŞ OCNELE MARI",168130,2,PROV,PRCNCT,CJ,CJ_SV,"2020-09-28 05:24:39",1439,1371,2,45,21,1015,949,0,45,21,956,59,1540,525,109,415,321,15,12,6,17,1,9,4,24,11,12
40,VÂLCEA,"FOSTA ŞCOALĂ DEJOI",221,FÂRTĂŢEŞTI,169681,2,PROV,PRCNCT,CJ,CJ_SV,"2020-09-28 03:08:51",454,370,0,61,23,293,209,0,61,23,260,33,410,117,4,61,118,5,26,5,4,1,3,2,26,2,3
40,VÂLCEA,"FOSTA ŞCOALĂ NEMOIU",162,AMĂRĂŞTI,168309,4,PROV,PRCNCT,CJ,CJ_SV,"2020-09-28 04:25:24",655,602,0,22,31,435,382,0,22,31,404,31,700,265,3,144,185,14,4,1,19,3,4,2,20,3,2
40,VÂLCEA,"FOSTA ŞCOALĂ PERTEŞTI",356,ROŞIILE,172698,2,PROV,PRCNCT,CJ,CJ_SV,"2020-09-28 02:30:47",50,42,0,8,0,35,27,0,8,0,31,4,50,15,2,5,6,0,10,0,0,7,0,0,1,0,0
40,VÂLCEA,"FOSTA ŞCOALÃ RACU",306,MITROFANI,174520,3,PROV,PRCNCT,CJ,CJ_SV,"2020-09-28 02:38:38",240,225,0,11,4,186,171,0,11,4,161,25,250,64,8,110,30,4,1,0,8,0,0,0,0,0,0
40,VÂLCEA,"FOSTA ŞCOALA VERDEA",392,SUTEŞTI,173597,1,PROV,PRCNCT,CJ,CJ_SV,"2020-09-28 01:00:52",453,421,1,27,4,313,282,0,27,4,291,22,470,157,3,112,138,3,20,1,1,0,4,2,0,4,3
40,VÂLCEA,"FOSTUL LOCAL AL GRĂDINIŢEI CU PROGRAM NORMAL BODEŞTI, SAT BODEŞTI",158,ALUNU,168229,1,PROV,PRCNCT,CJ,CJ_SV,"2020-09-28 01:42:48",306,299,0,7,0,184,177,0,7,0,166,18,330,146,6,51,73,1,4,2,16,1,1,2,7,2,0
40,VÂLCEA,"GRĂDINIȚA BULETA",294,MIHĂEŞTI,171325,2,PROV,PRCNCT,CJ,CJ_SV,"2020-09-28 11:30:33",1215,1205,0,9,1,605,595,0,9,1,555,50,1390,785,18,258,142,6,16,1,78,1,2,3,16,4,10
40,VÂLCEA,"GRĂDINIȚA CAPUL DEALULUI",104,"MUNICIPIUL DRĂGĂŞANI",167981,1,PROV,PRCNCT,CJ,CJ_SV,"2020-09-28 01:44:09",787,776,1,10,0,326,316,0,10,0,308,18,860,534,14,131,62,28,5,3,18,2,3,3,30,8,1
40,VÂLCEA,"GRĂDINIŢA CĂZĂNEŞTI",89,"MUNICIPIUL RÂMNICU VÂLCEA",167473,1,PROV,PRCNCT,CJ,CJ_SV,"2020-09-28 00:54:40",988,979,0,9,0,392,383,0,9,0,375,17,1100,708,9,133,115,9,9,3,16,5,9,9,46,7,5
40,VÂLCEA,"GRĂDINIŢA CUMPENE",373,SLĂTIOARA,173061,1,PROV,PRCNCT,CJ,CJ_SV,"2020-09-28 00:25:43",418,407,0,11,0,216,205,0,11,0,195,21,450,234,7,143,18,2,3,0,7,7,0,1,4,2,1
40,VÂLCEA,"GRĂDINIȚA CU PROGRAM NORMAL IZVORU",203,CREŢENI,169306,1,PROV,PRCNCT,CJ,CJ_SV,"2020-09-28 00:06:36",471,466,0,4,1,288,283,0,4,1,270,18,520,232,2,108,117,2,10,0,4,1,1,2,21,1,1
40,VÂLCEA,"GRĂDINIȚA CU PROGRAM NORMAL LUNCA-CONTAINER MODULAR",180,BUJORENI,168880,1,PROV,PRCNCT,CJ,CJ_SV,"2020-09-28 01:06:32",629,619,0,8,2,400,390,0,8,2,340,60,680,280,3,47,32,5,8,186,8,1,2,4,40,3,1
40,VÂLCEA,"GRĂDINIȚA CU PROGRAM NORMAL NR.1- PARTER",133,"ORAŞ BREZOI",167794,1,PROV,PRCNCT,CJ,CJ_SV,"2020-09-28 02:15:07",985,971,2,9,3,321,309,0,9,3,300,21,1060,739,4,92,123,5,5,3,12,18,0,2,31,5,0
40,VÂLCEA,"GRĂDINIŢA CU PROGRAM NORMAL NR. 8",102,"MUNICIPIUL DRĂGĂŞANI",167981,3,PROV,PRCNCT,CJ,CJ_SV,"2020-09-28 03:57:16",558,544,0,14,0,364,350,0,14,0,305,59,610,246,4,176,30,27,0,50,2,3,2,4,4,2,1
40,VÂLCEA,"GRĂDINIȚA CU PROGRAM NORMAL ROȘIA",160,ALUNU,168229,1,PROV,PRCNCT,CJ,CJ_SV,"2020-09-28 03:59:13",482,469,0,13,0,334,321,0,13,0,313,21,520,186,5,252,23,2,2,2,8,4,0,7,7,1,0
40,VÂLCEA,"GRĂDINIŢA CU PROGRAM NORMAL SĂLIŞTE",282,MALAIA,171021,1,PROV,PRCNCT,CJ,CJ_SV,"2020-09-27 22:40:28",240,232,0,6,2,170,162,0,6,2,164,6,260,90,8,72,65,1,11,0,3,1,1,0,0,1,1
40,VÂLCEA,"GRĂDINIȚA CU PROGRAM NORMAL STREMINOASA",204,CREŢENI,169306,1,PROV,PRCNCT,CJ,CJ_SV,"2020-09-28 01:10:21",490,472,0,9,9,356,338,0,9,9,315,41,530,174,2,94,38,1,3,20,28,0,4,3,119,2,1
40,VÂLCEA,"GRĂDINIŢA CU PROGRAM NORMAL ŢUŢURU",253,GRĂDIŞTEA,170346,1,PROV,PRCNCT,CJ,CJ_SV,"2020-09-28 04:48:36",1120,1030,0,43,47,736,646,0,43,47,653,83,1130,394,18,114,455,8,7,0,31,3,7,2,6,1,1
40,VÂLCEA,"GRĂDINIŢA CU PROGRAM NORMAL ZGUBEA",355,ROŞIILE,172698,2,PROV,PRCNCT,CJ,CJ_SV,"2020-09-28 02:03:52",273,266,0,7,0,205,198,0,7,0,183,22,300,95,9,67,74,2,11,0,10,5,2,1,2,0,0
40,VÂLCEA,"GRĂDINIȚA CU PROGRAM PRELUNGIT",134,"ORAŞ BREZOI",167794,1,PROV,PRCNCT,CJ,CJ_SV,"2020-09-28 00:34:44",1074,1064,1,8,1,333,324,0,8,1,320,13,1190,857,7,98,122,12,6,4,5,32,1,1,30,2,0
40,VÂLCEA,"GRĂDINIŢA CU PROGRAM PRELUNGIT ”COZIA”",39,"MUNICIPIUL RÂMNICU VÂLCEA",167473,1,PROV,PRCNCT,CJ,CJ_SV,"2020-09-28 02:42:13",1125,1114,2,9,0,387,378,0,9,0,381,6,1150,763,9,129,105,14,9,0,60,6,5,6,28,5,5
40,VÂLCEA,"GRĂDINIȚA CU PROGRAM PRELUNGIT ”COZIA”",38,"MUNICIPIUL RÂMNICU VÂLCEA",167473,1,PROV,PRCNCT,CJ,CJ_SV,"2020-09-28 00:10:18",1268,1252,7,7,2,473,464,0,7,2,465,8,1400,927,11,150,140,12,7,5,69,7,2,2,44,8,8
40,VÂLCEA,"GRĂDINIŢA CU PROGRAM PRELUNGIT NORD II",6,"MUNICIPIUL RÂMNICU VÂLCEA",167473,1,PROV,PRCNCT,CJ,CJ_SV,"2020-09-28 01:44:18",996,980,0,15,1,339,323,0,15,1,321,18,1130,791,9,94,92,8,12,4,31,7,2,1,51,4,6
40,VÂLCEA,"GRĂDINIŢA CU PROGRAM PRELUNGIT NORD II",7,"MUNICIPIUL RÂMNICU VÂLCEA",167473,2,PROV,PRCNCT,CJ,CJ_SV,"2020-09-28 10:42:02",1022,1008,0,14,0,343,329,0,14,0,331,12,1130,787,17,120,80,8,11,3,26,4,3,4,44,4,7
40,VÂLCEA,"GRĂDINIŢA CU PROGRAM PRELUNGIT NORD II",8,"MUNICIPIUL RÂMNICU VÂLCEA",167473,1,PROV,PRCNCT,CJ,CJ_SV,"2020-09-28 00:37:35",956,948,2,6,0,331,325,0,6,0,325,6,1050,719,11,99,110,7,5,0,36,3,2,4,38,2,8
40,VÂLCEA,"GRĂDINIȚA CU PROGRAM PRELUNGIT NR. 2",95,"MUNICIPIUL DRĂGĂŞANI",167981,1,PROV,PRCNCT,CJ,CJ_SV,"2020-09-28 01:06:59",1300,1287,1,12,0,466,454,0,12,0,443,23,1450,984,14,165,110,33,12,5,42,5,1,0,26,25,5
40,VÂLCEA,"GRĂDINIȚA CU PROGRAM PRELUNGIT OSTROVENI I",59,"MUNICIPIUL RÂMNICU VÂLCEA",167473,1,PROV,PRCNCT,CJ,CJ_SV,"2020-09-28 04:57:49",1267,1255,0,12,0,430,418,0,12,0,415,15,1420,990,12,164,106,17,15,2,35,4,3,4,46,3,4
40,VÂLCEA,"GRĂDINIŢA CU PROGRAM PRELUNGIT OSTROVENI II",68,"MUNICIPIUL RÂMNICU VÂLCEA",167473,1,PROV,PRCNCT,CJ,CJ_SV,"2020-09-28 00:25:30",1053,1045,0,8,0,303,295,0,8,0,297,6,1180,877,5,117,77,16,3,0,32,3,0,3,36,2,3
40,VÂLCEA,"GRĂDINIŢA CU PROGRAM PRELUNGIT OSTROVENI II",69,"MUNICIPIUL RÂMNICU VÂLCEA",167473,1,PROV,PRCNCT,CJ,CJ_SV,"2020-09-28 01:54:18",1265,1252,1,10,2,391,379,0,10,2,378,13,1410,1019,14,145,97,15,12,0,32,5,2,5,41,7,3
40,VÂLCEA,"GRĂDINIȚA CU PROGRAM PRELUNGIT OSTROVENI II",66,"MUNICIPIUL RÂMNICU VÂLCEA",167473,1,PROV,PRCNCT,CJ,CJ_SV,"2020-09-28 01:01:22",1381,1369,1,11,0,449,438,0,11,0,436,13,1540,1091,18,149,127,12,5,1,46,5,4,7,52,6,4
40,VÂLCEA,"GRĂDINIȚA CU PROGRAM PRELUNGIT OSTROVENI II",67,"MUNICIPIUL RÂMNICU VÂLCEA",167473,1,PROV,PRCNCT,CJ,CJ_SV,"2020-09-28 02:13:59",1333,1321,0,12,0,469,457,0,12,0,448,21,1480,1011,14,136,130,15,14,3,38,2,3,6,67,11,9
40,VÂLCEA,"GRĂDINIŢA DEZROBIŢI",230,FRÂNCEŞTI,169896,1,PROV,PRCNCT,CJ,CJ_SV,"2020-09-28 01:15:56",576,567,1,8,0,347,338,1,8,0,306,41,620,273,3,138,141,0,3,1,2,0,0,1,11,3,3
40,VÂLCEA,"GRĂDINIŢA DOBRUŞA DE SUS",399,ŞTEFĂNEŞTI,173748,2,PROV,PRCNCT,CJ,CJ_SV,"2020-09-28 08:42:32",520,477,0,33,10,360,317,0,33,10,311,49,550,190,14,140,87,10,48,2,3,0,0,1,6,0,0
40,VÂLCEA,"GRĂDINIŢA GRECI",284,MATEEŞTI,171067,1,PROV,PRCNCT,CJ,CJ_SV,"2020-09-27 23:54:36",498,465,0,7,26,315,282,0,7,26,287,28,510,195,4,143,68,7,7,0,7,2,0,0,49,0,0
40,VÂLCEA,"GRĂDINIŢA I.C. BRĂTIANU",96,"MUNICIPIUL DRĂGĂŞANI",167981,1,PROV,PRCNCT,CJ,CJ_SV,"2020-09-28 00:32:47",886,874,0,12,0,362,350,0,12,0,322,40,1000,638,3,133,105,34,3,5,15,1,2,1,15,4,1
40,VÂLCEA,"GRĂDINIŢA IZBĂŞEŞTI",302,MILCOIU,171469,1,PROV,PRCNCT,CJ,CJ_SV,"2020-09-27 23:46:17",215,194,0,21,0,149,128,0,21,0,136,13,210,61,4,39,56,8,17,1,4,0,3,0,1,1,2
40,VÂLCEA,"GRĂDINIȚA MIHĂEȘTI",299,MIHĂEŞTI,171325,1,PROV,PRCNCT,CJ,CJ_SV,"2020-09-28 01:53:53",934,921,0,13,0,499,486,0,13,0,455,44,1020,521,16,228,95,4,5,3,88,0,4,4,4,4,0
40,VÂLCEA,"GRĂDINIŢA MILEŞTI",219,FĂUREŞTI,169583,1,PROV,PRCNCT,CJ,CJ_SV,"2020-09-28 02:56:36",547,506,0,29,12,341,300,0,29,12,314,27,570,229,4,56,209,5,19,2,11,0,1,0,3,0,4
40,VÂLCEA,"GRĂDINIŢA NEGRENI",228,FRÂNCEŞTI,169896,1,PROV,PRCNCT,CJ,CJ_SV,"2020-09-28 01:01:27",411,402,0,9,0,242,233,0,9,0,223,19,440,198,3,92,116,1,4,0,2,0,0,1,3,0,1
40,VÂLCEA,"GRĂDINIȚA NR.1 (PECO)",126,"ORAŞ BERBEŞTI",168602,1,PROV,PRCNCT,CJ,CJ_SV,"2020-09-28 02:48:32",954,938,1,14,1,396,381,0,14,1,384,12,1110,714,4,162,90,26,2,4,19,1,2,6,50,7,11
40,VÂLCEA,"GRĂDINIȚA NR. 2 BLOCURI",127,"ORAŞ BERBEŞTI",168602,1,PROV,PRCNCT,CJ,CJ_SV,"2020-09-28 05:49:34",1109,1084,1,15,9,591,566,1,15,9,567,24,1220,629,7,235,149,11,7,5,31,2,5,7,96,7,5
40,VÂLCEA,"GRĂDINIŢA RACOVIŢA",178,BUDEŞTI,168791,1,PROV,PRCNCT,CJ,CJ_SV,"2020-09-28 02:36:53",889,875,2,12,0,392,380,0,12,0,364,28,960,568,5,80,174,19,6,2,58,0,3,4,10,3,0
40,VÂLCEA,"GRĂDINIŢA ŞERBĂNEŞTI",397,ŞTEFĂNEŞTI,173748,1,PROV,PRCNCT,CJ,CJ_SV,"2020-09-28 02:09:01",707,663,1,27,16,475,432,0,27,16,420,55,750,275,14,146,87,77,62,5,8,2,4,1,10,3,1
40,VÂLCEA,"GRĂDINIŢA SILEA",320,ORLEŞTI,171879,1,PROV,PRCNCT,CJ,CJ_SV,"2020-09-28 03:04:20",884,860,1,7,16,499,476,0,7,16,449,50,940,441,7,160,210,4,12,2,5,2,8,0,34,2,3
40,VÂLCEA,"GRĂDINIŢA STUPĂREI",298,MIHĂEŞTI,171325,1,PROV,PRCNCT,CJ,CJ_SV,"2020-09-28 01:05:34",742,727,0,12,3,393,378,0,12,3,368,25,800,407,4,120,146,5,2,11,45,1,4,4,19,6,1
40,VÂLCEA,"GRĂDINIŢA ULMETU",195,COPĂCENI,169182,1,PROV,PRCNCT,CJ,CJ_SV,"2020-09-28 03:13:09",1160,1146,0,14,0,681,667,0,14,0,618,63,1270,589,16,463,81,11,10,3,6,1,15,2,8,0,2
40,VÂLCEA,"GRĂDINIŢA VALEA MARE",421,"VALEA MARE",174085,2,PROV,PRCNCT,CJ,CJ_SV,"2020-09-28 02:55:17",541,506,0,28,7,353,319,0,28,6,324,29,570,217,24,146,134,4,2,2,4,0,1,1,6,0,0
40,VÂLCEA,"GRĂDINIŢA VIIŞOARA",232,FRÂNCEŞTI,169896,1,PROV,PRCNCT,CJ,CJ_SV,"2020-09-27 23:42:12",243,229,0,14,0,168,154,0,14,0,154,14,250,82,2,68,76,0,5,0,3,0,0,0,0,0,0
40,VÂLCEA,"GRUP ȘCOLAR PREDA BUZESCU",129,"ORAŞ BERBEŞTI",168602,1,PROV,PRCNCT,CJ,CJ_SV,"2020-09-28 05:15:28",952,921,0,18,13,538,507,0,18,13,492,46,1020,482,10,167,203,13,8,3,13,7,4,5,37,10,12
40,VÂLCEA,"LICEUL CONSTANTIN BRÂNCOVEANU",147,"ORAŞ HOREZU",168041,1,PROV,PRCNCT,CJ,CJ_SV,"2020-09-28 02:16:25",1217,1198,1,15,3,679,661,0,15,3,636,43,1330,651,18,246,205,20,13,3,58,3,1,1,39,11,18
40,VÂLCEA,"LICEUL DE ARTE VICTOR GIULEANU",13,"MUNICIPIUL RÂMNICU VÂLCEA",167473,1,PROV,PRCNCT,CJ,CJ_SV,"2020-09-28 02:16:28",834,822,0,12,0,267,255,0,12,0,260,7,930,663,13,64,90,4,8,2,28,1,3,4,38,3,2
40,VÂLCEA,"LICEUL DE ARTE VICTOR GIULEANU",10,"MUNICIPIUL RÂMNICU VÂLCEA",167473,1,PROV,PRCNCT,CJ,CJ_SV,"2020-09-28 01:09:45",1012,1001,0,11,0,329,318,0,11,0,323,6,1150,821,6,102,101,14,13,0,35,2,3,4,35,4,4
40,VÂLCEA,"LICEUL DE ARTE VICTOR GIULEANU",11,"MUNICIPIUL RÂMNICU VÂLCEA",167473,1,PROV,PRCNCT,CJ,CJ_SV,"2020-09-28 02:35:04",1021,1013,1,7,0,380,373,0,7,0,361,12,1130,757,6,119,122,5,11,0,41,6,3,1,40,1,6
40,VÂLCEA,"LICEUL DE ARTE VICTOR GIULEANU",12,"MUNICIPIUL RÂMNICU VÂLCEA",167473,1,PROV,PRCNCT,CJ,CJ_SV,"2020-09-28 00:08:26",1246,1234,1,11,0,406,395,0,11,0,388,7,1360,965,24,127,104,11,15,7,27,3,5,6,44,10,5
40,VÂLCEA,"LICEUL DE ARTE VICTOR GIULEANU",9,"MUNICIPIUL RÂMNICU VÂLCEA",167473,2,PROV,PRCNCT,CJ,CJ_SV,"2020-09-28 06:11:18",1046,1037,0,9,0,349,340,0,9,0,341,1,1150,797,7,101,106,10,6,3,42,5,5,4,38,9,5
40,VÂLCEA,"LICEUL”GEORGE ŢĂRNEA” BĂBENI",107,"ORAŞ BĂBENI",168372,2,PROV,PRCNCT,CJ,CJ_SV,"2020-09-28 13:50:55",1145,1135,0,10,0,537,527,0,10,0,523,14,1260,723,16,249,161,6,6,6,17,6,2,3,23,22,6
40,VÂLCEA,"LICEUL SANITAR ”ANTIM IVIREANU”",3,"MUNICIPIUL RÂMNICU VÂLCEA",167473,1,PROV,PRCNCT,CJ,CJ_SV,"2020-09-28 01:59:54",1284,1271,2,10,1,450,439,0,10,1,429,21,1460,1010,6,151,128,10,14,1,40,3,2,3,58,6,7
40,VÂLCEA,"LICEUL SANITAR ”ANTIM IVIREANU”",4,"MUNICIPIUL RÂMNICU VÂLCEA",167473,1,PROV,PRCNCT,CJ,CJ_SV,"2020-09-28 01:40:59",1243,1236,1,6,0,353,346,1,6,0,336,17,1370,1017,8,110,94,7,13,2,31,1,2,8,49,6,5
40,VÂLCEA,"LICEUL SANITAR ”ANTIM IVIREANU”",5,"MUNICIPIUL RÂMNICU VÂLCEA",167473,1,PROV,PRCNCT,CJ,CJ_SV,"2020-09-28 00:48:41",1228,1216,1,11,0,425,414,0,11,0,412,13,1370,945,13,129,112,5,5,2,47,3,5,4,66,6,15
40,VÂLCEA,"LICEUL TEHNOLOGIC BĂILE GOVORA",115,"ORAŞ BĂILE GOVORA",167641,1,PROV,PRCNCT,CJ,CJ_SV,"2020-09-28 02:56:51",995,955,2,23,15,639,600,1,23,15,602,37,1040,401,15,196,168,12,34,2,27,3,3,2,111,21,8
40,VÂLCEA,"LICEUL TEHNOLOGIC BRĂTIANU",94,"MUNICIPIUL DRĂGĂŞANI",167981,1,PROV,PRCNCT,CJ,CJ_SV,"2020-09-28 02:09:49",414,401,0,13,0,414,401,0,13,0,391,23,1490,1076,11,183,75,26,5,3,39,3,1,4,29,5,7
40,VÂLCEA,"LICEUL TEHNOLOGIC BRĂTIANU",93,"MUNICIPIUL DRĂGĂŞANI",167981,1,PROV,PRCNCT,CJ,CJ_SV,"2020-09-28 01:14:01",1431,1420,1,10,0,465,455,0,10,0,448,17,1580,1115,13,189,114,36,7,3,34,2,1,6,31,9,3
40,VÂLCEA,"LICEUL TEHNOLOGIC BRĂTIANU - ȘCOALA PROFESIONALĂ",100,"MUNICIPIUL DRĂGĂŞANI",167981,3,PROV,PRCNCT,CJ,CJ_SV,"2020-09-28 04:57:02",1199,1190,0,9,0,542,533,0,9,0,445,97,1330,788,19,154,86,61,13,65,21,2,2,3,16,2,1
40,VÂLCEA,"LICEUL TEHNOLOGIC ”CĂPITAN NICOLAE PLEŞOIANU”",42,"MUNICIPIUL RÂMNICU VÂLCEA",167473,1,PROV,PRCNCT,CJ,CJ_SV,"2020-09-28 01:53:20",1023,1010,2,11,0,511,499,1,11,0,471,40,1150,639,12,119,123,16,12,10,33,3,8,5,121,5,4
40,VÂLCEA,"LICEUL TEHNOLOGIC ”CĂPITAN NICOLAE PLEŞOIANU”",40,"MUNICIPIUL RÂMNICU VÂLCEA",167473,1,PROV,PRCNCT,CJ,CJ_SV,"2020-09-28 01:01:28",1063,1049,0,14,0,401,387,0,14,0,392,9,1180,779,14,133,124,6,9,0,64,3,1,5,18,6,9
40,VÂLCEA,"LICEUL TEHNOLOGIC ”CĂPITAN NICOLAE PLEŞOIANU”",41,"MUNICIPIUL RÂMNICU VÂLCEA",167473,2,PROV,PRCNCT,CJ,CJ_SV,"2020-09-28 04:52:33",999,988,3,8,0,406,396,2,8,0,402,4,1120,714,15,113,142,4,7,5,51,4,4,4,28,14,11
40,VÂLCEA,"LICEUL TEHNOLOGIC ”CĂPITAN NICOLAE PLEȘOIANU”",43,"MUNICIPIUL RÂMNICU VÂLCEA",167473,1,PROV,PRCNCT,CJ,CJ_SV,"2020-09-28 04:04:35",967,956,2,9,0,409,400,0,9,0,368,41,1090,681,30,125,89,4,3,3,17,5,3,11,70,4,4
40,VÂLCEA,"LICEUL TEHNOLOGIC DE TURISM CĂLIMĂNEŞTI (SALĂ CANTINĂ RESTAURANT)",138,"ORAŞ CĂLIMĂNEŞTI",167909,1,PROV,PRCNCT,CJ,CJ_SV,"2020-09-28 00:03:36",904,898,1,5,0,391,386,0,5,0,373,18,990,599,5,129,109,4,14,1,24,15,2,5,53,7,5
40,VÂLCEA,"LICEUL TEHNOLOGIC FERDINAND I",60,"MUNICIPIUL RÂMNICU VÂLCEA",167473,1,PROV,PRCNCT,CJ,CJ_SV,"2020-09-28 00:17:04",817,806,1,10,0,255,245,0,10,0,242,13,970,715,4,96,49,5,7,4,28,3,0,1,32,8,5
40,VÂLCEA,"LICEUL TEHNOLOGIC FERDINAND I",61,"MUNICIPIUL RÂMNICU VÂLCEA",167473,1,PROV,PRCNCT,CJ,CJ_SV,"2020-09-28 01:53:56",749,742,0,5,2,232,225,0,5,2,220,12,850,618,8,78,49,7,3,2,26,0,0,2,34,3,8
40,VÂLCEA,"LICEUL TEHNOLOGIC FERDINAND I",64,"MUNICIPIUL RÂMNICU VÂLCEA",167473,1,PROV,PRCNCT,CJ,CJ_SV,"2020-09-28 02:24:57",837,826,4,7,0,281,274,0,7,0,274,7,940,659,7,100,69,6,10,1,39,3,1,5,25,4,4
40,VÂLCEA,"LICEUL TEHNOLOGIC FERDINAND I",63,"MUNICIPIUL RÂMNICU VÂLCEA",167473,1,PROV,PRCNCT,CJ,CJ_SV,"2020-09-27 23:26:41",1216,1208,0,8,0,414,406,0,8,0,393,21,1350,936,8,134,89,8,13,4,35,3,8,3,73,13,2
40,VÂLCEA,"LICEUL TEHNOLOGIC FERDINAND I",65,"MUNICIPIUL RÂMNICU VÂLCEA",167473,1,PROV,PRCNCT,CJ,CJ_SV,"2020-09-28 01:11:04",837,824,0,13,0,258,245,0,13,0,251,7,950,692,5,96,64,5,2,0,39,2,3,1,27,4,3
40,VÂLCEA,"LICEUL TEHNOLOGIC FERDINAND I",62,"MUNICIPIUL RÂMNICU VÂLCEA",167473,1,PROV,PRCNCT,CJ,CJ_SV,"2020-09-28 00:37:10",871,859,0,12,0,290,278,0,12,0,281,9,970,680,9,89,84,4,9,2,21,2,0,6,44,7,4
40,VÂLCEA,"LICEUL TEHNOLOGIC FORESTIER",20,"MUNICIPIUL RÂMNICU VÂLCEA",167473,1,PROV,PRCNCT,CJ,CJ_SV,"2020-09-28 00:59:55",866,857,0,9,0,290,281,0,9,0,280,10,980,690,13,70,98,4,4,3,40,2,3,1,26,10,6
40,VÂLCEA,"LICEUL TEHNOLOGIC FORESTIER",19,"MUNICIPIUL RÂMNICU VÂLCEA",167473,1,PROV,PRCNCT,CJ,CJ_SV,"2020-09-28 00:19:28",913,886,2,10,15,346,321,0,10,15,339,7,1030,684,14,120,105,5,11,2,40,3,3,6,18,10,2
40,VÂLCEA,"LICEUL TEHNOLOGIC FORESTIER",18,"MUNICIPIUL RÂMNICU VÂLCEA",167473,1,PROV,PRCNCT,CJ,CJ_SV,"2020-09-28 01:24:15",966,958,2,6,0,353,347,0,6,0,345,8,1090,737,10,98,121,16,5,2,44,3,3,4,26,6,7
40,VÂLCEA,"LICEUL TEHNOLOGIC JUSTINIAN MARINA",117,"ORAŞ BĂILE OLĂNEŞTI",167696,1,PROV,PRCNCT,CJ,CJ_SV,"2020-09-28 03:55:19",1542,1518,0,15,9,886,862,0,15,9,821,65,1710,824,20,453,149,22,16,2,66,12,4,2,64,3,8
40,VÂLCEA,"LICEUL TEHNOLOGIC PETRACHE POENARU",120,"ORAŞ BĂLCEŞTI",168452,3,PROV,PRCNCT,CJ,CJ_SV,"2020-09-28 02:56:12",1039,1019,0,19,1,535,515,0,19,1,508,27,1190,655,33,148,272,11,9,1,14,2,1,2,11,1,3
40,VÂLCEA,"LICEUL TEHNOLOGIC PETRACHE POENARU",121,"ORAŞ BĂLCEŞTI",168452,3,PROV,PRCNCT,CJ,CJ_SV,"2020-09-28 03:13:59",832,823,2,6,1,383,376,0,6,1,355,28,910,527,16,98,199,16,5,2,12,1,1,2,3,0,0
40,VÂLCEA,"LICEUL TEORETIC",286,MĂCIUCA,171101,2,PROV,PRCNCT,CJ,CJ_SV,"2020-09-28 05:50:48",881,779,2,93,7,623,523,0,93,7,557,66,900,277,12,200,310,4,3,2,4,3,4,3,10,1,1
40,VÂLCEA,"LICEUL TEORETIC VIRGIL IERUNCA LĂDEȘTI",267,LĂDEŞTI,170685,1,PROV,PRCNCT,CJ,CJ_SV,"2020-09-28 05:41:37",842,713,1,85,43,598,477,0,82,39,545,53,810,212,31,235,146,20,18,1,6,4,7,2,70,3,2
40,VÂLCEA,"LOCALUL PRIMĂRIEI VOINEASA",428,VOINEASA,174254,2,PROV,PRCNCT,CJ,CJ_SV,"2020-09-28 03:33:22",675,665,0,5,5,412,402,0,5,5,377,35,760,348,23,168,121,10,4,0,19,4,3,3,14,4,4
40,VÂLCEA,"OCOLUL SILVIC LOVIŞTEA",347,RACOVIŢA,172509,1,PROV,PRCNCT,CJ,CJ_SV,"2020-09-27 23:34:26",137,125,0,12,0,119,107,0,12,0,115,4,140,21,0,34,19,1,0,59,2,0,0,0,0,0,0
40,VÂLCEA,"PASAJ PIETONAL",35,"MUNICIPIUL RÂMNICU VÂLCEA",167473,1,PROV,PRCNCT,CJ,CJ_SV,"2020-09-28 00:53:31",827,819,0,8,0,304,296,0,8,0,296,8,819,512,11,85,82,7,5,5,59,1,4,1,26,3,7
40,VÂLCEA,"PASAJ PIETONAL",36,"MUNICIPIUL RÂMNICU VÂLCEA",167473,1,PROV,PRCNCT,CJ,CJ_SV,"2020-09-28 01:47:37",706,687,3,16,0,238,221,1,16,0,233,5,780,542,5,81,79,4,4,0,32,0,2,0,16,6,4
40,VÂLCEA,"PRIMĂRIA FÎRTĂŢEŞTI",220,FÂRTĂŢEŞTI,169681,1,PROV,PRCNCT,CJ,CJ_SV,"2020-09-27 23:19:04",398,336,0,44,18,292,230,0,44,18,278,14,440,148,1,51,199,0,14,0,2,0,1,0,6,0,4
40,VÂLCEA,"PRIMĂRIA MILCOIU",301,MILCOIU,171469,2,PROV,PRCNCT,CJ,CJ_SV,"2020-09-28 04:11:46",317,284,0,32,1,225,192,0,32,1,204,21,419,194,12,78,41,10,49,1,2,1,2,5,0,0,3
40,VÂLCEA,"PRIMĂRIA ORAŞULUI BĂBENI",106,"ORAŞ BĂBENI",168372,1,PROV,PRCNCT,CJ,CJ_SV,"2020-09-28 04:16:47",1774,1744,3,13,14,871,844,0,13,14,804,67,2100,1229,16,446,238,14,8,18,15,8,6,3,21,6,5
40,VÂLCEA,"SALA DE CĂSĂTORII A PRIMĂRIEI",114,"ORAŞ BĂILE GOVORA",167641,1,PROV,PRCNCT,CJ,CJ_SV,"2020-09-28 04:31:51",1183,1129,0,41,13,731,677,0,41,13,691,40,1320,589,31,224,251,8,21,8,11,4,1,3,111,13,5
40,VÂLCEA,"SALA DE SPORT DE LA LICEUL TEORETIC GRĂDIŞTEA",250,GRĂDIŞTEA,170346,1,PROV,PRCNCT,CJ,CJ_SV,"2020-09-28 01:46:37",384,333,0,40,11,260,209,0,40,11,252,8,470,210,5,77,71,8,21,1,43,0,1,2,19,2,2
40,VÂLCEA,"S.C. ALFA FARM S.R.L.",108,"ORAŞ BĂBENI",168372,1,PROV,PRCNCT,CJ,CJ_SV,"2020-09-28 00:23:15",712,707,1,4,0,429,425,0,4,0,409,20,780,351,23,152,174,7,4,9,9,5,5,0,13,7,1
40,VÂLCEA,"ŞCOALA BĂBUEŞTI",208,DĂEŞTI,169351,1,PROV,PRCNCT,CJ,CJ_SV,"2020-09-27 22:52:31",79,67,0,10,2,55,43,0,10,2,50,5,81,26,1,15,32,0,0,0,0,1,0,1,0,0,0
40,VÂLCEA,"ȘCOALA BĂRBUCENI",344,PRUNDENI,172457,1,PROV,PRCNCT,CJ,CJ_SV,"2020-09-28 02:47:24",981,960,0,14,7,473,452,0,14,7,429,44,1070,597,6,170,133,58,19,2,8,3,3,4,15,3,5
40,VÂLCEA,"ŞCOALA BARZA",174,BUDEŞTI,168791,3,PROV,PRCNCT,CJ,CJ_SV,"2020-09-28 06:08:58",905,901,0,3,1,507,503,0,3,1,482,25,990,483,18,198,203,5,8,1,30,1,2,0,10,4,2
40,VÂLCEA,"ŞCOALA BERCIOIU",177,BUDEŞTI,168791,2,PROV,PRCNCT,CJ,CJ_SV,"2020-09-28 02:12:42",296,288,1,6,1,182,175,0,6,1,168,14,320,138,1,68,86,1,0,0,6,0,1,1,1,1,2
40,VÂLCEA,"ŞCOALA BÎRSEŞTI",175,BUDEŞTI,168791,1,PROV,PRCNCT,CJ,CJ_SV,"2020-09-28 01:50:09",764,749,1,14,0,430,416,0,14,0,416,14,830,400,9,135,246,4,7,1,7,0,1,2,2,1,1
40,VÂLCEA,"ŞCOALA BLIDARI",247,GOLEŞTI,170220,1,PROV,PRCNCT,CJ,CJ_SV,"2020-09-28 04:04:59",882,855,1,11,15,623,597,0,11,15,564,27,940,349,11,198,263,11,9,5,17,2,10,3,31,2,2
40,VÂLCEA,"ŞCOALA BRATIA DIN DEAL",238,GALICEA,169994,2,PROV,PRCNCT,CJ,CJ_SV,"2020-09-28 09:36:28",295,288,0,7,0,208,201,0,7,0,195,13,320,112,14,121,33,10,4,0,5,0,0,3,2,1,2
40,VÂLCEA,"ŞCOALA BRATIA DIN VALE",237,GALICEA,169994,1,PROV,PRCNCT,CJ,CJ_SV,"2020-09-27 23:29:05",373,357,1,14,1,240,225,0,14,1,230,10,390,150,3,135,52,2,18,3,11,1,2,1,0,1,1
40,VÂLCEA,"ȘCOALA CĂLINA",343,PRUNDENI,172457,1,PROV,PRCNCT,CJ,CJ_SV,"2020-09-28 01:59:03",1183,1172,0,11,0,598,587,0,11,0,546,52,1300,702,8,229,137,40,58,3,37,6,5,4,13,2,4
40,VÂLCEA,"ŞCOALA CÎRSTĂNEŞTI",322,OTEŞANI,171931,2,PROV,PRCNCT,CJ,CJ_SV,"2020-09-28 04:26:51",1155,1105,0,13,37,696,646,0,13,37,637,59,1220,524,13,218,345,27,7,2,4,2,7,3,6,3,0
40,VÂLCEA,"ŞCOALA COCORU",236,GALICEA,169994,1,PROV,PRCNCT,CJ,CJ_SV,"2020-09-28 01:15:57",547,536,1,8,2,367,356,1,8,2,345,22,590,223,5,206,103,6,1,0,9,1,1,1,9,2,1
40,VÂLCEA,"ŞCOALA COPĂCELU",88,"MUNICIPIUL RÂMNICU VÂLCEA",167473,1,PROV,PRCNCT,CJ,CJ_SV,"2020-09-28 03:08:40",1513,1506,0,7,0,581,574,0,7,0,551,30,1700,1119,20,226,133,9,18,5,34,3,8,4,67,16,8
40,VÂLCEA,"ŞCOALA CU CLASELE I-IV BĂLŞOARA",290,MĂDULARI,171209,1,PROV,PRCNCT,CJ,CJ_SV,"2020-09-28 00:28:09",278,238,0,19,21,194,154,0,19,21,177,17,260,66,6,111,42,3,1,0,2,1,4,0,5,1,1
40,VÂLCEA,"ȘCOALA CU CLASELE I-IV BĂLTENI",197,COPĂCENI,169182,2,PROV,PRCNCT,CJ,CJ_SV,"2020-09-28 01:42:27",293,285,0,8,0,193,185,0,8,0,174,19,310,117,5,80,73,2,0,1,3,0,2,0,7,1,0
40,VÂLCEA,"ȘCOALA CU CLASELE. I-IV BĂNȚEȘTI",291,MĂDULARI,171209,1,PROV,PRCNCT,CJ,CJ_SV,"2020-09-27 23:25:32",270,253,0,12,5,199,182,0,12,5,189,10,280,81,4,151,16,1,0,2,2,0,1,1,10,1,0
40,VÂLCEA,"ŞCOALA CU CLASELE I-IV BĂRBĂRIGENI",352,ROEŞTI,172581,1,PROV,PRCNCT,CJ,CJ_SV,"2020-09-27 23:47:48",178,158,0,12,8,127,107,0,12,8,117,10,190,63,1,39,25,1,9,0,1,2,1,0,12,26,0
40,VÂLCEA,"ŞCOALA CU CLASELE I-IV BĂROIU",405,TETOIU,173855,1,PROV,PRCNCT,CJ,CJ_SV,"2020-09-28 01:05:37",326,305,0,11,10,190,169,0,11,10,181,9,390,200,7,91,41,28,8,1,0,0,0,1,3,1,0
40,VÂLCEA,"ŞCOALA CU CLASELE I-IV BÎRSEŞTI",297,MIHĂEŞTI,171325,2,PROV,PRCNCT,CJ,CJ_SV,"2020-09-28 03:42:23",714,696,0,16,2,354,336,0,16,2,322,31,770,416,12,96,95,3,6,6,87,1,3,2,6,2,3
40,VÂLCEA,"ŞCOALA CU CLASELE I-IV BÎRSOIU",385,STOILEŞTI,173374,1,PROV,PRCNCT,CJ,CJ_SV,"2020-09-27 23:42:15",504,493,0,7,4,308,297,0,7,4,285,23,550,242,0,189,59,2,4,0,9,1,3,2,12,1,3
40,VÂLCEA,"ŞCOALA CU CLASELE I-IV BISTRIŢA",200,COSTEŞTI,169253,1,PROV,PRCNCT,CJ,CJ_SV,"2020-09-28 00:25:08",725,696,1,17,11,428,400,0,17,11,397,31,780,352,10,255,100,5,3,4,4,9,2,1,1,3,0
40,VÂLCEA,"ŞCOALA CU CLASELE I-IV BOGDĂNEŞTI",181,BUJORENI,168880,1,PROV,PRCNCT,CJ,CJ_SV,"2020-09-28 00:00:35",668,663,0,5,0,385,380,0,5,0,366,19,730,345,4,95,130,15,6,8,23,1,1,2,76,3,2
40,VÂLCEA,"ŞCOALA CU CLASELE I-IV BONCANI",217,DRĂGOEŞTI,169547,2,PROV,PRCNCT,CJ,CJ_SV,"2020-09-28 05:23:37",448,430,0,13,5,320,302,0,13,5,278,42,480,160,5,170,72,2,4,1,5,1,0,3,8,2,5
40,VÂLCEA,"ŞCOALA CU CLASELE I-IV BRATOVEŞTI",411,TITEŞTI,174496,1,PROV,PRCNCT,CJ,CJ_SV,"2020-09-27 23:15:48",143,131,0,6,6,91,79,0,6,6,79,12,150,59,1,24,50,0,0,0,0,0,0,0,3,0,1
40,VÂLCEA,"ŞCOALA CU CLASELE I-IV BUDEŞTI",214,DICULEŞTI,174502,3,PROV,PRCNCT,CJ,CJ_SV,"2020-09-28 03:03:11",666,647,0,13,6,415,396,0,13,6,383,32,720,305,4,78,211,7,0,2,0,3,2,0,72,4,0
40,VÂLCEA,"ŞCOALA CU CLASELE.I-IV CASA VECHE",315,OLANU,171806,1,PROV,PRCNCT,CJ,CJ_SV,"2020-09-28 01:44:57",569,558,1,6,4,343,333,0,6,4,307,36,620,277,3,148,105,5,13,5,0,1,4,0,18,2,3
40,VÂLCEA,"ŞCOALA CU CLASELE I-IV CIOBOŢI",316,OLANU,171806,1,PROV,PRCNCT,CJ,CJ_SV,"2020-09-28 00:57:37",600,589,2,9,0,302,293,0,9,0,277,25,660,358,2,154,96,3,5,1,2,1,1,3,6,1,2
40,VÂLCEA,"ŞCOALA CU CLASELE I-IV CORBI",310,"NICOLAE BĂLCESCU",171628,2,PROV,PRCNCT,CJ,CJ_SV,"2020-09-28 02:56:25",330,319,0,10,1,196,185,0,10,1,179,17,350,154,6,97,58,2,2,0,4,1,7,0,2,0,0
40,VÂLCEA,"ŞCOALA CU CLASELE I-IV DELURENI",420,"VALEA MARE",174085,1,PROV,PRCNCT,CJ,CJ_SV,"2020-09-27 23:05:47",425,409,0,16,0,240,224,0,16,0,221,19,480,240,20,92,72,2,6,3,1,0,0,1,24,0,0
40,VÂLCEA,"ŞCOALA CU CLASELE I-IV DRĂGIOIU",317,OLANU,171806,1,PROV,PRCNCT,CJ,CJ_SV,"2020-09-28 01:41:04",481,469,0,11,1,310,298,0,11,1,272,38,510,200,4,130,102,5,10,4,7,0,4,0,4,0,2
40,VÂLCEA,"ŞCOALA CU CLASELE I-IV DUMBRAVA",279,LUNGEŞTI,170952,1,PROV,PRCNCT,CJ,CJ_SV,"2020-09-28 00:37:09",319,297,0,18,4,201,179,0,18,4,183,18,330,129,6,34,85,6,3,0,5,0,0,0,41,1,2
40,VÂLCEA,"ŞCOALA CU CLASELE I-IV GÂLTOFANI",313,"NICOLAE BĂLCESCU",171628,1,PROV,PRCNCT,CJ,CJ_SV,"2020-09-27 23:18:22",144,138,0,6,0,91,85,0,6,0,86,5,150,59,2,40,28,9,2,0,1,0,1,0,2,1,0
40,VÂLCEA,"ŞCOALA CU CLASELE I-IV GĂNEŞTI",266,LĂCUSTENI,174511,1,PROV,PRCNCT,CJ,CJ_SV,"2020-09-28 01:04:07",521,451,0,44,26,351,283,0,43,25,336,15,500,149,31,172,103,10,5,1,2,0,1,3,7,0,1
40,VÂLCEA,"ŞCOALA CU CLASELE I-IV GEAMĂNA",384,STOILEŞTI,173374,1,PROV,PRCNCT,CJ,CJ_SV,"2020-09-28 02:24:15",787,746,0,19,22,542,501,0,19,22,508,34,860,318,6,399,71,3,7,1,6,2,4,2,4,2,1
40,VÂLCEA,"ȘCOALA CU CLASELE I- IV GEAMĂNA- BUCIUMENI",216,DRĂGOEŞTI,169547,1,PROV,PRCNCT,CJ,CJ_SV,"2020-09-28 02:15:51",603,565,0,22,16,435,397,0,22,16,398,37,640,205,9,187,133,2,7,0,6,2,1,2,44,3,2
40,VÂLCEA,"ŞCOALA CU CLASELE I-IV GROŞI",192,CERNIŞOARA,169039,1,PROV,PRCNCT,CJ,CJ_SV,"2020-09-28 03:06:35",776,766,0,4,6,528,518,0,4,6,462,66,830,302,11,217,114,3,28,5,44,1,4,6,18,3,8
40,VÂLCEA,"ŞCOALA CU CLASELE I-IV LĂCUSTENI",264,LĂCUSTENI,174511,2,PROV,PRCNCT,CJ,CJ_SV,"2020-09-28 02:02:10",413,396,0,8,9,284,267,0,8,9,256,28,490,206,18,98,90,26,0,2,2,2,1,1,16,0,0
40,VÂLCEA,"ŞCOALA CU CLASELE I-IV LINIA DEALULUI",376,STĂNEŞTI,173132,2,PROV,PRCNCT,CJ,CJ_SV,"2020-09-28 02:21:52",140,121,0,18,1,99,80,0,18,1,89,10,130,31,2,18,36,28,0,1,0,0,0,1,2,1,0
40,VÂLCEA,"ȘCOALA CU CLASELE I-IV NR. 1 BREZOI",135,"ORAŞ BREZOI",167794,1,PROV,PRCNCT,CJ,CJ_SV,"2020-09-28 01:56:39",1461,1431,6,23,1,592,567,1,23,1,553,39,1570,978,9,161,239,25,7,6,38,26,1,8,27,0,6
40,VÂLCEA,"ȘCOALA CU CLASELE I-IV NR. 2 BREZOI",132,"ORAŞ BREZOI",167794,2,PROV,PRCNCT,CJ,CJ_SV,"2020-09-28 01:57:44",1110,1095,0,14,1,501,486,0,14,1,473,28,1200,699,11,129,192,9,12,6,13,44,2,0,45,9,1
40,VÂLCEA,"ŞCOALA CU CLASELE I-IV OBÎRŞIA",194,CERNIŞOARA,169039,1,PROV,PRCNCT,CJ,CJ_SV,"2020-09-28 01:57:28",454,445,0,9,0,269,260,0,9,0,217,52,490,221,8,90,24,7,8,3,2,1,1,3,67,3,0
40,VÂLCEA,"ŞCOALA CU CLASELE I-IV PĂSCOAIA",130,"ORAŞ BREZOI",167794,1,PROV,PRCNCT,CJ,CJ_SV,"2020-09-27 22:59:31",167,160,0,7,0,104,97,0,7,0,95,9,230,126,1,41,29,3,4,2,1,3,0,0,10,1,0
40,VÂLCEA,"ŞCOALA CU CLASELE I-IV PERETU",314,OLANU,171806,1,PROV,PRCNCT,CJ,CJ_SV,"2020-09-28 00:54:09",464,456,1,6,1,250,243,0,6,1,238,12,510,260,3,103,81,5,6,7,13,0,3,3,9,1,4
40,VÂLCEA,"ŞCOALA CU CLASELE I-IV PESCEANA (ŞCOALA VECHE NR. 2 PESCEANA)",335,PESCEANA,172279,1,PROV,PRCNCT,CJ,CJ_SV,"2020-09-28 02:02:01",1415,1334,3,73,5,897,818,1,73,5,833,64,1520,623,9,588,131,13,13,4,10,0,4,5,54,0,2
40,VÂLCEA,"ŞCOALA CU CLASELE I-IV PIETRENI",201,COSTEŞTI,169253,1,PROV,PRCNCT,CJ,CJ_SV,"2020-09-27 23:56:00",455,428,0,10,17,323,296,0,10,17,298,25,470,147,7,126,127,2,5,1,22,3,4,0,0,1,0
40,VÂLCEA,"ŞCOALA CU CLASELE I-IV PLEŞOIU",274,LIVEZI,170872,2,PROV,PRCNCT,CJ,CJ_SV,"2020-09-28 05:27:10",258,210,1,34,13,257,210,0,34,13,236,21,340,83,1,143,44,8,15,0,18,0,4,1,1,1,0
40,VÂLCEA,"ŞCOALA CU CLASELE I-IV POPEŞTI",340,POPEŞTI,172377,1,PROV,PRCNCT,CJ,CJ_SV,"2020-09-28 01:09:27",510,480,0,14,16,364,334,0,14,16,330,34,550,186,6,220,85,5,4,1,2,2,1,0,4,0,0
40,VÂLCEA,"ŞCOALA CU CLASELE I-IV ROEŞTI",349,ROEŞTI,172581,2,PROV,PRCNCT,CJ,CJ_SV,"2020-09-28 03:43:07",648,615,0,22,11,393,360,0,22,11,366,27,730,337,17,207,83,12,4,2,1,1,2,1,30,4,2
40,VÂLCEA,"ŞCOALA CU CLASELE I-IV SCĂUENI",170,BERISLĂVEŞTI,168675,1,PROV,PRCNCT,CJ,CJ_SV,"2020-09-28 00:30:42",430,404,0,16,10,309,283,0,16,10,307,2,450,141,4,192,93,3,2,1,6,1,1,2,2,0,0
40,VÂLCEA,"ŞCOALA CU CLASELE I-IV ŞERBĂNEASA",311,"NICOLAE BĂLCESCU",171628,2,PROV,PRCNCT,CJ,CJ_SV,"2020-09-28 04:32:18",739,735,0,4,0,442,438,0,4,0,394,44,810,372,21,179,104,8,46,1,9,2,3,2,2,14,3
40,VÂLCEA,"ŞCOALA CU CLASELE I-IV STĂNEŞTI-LUNCA",277,LUNGEŞTI,170952,1,PROV,PRCNCT,CJ,CJ_SV,"2020-09-28 02:05:34",794,770,0,13,11,448,424,0,13,11,388,60,850,402,14,131,199,8,3,12,3,1,2,0,7,4,4
40,VÂLCEA,"ŞCOALA CU CLASELE I-IV STOICĂNEŞTI",318,OLANU,171806,1,PROV,PRCNCT,CJ,CJ_SV,"2020-09-27 23:52:35",345,336,0,6,3,223,214,0,6,3,205,18,380,157,4,79,81,5,9,4,4,0,3,6,8,1,1
40,VÂLCEA,"ŞCOALA CU CLASELE I-IV VALEA GRĂDIŞTEA",251,GRĂDIŞTEA,170346,1,PROV,PRCNCT,CJ,CJ_SV,"2020-09-27 23:59:47",122,81,0,33,8,122,81,0,33,8,112,10,140,18,3,21,73,2,5,0,0,0,2,0,5,1,0
40,VÂLCEA,"ŞCOALA CU CLASELE I-IV VÂRLENI",375,STĂNEŞTI,173132,2,PROV,PRCNCT,CJ,CJ_SV,"2020-09-28 02:14:27",383,358,0,20,5,240,215,0,20,5,217,23,390,150,3,68,109,19,2,0,0,1,2,0,10,3,0
40,VÂLCEA,"ŞCOALA CU CLASELE I-IV VEŢELU",196,COPĂCENI,169182,1,PROV,PRCNCT,CJ,CJ_SV,"2020-09-28 01:41:52",443,431,0,12,0,276,264,0,12,0,255,21,470,194,4,163,60,0,1,1,10,0,5,3,7,1,0
40,VÂLCEA,"ȘCOALA CU CLASELE I-IV ZĂVOIENI",288,MĂCIUCA,171101,2,PROV,PRCNCT,CJ,CJ_SV,"2020-09-28 06:52:08",274,249,0,20,5,192,167,0,20,5,190,2,280,88,6,58,110,3,4,1,2,1,0,1,2,1,1
40,VÂLCEA,"ŞCOALA CU CLASELE I-VIII ARMĂŞEŞTI",190,CERNIŞOARA,169039,1,PROV,PRCNCT,CJ,CJ_SV,"2020-09-28 03:09:59",500,492,0,8,0,288,280,0,8,0,257,31,590,302,8,77,87,6,13,2,6,2,3,1,48,2,2
40,VÂLCEA,"ȘCOALA CU CLASELE I-VIII AVRĂMEȘTI",365,SCUNDU,172947,1,PROV,PRCNCT,CJ,CJ_SV,"2020-09-28 01:47:29",681,635,1,15,30,409,364,0,15,30,376,33,700,291,1,271,52,3,2,0,17,2,4,4,19,1,0
40,VÂLCEA,"ŞCOALA CU CLASELE I-VIII BĂBENI-OLTEŢU",213,DICULEŞTI,174502,5,PROV,PRCNCT,CJ,CJ_SV,"2020-09-28 03:46:01",903,866,0,26,11,562,525,0,26,11,533,29,990,428,10,124,322,11,0,6,5,2,0,3,49,1,0
40,VÂLCEA,"ŞCOALA CU CLASELE I-VIII BĂTĂŞANI",422,"VALEA MARE",174085,2,PROV,PRCNCT,CJ,CJ_SV,"2020-09-28 03:49:39",248,227,0,18,3,248,227,0,18,3,231,17,430,182,7,121,78,3,6,2,2,0,0,2,5,0,5
40,VÂLCEA,"ŞCOALA CU CLASELE I-VIII BOIŞOARA",171,BOIŞOARA,168755,4,PROV,PRCNCT,CJ,CJ_SV,"2020-09-29 13:10:19",1021,963,1,29,28,701,646,0,29,26,612,89,1080,379,18,159,212,4,11,4,41,5,8,11,132,1,6
40,VÂLCEA,"ŞCOALA CU CLASELE I-VIII BUNEŞTI",183,BUNEŞTI,168960,1,PROV,PRCNCT,CJ,CJ_SV,"2020-09-28 01:55:14",924,908,1,10,5,602,587,0,10,5,550,52,1040,438,8,280,46,2,10,0,16,4,9,9,153,8,5
40,VÂLCEA,"ŞCOALA CU CLASELE I-VIII BUNEŞTI",184,BUNEŞTI,168960,1,PROV,PRCNCT,CJ,CJ_SV,"2020-09-28 00:00:47",872,858,1,9,4,491,478,0,9,4,469,22,960,469,9,273,45,36,4,2,10,2,4,2,73,4,5
40,VÂLCEA,"ŞCOALA CU CLASELE I-VIII CĂPITAN MĂRĂŞANU STROEŞTI",386,STROEŞTI,173533,1,PROV,PRCNCT,CJ,CJ_SV,"2020-09-28 02:45:50",788,753,1,19,15,503,469,0,19,15,447,56,850,347,6,192,139,9,26,0,14,1,3,5,45,3,4
40,VÂLCEA,"ŞCOALA CU CLASELE I-VIII CERNIŞOARA",191,CERNIŞOARA,169039,1,PROV,PRCNCT,CJ,CJ_SV,"2020-09-28 03:34:07",436,431,0,5,0,436,431,0,5,0,352,84,750,314,20,106,63,4,20,4,4,2,3,3,116,7,0
40,VÂLCEA,"ŞCOALA CU CLASELE I-VIII CIOCÎLTEI",350,ROEŞTI,172581,2,PROV,PRCNCT,CJ,CJ_SV,"2020-09-28 02:04:58",506,479,0,16,11,342,315,0,16,11,321,21,540,198,9,204,65,4,7,1,2,0,3,0,23,3,0
40,VÂLCEA,"ŞCOALA CU CLASELE I-VIII CIREŞU",387,STROEŞTI,173533,1,PROV,PRCNCT,CJ,CJ_SV,"2020-09-28 01:20:01",642,620,0,18,4,417,395,0,18,4,394,23,690,273,7,140,207,7,8,1,6,0,2,1,10,3,2
40,VÂLCEA,"ŞCOALA CU CLASELE I-VIII COSTEŞTI",199,COSTEŞTI,169253,1,PROV,PRCNCT,CJ,CJ_SV,"2020-09-28 03:05:17",1587,1529,4,24,30,1050,996,0,24,30,996,54,1760,710,22,461,367,26,17,4,53,3,5,10,4,16,8
40,VÂLCEA,"ŞCOALA CU CLASELE I-VIII CUENI",351,ROEŞTI,172581,2,PROV,PRCNCT,CJ,CJ_SV,"2020-09-28 02:59:58",529,503,0,18,8,317,291,0,18,8,283,34,560,243,8,130,65,3,7,2,4,0,2,0,33,26,3
40,VÂLCEA,"ŞCOALA CU CLASELE I-VIII DĂEŞTI",338,POPEŞTI,172377,2,PROV,PRCNCT,CJ,CJ_SV,"2020-09-28 11:34:59",772,746,0,15,11,524,498,0,15,11,478,46,900,376,28,317,89,11,5,20,8,0,0,0,0,0,0
40,VÂLCEA,"ȘCOALA CU CLASELE I-VIII DOBRICEA",252,GRĂDIŞTEA,170346,1,PROV,PRCNCT,CJ,CJ_SV,"2020-09-28 02:12:44",669,631,0,20,18,415,378,0,20,17,378,37,700,285,52,136,117,33,9,0,13,2,0,5,9,1,1
40,VÂLCEA,"ŞCOALA CU CLASELE I-VIII DOZEŞTI",222,FÂRTĂŢEŞTI,169681,1,PROV,PRCNCT,CJ,CJ_SV,"2020-09-28 00:12:49",1111,1013,0,64,34,575,477,0,64,34,543,32,1120,545,7,124,310,2,12,6,5,2,2,4,56,4,9
40,VÂLCEA,"ŞCOALA CU CLASELE I-VIII DRĂGOEŞTI",215,DRĂGOEŞTI,169547,1,PROV,PRCNCT,CJ,CJ_SV,"2020-09-28 01:59:57",638,605,1,18,14,455,423,0,18,14,424,31,700,245,42,215,133,3,4,2,5,0,2,0,7,3,8
40,VÂLCEA,"ŞCOALA CU CLASELE I-VIII FRÎNCEŞTI",226,FRÂNCEŞTI,169896,1,PROV,PRCNCT,CJ,CJ_SV,"2020-09-28 00:20:30",612,604,0,7,1,318,310,0,7,1,297,21,670,352,5,107,158,2,10,1,3,0,0,2,5,0,4
40,VÂLCEA,"ȘCOALA CU CLASELE I-VIII - HOTĂRASA",198,COPĂCENI,169182,1,PROV,PRCNCT,CJ,CJ_SV,"2020-09-28 00:10:59",330,321,0,9,0,214,205,0,9,0,198,16,340,126,3,142,30,2,8,8,3,0,1,0,1,0,0
40,VÂLCEA,"ȘCOALA CU CLASELE . I-VIII MĂDULARI",289,MĂDULARI,171209,1,PROV,PRCNCT,CJ,CJ_SV,"2020-09-28 01:03:55",689,600,0,49,40,483,394,0,49,40,458,25,730,247,7,315,108,0,5,3,7,1,0,0,10,2,0
40,VÂLCEA,"ŞCOALA CU CLASELE I-VIII MĂDULARI",193,CERNIŞOARA,169039,1,PROV,PRCNCT,CJ,CJ_SV,"2020-09-28 01:42:01",556,546,0,9,1,375,365,0,9,1,315,60,589,214,21,113,24,19,16,1,1,2,5,5,108,0,0
40,VÂLCEA,"ȘCOALA CU CLASELE I-VIII MILOSTEA",370,SLĂTIOARA,173061,1,PROV,PRCNCT,CJ,CJ_SV,"2020-09-28 00:42:09",638,629,0,9,0,317,308,0,9,0,303,14,700,383,5,180,70,3,8,0,16,5,2,4,6,2,2
40,VÂLCEA,"ŞCOALA CU CLASELE I-VIII OLTENI",179,BUJORENI,168880,1,PROV,PRCNCT,CJ,CJ_SV,"2020-09-28 03:51:52",1594,1561,3,21,9,762,732,0,21,9,725,37,1720,958,11,197,290,10,15,34,70,4,7,5,70,8,4
40,VÂLCEA,"ŞCOALA CU CLASELE I-VIII POIANA",332,PERIŞANI,172153,1,PROV,PRCNCT,CJ,CJ_SV,"2020-09-28 00:59:04",484,481,0,2,1,292,289,0,2,1,250,42,530,238,28,76,126,5,0,0,5,7,1,1,0,1,0
40,VÂLCEA,"ȘCOALA CU CLASELE I-VIII PREDEȘTI",312,"NICOLAE BĂLCESCU",171628,1,PROV,PRCNCT,CJ,CJ_SV,"2020-09-28 00:31:05",690,672,0,8,10,399,381,0,8,10,370,29,740,341,23,154,144,10,21,2,10,2,0,1,2,1,0
40,VÂLCEA,"ŞCOALA CU CLASELE I-VIII ROTĂRĂŞTI",309,"NICOLAE BĂLCESCU",171628,3,PROV,PRCNCT,CJ,CJ_SV,"2020-09-28 03:54:02",925,902,2,13,8,542,521,0,13,8,489,53,1040,498,13,271,126,11,14,3,31,2,2,3,10,0,3
40,VÂLCEA,"ȘCOALA CU CLASELE I-VIII RUGETU",371,SLĂTIOARA,173061,1,PROV,PRCNCT,CJ,CJ_SV,"2020-09-28 00:28:46",535,528,0,5,2,296,289,0,5,2,275,21,590,294,5,218,40,4,2,0,2,0,0,1,3,0,0
40,VÂLCEA,"ŞCOALA CU CLASELE I-VIII RUSĂNEŞTI",223,FÂRTĂŢEŞTI,169681,1,PROV,PRCNCT,CJ,CJ_SV,"2020-09-27 23:53:46",775,718,0,36,21,418,361,0,36,21,377,41,790,372,2,93,228,4,8,0,7,2,0,11,16,3,3
40,VÂLCEA,"ȘCOALA CU CLASELE I-VIII SCUNDU",364,SCUNDU,172947,2,PROV,PRCNCT,CJ,CJ_SV,"2020-10-01 08:31:44",1017,930,0,16,71,664,577,0,16,71,615,49,1060,396,4,434,101,4,15,0,34,1,8,3,7,2,2
40,VÂLCEA,"ŞCOALA CU CLASELE I-VIII STĂNEŞTI",374,STĂNEŞTI,173132,2,PROV,PRCNCT,CJ,CJ_SV,"2020-09-28 02:26:53",437,406,0,26,5,291,260,0,26,5,257,34,460,169,3,65,140,34,1,0,4,1,1,1,3,3,1
40,VÂLCEA,"ŞCOALA CU CLASELE I-VIII ŞTEFĂNEŞTI",396,ŞTEFĂNEŞTI,173748,2,PROV,PRCNCT,CJ,CJ_SV,"2020-09-28 06:25:42",965,872,0,48,45,673,580,0,48,45,601,72,1120,447,25,246,157,66,64,6,16,1,1,0,16,3,0
40,VÂLCEA,"ȘCOALA CU CLASELE I-VIII STOILEȘTI",383,STOILEŞTI,173374,1,PROV,PRCNCT,CJ,CJ_SV,"2020-09-27 23:28:33",614,579,0,10,25,391,356,0,10,25,376,15,640,249,1,317,42,1,3,2,3,2,2,1,2,0,0
40,VÂLCEA,"ŞCOALA CU CLASELE I-VIII TITEŞTI (SALĂ DE FESTIVITĂȚI)",410,TITEŞTI,174496,1,PROV,PRCNCT,CJ,CJ_SV,"2020-09-28 03:26:42",452,441,0,1,10,266,255,0,1,10,250,16,510,244,4,71,141,19,1,2,0,1,2,2,0,6,1
40,VÂLCEA,"ŞCOALA CU CLASELE I-VIII URŞI",382,STOILEŞTI,173374,1,PROV,PRCNCT,CJ,CJ_SV,"2020-09-28 03:27:05",1187,1158,0,11,18,775,746,0,11,18,731,44,1290,515,2,602,77,5,13,3,8,2,11,0,4,3,1
40,VÂLCEA,"ŞCOALA CU CLASELE I-VIII URŞI",341,POPEŞTI,172377,1,PROV,PRCNCT,CJ,CJ_SV,"2020-09-28 00:58:13",821,783,0,8,30,605,568,0,8,29,569,36,900,295,8,455,73,12,5,0,2,8,1,0,2,0,3
40,VÂLCEA,"ŞCOALA CU CLASELE I-VIII VALEA LUI STAN",131,"ORAŞ BREZOI",167794,1,PROV,PRCNCT,CJ,CJ_SV,"2020-09-28 00:35:59",476,467,0,9,0,257,248,0,9,0,176,81,510,253,2,44,65,3,2,36,1,6,1,1,14,1,0
40,VÂLCEA,"ŞCOALA CU CLASELE I-VIII VLĂDEŞTI",425,VLĂDEŞTI,174156,1,PROV,PRCNCT,CJ,CJ_SV,"2020-09-28 06:06:11",1597,1514,2,46,35,960,883,1,46,30,896,64,1810,850,32,454,167,9,14,2,57,3,11,6,134,4,3
40,VÂLCEA,"ŞCOALA CU CLASELE I-VIII VLĂDEŞTI",426,VLĂDEŞTI,174156,2,PROV,PRCNCT,CJ,CJ_SV,"2020-09-28 06:59:42",1254,1194,0,50,10,747,687,0,50,10,701,46,1320,573,19,322,112,13,15,2,37,1,5,5,159,4,7
40,VÂLCEA,"ŞCOALA CU CLASELE I-VIII VOINEASA",429,VOINEASA,174254,1,PROV,PRCNCT,CJ,CJ_SV,"2020-09-28 01:50:33",629,615,1,8,5,408,395,0,8,5,379,29,680,272,14,179,118,14,6,3,14,4,4,0,13,2,8
40,VÂLCEA,"ŞCOALA CU CLASELE V-VIII LĂCUSTENI",265,LĂCUSTENI,174511,2,PROV,PRCNCT,CJ,CJ_SV,"2020-09-28 00:41:51",265,248,0,10,7,177,160,0,10,7,166,11,270,93,6,60,65,20,2,0,1,0,2,1,9,0,0
40,VÂLCEA,"ŞCOALA DĂEŞTI",205,DĂEŞTI,169351,2,PROV,PRCNCT,CJ,CJ_SV,"2020-09-28 00:39:09",855,830,0,22,3,530,505,0,22,3,495,35,930,400,8,161,266,7,8,2,15,2,2,4,11,5,4
40,VÂLCEA,"ŞCOALA DEALUL VĂLENI",433,ZĂTRENI,174290,1,PROV,PRCNCT,CJ,CJ_SV,"2020-09-28 01:02:09",198,179,0,15,4,130,111,0,15,4,112,18,220,90,12,42,23,6,11,0,0,0,6,5,6,1,0
40,VÂLCEA,"ŞCOALA FEDELEŞOIU",207,DĂEŞTI,169351,5,PROV,PRCNCT,CJ,CJ_SV,"2020-09-28 04:05:29",905,884,0,17,4,539,518,0,17,4,499,40,970,431,8,161,237,14,33,1,16,3,5,4,10,2,5
40,VÂLCEA,"ŞCOALA FEŢENI",48,"MUNICIPIUL RÂMNICU VÂLCEA",167473,1,PROV,PRCNCT,CJ,CJ_SV,"2020-09-27 23:03:13",202,190,0,12,0,94,82,0,12,0,90,4,220,126,4,26,21,2,5,1,4,0,3,0,20,3,1
40,VÂLCEA,"ŞCOALA FIŞCĂLIA",257,IONEŞTI,170514,1,PROV,PRCNCT,CJ,CJ_SV,"2020-09-28 01:13:42",862,855,0,7,0,448,441,0,7,0,410,38,940,492,5,239,129,7,1,0,8,0,1,5,14,0,1
40,VÂLCEA,"ŞCOALA FOTEŞTI",258,IONEŞTI,170514,1,PROV,PRCNCT,CJ,CJ_SV,"2020-09-28 00:24:58",687,678,1,8,0,342,334,0,8,0,305,37,750,408,5,80,181,6,5,14,10,1,1,0,1,0,1
40,VÂLCEA,"ȘCOALA GENERALĂ",300,MIHĂEŞTI,171325,1,PROV,PRCNCT,CJ,CJ_SV,"2020-09-28 00:52:44",771,760,2,9,0,380,371,0,9,0,358,22,840,460,8,180,104,2,10,3,28,2,4,8,7,1,1
40,VÂLCEA,"SCOALA GENERALĂ CU CLASELE.I-IV BUDELE",409,TETOIU,173855,1,PROV,PRCNCT,CJ,CJ_SV,"2020-09-28 00:13:29",157,143,1,9,4,113,99,1,9,4,108,5,160,47,1,53,42,6,3,0,2,0,0,0,0,0,1
40,VÂLCEA,"ŞCOALA GENERALĂ CU CLASELE I-IV CĂLIMĂNEŞTI (DEAL)",140,"ORAŞ CĂLIMĂNEŞTI",167909,1,PROV,PRCNCT,CJ,CJ_SV,"2020-09-28 03:17:29",1061,1054,0,7,0,530,523,0,7,0,491,39,1160,630,5,153,131,26,3,3,16,33,4,5,90,20,2
40,VÂLCEA,"ŞCOALA GENERALĂ CU CLASELE I-IV COŞANI",229,FRÂNCEŞTI,169896,2,PROV,PRCNCT,CJ,CJ_SV,"2020-09-28 04:32:45",1162,1150,2,9,1,488,478,0,9,1,418,70,1270,782,4,164,217,0,8,6,0,2,2,3,9,2,1
40,VÂLCEA,"ȘCOALA GENERALĂ CU CLASELE I-IV GĂTEJEȘTI",116,"ORAŞ BĂILE GOVORA",167641,1,PROV,PRCNCT,CJ,CJ_SV,"2020-09-28 00:33:32",321,310,0,10,1,192,181,0,10,1,181,11,350,158,1,30,94,4,7,1,6,1,2,1,31,2,1
40,VÂLCEA,"ŞCOALA GENERALĂ CU CLASELE.I-IV NENCIULEŞTI",408,TETOIU,173855,2,PROV,PRCNCT,CJ,CJ_SV,"2020-09-28 04:49:08",276,254,0,14,8,276,254,0,14,8,163,7,300,128,2,96,42,4,7,0,3,2,2,0,4,0,1
40,VÂLCEA,"ŞCOALA GENERALĂ CU CLASELE I-IV SEACA",137,"ORAŞ CĂLIMĂNEŞTI",167909,1,PROV,PRCNCT,CJ,CJ_SV,"2020-09-28 00:07:04",448,438,0,7,3,213,203,0,7,3,198,15,580,367,6,39,78,12,2,1,11,5,0,3,34,5,2
40,VÂLCEA,"ŞCOALA GENERALĂ CU CLASELE I - IV, SÎNBOTIN",206,DĂEŞTI,169351,3,PROV,PRCNCT,CJ,CJ_SV,"2020-09-28 02:04:19",747,736,4,7,0,423,415,1,7,0,377,46,810,387,8,119,189,4,5,4,7,2,5,4,18,9,3
40,VÂLCEA,"ŞCOALA GENERALĂ CU CLASELE I-IV SURPATE",231,FRÂNCEŞTI,169896,1,PROV,PRCNCT,CJ,CJ_SV,"2020-09-27 23:43:38",669,665,0,4,0,410,406,0,4,0,357,53,730,320,6,185,106,4,4,3,3,2,1,5,33,3,2
40,VÂLCEA,"ŞCOALA GENERALĂ CU CLASELE I-IV SURPAŢI",359,RUNCU,172812,1,PROV,PRCNCT,CJ,CJ_SV,"2020-09-27 23:32:48",118,113,0,5,0,85,80,0,5,0,78,7,130,45,9,32,21,3,2,2,0,0,0,0,6,2,1
40,VÂLCEA,"ŞCOALA GENERALĂ CU CLASELE I-IV VALEA BABEI",358,RUNCU,172812,1,PROV,PRCNCT,CJ,CJ_SV,"2020-09-27 23:51:24",221,199,0,22,0,167,145,0,22,0,144,23,220,53,10,27,61,2,4,0,2,0,4,2,30,0,2
40,VÂLCEA,"ŞCOALA GENERALĂ CU CLASELE I-IV VALEA MARE",109,"ORAŞ BĂBENI",168372,1,PROV,PRCNCT,CJ,CJ_SV,"2020-09-28 00:45:01",871,863,0,8,0,445,437,0,8,0,388,57,950,505,6,218,89,1,2,34,2,6,2,2,20,4,2
40,VÂLCEA,"ȘCOALA GENERALĂ CU CLASELE I- VIII BERBEȘTI",128,"ORAŞ BERBEŞTI",168602,1,PROV,PRCNCT,CJ,CJ_SV,"2020-09-28 06:28:27",1470,1455,0,10,5,864,849,0,10,5,781,83,1610,746,18,311,220,31,15,10,57,5,6,10,71,13,14
40,VÂLCEA,"ȘCOALA GENERALĂ CU CLASELE I-VIII GENUNENI",227,FRÂNCEŞTI,169896,1,PROV,PRCNCT,CJ,CJ_SV,"2020-09-28 00:25:23",635,631,0,4,0,377,373,0,4,0,350,27,700,323,6,184,141,4,1,1,5,1,1,1,4,0,1
40,VÂLCEA,"ȘCOALA GENERALĂ CU CLASELE I - VIII ROMANII DE JOS",151,"ORAŞ HOREZU",168041,1,PROV,PRCNCT,CJ,CJ_SV,"2020-09-28 01:50:48",638,622,0,11,5,395,379,0,11,5,367,28,680,285,2,171,104,5,4,2,13,8,4,7,40,5,2
40,VÂLCEA,"ŞCOALA GENERALĂ CU CLASELE.I-VIII ŢEPEŞTI",407,TETOIU,173855,1,PROV,PRCNCT,CJ,CJ_SV,"2020-09-28 02:54:52",689,620,0,32,37,471,402,0,32,37,406,65,760,289,10,175,92,84,17,2,4,2,7,2,6,0,5
40,VÂLCEA,"ŞCOALA GENERALĂ FOLEŞTII DE SUS",413,TOMŞANI,173935,1,PROV,PRCNCT,CJ,CJ_SV,"2020-09-28 03:16:51",930,924,0,6,0,489,483,0,6,0,447,42,1020,531,6,218,184,6,5,3,6,1,5,5,3,1,4
40,VÂLCEA,"ŞCOALA GENERALĂ GORUNEȘTI",372,SLĂTIOARA,173061,1,PROV,PRCNCT,CJ,CJ_SV,"2020-09-27 23:05:02",365,359,0,4,2,189,183,0,4,2,174,15,400,211,5,112,22,7,3,0,6,6,1,3,4,1,4
40,VÂLCEA,"ŞCOALA GENERALĂ POPEŞTI, COMUNA MĂCIUCA, SATUL POPEŞTI",287,MĂCIUCA,171101,1,PROV,PRCNCT,CJ,CJ_SV,"2020-09-28 01:46:11",388,350,0,28,10,253,215,0,28,10,227,26,400,147,5,122,81,2,11,1,0,1,0,0,3,0,1
40,VÂLCEA,"ȘCOALA GENERALĂ ROMÂNI",112,"ORAŞ BĂBENI",168372,1,PROV,PRCNCT,CJ,CJ_SV,"2020-09-28 04:43:36",1079,1061,0,8,10,691,673,0,8,10,639,52,1180,489,17,229,331,8,3,3,15,6,2,7,12,5,1
40,VÂLCEA,"ȘCOALA GENERALĂ ROMANII DE SUS - SĂLIȘTEA",154,"ORAŞ HOREZU",168041,1,PROV,PRCNCT,CJ,CJ_SV,"2020-09-28 02:45:41",359,354,0,5,0,359,354,0,5,0,310,49,650,291,4,201,18,2,4,7,0,2,4,1,63,3,1
40,VÂLCEA,"ŞCOALA GENERALĂ TĂTĂRANI",111,"ORAŞ BĂBENI",168372,1,PROV,PRCNCT,CJ,CJ_SV,"2020-09-27 23:50:58",499,490,0,4,5,274,265,0,4,5,256,18,540,266,7,109,100,2,1,3,5,5,2,5,13,2,2
40,VÂLCEA,"ŞCOALA GIMNAZIALĂ ACHIM POPESCU",327,PĂUŞEŞTI-MĂGLAŞI,172082,6,PROV,PRCNCT,CJ,CJ_SV,"2020-09-28 05:43:26",1114,1098,1,9,6,659,644,0,9,6,606,53,1250,591,19,172,255,1,6,4,61,3,9,15,52,1,8
40,VÂLCEA,"ŞCOALA GIMNAZIALĂ ACHIM POPESCU",328,PĂUŞEŞTI-MĂGLAŞI,172082,5,PROV,PRCNCT,CJ,CJ_SV,"2020-09-28 03:05:56",1318,1296,1,19,2,763,742,0,19,2,743,20,1420,657,23,224,299,16,8,4,61,3,5,8,75,4,13
40,VÂLCEA,"ŞCOALA GIMNAZIALĂ AMĂRĂŞTI",161,AMĂRĂŞTI,168309,1,PROV,PRCNCT,CJ,CJ_SV,"2020-09-28 02:02:45",881,819,0,29,33,580,520,0,29,31,530,50,980,400,10,256,190,13,11,3,23,1,4,0,16,2,1
40,VÂLCEA,"ŞCOALA GIMNAZIALĂ ”ANTON PANN”",73,"MUNICIPIUL RÂMNICU VÂLCEA",167473,1,PROV,PRCNCT,CJ,CJ_SV,"2020-09-28 01:43:23",1110,1095,1,11,3,450,436,0,11,3,436,14,1270,820,10,140,129,8,13,1,59,4,5,4,48,4,11
40,VÂLCEA,"ŞCOALA GIMNAZIALĂ ”ANTON PANN”",77,"MUNICIPIUL RÂMNICU VÂLCEA",167473,1,PROV,PRCNCT,CJ,CJ_SV,"2020-09-28 02:28:27",1339,1325,1,11,2,436,423,0,11,2,422,14,1490,1054,14,155,88,15,9,1,56,3,6,3,58,8,6
40,VÂLCEA,"ŞCOALA GIMNAZIALĂ ”ANTON PANN”",76,"MUNICIPIUL RÂMNICU VÂLCEA",167473,1,PROV,PRCNCT,CJ,CJ_SV,"2020-09-27 23:36:35",1065,1055,2,8,0,327,319,0,8,0,317,10,1230,903,14,122,88,6,6,4,30,3,1,2,34,4,3
40,VÂLCEA,"ŞCOALA GIMNAZIALĂ ”ANTON PANN”",75,"MUNICIPIUL RÂMNICU VÂLCEA",167473,2,PROV,PRCNCT,CJ,CJ_SV,"2020-09-28 03:33:09",772,762,2,8,0,235,226,1,8,0,229,6,860,625,6,93,50,5,7,2,23,2,2,0,33,4,2
40,VÂLCEA,"ŞCOALA GIMNAZIALĂ ”ANTON PANN”",71,"MUNICIPIUL RÂMNICU VÂLCEA",167473,1,PROV,PRCNCT,CJ,CJ_SV,"2020-09-28 01:53:28",1514,1506,3,5,0,521,516,0,5,0,506,15,1720,1199,19,177,127,10,15,2,63,2,1,3,69,11,7
40,VÂLCEA,"ŞCOALA GIMNAZIALĂ ”ANTON PANN”",72,"MUNICIPIUL RÂMNICU VÂLCEA",167473,2,PROV,PRCNCT,CJ,CJ_SV,"2020-09-28 02:33:12",1007,999,0,8,0,286,278,0,8,0,267,19,1100,814,11,81,73,7,5,0,39,4,4,6,30,3,4
40,VÂLCEA,"ŞCOALA GIMNAZIALĂ ”ANTON PANN”",74,"MUNICIPIUL RÂMNICU VÂLCEA",167473,1,PROV,PRCNCT,CJ,CJ_SV,"2020-09-28 01:09:04",1014,1007,1,6,0,299,293,0,6,0,292,7,1120,821,9,100,82,9,5,0,40,0,0,4,33,4,6
40,VÂLCEA,"ŞCOALA GIMNAZIALĂ ”BARTOLOMEU VALERIU ANANIA”GLĂVILE",243,GLĂVILE,170168,1,PROV,PRCNCT,CJ,CJ_SV,"2020-09-28 02:15:06",877,850,2,6,19,506,481,0,6,19,457,49,1010,504,4,289,88,10,8,2,7,3,36,2,6,1,1
40,VÂLCEA,"SCOALA GIMNAZIALĂ BODEȘTI",165,BĂRBĂTEŞTI,168559,1,PROV,PRCNCT,CJ,CJ_SV,"2020-09-27 23:51:31",757,752,0,5,0,364,359,0,5,0,340,24,830,466,4,204,57,9,3,2,19,0,2,0,36,2,2
40,VÂLCEA,"ŞCOALA GIMNAZIALĂ CÎINENII MARI",187,CÂINENI,169119,2,PROV,PRCNCT,CJ,CJ_SV,"2020-09-28 03:20:25",696,614,1,75,6,459,378,0,75,6,406,53,670,211,10,92,263,3,1,20,3,2,2,1,9,0,0
40,VÂLCEA,"ŞCOALA GIMNAZIALĂ COLONIE",87,"MUNICIPIUL RÂMNICU VÂLCEA",167473,1,PROV,PRCNCT,CJ,CJ_SV,"2020-09-28 04:12:13",1073,1064,3,5,1,527,519,2,5,1,477,50,1200,673,8,114,134,3,4,17,5,3,10,0,176,1,2
40,VÂLCEA,"ŞCOALA GIMNAZIALĂ, COMUNA ALUNU, SAT IGOIU",157,ALUNU,168229,1,PROV,PRCNCT,CJ,CJ_SV,"2020-09-28 04:07:20",1497,1474,0,13,10,899,876,0,13,10,843,56,1650,751,47,400,260,15,12,5,50,9,4,4,24,10,3
40,VÂLCEA,"ȘCOALA GIMNAZIALĂ COSTEA MARINOIU OCNELE MARI",155,"ORAŞ OCNELE MARI",168130,2,PROV,PRCNCT,CJ,CJ_SV,"2020-09-28 04:00:56",1440,1374,0,43,23,970,904,0,43,23,898,72,1600,630,37,415,256,35,42,4,41,4,4,10,29,19,2
40,VÂLCEA,"ȘCOALA GIMNAZIALĂ CREȚENI",202,CREŢENI,169306,1,PROV,PRCNCT,CJ,CJ_SV,"2020-09-28 03:41:28",883,857,0,11,15,525,499,0,11,15,483,42,970,445,9,207,116,6,13,7,7,0,3,6,98,10,1
40,VÂLCEA,"ŞCOALA GIMNAZIALĂ CU CLASELE I-VIII RUNCU",357,RUNCU,172812,1,PROV,PRCNCT,CJ,CJ_SV,"2020-09-28 01:54:36",500,435,0,63,2,348,283,0,63,2,302,35,570,233,25,90,66,6,20,2,9,0,5,1,65,5,8
40,VÂLCEA,"ȘCOALA GIMNAZIALĂ DUMITRU BĂDESCU",118,"ORAŞ BĂILE OLĂNEŞTI",167696,1,PROV,PRCNCT,CJ,CJ_SV,"2020-09-28 05:10:49",1361,1335,2,10,14,734,710,0,10,14,695,39,1480,746,13,386,85,12,12,1,49,9,3,6,101,13,5
40,VÂLCEA,"ŞCOALA GIMNAZIALĂ FĂUREŞTI",218,FĂUREŞTI,169583,1,PROV,PRCNCT,CJ,CJ_SV,"2020-09-28 04:47:50",696,639,0,45,12,496,439,0,45,12,467,29,740,244,3,106,287,5,39,1,17,1,1,3,2,0,2
40,VÂLCEA,"ŞCOALA GIMNAZIALĂ GORANU",46,"MUNICIPIUL RÂMNICU VÂLCEA",167473,1,PROV,PRCNCT,CJ,CJ_SV,"2020-09-28 01:53:15",1060,1048,2,10,0,353,343,0,10,0,338,15,1160,807,10,111,110,16,4,1,29,4,5,4,37,3,4
40,VÂLCEA,"ȘCOALA GIMNAZIALĂ GORANU",45,"MUNICIPIUL RÂMNICU VÂLCEA",167473,1,PROV,PRCNCT,CJ,CJ_SV,"2020-09-28 02:03:36",1405,1398,0,7,0,427,420,0,7,0,403,24,1580,1153,9,113,147,12,10,10,41,4,12,3,38,2,2
40,VÂLCEA,"ŞCOALA GIMNAZIALĂ GUŞOENI",254,GUŞOENI,170444,1,PROV,PRCNCT,CJ,CJ_SV,"2020-09-28 06:03:00",807,740,0,20,47,513,446,0,20,47,477,34,840,329,16,318,121,7,2,1,7,1,1,3,0,0,0
40,VÂLCEA,"ȘCOALA GIMNAZIALĂ ”IOAN GH. DUCA”",22,"MUNICIPIUL RÂMNICU VÂLCEA",167473,1,PROV,PRCNCT,CJ,CJ_SV,"2020-09-28 02:36:43",1003,993,0,10,0,354,344,0,10,0,342,12,1110,756,14,99,115,9,9,2,41,6,3,4,31,8,1
40,VÂLCEA,"ȘCOALA GIMNAZIALĂ ”IOAN GH. DUCA”",21,"MUNICIPIUL RÂMNICU VÂLCEA",167473,1,PROV,PRCNCT,CJ,CJ_SV,"2020-09-28 00:04:29",963,955,2,6,0,347,341,0,6,0,333,14,1070,723,4,102,82,6,5,3,62,3,5,2,42,8,9
40,VÂLCEA,"ȘCOALA GIMNAZIALĂ ”IOAN GH. DUCA”",27,"MUNICIPIUL RÂMNICU VÂLCEA",167473,1,PROV,PRCNCT,CJ,CJ_SV,"2020-09-28 02:14:42",852,842,0,10,0,309,299,0,10,0,305,4,970,661,13,103,81,7,5,2,39,3,3,5,36,1,7
40,VÂLCEA,"ȘCOALA GIMNAZIALĂ ”IOAN GH. DUCA”",26,"MUNICIPIUL RÂMNICU VÂLCEA",167473,1,PROV,PRCNCT,CJ,CJ_SV,"2020-09-28 00:02:21",1089,1078,2,9,0,334,325,0,9,0,325,9,1200,866,8,103,109,8,8,1,36,2,5,2,30,6,7
40,VÂLCEA,"ȘCOALA GIMNAZIALĂ ”IOAN GH. DUCA”",25,"MUNICIPIUL RÂMNICU VÂLCEA",167473,1,PROV,PRCNCT,CJ,CJ_SV,"2020-09-28 00:10:35",860,851,0,9,0,286,277,0,9,0,277,9,840,554,8,68,80,12,10,0,44,4,5,1,39,5,1
40,VÂLCEA,"ȘCOALA GIMNAZIALĂ ”IOAN GH. DUCA”",24,"MUNICIPIUL RÂMNICU VÂLCEA",167473,1,PROV,PRCNCT,CJ,CJ_SV,"2020-09-28 01:07:07",853,843,0,10,0,297,287,0,10,0,287,10,940,643,10,101,68,3,5,1,30,4,6,1,38,10,10
40,VÂLCEA,"ȘCOALA GIMNAZIALĂ ”IOAN GH. DUCA”",23,"MUNICIPIUL RÂMNICU VÂLCEA",167473,1,PROV,PRCNCT,CJ,CJ_SV,"2020-09-28 01:02:14",1012,999,2,10,1,342,331,0,10,1,334,8,1120,778,11,104,91,7,8,1,56,0,3,1,35,5,12
40,VÂLCEA,"ȘCOALA GIMNAZIALĂ IONESCU CHEIANU",119,"ORAŞ BĂILE OLĂNEŞTI",167696,1,PROV,PRCNCT,CJ,CJ_SV,"2020-09-28 02:21:34",907,897,0,4,6,506,496,0,4,6,463,43,1000,494,11,242,98,6,9,4,34,5,4,6,38,3,3
40,VÂLCEA,"ŞCOALA GIMNAZIALĂ JIBLEA VECHE",143,"ORAŞ CĂLIMĂNEŞTI",167909,2,PROV,PRCNCT,CJ,CJ_SV,"2020-09-28 04:57:41",995,987,0,8,0,419,411,0,8,0,361,58,1090,671,6,84,109,10,7,15,25,49,0,5,42,5,4
40,VÂLCEA,"ŞCOALA GIMNAZIALĂ JIBLEA VECHE",144,"ORAŞ CĂLIMĂNEŞTI",167909,1,PROV,PRCNCT,CJ,CJ_SV,"2020-09-28 02:05:23",989,981,0,8,0,409,401,0,8,0,391,18,1080,671,6,114,169,6,4,3,26,23,6,5,19,8,2
40,VÂLCEA,"ŞCOALA GIMNAZIALĂ LĂUNELE DE JOS",211,DĂNICEI,169404,1,PROV,PRCNCT,CJ,CJ_SV,"2020-09-28 01:41:31",347,340,0,5,2,255,248,0,5,2,235,20,380,125,3,75,78,6,0,0,4,0,14,1,53,0,1
40,VÂLCEA,"ŞCOALA GIMNAZIALĂ MALAIA",280,MALAIA,171021,1,PROV,PRCNCT,CJ,CJ_SV,"2020-09-28 02:21:09",868,798,0,38,32,691,621,0,38,32,662,29,980,289,19,307,217,28,10,1,61,2,0,2,2,3,10
40,VÂLCEA,"ŞCOALA GIMNAZIALĂ MATEEŞTI",283,MATEEŞTI,171067,1,PROV,PRCNCT,CJ,CJ_SV,"2020-09-28 02:31:03",1116,1061,3,17,35,699,646,1,17,35,652,47,1220,521,4,366,128,5,34,4,22,26,19,3,36,3,2
40,VÂLCEA,"ŞCOALA GIMNAZIALĂ MOLOGEŞTI",261,LALOŞU,170612,2,PROV,PRCNCT,CJ,CJ_SV,"2020-09-28 05:45:05",577,518,1,54,4,424,366,0,54,4,402,22,570,146,14,225,136,4,1,1,15,0,1,0,1,4,0
40,VÂLCEA,"ŞCOALA GIMNAZIALĂ NR.1",398,ŞTEFĂNEŞTI,173748,4,PROV,PRCNCT,CJ,CJ_SV,"2020-09-29 13:23:48",584,515,0,48,21,402,333,0,48,21,366,36,560,158,10,189,96,15,25,2,4,1,2,0,20,1,1
40,VÂLCEA,"ȘCOALA GIMNAZIALĂ NR. 10",58,"MUNICIPIUL RÂMNICU VÂLCEA",167473,1,PROV,PRCNCT,CJ,CJ_SV,"2020-09-28 00:04:19",1120,1110,2,8,0,334,326,0,8,0,328,6,1280,946,14,118,79,19,5,2,40,1,4,3,28,8,7
40,VÂLCEA,"ȘCOALA GIMNAZIALĂ NR. 10",56,"MUNICIPIUL RÂMNICU VÂLCEA",167473,1,PROV,PRCNCT,CJ,CJ_SV,"2020-09-28 00:35:45",1213,1206,0,7,0,465,458,0,7,0,445,20,1380,915,16,163,123,11,6,1,66,3,1,5,43,4,3
40,VÂLCEA,"ȘCOALA GIMNAZIALĂ NR. 10",57,"MUNICIPIUL RÂMNICU VÂLCEA",167473,1,PROV,PRCNCT,CJ,CJ_SV,"2020-09-28 00:52:53",1405,1396,0,9,0,535,526,0,9,0,515,20,1630,1095,14,216,110,15,9,5,63,0,3,6,55,12,7
40,VÂLCEA,"ŞCOALA GIMNAZIALĂ NR. 13",79,"MUNICIPIUL RÂMNICU VÂLCEA",167473,1,PROV,PRCNCT,CJ,CJ_SV,"2020-09-27 22:52:44",943,935,0,8,0,319,311,0,8,0,310,9,1060,741,7,117,71,10,12,2,36,1,1,3,38,7,5
40,VÂLCEA,"ŞCOALA GIMNAZIALĂ NR. 13",78,"MUNICIPIUL RÂMNICU VÂLCEA",167473,1,PROV,PRCNCT,CJ,CJ_SV,"2020-09-27 23:48:37",938,933,1,4,0,282,278,0,4,0,275,7,1060,778,9,101,59,6,5,1,42,1,3,4,29,11,4
40,VÂLCEA,"ŞCOALA GIMNAZIALĂ NR. 13",82,"MUNICIPIUL RÂMNICU VÂLCEA",167473,1,PROV,PRCNCT,CJ,CJ_SV,"2020-09-28 00:37:35",1015,1009,0,6,0,325,319,0,6,0,303,22,1140,815,9,105,82,3,8,4,45,2,1,1,34,4,5
40,VÂLCEA,"ŞCOALA GIMNAZIALĂ NR. 13",83,"MUNICIPIUL RÂMNICU VÂLCEA",167473,1,PROV,PRCNCT,CJ,CJ_SV,"2020-09-28 00:46:20",1360,1352,0,7,1,481,473,0,7,1,462,19,1520,19,15,165,105,9,15,3,63,1,1,6,54,10,15
40,VÂLCEA,"ŞCOALA GIMNAZIALĂ NR. 13",84,"MUNICIPIUL RÂMNICU VÂLCEA",167473,1,PROV,PRCNCT,CJ,CJ_SV,"2020-09-28 00:54:29",1406,1398,0,7,1,504,496,0,7,1,492,12,1570,1066,14,148,133,17,14,9,56,2,7,5,72,8,7
40,VÂLCEA,"ŞCOALA GIMNAZIALĂ NR. 13",81,"MUNICIPIUL RÂMNICU VÂLCEA",167473,1,PROV,PRCNCT,CJ,CJ_SV,"2020-09-28 02:11:12",1013,1006,0,7,0,321,314,0,7,0,310,11,1150,829,8,103,72,12,10,2,37,3,5,2,46,4,6
40,VÂLCEA,"ŞCOALA GIMNAZIALĂ NR. 13",80,"MUNICIPIUL RÂMNICU VÂLCEA",167473,1,PROV,PRCNCT,CJ,CJ_SV,"2020-09-28 00:25:33",923,918,0,3,2,320,315,0,3,2,311,9,1080,760,12,118,89,11,1,1,36,4,0,1,28,6,4
40,VÂLCEA,"ŞCOALA GIMNAZIALĂ NR.4",52,"MUNICIPIUL RÂMNICU VÂLCEA",167473,1,PROV,PRCNCT,CJ,CJ_SV,"2020-09-28 01:51:36",959,952,1,6,0,375,369,0,6,0,366,9,1040,665,11,100,125,16,11,0,56,11,3,2,22,8,1
40,VÂLCEA,"ŞCOALA GIMNAZIALĂ NR.4",50,"MUNICIPIUL RÂMNICU VÂLCEA",167473,1,PROV,PRCNCT,CJ,CJ_SV,"2020-09-28 01:05:57",1000,990,2,8,0,304,296,0,8,0,299,5,1100,796,9,92,109,9,8,4,32,1,1,2,17,7,8
40,VÂLCEA,"ŞCOALA GIMNAZIALĂ NR.4",51,"MUNICIPIUL RÂMNICU VÂLCEA",167473,1,PROV,PRCNCT,CJ,CJ_SV,"2020-09-28 00:03:16",1318,1309,0,9,0,454,445,0,9,0,442,12,1460,1006,14,123,166,6,6,8,57,4,2,0,36,9,11
40,VÂLCEA,"ŞCOALA GIMNAZIALĂ NR.5",33,"MUNICIPIUL RÂMNICU VÂLCEA",167473,2,PROV,PRCNCT,CJ,CJ_SV,"2020-09-28 05:13:04",1180,1159,2,19,0,520,501,0,19,0,513,7,1300,780,22,145,163,13,12,6,68,2,5,5,58,6,8
40,VÂLCEA,"ŞCOALA GIMNAZIALĂ NR. 5",103,"MUNICIPIUL DRĂGĂŞANI",167981,1,PROV,PRCNCT,CJ,CJ_SV,"2020-09-28 01:50:25",764,753,2,9,0,311,302,0,9,0,289,22,840,529,3,131,71,29,11,4,16,1,2,1,14,2,4
40,VÂLCEA,"ŞCOALA GIMNAZIALĂ NR. 8 (BÂRSANU)",101,"MUNICIPIUL DRĂGĂŞANI",167981,1,PROV,PRCNCT,CJ,CJ_SV,"2020-09-28 02:51:10",929,914,1,13,1,428,414,0,13,1,385,43,1020,592,10,147,96,43,8,13,27,1,2,2,19,13,4
40,VÂLCEA,"ŞCOALĂ GIMNAZIALĂ PIETRARI",336,PIETRARI,172340,1,PROV,PRCNCT,CJ,CJ_SV,"2020-09-28 02:06:58",1374,1353,3,12,6,796,777,1,12,6,717,79,1500,704,8,244,315,21,22,2,16,3,12,6,57,5,6
40,VÂLCEA,"ŞCOALA GIMNAZIALĂ ROŞIILE",353,ROŞIILE,172698,1,PROV,PRCNCT,CJ,CJ_SV,"2020-09-28 04:53:55",510,473,0,18,19,510,473,0,18,19,461,49,970,460,5,216,93,3,62,3,17,52,3,4,0,0,3
40,VÂLCEA,"ŞCOALA GIMNAZIALĂ SĂRULEŞTI",271,LĂPUŞATA,170792,1,PROV,PRCNCT,CJ,CJ_SV,"2020-09-28 03:35:41",1139,1125,0,14,0,717,703,0,14,0,639,78,1250,533,6,240,212,25,13,1,16,1,4,5,105,2,9
40,VÂLCEA,"ȘCOALA GIMNAZIALĂ SAT COLTEȘTI",159,ALUNU,168229,1,PROV,PRCNCT,CJ,CJ_SV,"2020-09-28 04:42:37",1307,1272,1,25,9,851,816,1,25,9,779,72,1430,579,20,500,90,11,15,6,41,32,4,1,57,0,2
40,VÂLCEA,"ŞCOALA GIMNAZIALĂ, SAT VALEA MARE, ORAȘ BĂBENI",110,"ORAŞ BĂBENI",168372,1,PROV,PRCNCT,CJ,CJ_SV,"2020-09-28 04:11:20",1332,1323,0,9,0,617,608,0,9,0,560,57,1460,843,15,321,128,4,14,27,7,15,0,6,10,12,1
40,VÂLCEA,"ŞCOALA GIMNAZIALĂ ŞERBĂNEŞTI",326,PĂUŞEŞTI,171995,1,PROV,PRCNCT,CJ,CJ_SV,"2020-09-27 23:23:19",395,394,0,1,0,232,231,0,1,0,201,31,440,208,7,90,20,3,3,2,0,0,0,2,72,2,0
40,VÂLCEA,"ŞCOALA GIMNAZIALĂ ”ŞERBAN VODĂ CANTACUZINO” CĂLIMĂNEŞTI",139,"ORAŞ CĂLIMĂNEŞTI",167909,1,PROV,PRCNCT,CJ,CJ_SV,"2020-09-28 00:25:59",960,949,0,11,0,423,412,0,11,0,393,30,1050,627,5,103,120,10,3,2,20,24,2,3,90,8,3
40,VÂLCEA,"ŞCOALA GIMNAZIALĂ ŞIRINEASA",393,ŞIRINEASA,173686,1,PROV,PRCNCT,CJ,CJ_SV,"2020-09-28 00:58:51",1201,1170,0,15,16,786,755,0,15,16,700,55,1310,555,9,329,228,25,12,6,4,10,2,4,11,54,6
40,VÂLCEA,"ŞCOALA GIMNAZIALĂ ”SPIRU HARET” (FOSTĂ NR. 3)",44,"MUNICIPIUL RÂMNICU VÂLCEA",167473,1,PROV,PRCNCT,CJ,CJ_SV,"2020-09-28 01:05:32",1540,1522,2,12,4,645,629,0,12,4,620,25,1720,1075,13,168,232,24,8,9,53,3,8,8,74,11,9
40,VÂLCEA,"ṢCOALA GIMNAZIALĂ SUTEŞTI",391,SUTEŞTI,173597,1,PROV,PRCNCT,CJ,CJ_SV,"2020-09-28 03:41:43",856,788,1,55,12,856,788,1,55,12,807,49,1440,584,15,239,435,30,17,6,28,2,3,2,19,3,8
40,VÂLCEA,"ȘCOALA GIMNAZIALĂ TAKE IONESCU",28,"MUNICIPIUL RÂMNICU VÂLCEA",167473,1,PROV,PRCNCT,CJ,CJ_SV,"2020-09-28 02:50:39",983,964,2,16,1,404,387,0,16,1,397,7,1080,676,28,113,135,11,8,3,42,1,7,2,35,8,4
40,VÂLCEA,"ŞCOALA GIMNAZIALĂ TURCEŞTI",285,MATEEŞTI,171067,1,PROV,PRCNCT,CJ,CJ_SV,"2020-09-28 00:50:45",1048,998,1,20,29,672,622,1,20,29,637,35,1100,428,9,358,149,15,17,4,25,7,11,1,39,2,0
40,VÂLCEA,"ŞCOALA GIMNAZIALĂ UDREŞTI",209,DĂNICEI,169404,1,PROV,PRCNCT,CJ,CJ_SV,"2020-09-28 01:05:54",789,774,0,0,15,488,473,0,0,15,459,29,890,402,9,238,177,10,1,1,4,1,1,1,13,0,3
40,VÂLCEA,"ŞCOALA GIMNAZIALĂ ZĂTRENI",430,ZĂTRENI,174290,1,PROV,PRCNCT,CJ,CJ_SV,"2020-09-28 01:43:33",551,520,1,17,13,312,281,1,17,13,292,20,640,328,21,120,79,11,41,1,5,0,9,0,5,0,0
40,VÂLCEA,"ŞCOALA GRUIUL LUPULUI",346,RACOVIŢA,172509,3,PROV,PRCNCT,CJ,CJ_SV,"2020-09-28 01:41:52",133,122,1,9,1,91,81,0,9,1,82,9,140,49,1,42,30,1,0,2,2,1,1,0,2,0,0
40,VÂLCEA,"ŞCOALA IONEŞTII GOVORII",256,IONEŞTI,170514,1,PROV,PRCNCT,CJ,CJ_SV,"2020-09-28 00:14:42",1124,1115,2,7,0,480,473,0,7,0,441,39,1250,770,6,145,235,4,8,3,15,3,1,3,10,2,6
40,VÂLCEA,"ŞCOALA LESPEZI - ARHIVĂ",47,"MUNICIPIUL RÂMNICU VÂLCEA",167473,1,PROV,PRCNCT,CJ,CJ_SV,"2020-09-28 04:05:11",1162,1154,0,8,0,464,456,0,8,0,442,22,1270,806,15,117,157,19,12,6,34,1,4,9,46,11,11
40,VÂLCEA,"ŞCOALA LUNGEŞTI",276,LUNGEŞTI,170952,1,PROV,PRCNCT,CJ,CJ_SV,"2020-09-28 01:10:17",885,835,0,26,24,440,390,0,26,24,396,44,930,490,22,109,216,2,4,4,9,1,3,1,21,2,2
40,VÂLCEA,"ŞCOALA MARCEA",259,IONEŞTI,170514,1,PROV,PRCNCT,CJ,CJ_SV,"2020-09-28 00:34:27",679,669,2,6,2,307,299,0,6,2,283,24,740,433,6,104,133,8,1,1,18,1,1,4,2,1,3
40,VÂLCEA,"ŞCOALA MĂRGINENI",423,"VALEA MARE",174085,1,PROV,PRCNCT,CJ,CJ_SV,"2020-09-27 23:30:18",314,298,0,16,0,177,161,0,16,0,161,16,320,143,5,69,48,15,4,2,1,1,0,2,9,0,5
40,VÂLCEA,"ŞCOALA MUEREASCA DE JOS",307,MUEREASCA,171539,1,PROV,PRCNCT,CJ,CJ_SV,"2020-09-28 00:20:04",911,908,0,3,0,391,388,0,3,0,359,32,1000,609,10,174,136,4,5,0,3,12,1,5,6,2,1
40,VÂLCEA,"ŞCOALA MUEREASCA DE SUS",308,MUEREASCA,171539,2,PROV,PRCNCT,CJ,CJ_SV,"2020-09-28 02:45:00",1142,1134,0,5,3,530,522,0,5,3,477,53,1260,730,10,230,187,1,6,2,9,3,2,3,19,3,2
40,VÂLCEA,"ŞCOALA NICOLAE BĂLCESCU",98,"MUNICIPIUL DRĂGĂŞANI",167981,1,PROV,PRCNCT,CJ,CJ_SV,"2020-09-28 02:20:49",1258,1234,1,22,1,524,501,0,22,1,499,25,1380,856,9,180,171,33,17,10,44,3,4,1,18,8,1
40,VÂLCEA,"ȘCOALA NICOLAE BĂLCESCU",97,"MUNICIPIUL DRĂGĂŞANI",167981,1,PROV,PRCNCT,CJ,CJ_SV,"2020-09-28 02:41:47",1287,1266,1,20,0,534,514,0,20,0,504,30,1410,876,19,160,142,37,14,4,72,4,4,5,27,10,6
40,VÂLCEA,"ȘCOALA PĂDUREȚU",113,"ORAŞ BĂBENI",168372,1,PROV,PRCNCT,CJ,CJ_SV,"2020-09-28 01:09:15",132,121,0,11,0,132,121,0,11,0,120,12,190,58,5,52,49,1,0,0,1,2,1,1,6,2,0
40,VÂLCEA,"ŞCOALA PATEŞTI",362,SĂLĂTRUCEL,172894,2,PROV,PRCNCT,CJ,CJ_SV,"2020-09-28 00:19:01",113,102,0,11,0,83,72,0,11,0,72,11,110,27,1,22,35,2,2,0,1,1,2,1,0,3,2
40,VÂLCEA,"ŞCOALA PODENI",334,PERIŞANI,172153,1,PROV,PRCNCT,CJ,CJ_SV,"2020-09-27 22:52:56",59,54,0,5,0,41,36,0,5,0,36,5,60,19,0,9,23,0,0,1,0,2,0,0,0,1,0
40,VÂLCEA,"ŞCOALA POENIŢA",248,GOLEŞTI,170220,1,PROV,PRCNCT,CJ,CJ_SV,"2020-09-28 00:58:54",335,328,0,7,0,192,185,0,7,0,169,23,360,168,3,45,63,5,6,5,1,1,11,1,27,1,0
40,VÂLCEA,"ŞCOALA POIENARI",242,GHIOROIU,170097,1,PROV,PRCNCT,CJ,CJ_SV,"2020-09-27 23:47:03",257,223,0,29,5,197,163,0,29,5,180,17,240,43,13,94,55,1,4,0,10,0,1,1,1,0,0
40,VÂLCEA,"ŞCOALA PRIMARĂ ANINOASA",244,GLĂVILE,170168,1,PROV,PRCNCT,CJ,CJ_SV,"2020-09-27 23:34:38",174,154,0,16,4,135,115,0,16,4,123,12,160,25,0,86,23,0,0,2,2,4,4,0,1,1,0
40,VÂLCEA,"ŞCOALA PRIMARĂ BARCANELE",323,PĂUŞEŞTI,171995,1,PROV,PRCNCT,CJ,CJ_SV,"2020-09-28 01:01:48",485,475,0,10,0,318,308,0,10,0,283,35,540,222,5,100,26,1,6,6,3,1,4,0,128,1,2
40,VÂLCEA,"ŞCOALA PRIMARĂ BENEŞTI",122,"ORAŞ BĂLCEŞTI",168452,1,PROV,PRCNCT,CJ,CJ_SV,"2020-09-28 00:46:20",367,358,0,9,0,187,178,0,9,0,168,19,400,213,2,112,42,1,1,2,1,1,0,0,6,0,0
40,VÂLCEA,"ŞCOALA PRIMARĂ BERBEŞTI",262,LALOŞU,170612,1,PROV,PRCNCT,CJ,CJ_SV,"2020-09-28 00:34:17",384,351,0,30,3,267,234,0,30,3,259,8,380,113,3,194,56,0,1,0,4,1,0,0,0,0,0
40,VÂLCEA,"ŞCOALA PRIMARĂ BROŞTENI",272,LĂPUŞATA,170792,2,PROV,PRCNCT,CJ,CJ_SV,"2020-09-28 02:06:41",556,543,0,13,0,365,352,0,13,0,308,57,600,235,11,120,73,5,24,4,6,2,3,2,53,1,4
40,VÂLCEA,"SCOALA PRIMARĂ CÂRLOGANI",124,"ORAŞ BĂLCEŞTI",168452,1,PROV,PRCNCT,CJ,CJ_SV,"2020-09-27 23:44:20",452,439,0,13,0,254,241,0,13,0,217,37,480,226,6,72,112,6,5,0,3,1,0,2,8,2,0
40,VÂLCEA,"ȘCOALA PRIMARĂ CERETU",212,DĂNICEI,169404,2,PROV,PRCNCT,CJ,CJ_SV,"2020-09-28 05:01:13",320,304,0,5,11,227,211,0,5,11,213,14,330,103,5,49,116,0,3,2,2,1,4,1,28,1,1
40,VÂLCEA,"ȘCOALA PRIMARĂ CHIRICEȘTI",269,LĂDEŞTI,170685,1,PROV,PRCNCT,CJ,CJ_SV,"2020-09-28 02:04:24",461,390,0,48,23,317,246,0,48,23,297,20,427,110,13,196,57,3,12,1,2,0,2,1,5,1,4
40,VÂLCEA,"ŞCOALA PRIMARĂ CÎINENII MICI",186,CÂINENI,169119,1,PROV,PRCNCT,CJ,CJ_SV,"2020-09-28 00:43:29",549,484,0,56,9,375,310,0,56,9,342,33,710,335,3,85,195,1,6,4,1,1,2,4,37,2,1
40,VÂLCEA,"ŞCOALA PRIMARĂ CIORĂŞTI",394,ŞIRINEASA,173686,2,PROV,PRCNCT,CJ,CJ_SV,"2020-09-28 02:52:24",514,498,0,8,8,347,331,0,8,8,329,18,540,193,7,211,46,8,4,1,5,10,1,1,17,14,4
40,VÂLCEA,"ŞCOALA PRIMARĂ CIUNGET",281,MALAIA,171021,1,PROV,PRCNCT,CJ,CJ_SV,"2020-09-27 23:56:01",402,373,0,16,13,326,297,0,16,13,310,16,430,104,8,167,112,4,3,1,10,0,2,0,2,1,0
40,VÂLCEA,"ŞCOALA PRIMARĂ DEALU SCHEIULUI",210,DĂNICEI,169404,1,PROV,PRCNCT,CJ,CJ_SV,"2020-09-28 02:13:32",229,222,0,7,0,162,155,0,7,0,148,14,250,88,2,49,91,2,0,0,2,0,2,0,0,0,0
40,VÂLCEA,"ȘCOALA PRIMARĂ GĂGENI",268,LĂDEŞTI,170685,1,PROV,PRCNCT,CJ,CJ_SV,"2020-09-28 00:16:53",242,191,0,42,9,181,131,0,41,9,171,10,210,29,8,93,30,0,23,0,3,1,0,0,8,3,2
40,VÂLCEA,"ŞCOALA PRIMARĂ GORUNEŞTI",123,"ORAŞ BĂLCEŞTI",168452,1,PROV,PRCNCT,CJ,CJ_SV,"2020-09-28 02:10:27",606,583,1,14,8,298,276,0,14,8,276,22,670,372,11,128,114,10,1,1,2,1,1,1,5,0,1
40,VÂLCEA,"ŞCOALA PRIMARĂ JIBLEA NOUĂ",145,"ORAŞ CĂLIMĂNEŞTI",167909,2,PROV,PRCNCT,CJ,CJ_SV,"2020-09-28 04:29:48",889,884,0,5,0,414,409,0,5,0,376,38,970,556,7,100,138,3,4,1,38,27,3,4,44,5,2
40,VÂLCEA,"ŞCOALA PRIMARĂ LALOŞU",260,LALOŞU,170612,1,PROV,PRCNCT,CJ,CJ_SV,"2020-09-28 01:51:41",816,781,0,27,8,485,450,0,27,8,444,41,970,485,12,284,135,2,2,2,1,0,1,2,0,3,0
40,VÂLCEA,"ŞCOALA PRIMARĂ OLTEANCA",245,GLĂVILE,170168,1,PROV,PRCNCT,CJ,CJ_SV,"2020-09-28 03:02:52",645,596,0,24,25,442,394,0,24,24,397,45,610,168,3,334,42,0,4,1,2,1,6,0,2,1,1
40,VÂLCEA,"ȘCOALA PRIMARĂ OLTEANCA",270,LĂDEŞTI,170685,1,PROV,PRCNCT,CJ,CJ_SV,"2020-09-27 22:56:47",99,76,0,21,2,74,51,0,21,2,73,1,90,16,5,51,10,0,1,1,2,0,0,0,1,0,2
40,VÂLCEA,"ŞCOALA PRIMARĂ OLTEŢANI",263,LALOŞU,170612,2,PROV,PRCNCT,CJ,CJ_SV,"2020-09-28 03:44:59",216,199,0,15,2,163,146,0,15,2,155,8,220,57,33,92,27,1,0,0,1,0,1,0,0,0,0
40,VÂLCEA,"ŞCOALA PRIMARĂ OTETELIŞU",125,"ORAŞ BĂLCEŞTI",168452,1,PROV,PRCNCT,CJ,CJ_SV,"2020-09-28 01:07:00",848,832,0,15,1,426,410,0,15,1,398,28,920,494,29,143,196,5,3,3,6,2,2,2,4,2,1
40,VÂLCEA,"ŞCOALA PRIMARĂ PIETRARII DE SUS",337,PIETRARI,172340,1,PROV,PRCNCT,CJ,CJ_SV,"2020-09-28 01:52:50",1150,1128,1,5,16,617,596,0,5,16,562,55,1250,633,8,241,246,5,7,2,12,5,7,1,21,4,3
40,VÂLCEA,"ŞCOALA PRIMARĂ ROMANEŞTI",354,ROŞIILE,172698,1,PROV,PRCNCT,CJ,CJ_SV,"2020-09-28 05:14:55",836,806,0,16,14,495,465,0,16,14,449,46,910,415,9,195,126,4,64,5,15,24,5,1,1,0,0
40,VÂLCEA,"ŞCOALA PRIMARĂ SĂSCIOARA",434,ZĂTRENI,174290,1,PROV,PRCNCT,CJ,CJ_SV,"2020-09-28 02:15:57",316,258,0,39,19,276,218,0,39,19,255,21,350,74,6,118,99,10,7,1,5,1,2,3,1,2,0
40,VÂLCEA,"ȘCOALA PRIMARĂ, SAT POPEȘTI",368,SINEŞTI,172992,1,PROV,PRCNCT,CJ,CJ_SV,"2020-09-28 00:57:47",532,497,0,18,17,354,319,0,18,17,322,32,570,216,5,94,198,8,3,0,4,1,0,1,5,2,1
40,VÂLCEA,"ŞCOALA PRIMARĂ SLĂVITEŞTI",395,ŞIRINEASA,173686,1,PROV,PRCNCT,CJ,CJ_SV,"2020-09-28 00:13:36",257,247,0,8,2,146,136,0,8,2,133,13,270,124,2,78,41,2,2,1,1,0,2,0,3,1,0
40,VÂLCEA,"ŞCOALA PRIMARĂ STANOMIRU",431,ZĂTRENI,174290,1,PROV,PRCNCT,CJ,CJ_SV,"2020-09-28 01:45:39",386,371,0,10,5,225,210,0,10,5,205,20,410,185,31,83,65,5,11,0,4,0,3,0,0,0,3
40,VÂLCEA,"ŞCOALA PRIMARĂ VALEA CHEII",329,PĂUŞEŞTI-MĂGLAŞI,172082,5,PROV,PRCNCT,CJ,CJ_SV,"2020-09-28 04:20:43",937,927,0,10,0,449,439,0,10,0,406,43,1020,571,15,145,144,10,5,3,31,8,1,3,31,2,8
40,VÂLCEA,"ŞCOALA PRIMARĂ VĂLENI",432,ZĂTRENI,174290,2,PROV,PRCNCT,CJ,CJ_SV,"2020-09-28 07:40:06",411,373,0,27,11,252,214,0,27,11,227,25,410,158,7,104,64,7,15,0,3,3,2,2,14,1,5
40,VÂLCEA,"ȘCOALA PRUNDENI",342,PRUNDENI,172457,1,PROV,PRCNCT,CJ,CJ_SV,"2020-09-28 04:10:42",1270,1236,2,25,7,700,668,0,25,7,584,76,1400,737,10,231,187,63,28,3,19,4,1,0,35,0,3
40,VÂLCEA,"ŞCOALA RACOVIŢA",173,BUDEŞTI,168791,1,PROV,PRCNCT,CJ,CJ_SV,"2020-09-27 23:19:22",549,539,1,9,0,232,223,0,9,0,215,17,590,358,4,77,91,5,6,2,11,1,0,1,15,0,2
40,VÂLCEA,"ŞCOALA RÎMEŞTI",404,ŞUŞANI,173793,2,PROV,PRCNCT,CJ,CJ_SV,"2020-09-28 07:46:05",904,827,0,59,18,602,525,0,59,18,582,20,930,328,5,190,363,3,5,0,7,0,0,0,9,0,0
40,VÂLCEA,"ŞCOALA SEACA",363,SĂLĂTRUCEL,172894,1,PROV,PRCNCT,CJ,CJ_SV,"2020-09-27 22:36:11",97,87,0,10,0,68,58,0,10,0,64,4,100,32,2,27,25,2,1,0,6,1,0,0,0,0,0
40,VÂLCEA,"ŞCOALA ŞERBĂNEŞTI",361,SĂLĂTRUCEL,172894,1,PROV,PRCNCT,CJ,CJ_SV,"2020-09-28 00:22:44",420,400,0,17,3,257,237,0,17,3,233,24,440,183,2,86,122,1,3,0,7,1,2,1,2,4,2
40,VÂLCEA,"ŞCOALA ŞTIRBEŞTI",240,GHIOROIU,170097,1,PROV,PRCNCT,CJ,CJ_SV,"2020-09-28 00:59:40",547,476,0,42,29,372,301,0,42,29,337,34,570,198,14,125,143,1,8,0,38,0,0,4,0,4,0
40,VÂLCEA,"ŞCOALA STOICULEŞTI",403,ŞUŞANI,173793,4,PROV,PRCNCT,CJ,CJ_SV,"2020-09-28 03:01:35",320,296,0,19,5,224,200,0,19,5,212,11,320,97,2,64,124,3,11,2,1,0,4,1,0,0,0
40,VÂLCEA,"ŞCOALA STOLNICENI",86,"MUNICIPIUL RÂMNICU VÂLCEA",167473,1,PROV,PRCNCT,CJ,CJ_SV,"2020-09-28 01:01:46",583,558,1,23,1,224,200,0,23,1,198,26,640,416,3,65,45,2,6,5,5,2,4,0,51,6,4
40,VÂLCEA,"ŞCOALA ŞUŞANII DE JOS",402,ŞUŞANI,173793,2,PROV,PRCNCT,CJ,CJ_SV,"2020-09-28 04:35:04",477,430,0,37,10,313,266,0,37,10,288,25,480,167,6,121,151,4,3,0,0,1,0,1,0,0,1
40,VÂLCEA,"ŞCOALA ŞUŞANII DE SUS",401,ŞUŞANI,173793,1,PROV,PRCNCT,CJ,CJ_SV,"2020-09-27 23:42:41",508,486,0,20,2,303,282,0,20,1,286,17,540,237,2,126,131,9,8,1,2,0,1,3,0,1,2
40,VÂLCEA,"ŞCOALA TEIU",234,GALICEA,169994,2,PROV,PRCNCT,CJ,CJ_SV,"2020-09-28 02:09:44",342,336,0,6,0,233,227,0,6,0,225,8,370,137,7,152,49,6,3,1,1,0,2,2,1,0,1
40,VÂLCEA,"ŞCOALA TEIUŞU, COMUNA BUNEŞTI",185,BUNEŞTI,168960,1,PROV,PRCNCT,CJ,CJ_SV,"2020-09-27 22:55:33",442,428,1,13,0,203,190,0,13,0,181,22,470,267,0,109,21,6,1,0,5,2,0,4,31,1,1
40,VÂLCEA,"ŞCOALA TELECHEŞTI",293,MĂLDĂREŞTI,171272,2,PROV,PRCNCT,CJ,CJ_SV,"2020-09-28 05:16:01",148,139,0,9,0,102,93,0,9,0,90,12,150,48,0,15,22,2,42,1,4,0,0,0,4,0,0
40,VÂLCEA,"ŞCOALA TUDOR VLADIMIRESCU",91,"MUNICIPIUL DRĂGĂŞANI",167981,1,PROV,PRCNCT,CJ,CJ_SV,"2020-09-28 01:57:22",1360,1338,8,13,1,546,532,0,13,1,510,36,1500,954,12,184,149,34,16,1,46,2,3,5,30,23,5
40,VÂLCEA,"ŞCOALA TUDOR VLADIMIRESCU",92,"MUNICIPIUL DRĂGĂŞANI",167981,1,PROV,PRCNCT,CJ,CJ_SV,"2020-09-28 00:58:49",1227,1219,1,7,0,481,474,0,7,0,468,13,1370,889,20,166,145,25,9,4,37,0,3,2,31,21,5
40,VÂLCEA,"ȘCOALA URZICA, SAT URZICA",367,SINEŞTI,172992,1,PROV,PRCNCT,CJ,CJ_SV,"2020-09-28 02:05:02",839,793,0,32,14,522,476,0,32,14,488,34,890,368,4,203,218,6,6,1,37,0,3,8,2,0,0
40,VÂLCEA,"ŞCOALA VALEA RÎULUI",235,GALICEA,169994,1,PROV,PRCNCT,CJ,CJ_SV,"2020-09-28 00:51:10",352,344,0,6,2,226,218,0,6,2,209,17,380,154,4,139,46,8,0,1,4,0,2,0,5,0,0
40,VÂLCEA,"ŞCOALA VĂTĂŞEŞTI",249,GOLEŞTI,170220,1,PROV,PRCNCT,CJ,CJ_SV,"2020-09-28 00:14:27",214,199,0,14,1,137,122,0,14,1,118,19,220,83,1,62,33,1,1,0,3,1,4,1,10,0,1
40,VÂLCEA,"ŞCOALA VECHE MĂLDĂREŞTI",292,MĂLDĂREŞTI,171272,1,PROV,PRCNCT,CJ,CJ_SV,"2020-09-28 06:12:34",1501,1487,3,7,4,918,906,1,7,4,830,88,1661,743,11,298,241,4,176,2,42,3,5,7,32,4,5
40,VÂLCEA,"ȘCOALA ZLĂTĂREI",105,"MUNICIPIUL DRĂGĂŞANI",167981,1,PROV,PRCNCT,CJ,CJ_SV,"2020-09-28 01:49:52",1205,1196,1,8,0,562,554,0,8,0,519,43,1340,778,14,221,145,56,6,10,34,7,4,0,10,8,4
40,VÂLCEA,"S.C. PIEȚE PREST S.A. - PT 13",37,"MUNICIPIUL RÂMNICU VÂLCEA",167473,1,PROV,PRCNCT,CJ,CJ_SV,"2020-09-28 01:02:53",964,933,4,14,13,363,336,0,14,13,352,11,1050,687,9,115,114,11,6,4,37,5,7,0,32,3,9
40,VÂLCEA,"SECŢIA 1 DE POLIŢIE RURALĂ RÂMNICU VÂLCEA",85,"MUNICIPIUL RÂMNICU VÂLCEA",167473,1,PROV,PRCNCT,CJ,CJ_SV,"2020-09-28 00:08:06",851,836,4,11,0,336,325,0,11,0,316,20,940,604,16,101,95,14,9,0,17,2,2,2,40,10,8
40,VÂLCEA,"SISTEMUL DE GOSPODĂRIRE A APELOR VÂLCEA",90,"MUNICIPIUL RÂMNICU VÂLCEA",167473,1,PROV,PRCNCT,CJ,CJ_SV,"2020-09-27 23:29:09",730,714,4,12,0,286,274,0,12,0,279,7,830,544,13,85,88,6,5,3,29,3,0,2,33,3,9
40,VÂLCEA,"UNITATE DE ÎNVĂȚĂMÂNT - FOST LICEUL TEHNOLOGIC OLTCHIM",32,"MUNICIPIUL RÂMNICU VÂLCEA",167473,1,PROV,PRCNCT,CJ,CJ_SV,"2020-09-28 03:00:24",1412,1387,4,12,9,509,488,0,12,9,499,10,1550,1041,11,152,166,17,10,4,56,3,4,4,57,12,3
40,VÂLCEA,"UNITATE DE ÎNVĂȚĂMÂNT- FOST LICEUL TEHNOLOGIC OLTCHIM",31,"MUNICIPIUL RÂMNICU VÂLCEA",167473,1,PROV,PRCNCT,CJ,CJ_SV,"2020-09-28 05:40:10",1304,1288,5,11,0,477,466,0,11,0,449,28,1510,1033,19,135,155,14,9,0,50,7,7,0,40,9,4
