precinct_county_nce,precinct_county_name,precinct_name,precinct_nr,uat_name,uat_siruta,report_version,report_stage_code,report_type_scope_code,report_type_category_code,report_type_code,created_at,a,a1,a2,a3,a4,b,b1,b2,b3,b4,c,d,e,f,"PARTIDUL NAȚIONAL LIBERAL-voturi","PARTIDUL ALIANŢA LIBERALILOR ŞI DEMOCRAŢILOR – ALDE-voturi","PARTIDUL MIȘCAREA POPULARĂ-voturi","PARTIDUL PRO ROMÂNIA-voturi","PARTIDUL SOCIAL DEMOCRAT-voturi","PARTIDUL FORȚA IDENTITĂȚII NAȚIONALE-voturi","ALIANȚA USR PLUS-voturi"
19,GIURGIU,"AGENȚIA PENTRU PROTECȚIA MEDIULUI GIURGIU SALA DE CONSILIU",19,"MUNICIPIUL GIURGIU",100521,1,PROV,PRCNCT,CJ,CJ_SV,"2020-09-28 09:56:56",1839,1828,0,11,0,628,617,0,11,0,617,11,2202,1574,199,36,7,62,300,9,4
19,GIURGIU,"A.J.O.F.M. GIURGIU",18,"MUNICIPIUL GIURGIU",100521,1,PROV,PRCNCT,CJ,CJ_SV,"2020-09-28 01:44:05",1079,1064,2,13,0,402,389,0,13,0,399,3,1173,771,130,25,19,58,151,4,12
19,GIURGIU,"A.J.O.F.M. GIURGIU",17,"MUNICIPIUL GIURGIU",100521,1,PROV,PRCNCT,CJ,CJ_SV,"2020-09-28 04:35:20",1567,1551,2,14,0,563,549,0,14,0,555,8,1716,1153,225,29,23,76,158,13,31
19,GIURGIU,"CAMIN CULTURAL",110,DAIA,102446,2,PROV,PRCNCT,CJ,CJ_SV,"2020-09-28 07:51:52",600,542,0,46,12,422,364,0,46,12,397,25,600,178,277,6,9,5,97,2,1
19,GIURGIU,"CAMIN CULTURAL BUTURUGENI",87,BUTURUGENI,101617,2,PROV,PRCNCT,CJ,CJ_SV,"2020-09-28 15:22:24",638,580,0,47,11,507,449,0,47,11,488,19,650,143,194,8,5,9,266,3,3
19,GIURGIU,"CĂMIN CULTURAL VEDEA",244,VEDEA,105909,1,PROV,PRCNCT,CJ,CJ_SV,"2020-09-28 01:48:14",798,720,1,57,20,570,492,1,57,20,544,26,800,230,291,5,10,7,217,8,6
19,GIURGIU,"CĂMINUL CULTURAL BOLINTIN - DEAL",75,BOLINTIN-DEAL,101163,1,PROV,PRCNCT,CJ,CJ_SV,"2020-09-28 02:59:48",1408,1394,4,10,0,583,573,0,10,0,551,32,1600,1017,375,22,11,10,86,2,45
19,GIURGIU,"CĂMINUL CULTURAL BULBUCATA",85,BULBUCATA,101519,2,PROV,PRCNCT,CJ,CJ_SV,"2020-09-28 14:22:35",1349,1085,3,249,12,1162,901,0,249,12,1098,64,1184,22,649,28,257,1,141,10,12
19,GIURGIU,"CĂMINUL CULTURAL CLEJANI",94,CLEJANI,101984,2,PROV,PRCNCT,CJ,CJ_SV,"2020-09-28 09:02:31",1349,1277,0,13,59,878,806,0,13,59,857,21,1466,588,724,10,36,1,83,1,2
19,GIURGIU,"CĂMINUL CULTURAL FRĂTEŞTI",120,FRĂTEŞTI,102909,1,PROV,PRCNCT,CJ,CJ_SV,"2020-09-28 06:39:26",1443,1406,0,26,11,908,871,0,26,11,850,58,1548,640,77,242,28,20,435,22,26
19,GIURGIU,"CĂMINUL CULTURAL GOGOŞARI",139,GOGOŞARI,103309,1,PROV,PRCNCT,CJ,CJ_SV,"2020-09-28 01:54:07",446,413,0,13,20,446,413,0,13,20,430,16,652,206,324,12,5,9,77,3,0
19,GIURGIU,"CĂMINUL CULTURAL HULUBEŞTI",93,CĂLUGĂRENI,101662,2,PROV,PRCNCT,CJ,CJ_SV,"2020-09-28 07:28:23",1316,1302,0,14,0,915,901,0,14,0,835,80,1402,487,465,6,3,0,332,7,22
19,GIURGIU,"CĂMINUL CULTURAL IEPUREŞTI",158,IEPUREŞTI,103693,2,PROV,PRCNCT,CJ,CJ_SV,"2020-09-28 05:41:29",1061,805,1,240,15,887,632,0,240,15,824,63,929,42,495,20,103,0,192,5,9
19,GIURGIU,"CĂMINUL CULTURAL LETCA NOUĂ",171,"LETCA NOUĂ",104047,1,PROV,PRCNCT,CJ,CJ_SV,"2020-09-28 00:18:25",782,716,0,48,18,523,457,0,48,18,507,16,787,264,438,6,7,19,30,5,2
19,GIURGIU,"CĂMINUL CULTURAL LETCA VECHE",172,"LETCA NOUĂ",104047,1,PROV,PRCNCT,CJ,CJ_SV,"2020-09-28 00:05:36",787,730,1,37,19,462,405,1,37,19,429,33,803,341,351,12,3,25,35,0,3
19,GIURGIU,"CĂMINUL CULTURAL MALU",174,MALU,179739,1,PROV,PRCNCT,CJ,CJ_SV,"2020-09-28 03:39:31",944,905,1,23,15,660,622,0,23,15,616,44,978,318,304,22,84,12,186,3,5
19,GIURGIU,"CĂMINUL CULTURAL OINACU",184,OINACU,104519,1,PROV,PRCNCT,CJ,CJ_SV,"2020-09-28 06:13:23",1526,1434,2,21,69,1059,967,2,21,69,1004,55,1517,458,586,28,11,17,357,3,2
19,GIURGIU,"CĂMINUL CULTURAL PRUNDU",187,PRUNDU,104680,1,PROV,PRCNCT,CJ,CJ_SV,"2020-09-28 02:30:28",1671,1665,1,5,0,911,906,0,5,0,843,68,1865,954,643,90,1,0,58,1,50
19,GIURGIU,"CĂMINUL CULTURAL REMUŞ",122,FRĂTEŞTI,102909,1,PROV,PRCNCT,CJ,CJ_SV,"2020-09-28 04:49:26",1726,1646,1,58,21,1178,1099,0,58,21,1104,74,1813,635,271,470,20,52,197,66,28
19,GIURGIU,"CĂMINUL CULTURAL STOENEŞTI",219,STOENEŞTI,105348,1,PROV,PRCNCT,CJ,CJ_SV,"2020-09-28 02:31:09",929,831,0,56,42,721,623,0,56,42,679,42,958,237,212,15,7,1,432,5,7
19,GIURGIU,"CĂMINUL CULTURAL TOPORU",222,TOPORU,154709,1,PROV,PRCNCT,CJ,CJ_SV,"2020-09-28 04:07:29",1132,977,0,40,115,698,543,0,40,115,664,34,1005,307,67,10,0,1,584,0,2
19,GIURGIU,"CANTINA DE AJUTOR SOCIAL",39,"MUNICIPIUL GIURGIU",100521,1,PROV,PRCNCT,CJ,CJ_SV,"2020-09-28 02:06:38",876,867,0,9,0,259,250,0,9,0,245,14,955,696,93,13,7,25,92,9,6
19,GIURGIU,"CANTINA SEMINARULUI TEOLOGIC TEOCTIST PATRIARHUL",7,"MUNICIPIUL GIURGIU",100521,1,PROV,PRCNCT,CJ,CJ_SV,"2020-09-28 02:02:07",846,835,1,10,0,284,274,0,10,0,279,5,921,637,117,8,9,49,82,7,7
19,GIURGIU,"CASA ARMATEI",43,"MUNICIPIUL GIURGIU",100521,2,PROV,PRCNCT,CJ,CJ_SV,"2020-09-29 10:15:15",1119,1110,0,9,0,402,393,0,9,0,382,20,1219,817,142,30,10,46,131,14,9
19,GIURGIU,"CASA DE CULTURĂ PUTINEIU",190,PUTINEIU,104715,1,PROV,PRCNCT,CJ,CJ_SV,"2020-09-28 06:28:31",1039,984,0,53,2,796,741,0,53,2,747,49,1074,278,554,6,1,1,174,5,6
19,GIURGIU,"CLĂDIRE ADMINISTRATIVĂ",89,BUTURUGENI,101617,2,PROV,PRCNCT,CJ,CJ_SV,"2020-09-28 15:05:36",364,345,0,16,3,246,227,0,16,3,232,14,380,134,76,7,1,18,126,2,2
19,GIURGIU,"CLADIREA PRIMARIEI GHIMPATI",135,GHIMPAŢI,103238,1,PROV,PRCNCT,CJ,CJ_SV,"2020-09-27 23:37:29",633,483,0,72,78,518,368,0,72,78,491,27,600,82,391,25,18,0,54,3,0
19,GIURGIU,"CLĂDIRE DE INTERES PUBLIC",165,IZVOARELE,103899,2,PROV,PRCNCT,CJ,CJ_SV,"2020-09-28 01:59:14",144,72,0,69,3,128,56,0,69,3,118,10,150,22,24,1,0,0,90,0,3
19,GIURGIU,"CLUBUL CADRELOR MILITARE ÎN RETRAGERE",20,"MUNICIPIUL GIURGIU",100521,2,PROV,PRCNCT,CJ,CJ_SV,"2020-09-28 01:41:09",1571,1565,0,6,0,604,598,0,6,0,566,38,1726,1122,181,31,14,79,238,6,17
19,GIURGIU,"COLEGIUL NAŢIONAL ”ION MAIORESCU”",44,"MUNICIPIUL GIURGIU",100521,2,PROV,PRCNCT,CJ,CJ_SV,"2020-09-28 02:58:20",918,911,0,7,0,402,395,0,7,0,391,11,1011,609,174,15,6,45,132,6,13
19,GIURGIU,"COLEGIUL NAŢIONAL ”ION MAIORESCU”",45,"MUNICIPIUL GIURGIU",100521,1,PROV,PRCNCT,CJ,CJ_SV,"2020-09-28 03:41:38",1044,1028,6,9,1,410,399,1,9,1,395,15,1130,720,175,19,9,43,127,7,15
19,GIURGIU,"COLEGIUL TEHNIC VICEAMIRAL IOAN BĂLĂNESCU",8,"MUNICIPIUL GIURGIU",100521,2,PROV,PRCNCT,CJ,CJ_SV,"2020-09-28 04:34:05",995,989,0,6,0,396,390,0,6,0,376,20,1088,692,115,20,15,96,111,7,12
19,GIURGIU,"CREȘA DE COPII CU PROGRAM NORMAL",150,GREACA,103470,1,PROV,PRCNCT,CJ,CJ_SV,"2020-09-28 06:08:00",1469,1334,0,87,48,946,811,0,87,48,897,49,1468,522,125,107,5,11,630,3,16
19,GIURGIU,"DIRECŢIA PENTRU AGRICULTURĂ JUDEŢEANĂ",15,"MUNICIPIUL GIURGIU",100521,3,PROV,PRCNCT,CJ,CJ_SV,"2020-09-29 12:53:13",1204,1179,1,9,15,482,458,0,9,15,441,34,1307,825,138,34,9,48,196,8,8
19,GIURGIU,"DIRECŢIA PENTRU AGRICULTURĂ JUDEŢEANĂ",14,"MUNICIPIUL GIURGIU",100521,1,PROV,PRCNCT,CJ,CJ_SV,"2020-09-28 04:17:36",1365,1357,0,8,0,359,351,0,8,0,305,54,1493,1134,101,27,13,41,115,4,4
19,GIURGIU,"DISPENSAR UMAN IZVORU",142,GOGOŞARI,103309,1,PROV,PRCNCT,CJ,CJ_SV,"2020-09-28 02:23:48",558,525,1,17,15,378,345,1,17,15,354,24,558,180,200,5,9,0,135,2,3
19,GIURGIU,"FOSTA PRIMĂRIE",141,GOGOŞARI,103309,1,PROV,PRCNCT,CJ,CJ_SV,"2020-09-27 23:37:41",106,98,0,7,1,78,70,0,7,1,73,5,131,53,28,3,1,3,38,0,0
19,GIURGIU,"FOSTA ŞCOALA CU CLASELE I-IV PODU POPA NAE",130,GĂISENI,103087,1,PROV,PRCNCT,CJ,CJ_SV,"2020-09-28 00:45:51",129,123,0,5,1,87,81,0,5,1,83,4,136,49,52,3,5,6,9,0,8
19,GIURGIU,"FOSTA ŞCOALA CU CLASELE I-VIII NAIPU",137,GHIMPAŢI,103238,1,PROV,PRCNCT,CJ,CJ_SV,"2020-09-28 01:59:17",1319,1150,0,59,110,907,738,0,59,110,891,16,1386,479,639,22,0,0,201,0,29
19,GIURGIU,"FOSTA ŞCOALA RĂLEŞTI",140,GOGOŞARI,103309,1,PROV,PRCNCT,CJ,CJ_SV,"2020-09-27 23:39:46",123,112,0,8,3,73,62,0,8,3,70,3,148,75,40,3,4,2,19,0,2
19,GIURGIU,"GALERIILE DE ARTĂ",2,"MUNICIPIUL GIURGIU",100521,1,PROV,PRCNCT,CJ,CJ_SV,"2020-09-28 00:31:01",1003,996,0,7,0,423,416,0,7,0,397,26,1003,580,190,24,10,42,110,6,15
19,GIURGIU,"GRADINITA BRĂNIŞTARI",91,CĂLUGĂRENI,101662,1,PROV,PRCNCT,CJ,CJ_SV,"2020-09-28 02:02:09",584,569,2,13,0,320,306,1,13,0,300,20,621,301,162,2,7,1,123,2,3
19,GIURGIU,"GRĂDINIŢA CĂSUŢA FERMECATĂ",38,"MUNICIPIUL GIURGIU",100521,1,PROV,PRCNCT,CJ,CJ_SV,"2020-09-28 01:59:03",1030,1020,0,10,0,377,367,0,10,0,361,16,1130,753,118,30,8,32,158,4,11
19,GIURGIU,"GRĂDINIŢA CRIVINA",56,"ORAŞ BOLINTIN-VALE",101190,1,PROV,PRCNCT,CJ,CJ_SV,"2020-09-28 01:50:04",745,733,0,11,1,333,321,0,11,1,319,14,798,465,94,10,4,13,188,1,9
19,GIURGIU,"GRĂDINIŢA CU PN NR.3",48,"MUNICIPIUL GIURGIU",100521,3,PROV,PRCNCT,CJ,CJ_SV,"2020-09-29 12:33:32",1272,1258,5,7,2,500,491,0,7,2,482,18,1378,878,193,17,9,49,194,11,9
19,GIURGIU,"GRĂDINIŢA CU PN NR.3 NEAJLOV",95,CLEJANI,101984,1,PROV,PRCNCT,CJ,CJ_SV,"2020-09-28 01:08:03",1146,1084,0,21,41,846,784,0,21,41,806,40,1236,390,704,8,6,2,81,2,3
19,GIURGIU,"GRĂDINIŢA CU PN NR.8 CĂRĂMIDARI",16,"MUNICIPIUL GIURGIU",100521,1,PROV,PRCNCT,CJ,CJ_SV,"2020-09-28 02:27:17",1728,1720,0,7,1,771,763,0,7,1,726,45,1936,1165,242,45,5,81,330,14,9
19,GIURGIU,"GRĂDINIŢA CU PN NR.9",36,"MUNICIPIUL GIURGIU",100521,1,PROV,PRCNCT,CJ,CJ_SV,"2020-09-28 00:42:47",944,939,0,5,0,291,286,0,5,0,273,18,1042,751,112,17,7,29,89,12,7
19,GIURGIU,"GRĂDINIŢA CU PP NR.9",37,"MUNICIPIUL GIURGIU",100521,1,PROV,PRCNCT,CJ,CJ_SV,"2020-09-28 01:14:42",1030,1019,1,9,1,322,312,0,9,1,300,22,1125,803,123,21,12,41,94,5,4
19,GIURGIU,"GRĂDINIŢĂ CU PROGRAM NORMAL",220,STOENEŞTI,105348,1,PROV,PRCNCT,CJ,CJ_SV,"2020-09-28 03:18:38",418,354,0,39,25,326,262,0,39,25,297,29,388,62,29,9,8,1,249,0,1
19,GIURGIU,"GRĂDINIŢA CU PROGRAM NORMAL CARTOJANI",198,"ROATA DE JOS",104831,1,PROV,PRCNCT,CJ,CJ_SV,"2020-09-28 00:44:53",796,777,0,19,0,545,526,0,19,0,512,33,855,310,205,14,5,1,270,3,14
19,GIURGIU,"GRĂDINIŢA CU PROGRAM NORMAL GRĂDIŞTEA",103,COMANA,102106,6,PROV,PRCNCT,CJ,CJ_SV,"2020-09-28 16:11:01",1197,1115,0,29,53,715,633,0,29,53,663,33,1287,591,497,26,7,5,111,7,10
19,GIURGIU,"GRADINITA CU PROGRAM NORMAL NR. 1 BUDENI",101,COMANA,102106,1,PROV,PRCNCT,CJ,CJ_SV,"2020-09-28 02:44:48",627,565,0,51,11,388,326,0,51,11,371,17,640,252,303,7,7,7,41,3,3
19,GIURGIU,"GRĂDINIŢA CU PROGRAM NORMAL NR.1 PIETRIŞU",133,GĂUJANI,103194,3,PROV,PRCNCT,CJ,CJ_SV,"2020-09-28 11:30:23",882,825,0,32,25,611,554,0,32,25,571,40,870,259,173,17,25,73,278,2,3
19,GIURGIU,"GRADINITA CU PROGRAM NORMAL NR. 1 ROATA MICA",196,"ROATA DE JOS",104831,1,PROV,PRCNCT,CJ,CJ_SV,"2020-09-28 01:49:56",433,408,0,25,0,303,278,0,25,0,303,0,450,147,218,7,2,2,69,3,2
19,GIURGIU,"GRADINITA CU PROGRAM NORMAL NR. 2",155,HOTARELE,103639,1,PROV,PRCNCT,CJ,CJ_SV,"2020-09-28 00:27:43",622,561,0,61,0,447,386,0,61,0,418,29,618,171,247,16,5,9,55,2,84
19,GIURGIU,"GRADINITA CU PROGRAM NORMAL NR. 2 GORNENI",159,IEPUREŞTI,103693,2,PROV,PRCNCT,CJ,CJ_SV,"2020-09-28 03:24:05",560,508,0,44,8,434,382,0,44,8,406,28,540,106,188,16,39,2,154,4,3
19,GIURGIU,"GRADINIŢA CU PROGRAM NORMAL NR.2 PLOPŞORU",112,DAIA,102446,2,PROV,PRCNCT,CJ,CJ_SV,"2020-09-28 05:54:31",635,615,1,12,7,444,425,0,12,7,420,24,662,218,226,20,33,27,112,2,0
19,GIURGIU,"GRADINITA CU PROGRAM NORMAL NR. 3",157,HOTARELE,103639,1,PROV,PRCNCT,CJ,CJ_SV,"2020-09-28 01:31:53",635,575,0,60,0,489,429,0,60,0,459,30,630,141,243,15,5,3,60,2,131
19,GIURGIU,"GRADINITA CU PROGRAM NORMAL NR 3 CETATEA",123,FRĂTEŞTI,102909,1,PROV,PRCNCT,CJ,CJ_SV,"2020-09-28 02:02:28",403,390,1,12,0,233,220,1,12,0,214,19,414,181,26,77,4,9,82,3,13
19,GIURGIU,"GRĂDINIȚA CU PROGRAM NORMAL NR. 3 ONCEŞTI",217,STĂNEŞTI,105295,2,PROV,PRCNCT,CJ,CJ_SV,"2020-09-28 07:22:15",323,274,1,44,4,227,178,1,44,4,211,16,274,47,3,7,73,1,127,0,0
19,GIURGIU,"GRĂDINIŢA CU PROGRAM NORMAL NR.3 PLOPŞORU",113,DAIA,102446,1,PROV,PRCNCT,CJ,CJ_SV,"2020-09-28 02:20:03",719,697,0,12,10,482,460,0,12,10,437,45,751,269,246,16,11,10,151,2,1
19,GIURGIU,"GRĂDINIŢA CU PROGRAM NORMAL NR. 3 STEJARU",211,SINGURENI,105106,2,PROV,PRCNCT,CJ,CJ_SV,"2020-09-28 12:31:09",639,585,1,29,24,553,499,1,29,24,461,38,646,147,108,15,1,0,331,6,0
19,GIURGIU,"GRADINITA CU PROGRAM NORMAL NR.3 VALEA BUJORULUI",166,IZVOARELE,103899,2,PROV,PRCNCT,CJ,CJ_SV,"2020-09-28 02:38:17",411,341,1,33,36,327,257,1,33,36,310,17,400,73,184,15,4,3,102,1,1
19,GIURGIU,"GRĂDINIȚA CU PROGRAM NORMAL NR. 3 VARLAAM",67,ADUNAŢII-COPĂCENI,100781,1,PROV,PRCNCT,CJ,CJ_SV,"2020-09-28 01:12:14",487,475,0,12,0,325,313,0,12,0,299,26,522,197,190,5,1,2,77,3,21
19,GIURGIU,"GRĂDINIȚA CU PROGRAM NORMAL NR. 4 BĂLANU",216,STĂNEŞTI,105295,1,PROV,PRCNCT,CJ,CJ_SV,"2020-09-28 01:47:27",477,431,0,35,11,286,240,0,35,11,264,22,493,207,78,2,1,2,177,2,2
19,GIURGIU,"GRADINITA CU PROGRAM NORMAL NR 4 CETATEA (BĂLĂNOAIA)",124,FRĂTEŞTI,102909,1,PROV,PRCNCT,CJ,CJ_SV,"2020-09-28 01:46:48",226,209,0,17,0,137,120,0,17,0,132,5,230,93,29,59,6,6,25,1,6
19,GIURGIU,"GRĂDINIȚA CU PROGRAM NORMAL NR. 4 MOGOŞEŞTI",68,ADUNAŢII-COPĂCENI,100781,1,PROV,PRCNCT,CJ,CJ_SV,"2020-09-28 03:19:18",375,363,0,12,0,265,253,0,12,0,249,16,400,135,117,3,1,3,72,4,49
19,GIURGIU,"GRĂDINIŢA CU PROGRAM NORMAL NR.5 COPACIU",136,GHIMPAŢI,103238,1,PROV,PRCNCT,CJ,CJ_SV,"2020-09-27 23:52:51",704,599,0,9,96,501,396,0,9,96,483,18,736,235,343,25,15,15,70,0,15
19,GIURGIU,"GRĂDINIŢA CU PROGRAM NORMAL NR.6",25,"MUNICIPIUL GIURGIU",100521,2,PROV,PRCNCT,CJ,CJ_SV,"2020-09-28 01:48:52",1262,1249,3,10,0,457,447,0,10,0,442,15,1376,919,214,28,10,38,133,10,9
19,GIURGIU,"GRĂDINIȚA CU PROGRAM NORMAL NR. 6",82,BUCŞANI,101378,3,PROV,PRCNCT,CJ,CJ_SV,"2020-09-28 04:35:28",384,364,1,17,2,280,261,0,17,2,261,19,400,120,111,3,3,16,125,1,2
19,GIURGIU,"GRĂDINIŢA CU PROGRAM NORMAL NR.8 GORNENI",13,"MUNICIPIUL GIURGIU",100521,1,PROV,PRCNCT,CJ,CJ_SV,"2020-09-28 00:14:23",1289,1283,0,6,0,403,397,0,6,0,387,16,1409,1006,163,14,8,48,140,9,5
19,GIURGIU,"GRĂDINIŢA CU PROGRAM NORMAL ROATA DE JOS",197,"ROATA DE JOS",104831,2,PROV,PRCNCT,CJ,CJ_SV,"2020-09-28 03:20:21",971,905,1,65,0,690,625,0,65,0,659,31,995,305,528,10,6,13,92,5,5
19,GIURGIU,"GRĂDINIŢA DE COPII BOLINTIN - DEAL",77,BOLINTIN-DEAL,101163,1,PROV,PRCNCT,CJ,CJ_SV,"2020-09-28 02:42:33",997,984,7,5,1,405,397,2,5,1,380,25,1200,795,276,5,1,18,62,1,17
19,GIURGIU,"GRĂDINIŢA DE COPII COSOBA",106,COSOBA,179748,3,PROV,PRCNCT,CJ,CJ_SV,"2020-09-28 02:58:56",1087,1080,0,5,2,605,598,0,5,2,577,28,1186,581,344,16,127,12,62,1,15
19,GIURGIU,"GRĂDINIŢA DE COPII COSOBA",105,COSOBA,179748,1,PROV,PRCNCT,CJ,CJ_SV,"2020-09-28 00:16:37",1090,1085,0,4,1,577,572,0,4,1,541,36,1197,620,346,13,95,15,62,3,7
19,GIURGIU,"GRĂDINIŢA DE COPII SLOBOZIA",213,SLOBOZIA,100549,1,PROV,PRCNCT,CJ,CJ_SV,"2020-09-28 00:59:55",1144,1141,0,3,0,611,608,0,3,0,583,28,1256,645,97,11,7,15,438,8,7
19,GIURGIU,"GRĂDINIŢA ” IRIS” OGREZENI",182,OGREZENI,104485,3,PROV,PRCNCT,CJ,CJ_SV,"2020-09-29 10:01:13",842,814,0,25,3,573,545,0,25,3,544,29,893,320,188,17,3,117,168,1,50
19,GIURGIU,"GRĂDINIŢA MALU",175,MALU,179739,2,PROV,PRCNCT,CJ,CJ_SV,"2020-09-28 08:34:39",881,853,1,13,14,598,571,0,13,14,532,66,1004,406,208,17,106,8,184,7,2
19,GIURGIU,"GRĂDINIŢA ”MARIN MOGESCU”",228,ULMI,105623,2,PROV,PRCNCT,CJ,CJ_SV,"2020-09-28 05:20:05",649,639,1,9,0,403,393,1,9,0,368,35,704,301,48,7,7,30,267,1,8
19,GIURGIU,"GRADINITA NR. 2 BRANISTEA",185,OINACU,104519,1,PROV,PRCNCT,CJ,CJ_SV,"2020-09-28 00:43:26",872,804,1,38,29,669,603,0,38,28,632,37,900,231,480,10,0,3,125,2,12
19,GIURGIU,"GRADINITA NR.2 VALEA DRAGULUI",232,"VALEA DRAGULUI",105776,1,PROV,PRCNCT,CJ,CJ_SV,"2020-09-28 04:16:37",1107,1067,0,40,0,880,840,0,40,0,805,75,1270,390,336,23,39,33,363,3,8
19,GIURGIU,"GRADINITA NR. 3 COMASCA",186,OINACU,104519,1,PROV,PRCNCT,CJ,CJ_SV,"2020-09-28 00:45:21",554,527,0,7,20,384,357,0,7,20,354,30,600,216,279,4,1,4,63,2,1
19,GIURGIU,"GRADINITA NR.4 GHIONEA",230,ULMI,105623,3,PROV,PRCNCT,CJ,CJ_SV,"2020-09-28 05:43:25",490,478,7,5,0,263,258,0,5,0,243,20,519,256,85,10,9,24,96,4,15
19,GIURGIU,"LICEUL ”NICOLAE CARTOJAN”",9,"MUNICIPIUL GIURGIU",100521,3,PROV,PRCNCT,CJ,CJ_SV,"2020-09-28 02:09:05",1224,1217,0,7,0,417,410,0,7,0,398,19,1340,923,165,22,10,80,109,3,9
19,GIURGIU,"LICEUL ”NICOLAE CARTOJAN”",10,"MUNICIPIUL GIURGIU",100521,1,PROV,PRCNCT,CJ,CJ_SV,"2020-09-28 00:55:19",1327,1316,2,9,0,432,423,0,9,0,406,26,1451,1019,148,28,9,55,150,2,14
19,GIURGIU,"LICEUL TEHNOLOGIC ION BARBU",42,"MUNICIPIUL GIURGIU",100521,2,PROV,PRCNCT,CJ,CJ_SV,"2020-09-28 07:00:23",1242,1224,2,16,0,428,412,0,16,0,408,18,1348,920,163,32,17,58,118,11,9
19,GIURGIU,"LICEUL TEHNOLOGIC MIRON NICOLESCU",6,"MUNICIPIUL GIURGIU",100521,1,PROV,PRCNCT,CJ,CJ_SV,"2020-09-28 00:48:28",1074,1066,0,8,0,392,384,0,8,0,370,22,1066,674,130,30,8,56,112,20,14
19,GIURGIU,"LICEUL TEHNOLOGIC TIU DUMITRESCU",59,"ORAŞ MIHĂILEŞTI",104136,1,PROV,PRCNCT,CJ,CJ_SV,"2020-09-28 03:38:44",954,926,1,27,0,620,593,0,27,0,575,45,1017,397,329,17,44,5,165,4,11
19,GIURGIU,"LICEUL TEHNOLOGIC TIU DUMITRESCU",58,"ORAŞ MIHĂILEŞTI",104136,2,PROV,PRCNCT,CJ,CJ_SV,"2020-09-28 05:26:03",906,881,0,25,0,624,599,0,25,0,584,40,967,343,308,20,45,6,190,7,8
19,GIURGIU,"LICEUL TEHNOLOGIC TIU DUMITRESCU",57,"ORAŞ MIHĂILEŞTI",104136,2,PROV,PRCNCT,CJ,CJ_SV,"2020-09-28 06:40:21",1038,1010,6,21,1,737,715,0,21,1,709,28,1110,373,339,23,50,3,269,7,18
19,GIURGIU,"LICEUL ”TUDOR VIANU”",4,"MUNICIPIUL GIURGIU",100521,1,PROV,PRCNCT,CJ,CJ_SV,"2020-09-28 02:18:57",1131,1122,0,9,0,384,375,0,9,0,368,16,1270,886,132,17,10,54,131,8,16
19,GIURGIU,"LICEUL ”UDRIŞTE NĂSTUREL”",156,HOTARELE,103639,1,PROV,PRCNCT,CJ,CJ_SV,"2020-09-28 01:46:09",663,595,0,62,6,445,377,0,62,6,420,25,661,216,262,9,5,10,63,2,69
19,GIURGIU,"LICEUL ”UDRISTE NASTUREL HOTARELE",154,HOTARELE,103639,1,PROV,PRCNCT,CJ,CJ_SV,"2020-09-28 03:46:22",1131,1058,0,65,8,758,685,0,65,8,711,47,1164,406,421,37,6,28,71,3,145
19,GIURGIU,"LICEU TEHNOLOGIC ”DIMITRIE BOLINTINEANU”",52,"ORAŞ BOLINTIN-VALE",101190,1,PROV,PRCNCT,CJ,CJ_SV,"2020-09-28 02:13:00",900,879,0,19,2,482,461,0,19,2,460,22,950,468,153,8,3,30,244,5,17
19,GIURGIU,"PALATUL COPIILOR (PARCUL ELEVILOR)",11,"MUNICIPIUL GIURGIU",100521,1,PROV,PRCNCT,CJ,CJ_SV,"2020-09-27 23:51:04",954,941,1,12,0,306,294,0,12,0,288,11,1029,723,126,17,7,29,98,7,4
19,GIURGIU,"PRIMĂRIA COMUNEI DAIA",111,DAIA,102446,1,PROV,PRCNCT,CJ,CJ_SV,"2020-09-28 01:51:57",295,258,0,24,13,209,174,0,24,11,197,12,300,91,131,5,0,4,53,2,2
19,GIURGIU,"PRIMĂRIA MUNICIPIULUI GIURGIU",3,"MUNICIPIUL GIURGIU",100521,2,PROV,PRCNCT,CJ,CJ_SV,"2020-09-29 14:13:40",1131,1117,4,10,0,411,401,0,10,0,390,21,1234,823,159,35,7,56,116,7,10
19,GIURGIU,"PRIMARIA SINGURENI",209,SINGURENI,105106,1,PROV,PRCNCT,CJ,CJ_SV,"2020-09-28 06:28:09",1214,1129,3,26,56,857,774,1,26,56,811,46,1251,394,326,29,2,3,442,3,6
19,GIURGIU,PRIMĂRIE,169,JOIŢA,103997,1,PROV,PRCNCT,CJ,CJ_SV,"2020-09-28 02:26:30",1835,1800,1,30,4,806,772,0,30,4,772,34,1975,1169,512,17,51,20,64,7,101
19,GIURGIU,PRIMĂRIE,53,"ORAŞ BOLINTIN-VALE",101190,1,PROV,PRCNCT,CJ,CJ_SV,"2020-09-28 03:06:31",1766,1732,1,12,21,833,800,0,12,21,789,44,1950,1117,272,13,11,35,417,4,37
19,GIURGIU,"PUNCTUL TERMIC NR.35",35,"MUNICIPIUL GIURGIU",100521,2,PROV,PRCNCT,CJ,CJ_SV,"2020-09-28 01:53:18",807,799,0,8,0,326,318,0,8,0,312,14,876,550,128,20,5,36,107,7,9
19,GIURGIU,"PUNCTUL TERMIC NR. 35",34,"MUNICIPIUL GIURGIU",100521,1,PROV,PRCNCT,CJ,CJ_SV,"2020-09-28 01:02:32",1226,1219,1,6,0,380,374,0,6,0,366,14,1342,962,144,22,13,43,119,12,13
19,GIURGIU,"ŞCOALA CU CLASELE I-IV IANCULEŞTI",218,STOENEŞTI,105348,2,PROV,PRCNCT,CJ,CJ_SV,"2020-09-28 03:30:21",230,219,0,5,6,175,164,0,5,6,170,5,239,64,36,5,3,0,121,0,5
19,GIURGIU,"ŞCOALA CU CLASELE I-IV MIRĂU",221,STOENEŞTI,105348,1,PROV,PRCNCT,CJ,CJ_SV,"2020-09-28 00:14:03",137,121,0,10,6,103,87,0,10,6,86,17,132,29,12,5,13,0,54,1,1
19,GIURGIU,"ŞCOALA DIN CETĂTUIA",131,GĂUJANI,103194,2,PROV,PRCNCT,CJ,CJ_SV,"2020-09-28 02:13:53",178,158,1,17,2,131,111,1,17,2,121,10,204,73,68,4,23,1,23,1,1
19,GIURGIU,"ŞCOALA GENERALĂ NR. 2 RĂSUCENI",194,RĂSUCENI,104788,1,PROV,PRCNCT,CJ,CJ_SV,"2020-09-27 23:32:55",329,290,0,8,31,216,177,0,8,31,208,8,320,104,163,1,0,4,37,2,1
19,GIURGIU,"ŞCOALA GENERALĂ RADU VODĂ",168,IZVOARELE,103899,2,PROV,PRCNCT,CJ,CJ_SV,"2020-09-28 07:12:54",229,150,1,61,17,194,116,0,61,17,188,6,216,22,78,0,1,1,103,2,3
19,GIURGIU,"ŞCOALA GIMNAZIALĂ ACAD. MARIN VOICULESCU",24,"MUNICIPIUL GIURGIU",100521,2,PROV,PRCNCT,CJ,CJ_SV,"2020-09-28 01:52:17",1015,1009,0,6,0,365,359,0,6,0,352,13,1117,752,144,28,6,43,113,6,12
19,GIURGIU,"ŞCOALA GIMNAZIALĂ ACAD. MARIN VOICULESCU",21,"MUNICIPIUL GIURGIU",100521,2,PROV,PRCNCT,CJ,CJ_SV,"2020-09-28 05:12:57",1153,1144,1,8,0,430,422,0,8,0,404,26,1260,830,152,20,8,83,124,2,15
19,GIURGIU,"ŞCOALA GIMNAZIALĂ ACAD. MARIN VOICULESCU",22,"MUNICIPIUL GIURGIU",100521,1,PROV,PRCNCT,CJ,CJ_SV,"2020-09-28 01:58:54",1161,1152,0,7,2,419,410,0,7,2,408,11,1272,853,152,18,8,51,159,8,12
19,GIURGIU,"ŞCOALA GIMNAZIALĂ ACAD. MARIN VOICULESCU",23,"MUNICIPIUL GIURGIU",100521,1,PROV,PRCNCT,CJ,CJ_SV,"2020-09-28 02:17:47",1285,1277,0,8,0,461,453,0,8,0,446,15,1412,951,177,42,9,53,142,8,15
19,GIURGIU,"SCOALA GIMNAZIALA ANGHEL MARES - LOCAL GRADINITA GOSTINU",145,GOSTINU,103354,1,PROV,PRCNCT,CJ,CJ_SV,"2020-09-27 23:33:42",709,690,0,2,17,417,398,0,2,17,402,15,800,383,323,9,5,8,53,1,3
19,GIURGIU,"SCOALA GIMNAZIALA ANGHEL MARES- LOCAL GRADINITA GOSTINU",146,GOSTINU,103354,1,PROV,PRCNCT,CJ,CJ_SV,"2020-09-27 23:24:24",809,776,0,2,31,464,431,0,2,31,453,11,816,352,379,12,0,14,43,2,3
19,GIURGIU,"ŞCOALA GIMNAZIALA ”APOSTOL ARSACHE” VEDEA",245,VEDEA,105909,1,PROV,PRCNCT,CJ,CJ_SV,"2020-09-28 03:00:07",853,786,0,50,17,549,482,0,50,17,497,52,800,251,269,7,6,4,207,2,2
19,GIURGIU,"ŞCOALA GIMNAZIALA ” AUREL SOLACOLU” OGREZENI",181,OGREZENI,104485,3,PROV,PRCNCT,CJ,CJ_SV,"2020-09-29 09:56:09",1277,1260,0,14,3,855,838,0,14,3,785,70,1383,528,151,19,7,324,228,1,55
19,GIURGIU,"ŞCOALA GIMNAZIALĂ BANU BALEANU",76,BOLINTIN-DEAL,101163,1,PROV,PRCNCT,CJ,CJ_SV,"2020-09-28 02:06:51",1201,1189,2,8,2,500,490,0,8,2,479,21,1200,700,353,11,8,11,84,2,10
19,GIURGIU,"ŞCOALA GIMNAZIALĂ ”CONSTANTIN STĂNCESCU”",193,RĂSUCENI,104788,1,PROV,PRCNCT,CJ,CJ_SV,"2020-09-28 00:24:42",870,779,0,26,65,496,405,0,26,65,459,37,855,359,375,6,5,9,43,6,15
19,GIURGIU,"ŞCOALA GIMNAZIALĂ ”DRĂGHICI DAVILA”",132,GĂUJANI,103194,3,PROV,PRCNCT,CJ,CJ_SV,"2020-09-28 21:27:00",1028,920,0,60,48,980,872,0,60,48,639,53,964,272,266,27,74,29,237,1,5
19,GIURGIU,"SCOALA GIMNAZIALA DUMITRU CONSTANTIN MIHAI BRAVU",179,"MIHAI BRAVU",104118,2,PROV,PRCNCT,CJ,CJ_SV,"2020-09-28 12:13:55",844,770,0,34,40,654,580,0,34,40,634,20,928,274,541,32,3,4,32,2,20
19,GIURGIU,"SCOALA GIMNAZIALA DUMITRU CONSTANTIN MIHAI BRAVU",178,"MIHAI BRAVU",104118,1,PROV,PRCNCT,CJ,CJ_SV,"2020-09-28 03:29:05",1106,1023,2,30,51,797,717,1,30,49,781,16,1115,318,723,0,2,0,42,2,12
19,GIURGIU,"ŞCOALA GIMNAZIALĂ DUMITRU PĂTRAȘCU",109,"CREVEDIA MARE",102348,1,PROV,PRCNCT,CJ,CJ_SV,"2020-09-28 05:13:31",1522,1510,2,9,1,964,954,0,9,1,912,52,1670,706,284,36,10,34,383,10,155
19,GIURGIU,"ŞCOALA GIMNAZIALĂ ”ELINA BASARAB” HERĂŞTI",153,HERĂŞTI,179757,1,PROV,PRCNCT,CJ,CJ_SV,"2020-09-28 04:20:45",1904,1700,0,179,25,1292,1089,0,179,24,1210,82,1892,600,790,42,7,20,330,4,17
19,GIURGIU,"ŞCOALA GIMNAZIALA ”MARIN M. ȚICULESCU” BĂNEASA",69,BĂNEASA,101001,2,PROV,PRCNCT,CJ,CJ_SV,"2020-09-28 10:11:26",1156,1115,0,19,22,738,697,0,19,22,674,64,1253,515,520,21,5,4,79,2,43
19,GIURGIU,"ŞCOALA GIMNAZIALĂ MIHAI EMINESCU",47,"MUNICIPIUL GIURGIU",100521,2,PROV,PRCNCT,CJ,CJ_SV,"2020-09-28 08:10:35",1340,1332,0,8,0,542,534,0,8,0,509,33,1474,932,213,29,12,70,163,10,12
19,GIURGIU,"ŞCOALA GIMNAZIALĂ MIRCEA CEL BĂTRÂN",5,"MUNICIPIUL GIURGIU",100521,2,PROV,PRCNCT,CJ,CJ_SV,"2020-09-28 02:12:27",1262,1254,1,7,0,556,549,0,7,0,533,23,1382,826,201,26,5,92,184,10,15
19,GIURGIU,"ŞCOALA GIMNAZIALĂ NICOLAE CREVEDIA",107,"CREVEDIA MARE",102348,1,PROV,PRCNCT,CJ,CJ_SV,"2020-09-28 05:06:49",1199,1194,0,4,1,702,697,0,4,1,656,46,1314,612,223,95,9,50,106,4,169
19,GIURGIU,"”SCOALA GIMNAZIALA ”NICOLAE LAHOVARY”",227,ULMI,105623,1,PROV,PRCNCT,CJ,CJ_SV,"2020-09-28 02:10:08",958,954,0,4,0,516,512,0,4,0,478,38,1049,533,109,8,30,85,238,1,7
19,GIURGIU,"SCOALA GIMNAZIALA ”NICOLAE LAHOVARY",226,ULMI,105623,7,PROV,PRCNCT,CJ,CJ_SV,"2020-09-28 18:09:29",1114,1106,0,8,0,565,557,0,8,0,537,28,1114,549,173,9,21,81,228,1,24
19,GIURGIU,"ȘCOALA GIMNAZIALĂ NR. 1",79,BUCŞANI,101378,1,PROV,PRCNCT,CJ,CJ_SV,"2020-09-28 04:05:56",816,760,0,37,19,640,584,0,37,19,591,49,854,214,343,11,1,0,224,1,11
19,GIURGIU,"ŞCOALA GIMNAZIALĂ NR,10",30,"MUNICIPIUL GIURGIU",100521,2,PROV,PRCNCT,CJ,CJ_SV,"2020-09-28 03:45:47",906,898,1,7,0,281,274,0,7,0,266,15,997,716,105,14,3,41,91,4,8
19,GIURGIU,"ŞCOALA GIMNAZIALĂ NR.10",26,"MUNICIPIUL GIURGIU",100521,1,PROV,PRCNCT,CJ,CJ_SV,"2020-09-28 01:14:40",1099,1087,6,6,0,355,349,0,6,0,344,11,1194,839,150,22,5,32,107,12,16
19,GIURGIU,"ŞCOALA GIMNAZIALĂ NR.10",27,"MUNICIPIUL GIURGIU",100521,1,PROV,PRCNCT,CJ,CJ_SV,"2020-09-28 01:07:50",1064,1060,0,4,0,337,333,0,4,0,320,17,1169,832,150,14,7,40,96,7,6
19,GIURGIU,"ŞCOALA GIMNAZIALĂ NR.10",28,"MUNICIPIUL GIURGIU",100521,1,PROV,PRCNCT,CJ,CJ_SV,"2020-09-27 23:28:21",1118,1113,0,5,0,358,353,0,5,0,338,20,1229,871,120,21,13,48,118,14,4
19,GIURGIU,"ȘCOALA GIMNAZIALĂ NR.10",29,"MUNICIPIUL GIURGIU",100521,1,PROV,PRCNCT,CJ,CJ_SV,"2020-09-28 03:00:22",1202,1191,1,10,0,403,393,0,10,0,384,19,1307,904,140,35,7,50,134,10,8
19,GIURGIU,"ŞCOALA GIMNAZIALĂ NR. 1 ADUNAŢII COPĂCENI",65,ADUNAŢII-COPĂCENI,100781,1,PROV,PRCNCT,CJ,CJ_SV,"2020-09-28 05:16:29",1166,1132,1,32,1,800,767,0,32,1,729,71,1240,440,423,11,14,8,162,2,109
19,GIURGIU,"ŞCOALA GIMNAZIALĂ NR. 1 ADUNAŢII COPĂCENI",64,ADUNAŢII-COPĂCENI,100781,1,PROV,PRCNCT,CJ,CJ_SV,"2020-09-28 04:46:02",1584,1558,0,24,2,954,928,0,24,2,883,71,1722,768,505,17,12,8,112,10,219
19,GIURGIU,"ŞCOALA GIMNAZIALĂ NR. 1 BOLINTIN-VALE",49,"ORAŞ BOLINTIN-VALE",101190,1,PROV,PRCNCT,CJ,CJ_SV,"2020-09-28 02:00:57",1211,1186,5,8,12,651,631,0,8,12,620,31,1300,649,237,12,7,30,305,5,24
19,GIURGIU,"ŞCOALA GIMNAZIALĂ NR. 1 BOLINTIN-VALE",50,"ORAŞ BOLINTIN-VALE",101190,1,PROV,PRCNCT,CJ,CJ_SV,"2020-09-28 02:48:26",1390,1379,0,5,6,506,495,0,5,6,459,47,1600,1094,93,8,4,13,331,1,9
19,GIURGIU,"ŞCOALA GIMNAZIALĂ NR. 1 BOLINTIN-VALE",51,"ORAŞ BOLINTIN-VALE",101190,1,PROV,PRCNCT,CJ,CJ_SV,"2020-09-28 02:08:17",1628,1613,0,6,9,602,587,0,6,9,498,104,1800,1198,70,10,2,11,400,1,4
19,GIURGIU,"ŞCOALA GIMNAZIALA NR1 BUTURUGENI",86,BUTURUGENI,101617,1,PROV,PRCNCT,CJ,CJ_SV,"2020-09-28 02:45:09",1081,1015,0,56,10,824,758,0,56,10,774,50,1117,293,389,16,7,20,334,1,7
19,GIURGIU,"ŞCOALA GIMNAZIALA NR. 1 COLIBAŞI",96,COLIBAŞI,102071,1,PROV,PRCNCT,CJ,CJ_SV,"2020-09-28 02:38:54",892,846,0,13,33,695,649,0,13,33,681,14,945,250,562,14,1,0,98,2,4
19,GIURGIU,"ŞCOALA GIMNAZIALĂ NR.1 CUCURUZU",195,RĂSUCENI,104788,5,PROV,PRCNCT,CJ,CJ_SV,"2020-09-28 07:34:06",699,681,0,18,0,403,385,0,18,0,369,34,748,345,316,7,1,1,29,0,15
19,GIURGIU,"ŞCOALA GIMNAZIALĂ NR.1 FLOREŞTI",116,FLOREŞTI-STOENEŞTI,102794,1,PROV,PRCNCT,CJ,CJ_SV,"2020-09-28 02:36:28",1035,1018,1,12,4,637,621,0,12,4,598,39,1124,487,232,12,22,23,265,3,41
19,GIURGIU,"ŞCOALA GIMNAZIALĂ NR.1 FLOREŞTI",117,FLOREŞTI-STOENEŞTI,102794,3,PROV,PRCNCT,CJ,CJ_SV,"2020-09-28 13:35:54",1203,1179,1,20,3,759,736,0,20,3,723,36,1295,536,243,14,24,46,321,0,75
19,GIURGIU,"ŞCOALA GIMNAZIALĂ NR.1 FLOREŞTI",115,FLOREŞTI-STOENEŞTI,102794,1,PROV,PRCNCT,CJ,CJ_SV,"2020-09-28 01:42:32",1176,1147,0,19,10,748,719,0,19,10,717,31,1272,524,287,12,14,44,322,4,34
19,GIURGIU,"SCOALA GIMNAZIALA NR.1GHIMPATI",134,GHIMPAŢI,103238,1,PROV,PRCNCT,CJ,CJ_SV,"2020-09-28 01:42:50",1234,1112,0,32,90,987,865,0,32,90,987,0,1322,335,934,0,0,0,53,0,0
19,GIURGIU,"ŞCOALA GIMNAZIALĂ NR.1 GOSTINARI",143,GOSTINARI,103372,1,PROV,PRCNCT,CJ,CJ_SV,"2020-09-28 06:00:40",1713,1529,0,109,75,1277,1093,0,109,75,1217,60,1671,394,319,48,20,105,710,5,10
19,GIURGIU,"ŞCOALA GIMNAZIALA NR.1 IZVOARELE",163,IZVOARELE,103899,2,PROV,PRCNCT,CJ,CJ_SV,"2020-09-28 04:47:53",1121,913,0,128,80,863,655,0,128,80,814,49,1035,172,442,21,6,0,341,1,3
19,GIURGIU,"ŞCOALA GIMNAZIALĂ NR. 1 MALU SPART",54,"ORAŞ BOLINTIN-VALE",101190,1,PROV,PRCNCT,CJ,CJ_SV,"2020-09-28 03:11:53",1417,1403,1,9,4,678,665,0,9,4,622,56,1500,822,285,6,6,9,296,5,15
19,GIURGIU,"ŞCOALA GIMNAZIALĂ NR. 1 MALU SPART",55,"ORAŞ BOLINTIN-VALE",101190,1,PROV,PRCNCT,CJ,CJ_SV,"2020-09-28 03:27:38",1569,1564,0,2,3,747,742,0,2,3,701,46,1650,903,365,16,1,13,270,4,32
19,GIURGIU,"ŞCOALA GIMNAZIALĂ NR. 1 MÂRŞA",176,MÂRŞA,104225,1,PROV,PRCNCT,CJ,CJ_SV,"2020-09-28 02:45:52",1000,962,1,9,28,633,595,1,9,28,593,40,1062,429,153,14,4,13,403,1,5
19,GIURGIU,"ŞCOALA GIMNAZIALĂ NR. 1 MÂRŞA",177,MÂRŞA,104225,1,PROV,PRCNCT,CJ,CJ_SV,"2020-09-28 04:36:13",1250,1219,0,17,14,799,768,0,17,14,738,61,1344,545,229,11,8,40,447,0,3
19,GIURGIU,"SCOALA GIMNAZIALA NR.1 POENARI",225,ULMI,105623,4,PROV,PRCNCT,CJ,CJ_SV,"2020-09-28 18:10:11",1131,1126,0,4,1,574,569,0,4,1,538,36,1239,665,183,11,45,71,179,5,44
19,GIURGIU,"ŞCOALA GIMNAZIALĂ NR. 1 POPEŞTI",62,"ORAŞ MIHĂILEŞTI",104136,2,PROV,PRCNCT,CJ,CJ_SV,"2020-09-28 15:18:52",859,845,1,13,0,616,603,0,13,0,570,46,930,314,286,15,45,2,216,1,5
19,GIURGIU,"ŞCOALA GIMNAZIALA NR. 1 ROATA DE JOS",199,"ROATA DE JOS",104831,1,PROV,PRCNCT,CJ,CJ_SV,"2020-09-28 04:21:33",1038,987,0,51,0,733,682,0,51,0,661,72,1087,354,472,15,5,11,141,2,15
19,GIURGIU,"ŞCOALA GIMNAZIALA NR. 1 SABARENI",203,SĂBĂRENI,179775,1,PROV,PRCNCT,CJ,CJ_SV,"2020-09-28 04:35:04",1175,1061,0,98,16,835,721,0,98,16,792,43,1163,328,472,20,15,8,236,6,35
19,GIURGIU,"ŞCOALA GIMNAZIALA NR. 1 SABARENI",204,SĂBĂRENI,179775,1,PROV,PRCNCT,CJ,CJ_SV,"2020-09-28 04:57:42",1211,1088,0,90,33,865,742,0,90,33,821,44,1198,333,454,19,13,5,298,2,30
19,GIURGIU,"ȘCOALA GIMNAZIALA NR. 1 SAT GĂISENI , COM GĂISENI ,",126,GĂISENI,103087,1,PROV,PRCNCT,CJ,CJ_SV,"2020-09-28 02:10:43",829,810,0,7,12,455,436,0,7,12,423,32,890,435,273,11,10,9,57,1,62
19,GIURGIU,"ȘCOALA GIMNAZIALA NR. 1 SAT GĂISENI , COM GĂISENI .",125,GĂISENI,103087,2,PROV,PRCNCT,CJ,CJ_SV,"2020-09-28 14:44:01",992,977,1,3,11,551,536,1,3,11,476,75,1074,523,308,6,10,17,75,4,56
19,GIURGIU,"ŞCOALA GIMNAZIALĂ NR.1 SLOBOZIA",212,SLOBOZIA,100549,1,PROV,PRCNCT,CJ,CJ_SV,"2020-09-28 01:41:44",791,784,0,7,0,445,438,0,7,0,422,23,863,418,91,15,4,16,284,7,5
19,GIURGIU,"ȘCOALA GIMNAZIALĂ NR. 1 STĂNEȘTI",214,STĂNEŞTI,105295,1,PROV,PRCNCT,CJ,CJ_SV,"2020-09-28 02:10:02",1207,1019,0,152,36,860,672,0,152,36,817,43,1163,303,171,11,1,20,604,3,7
19,GIURGIU,"SCOALA GIMNAZIALA NR.1 VALEA DRAGULUI",231,"VALEA DRAGULUI",105776,1,PROV,PRCNCT,CJ,CJ_SV,"2020-09-28 05:36:12",1276,1238,0,35,3,996,958,0,35,3,890,106,1277,281,296,23,74,161,315,5,16
19,GIURGIU,"ŞCOALA GIMNAZIALĂ NR. 1 VÂNĂTORII MICI",237,"VÂNĂTORII MICI",105972,1,PROV,PRCNCT,CJ,CJ_SV,"2020-09-28 00:25:51",793,783,0,7,3,491,481,0,7,3,469,22,862,371,348,4,2,2,108,2,3
19,GIURGIU,"ŞCOALA GIMNAZIALĂ NR.1 VĂRĂŞTI",234,VĂRĂŞTI,105874,3,PROV,PRCNCT,CJ,CJ_SV,"2020-09-28 03:21:33",876,855,1,5,15,643,623,0,5,15,613,30,959,316,66,13,3,18,507,1,5
19,GIURGIU,"ȘCOALA GIMNAZIALĂ NR.1 VĂRĂȘTI",233,VĂRĂŞTI,105874,1,PROV,PRCNCT,CJ,CJ_SV,"2020-09-28 00:56:57",1009,991,0,9,9,683,665,0,9,9,627,56,1091,408,97,17,3,7,493,3,7
19,GIURGIU,"ŞCOALA GIMNAZIALA NR. 1 VLAD-TEPES, CORP B",104,COMANA,102106,2,PROV,PRCNCT,CJ,CJ_SV,"2020-09-28 04:43:17",1387,1262,2,78,45,901,778,0,78,45,871,30,1393,492,759,37,3,2,60,4,6
19,GIURGIU,"ŞCOALA GIMNAZIALĂ NR. 2",80,BUCŞANI,101378,3,PROV,PRCNCT,CJ,CJ_SV,"2020-09-28 17:55:11",588,553,0,31,4,456,421,0,31,4,428,28,611,155,270,15,10,5,123,2,3
19,GIURGIU,"ȘCOALA GIMNAZIALĂ NR. 2 BÎCU",170,JOIŢA,103997,2,PROV,PRCNCT,CJ,CJ_SV,"2020-09-28 12:57:29",1354,1284,1,69,0,801,732,0,69,0,756,45,1407,606,532,23,42,0,48,7,104
19,GIURGIU,"ŞCOALA GIMNAZIALA NR. 2 CÂMPURELU",98,COLIBAŞI,102071,1,PROV,PRCNCT,CJ,CJ_SV,"2020-09-28 03:22:46",1102,1073,0,14,15,683,654,0,14,15,637,46,1200,517,512,12,3,4,100,5,1
19,GIURGIU,"ŞCOALA GIMNAZIALA NR. 2 CARTOJANI",201,"ROATA DE JOS",104831,2,PROV,PRCNCT,CJ,CJ_SV,"2020-09-28 06:40:38",1057,1032,1,24,0,730,706,0,24,0,662,68,1135,405,296,10,5,8,335,2,6
19,GIURGIU,"ŞCOALA GIMNAZIALA NR. 2 CARTOJANI",202,"ROATA DE JOS",104831,1,PROV,PRCNCT,CJ,CJ_SV,"2020-09-28 07:26:02",1143,1108,0,35,0,802,767,0,35,0,766,36,1221,419,345,13,3,0,392,6,7
19,GIURGIU,"ŞCOALA GIMNAZIALA NR.2 CHIRIACU",164,IZVOARELE,103899,2,PROV,PRCNCT,CJ,CJ_SV,"2020-09-28 16:52:20",1155,937,0,164,54,923,705,0,164,54,899,24,1060,137,442,15,14,0,421,3,4
19,GIURGIU,"ŞCOALA GIMNAZIALĂ NR. 2 DĂRĂŞTI VLAŞCA",66,ADUNAŢII-COPĂCENI,100781,3,PROV,PRCNCT,CJ,CJ_SV,"2020-09-28 17:15:45",1650,1627,1,22,0,1088,1066,0,22,0,971,117,1780,692,438,37,7,8,440,6,35
19,GIURGIU,"ŞCOALA GIMNAZIALĂ NR.2 DOBRENI",236,VĂRĂŞTI,105874,1,PROV,PRCNCT,CJ,CJ_SV,"2020-09-28 03:54:03",1928,1906,0,11,11,1128,1106,0,11,11,1009,119,2112,984,123,25,7,14,829,4,7
19,GIURGIU,"ŞCOALA GIMNAZIALĂ NR. 2 IZVORU",238,"VÂNĂTORII MICI",105972,3,PROV,PRCNCT,CJ,CJ_SV,"2020-09-28 09:08:26",624,615,1,5,3,404,396,0,5,3,373,31,676,272,248,6,0,9,100,0,10
19,GIURGIU,"ŞCOALA GIMNAZIALA NR.2 LUNCA FRĂTEŞTI",121,FRĂTEŞTI,102909,1,PROV,PRCNCT,CJ,CJ_SV,"2020-09-28 04:02:10",655,633,0,19,3,442,420,0,19,3,415,27,697,255,44,66,18,4,257,21,5
19,GIURGIU,"ŞCOALA GIMNAZIALĂ NR. 2 MIHAI VODĂ",78,BOLINTIN-DEAL,101163,2,PROV,PRCNCT,CJ,CJ_SV,"2020-09-28 17:33:32",1586,1571,0,6,9,724,709,0,6,9,698,26,1666,942,392,88,5,34,94,8,77
19,GIURGIU,"ŞCOALA GIMNAZIALĂ NR 2 MILCOVĂŢU",173,"LETCA NOUĂ",104047,1,PROV,PRCNCT,CJ,CJ_SV,"2020-09-28 02:31:13",1268,1120,0,118,30,994,846,0,118,30,947,47,1232,238,884,5,6,10,35,0,7
19,GIURGIU,"ŞCOALA GIMNAZIALA NR 2 PĂDURENI",88,BUTURUGENI,101617,1,PROV,PRCNCT,CJ,CJ_SV,"2020-09-28 04:02:09",1253,1166,1,78,8,962,876,0,78,8,888,74,1290,328,412,21,0,11,434,5,5
19,GIURGIU,"ȘCOALA GIMNAZIALA NR. 2 , SAT CĂSCIOARELE COM GĂISENI",127,GĂISENI,103087,1,PROV,PRCNCT,CJ,CJ_SV,"2020-09-28 03:38:22",907,895,0,4,8,518,506,0,4,8,444,74,984,466,242,7,9,26,128,4,28
19,GIURGIU,"ȘCOALA GIMNAZIALA NR. 2 SAT CĂSCIOARELE , COM GĂISENI",128,GĂISENI,103087,1,PROV,PRCNCT,CJ,CJ_SV,"2020-09-28 03:15:26",754,748,0,1,5,434,428,0,1,5,388,46,822,388,210,4,15,20,96,8,35
19,GIURGIU,"ŞCOALA GIMNAZIALĂ NR.2 STOENEŞTI",114,FLOREŞTI-STOENEŞTI,102794,1,PROV,PRCNCT,CJ,CJ_SV,"2020-09-28 02:13:28",1588,1566,0,19,3,800,778,0,19,3,742,58,1733,933,344,14,28,20,295,14,27
19,GIURGIU,"ŞCOALA GIMNAZIALA NR. 2 TÂNTAVA",148,GRĂDINARI,103407,3,PROV,PRCNCT,CJ,CJ_SV,"2020-09-28 12:13:46",1029,982,0,16,31,610,563,0,16,31,565,45,1104,494,202,261,7,1,51,4,39
19,GIURGIU,"ŞCOALA GIMNAZIALĂ NR.3",12,"MUNICIPIUL GIURGIU",100521,2,PROV,PRCNCT,CJ,CJ_SV,"2020-09-28 04:56:36",1338,1327,0,11,0,420,409,0,11,0,395,25,1463,1043,143,28,8,66,132,9,9
19,GIURGIU,"ȘCOALA GIMNAZIALĂ NR. 3 COMANA SALA NR. 1",99,COMANA,102106,2,PROV,PRCNCT,CJ,CJ_SV,"2020-09-28 05:18:08",861,793,2,47,19,569,503,0,47,19,552,17,912,343,456,24,6,0,58,1,7
19,GIURGIU,"ȘCOALA GIMNAZIALĂ NR. 3 COMANA SALA NR. 2",100,COMANA,102106,4,PROV,PRCNCT,CJ,CJ_SV,"2020-09-28 03:02:42",939,839,2,83,15,638,540,0,83,15,620,18,962,324,503,9,2,5,91,3,7
19,GIURGIU,"ŞCOALA GIMNAZIALA NR. 3 FALASTOACA",102,COMANA,102106,2,PROV,PRCNCT,CJ,CJ_SV,"2020-09-28 09:50:31",671,621,2,25,23,394,346,0,25,23,366,17,686,303,279,10,6,3,58,4,6
19,GIURGIU,"ŞCOALA GIMNAZIALĂ NR.3 PALANCA",119,FLOREŞTI-STOENEŞTI,102794,2,PROV,PRCNCT,CJ,CJ_SV,"2020-09-28 13:45:06",1010,995,0,13,2,597,582,0,13,2,560,37,1096,499,388,24,22,5,98,4,19
19,GIURGIU,"ŞCOALA GIMNAZIALĂ NR.3 PALANCA",118,FLOREŞTI-STOENEŞTI,102794,1,PROV,PRCNCT,CJ,CJ_SV,"2020-09-28 02:26:37",1233,1211,0,11,11,765,743,0,11,11,717,48,1333,568,498,22,33,11,117,2,34
19,GIURGIU,"ŞCOALA GIMNAZIALA NR.3 UZUNU",92,CĂLUGĂRENI,101662,4,PROV,PRCNCT,CJ,CJ_SV,"2020-09-28 16:02:40",1178,1173,0,3,2,663,658,0,3,2,637,26,1316,653,372,26,9,6,193,9,22
19,GIURGIU,"ŞCOALA GIMNAZIALĂ NR. 3 VÂNĂTORII MARI",239,"VÂNĂTORII MICI",105972,2,PROV,PRCNCT,CJ,CJ_SV,"2020-09-28 03:12:08",923,903,0,4,16,657,637,0,4,16,598,59,993,336,447,14,2,5,117,2,11
19,GIURGIU,"ŞCOALA GIMNAZIALĂ NR.5",31,"MUNICIPIUL GIURGIU",100521,1,PROV,PRCNCT,CJ,CJ_SV,"2020-09-28 01:00:21",910,903,1,6,0,307,301,0,6,0,297,10,1003,696,121,20,8,34,96,5,13
19,GIURGIU,"ŞCOALA GIMNAZIALĂ NR.5",32,"MUNICIPIUL GIURGIU",100521,3,PROV,PRCNCT,CJ,CJ_SV,"2020-09-29 14:23:31",1181,1170,1,9,1,373,363,0,9,1,359,10,1284,911,150,15,9,53,119,3,10
19,GIURGIU,"ŞCOALA GIMNAZIALĂ NR.5",33,"MUNICIPIUL GIURGIU",100521,2,PROV,PRCNCT,CJ,CJ_SV,"2020-09-28 03:07:57",1152,1147,0,5,0,411,406,0,5,0,394,17,1271,860,171,19,14,55,118,16,1
19,GIURGIU,"ŞCOALA GIMNAZIALĂ NR.7",46,"MUNICIPIUL GIURGIU",100521,1,PROV,PRCNCT,CJ,CJ_SV,"2020-09-28 01:57:17",1400,1388,3,7,2,572,563,0,7,2,550,22,1526,954,238,29,14,73,171,11,14
19,GIURGIU,"ŞCOALA GIMNAZIALA PROF. DINU NICOLAE VLASIN",208,SCHITU,104975,1,PROV,PRCNCT,CJ,CJ_SV,"2020-09-28 01:43:06",423,357,0,44,22,301,235,0,44,22,295,6,393,92,237,18,0,4,29,3,4
19,GIURGIU,"ŞCOALA GIMNAZIALĂ ”REMUS BEGNESCU” PIETRELE",72,BĂNEASA,101001,1,PROV,PRCNCT,CJ,CJ_SV,"2020-09-28 03:44:08",855,823,2,13,17,542,512,0,13,17,513,29,924,382,385,21,5,7,77,3,15
19,GIURGIU,"ŞCOALA GIMNAZIALĂ SAVIN POPESCU",40,"MUNICIPIUL GIURGIU",100521,5,PROV,PRCNCT,CJ,CJ_SV,"2020-09-29 14:54:58",1445,1429,1,15,0,540,525,0,15,0,524,16,1578,1038,202,31,12,51,188,24,16
19,GIURGIU,"ŞCOALA GIMNAZIALĂ SAVIN POPESCU",41,"MUNICIPIUL GIURGIU",100521,2,PROV,PRCNCT,CJ,CJ_SV,"2020-09-28 06:54:32",1104,1095,1,8,0,354,346,0,8,0,336,18,1195,841,135,19,9,43,120,4,6
19,GIURGIU,"ŞCOALA GIMNAZIALĂ SFÂNTUL GHEORGHE",1,"MUNICIPIUL GIURGIU",100521,2,PROV,PRCNCT,CJ,CJ_SV,"2020-09-29 12:30:21",1183,1170,4,9,0,475,462,4,9,0,452,19,1285,810,194,35,16,52,134,9,12
19,GIURGIU,"ŞCOALA GIMNAZIALA ” SFANTUL NECTARIE” OGREZENI",180,OGREZENI,104485,3,PROV,PRCNCT,CJ,CJ_SV,"2020-09-29 09:50:48",987,968,0,18,1,648,629,0,18,1,611,37,1062,414,174,15,6,176,189,1,50
19,GIURGIU,"ŞCOALA GIMNAZIALĂ STOLNICUL CONSTANTIN CANTACUZINO - ISVOARELE",161,ISVOARELE,179766,2,PROV,PRCNCT,CJ,CJ_SV,"2020-09-28 12:06:20",813,730,0,82,1,813,730,0,82,1,746,67,1175,362,364,42,5,59,261,6,9
19,GIURGIU,"ŞCOALA GIMNZIALA NR. 1 GRADINARI",147,GRĂDINARI,103407,3,PROV,PRCNCT,CJ,CJ_SV,"2020-09-28 12:08:14",865,815,4,33,13,572,526,0,33,13,547,25,913,341,246,242,3,3,34,2,17
19,GIURGIU,"ŞCOALA HODIVOAIA",191,PUTINEIU,104715,1,PROV,PRCNCT,CJ,CJ_SV,"2020-09-28 01:46:23",338,309,0,29,0,264,235,0,29,0,238,25,337,74,122,3,2,2,103,3,3
19,GIURGIU,"ŞCOALA JAPCA",243,VEDEA,105909,2,PROV,PRCNCT,CJ,CJ_SV,"2020-09-28 08:40:21",692,626,1,48,17,476,411,0,48,17,446,30,759,283,238,9,2,14,181,0,2
19,GIURGIU,"ŞCOALA PIMARĂ NR.5 BĂNEASA",70,BĂNEASA,101001,3,PROV,PRCNCT,CJ,CJ_SV,"2020-09-28 10:17:19",568,551,0,12,5,340,323,0,12,5,309,31,604,264,227,15,3,7,45,3,9
19,GIURGIU,"ŞCOALA PRIMARA FLORIN NICULESCU BILA",206,SCHITU,104975,1,PROV,PRCNCT,CJ,CJ_SV,"2020-09-28 02:44:56",322,288,0,20,14,221,187,0,20,14,204,17,353,132,165,6,1,1,30,0,1
19,GIURGIU,"ŞCOALA PRIMARA , NR.1 CAMINEASCA",207,SCHITU,104975,4,PROV,PRCNCT,CJ,CJ_SV,"2020-09-29 16:16:31",444,407,0,12,25,303,266,0,12,25,300,3,448,145,250,10,4,4,29,3,0
19,GIURGIU,"ŞCOALA PRIMARĂ NR 1 DEALU",108,"CREVEDIA MARE",102348,2,PROV,PRCNCT,CJ,CJ_SV,"2020-09-28 14:05:32",1088,1085,0,3,0,587,584,0,3,0,547,40,1194,607,210,66,17,31,127,4,92
19,GIURGIU,"ŞCOALA PRIMARA NR.1 HOBAIA",183,OGREZENI,104485,3,PROV,PRCNCT,CJ,CJ_SV,"2020-09-29 10:05:47",757,742,1,9,5,469,455,0,9,5,429,40,815,346,120,11,2,139,130,1,26
19,GIURGIU,"ŞCOALA PRIMARĂ NR. 1 MIHĂILEŞTI-TUFA",60,"ORAŞ MIHĂILEŞTI",104136,2,PROV,PRCNCT,CJ,CJ_SV,"2020-09-29 17:11:04",743,714,0,29,0,743,714,0,29,0,707,36,1208,465,406,20,54,9,206,4,8
19,GIURGIU,"ŞCOALA PRIMARĂ NR.1 PRUNDU",188,PRUNDU,104680,1,PROV,PRCNCT,CJ,CJ_SV,"2020-09-28 01:16:59",1057,1053,1,3,0,569,566,0,3,0,534,35,1153,584,380,66,1,3,54,9,21
19,GIURGIU,"ŞCOALA PRIMARĂ NR.1 PUIENI",189,PRUNDU,104680,3,PROV,PRCNCT,CJ,CJ_SV,"2020-09-28 13:49:02",598,598,0,0,0,358,358,0,0,0,334,24,638,280,230,66,1,1,29,2,5
19,GIURGIU,"ŞCOALA PRIMARĂ NR.2 BĂNEASA",71,BĂNEASA,101001,1,PROV,PRCNCT,CJ,CJ_SV,"2020-09-28 01:51:42",809,775,0,13,21,494,460,0,13,21,475,19,875,381,400,20,2,0,42,2,9
19,GIURGIU,"ŞCOALA PRIMARĂ NR.2 CRÎNGURI",210,SINGURENI,105106,1,PROV,PRCNCT,CJ,CJ_SV,"2020-09-28 02:29:08",629,576,1,17,35,498,445,1,17,35,471,27,635,137,259,8,1,0,199,2,2
19,GIURGIU,"ŞCOALA PRIMARĂ NR. 2 GHIZDARU",215,STĂNEŞTI,105295,2,PROV,PRCNCT,CJ,CJ_SV,"2020-09-28 02:12:33",440,398,0,34,8,284,242,0,34,8,261,23,398,114,66,3,9,3,175,1,4
19,GIURGIU,"SCOALA PRIMARA NR.2 ICOANA",229,ULMI,105623,1,PROV,PRCNCT,CJ,CJ_SV,"2020-09-28 01:02:40",906,895,2,9,0,555,546,0,9,0,511,44,987,432,138,9,105,45,191,1,22
19,GIURGIU,"ŞCOALA PRIMARĂ NR. 2 MIHĂILEŞTI-DRĂGĂNESCU",61,"ORAŞ MIHĂILEŞTI",104136,4,PROV,PRCNCT,CJ,CJ_SV,"2020-09-28 15:26:52",368,362,0,6,0,278,272,0,6,0,266,12,397,119,162,5,13,6,75,2,3
19,GIURGIU,"ŞCOALA PRIMARA NR. 2 SADINA",200,"ROATA DE JOS",104831,1,PROV,PRCNCT,CJ,CJ_SV,"2020-09-28 02:45:07",1288,1252,0,36,0,918,882,0,36,0,836,82,1377,459,531,10,2,23,259,2,9
19,GIURGIU,"ŞCOALA PRIMARA NR. 2 TOMULEŞTI",223,TOPORU,154709,1,PROV,PRCNCT,CJ,CJ_SV,"2020-09-28 04:41:36",622,526,0,35,61,419,323,0,35,61,385,34,600,181,50,8,1,1,324,0,1
19,GIURGIU,"ŞCOALA PRIMARĂ NR. 3",81,BUCŞANI,101378,1,PROV,PRCNCT,CJ,CJ_SV,"2020-09-28 04:33:03",471,435,0,34,2,379,343,0,34,2,351,28,477,98,148,12,1,4,183,3,0
19,GIURGIU,"ŞCOALA PRIMARA NR. 3 COLIBAŞI",97,COLIBAŞI,102071,1,PROV,PRCNCT,CJ,CJ_SV,"2020-09-28 00:36:53",766,723,0,20,23,588,545,0,20,23,574,14,800,212,498,12,4,1,56,0,3
19,GIURGIU,"ŞCOALA PRIMARĂ NR. 3 FRASINU",73,BĂNEASA,101001,1,PROV,PRCNCT,CJ,CJ_SV,"2020-09-28 00:38:38",355,327,7,9,12,224,203,0,9,12,216,8,373,149,191,5,0,1,18,1,0
19,GIURGIU,"ŞCOALA PRIMARĂ NR.3 MIRONEŞTI",144,GOSTINARI,103372,1,PROV,PRCNCT,CJ,CJ_SV,"2020-09-28 01:55:43",416,326,0,32,58,279,189,0,32,58,259,20,352,73,73,5,5,18,155,0,3
19,GIURGIU,"ŞCOALA PRIMARĂ NR. 3 NOVACI",63,"ORAŞ MIHĂILEŞTI",104136,1,PROV,PRCNCT,CJ,CJ_SV,"2020-09-28 01:06:28",929,917,0,12,0,621,609,0,12,0,528,93,1007,386,245,23,144,2,108,0,6
19,GIURGIU,"ŞCOALA PRIMARĂ NR.3 OBEDENI",235,VĂRĂŞTI,105874,3,PROV,PRCNCT,CJ,CJ_SV,"2020-09-28 05:06:06",918,896,0,10,12,613,591,0,10,12,567,46,987,374,58,40,3,6,455,2,3
19,GIURGIU,"ȘCOALA PRIMARĂ NR. 3 SAT CĂRPENIȘU , COM GĂISENI",129,GĂISENI,103087,1,PROV,PRCNCT,CJ,CJ_SV,"2020-09-28 03:50:44",695,686,0,5,4,400,391,0,5,4,369,31,754,354,204,11,34,9,62,6,43
19,GIURGIU,"SCOALA PRIMARA NR.3 ULMI",224,ULMI,105623,6,PROV,PRCNCT,CJ,CJ_SV,"2020-09-28 18:04:26",932,925,0,7,0,508,501,0,7,0,461,47,1023,515,126,10,41,72,172,3,37
19,GIURGIU,"ŞCOALA PRIMARA NR. 3 ZORILE",149,GRĂDINARI,103407,1,PROV,PRCNCT,CJ,CJ_SV,"2020-09-28 02:51:59",887,850,0,23,14,583,547,0,23,13,549,34,944,361,270,174,16,8,57,7,17
19,GIURGIU,"ŞCOALA PRIMARĂ NR. 4",83,BUCŞANI,101378,5,PROV,PRCNCT,CJ,CJ_SV,"2020-09-28 03:51:31",289,258,0,30,1,223,192,0,30,1,211,12,281,58,120,3,3,4,79,2,0
19,GIURGIU,"ŞCOALA PRIMARA NR.4 VALEA PLOPILOR",138,GHIMPAŢI,103238,3,PROV,PRCNCT,CJ,CJ_SV,"2020-09-28 06:59:53",528,493,0,2,33,365,330,0,2,33,355,10,614,249,314,3,0,0,36,2,0
19,GIURGIU,"ŞCOALA PRIMARĂ NR. 5",84,BUCŞANI,101378,1,PROV,PRCNCT,CJ,CJ_SV,"2020-09-28 00:56:45",276,258,0,18,0,276,258,0,18,0,253,23,379,103,168,1,0,0,82,1,1
19,GIURGIU,"ŞCOALA PRIMARĂ NR.5 POIANA LUI STÂNGĂ",240,"VÂNĂTORII MICI",105972,1,PROV,PRCNCT,CJ,CJ_SV,"2020-09-28 00:03:28",577,573,0,4,0,378,374,0,4,0,357,21,628,250,295,8,9,3,33,1,8
19,GIURGIU,"ŞCOALA PRIMARĂ NR.6 CORBEANCA",241,"VÂNĂTORII MICI",105972,1,PROV,PRCNCT,CJ,CJ_SV,"2020-09-28 00:08:34",402,393,0,8,1,267,258,0,8,1,238,29,431,164,197,3,2,4,25,4,3
19,GIURGIU,"ŞCOALA PRIMARĂ NR. 6 SF. GHEORGHE",74,BĂNEASA,101001,1,PROV,PRCNCT,CJ,CJ_SV,"2020-09-28 00:02:02",227,203,1,17,6,160,137,0,17,6,154,6,230,70,135,4,1,0,12,1,1
19,GIURGIU,"ŞCOALA PRIMARĂ NR.7 CUPELE",242,"VÂNĂTORII MICI",105972,1,PROV,PRCNCT,CJ,CJ_SV,"2020-09-28 00:30:25",366,360,0,5,1,234,228,0,5,1,218,16,395,161,143,7,0,2,60,0,6
19,GIURGIU,"ŞCOALA PUŢU GRECI",151,GREACA,103470,1,PROV,PRCNCT,CJ,CJ_SV,"2020-09-28 01:04:05",265,252,0,8,5,184,171,0,8,5,172,12,277,93,18,34,7,2,107,3,1
19,GIURGIU,"ŞCOALA SCHITU",205,SCHITU,104975,1,PROV,PRCNCT,CJ,CJ_SV,"2020-09-28 00:33:47",200,178,0,12,10,125,103,0,12,10,111,14,194,69,80,13,1,1,16,0,0
19,GIURGIU,"ŞCOALA STÂLPU",160,IEPUREŞTI,103693,2,PROV,PRCNCT,CJ,CJ_SV,"2020-09-28 01:17:29",226,203,0,22,1,194,171,0,22,1,186,8,210,16,82,8,15,1,78,1,1
19,GIURGIU,"ŞCOALA TEIUŞU",162,ISVOARELE,179766,2,PROV,PRCNCT,CJ,CJ_SV,"2020-09-28 10:31:33",157,128,0,29,0,157,128,0,29,0,145,12,193,36,41,14,0,4,85,1,0
19,GIURGIU,"ŞCOALA VECHE CĂLUGĂRENI( MUZEU ).",90,CĂLUGĂRENI,101662,1,PROV,PRCNCT,CJ,CJ_SV,"2020-09-28 05:47:34",1474,1465,0,9,0,916,907,0,9,0,857,59,1616,700,466,30,16,7,302,6,30
19,GIURGIU,"ŞCOALA VIERU",192,PUTINEIU,104715,1,PROV,PRCNCT,CJ,CJ_SV,"2020-09-28 02:11:26",575,543,0,32,0,452,420,0,32,0,408,44,592,140,162,10,2,18,214,0,2
19,GIURGIU,"ŞCOALA ZBOIU",152,GREACA,103470,1,PROV,PRCNCT,CJ,CJ_SV,"2020-09-28 01:20:14",276,236,0,25,15,196,161,0,20,15,183,13,261,65,9,14,2,3,152,0,3
19,GIURGIU,"SEDIUL FOSTEI SECŢII DE MECANIZARE A SATULUI DIMITRIE CANTEMIR",167,IZVOARELE,103899,2,PROV,PRCNCT,CJ,CJ_SV,"2020-09-28 01:02:37",157,115,0,34,8,118,76,0,34,8,107,11,140,22,57,1,2,1,44,1,1
