county_nce,county_name,uat_name,uat_siruta,report_version,report_stage_code,report_type_scope_code,report_type_category_code,report_type_code,created_at,a,a1,a2,a3,a4,b,b1,b2,b3,b4,c,d,e,f,"IANUŞ NICOLAE-PARTIDUL NAȚIONAL LIBERAL-voturi","MARŞAVELA MUGUREL-LAURENŢIU-PARTIDUL SOCIAL DEMOCRAT-voturi","MARINESCU LILIANA-PARTIDUL PRO ROMÂNIA-voturi","DAMIAN MARIUS-ALIANȚA USR PLUS-voturi","PAŞATA STERICĂ-PARTIDUL NAȚIONAL LIBERAL-voturi","POPESCU DUMITRU-PARTIDUL PRO ROMÂNIA-voturi","CULINA MIHAI-PARTIDUL SOCIAL DEMOCRAT-voturi","ŢIPIRIGAN DUMITRU-PARTIDUL SOCIAL DEMOCRAT-voturi","IFRIM MARIUS-CRISTINEL-PARTIDUL PRO ROMÂNIA-voturi","MOCANU CARMEN-LUIZA-PARTIDUL NAȚIONAL LIBERAL-voturi","FILCIU IONUŢ-ALEXANDRU-ALIANȚA USR PLUS-voturi","CUCORANU COSMIN-DĂNUŢ-voturi","ŞERBAN ION-voturi","FEODOSEI SERGHEI-PARTIDUL MIȘCAREA POPULARĂ-voturi","ANDREI MARCEL-IONUŢ-PARTIDUL NAȚIONAL LIBERAL-voturi","PANFIL GHEORGHE-PARTIDUL SOCIAL DEMOCRAT-voturi","PANAIT GRIGORE-PARTIDUL PRO ROMÂNIA-voturi","AMELIAN IONEL-voturi","POCORA ANTONEL-PARTIDUL SOCIAL DEMOCRAT-voturi","ACSENTI FLORIN-PARTIDUL PRO ROMÂNIA-voturi","GRACIOV NICOLAE-ALIANȚA USR PLUS-voturi","ŢILINCĂ GHEORGHE-PARTIDUL NAȚIONAL LIBERAL-voturi","HANGANU ADRIAN-PARTIDUL SOCIAL DEMOCRAT-voturi","HANGAN IONUŢ-CRISTIAN-PARTIDUL PRO ROMÂNIA-voturi","DAN VIOREL-PARTIDUL MIȘCAREA POPULARĂ-voturi","PÎRVULESCU CRISTIAN-DUMITRU-ALIANȚA USR PLUS-voturi","PETRICĂ EUGEN-PARTIDUL NAȚIONAL LIBERAL-voturi","STAN DUMITRU-PARTIDUL SOCIAL DEMOCRAT-voturi","MAGAZIN MARIA-PARTIDUL MIȘCAREA POPULARĂ-voturi","UNGURU ANTON-PARTIDUL ALIANŢA LIBERALILOR ŞI DEMOCRAŢILOR – ALDE-voturi","DONCIU VIORICA-PARTIDUL PRO ROMÂNIA-voturi","IFTIMIA MONICA-ALEXANDRA-ALIANȚA USR PLUS-voturi","PĂTRAŞCU DUMITRU-PARTIDUL NAȚIONAL LIBERAL-voturi","POIDA ANDREI-PARTIDUL PRO ROMÂNIA-voturi","CERNEGA TUDOR-PARTIDUL SOCIAL DEMOCRAT-voturi","ŞOPU PETRE-PARTIDUL SOCIAL DEMOCRAT-voturi","MUŞAT NECULAE-PARTIDUL NAȚIONAL LIBERAL-voturi","GELEP FLORICA-PARTIDUL MIȘCAREA POPULARĂ-voturi","GHEORGHE VASILE-ALIANȚA USR PLUS-voturi","CIUPITU GEORGETA-PARTIDUL SOCIAL DEMOCRAT-voturi","CIAUŞ TIMUR-ALEXANDRU-PARTIDUL PRO ROMÂNIA-voturi","GORGOVSCHI CRISTIAN-PARTIDUL NAȚIONAL LIBERAL-voturi","LISAVENCU FLOREA-UNIUNEA UCRAINENILOR DIN ROMÂNIA-voturi","BOTAŞ ION-PARTIDUL MIȘCAREA POPULARĂ-voturi","PETRENCU ION-PARTIDUL ALIANŢA LIBERALILOR ŞI DEMOCRAŢILOR – ALDE-voturi","POCORA NICOLAE-voturi","POPA IORDAN-LUCIAN-PARTIDUL ALIANŢA LIBERALILOR ŞI DEMOCRAŢILOR – ALDE-voturi","COSTACHE CONSTANTIN-PARTIDUL SOCIAL DEMOCRAT-voturi","ŞERBAN MARIN-PARTIDUL NAȚIONAL LIBERAL-voturi","RAHĂU SILVIU FLORIN-PARTIDUL SOCIAL DEMOCRAT-voturi","GROSU VIORICA-UNIUNEA UCRAINENILOR DIN ROMÂNIA-voturi","POCORA CRISTIAN-PARTIDUL PRO ROMÂNIA-voturi","CONŢOLENCU CLAUDIU-CRISTIAN-PARTIDUL NAȚIONAL LIBERAL-voturi","TROFIM AURORA-PARTIDUL ALIANŢA LIBERALILOR ŞI DEMOCRAŢILOR – ALDE-voturi","CONSTANTINESCU RICARD-ALIANȚA USR PLUS-voturi","MITITELU ION-voturi","GHERGHIŞAN MARIAN-MIHĂIŢĂ-PARTIDUL NAȚIONAL LIBERAL-voturi","MATEI NICU-PARTIDUL MIȘCAREA POPULARĂ-voturi","CORCODEL IONUŢ-FLORIN-PARTIDUL SOCIAL DEMOCRAT-voturi","PALTENE NICU-PARTIDUL MIȘCAREA POPULARĂ-voturi","PETROVICI SILVIA-PARTIDUL NAȚIONAL LIBERAL-voturi","MUNTEANU VALENTIN-PARTIDUL SOCIAL DEMOCRAT-voturi","BUZATU LĂCRĂMIOARA-PARTIDUL RE:START ROMÂNIA-voturi","NAIMAN MARIAN-PARTIDUL SOCIAL DEMOCRAT-voturi","MUNGIU ION-PARTIDUL MIȘCAREA POPULARĂ-voturi","BUMBARU DANDEŞ MIHAI-PARTIDUL PRO ROMÂNIA-voturi","ALESTAR NICOLETA-PARTIDUL NAȚIONAL LIBERAL-voturi","ŞERBAN LEONTE-PARTIDUL VERDE-voturi","CIOCEA VASILE-ALIANȚA USR PLUS-voturi","ŢOPEA ANGELIN-PARTIDUL ALIANŢA LIBERALILOR ŞI DEMOCRAŢILOR – ALDE-voturi","MOCANU NICOLAIE-PARTIDUL NAȚIONAL LIBERAL-voturi","LUNGU PETRE-PARTIDUL PRO ROMÂNIA-voturi","MOISE GHEORGHE-PARTIDUL MIȘCAREA POPULARĂ-voturi","CONSTANTIN TITI-PARTIDUL SOCIAL DEMOCRAT-voturi","TIRON NICOLETA-ALIANȚA USR PLUS-voturi","MATETOVICI MIRCEA-voturi","PASĂRE DUMITRU-PARTIDUL PRO ROMÂNIA-voturi","TRIŞCĂ IONEL-PARTIDUL SOCIAL DEMOCRAT-voturi","NEAGU NECULAI-PARTIDUL NAȚIONAL LIBERAL-voturi","TANASÎ NATALIA-PARTIDUL MIȘCAREA POPULARĂ-voturi","PANGRATE DUMITRU-DANIEL-PARTIDUL PRO ROMÂNIA-voturi","MIHAILOV LAURENŢIU-PARTIDUL SOCIAL DEMOCRAT-voturi","ACCELEANU ION-PARTIDUL NAȚIONAL LIBERAL-voturi","RUSU GABRIEL-CRISTIAN-PARTIDUL NAȚIONAL LIBERAL-voturi","VĂTAFU ALEXANDRU-PARTIDUL ALIANŢA LIBERALILOR ŞI DEMOCRAŢILOR – ALDE-voturi","BUCELAN VALENTIN-PARTIDUL PRO ROMÂNIA-voturi","TAIFAS MARIAN-PARTIDUL SOCIAL DEMOCRAT-voturi","PINTILIE IONEL-PARTIDUL ALIANŢA LIBERALILOR ŞI DEMOCRAŢILOR – ALDE-voturi","MITACHE ANGI-PĂPUŞICA-PARTIDUL PRO ROMÂNIA-voturi","IOAN VIOLETA-PARTIDUL MIȘCAREA POPULARĂ-voturi","CHIRIŢĂ VIOREL-PARTIDUL SOCIAL DEMOCRAT-voturi","ALEXE IORDAN-PARTIDUL NAȚIONAL LIBERAL-voturi","PUŞCAŞU DĂNUŢ-PARTIDUL VERDE-voturi","LUPU GABRIEL-PARTIDUL ECOLOGIST ROMÂN-voturi","ŞTEFAN ALEXANDRU-SORINEL-ALIANȚA USR PLUS-voturi","STOICA MARIUS-voturi","CONSTANTIN IANI-PARTIDUL PRO ROMÂNIA-voturi","IOFCIU IORDAN-PARTIDUL ALIANŢA LIBERALILOR ŞI DEMOCRAŢILOR – ALDE-voturi","RIZU STERE-PARTIDUL SOCIAL DEMOCRAT-voturi","GHIORGHE GEORGE-PARTIDUL NAȚIONAL LIBERAL-voturi","ALECU SORIN-PARTIDUL SOCIAL DEMOCRAT-voturi","BÎLEA VASILICA-PARTIDUL MIȘCAREA POPULARĂ-voturi","MANOLACHI VICTORIA-PARTIDUL PRO ROMÂNIA-voturi","CIOBANU VIOREL-PARTIDUL ALIANŢA LIBERALILOR ŞI DEMOCRAŢILOR – ALDE-voturi","DEACU COSTICĂ-PARTIDUL NAȚIONAL LIBERAL-voturi","HANGU EMIL-PARTIDUL ECOLOGIST ROMÂN-voturi","CHIRNOAGĂ MĂDĂLIN-ALIANȚA USR PLUS-voturi","VOICILĂ COSTIN-PARTIDUL PRO ROMÂNIA-voturi","BENA BIANCA-PARTIDUL MIȘCAREA POPULARĂ-voturi","DÎRMINĂ NARCIS-TEODOR-PARTIDUL NAȚIONAL LIBERAL-voturi","ION EUGEN-PARTIDUL SOCIAL DEMOCRAT-voturi","CRISTU NICOLAE-UNIUNEA SALVAȚI ROMÂNIA-voturi","HEREMCIUC MIHAI-PARTIDUL SOCIAL DEMOCRAT AL MUNCITORILOR-voturi","IONAŞCU GABRIEL-PARTIDUL NAȚIONAL LIBERAL-voturi","IORGA AUREL-PARTIDUL PRO ROMÂNIA-voturi","TOMA ALEXANDRU-PARTIDUL SOCIAL DEMOCRAT-voturi","MALCEA NIŢA-PARTIDUL MIȘCAREA POPULARĂ-voturi","BUTAN ROMICĂ-ALIANȚA USR PLUS-voturi","GHEORGHEVICI DĂNUŢ-EMIL-PARTIDUL ECOLOGIST ROMÂN-voturi","ENE MARIAN-voturi","CÂNEPĂ RADU-voturi","CĂLIN MARIAN-PARTIDUL PRO ROMÂNIA-voturi","VRĂMULEŢ GHERGHINA-PARTIDUL ALIANŢA LIBERALILOR ŞI DEMOCRAŢILOR – ALDE-voturi","ŢANDĂRĂ DUMITRU-PARTIDUL MIȘCAREA POPULARĂ-voturi","ION ILEANA-PARTIDUL NAȚIONAL LIBERAL-voturi","ŞERPESCU ION-PARTIDUL SOCIAL DEMOCRAT-voturi","COSTENCO NICULAIE-PARTIDUL VERDE-voturi","SEVASTIAN NICOLETA-PARTIDUL NAȚIONAL LIBERAL-voturi","MANOLACHE MARIUS-GHEORGHIŢĂ-PARTIDUL MIȘCAREA POPULARĂ-voturi","BUMBAC GRIGORE-PARTIDUL PRO ROMÂNIA-voturi","MANOLE GHEORGHE-PARTIDUL SOCIAL DEMOCRAT-voturi","ASOFRONIE CARMEN-LUDMIZA-voturi","RĂDUCAN TĂNASE-PARTIDUL SOCIAL DEMOCRAT-voturi","ANDREI NICULINA-PARTIDUL PRO ROMÂNIA-voturi","BOUROŞU GELU-PARTIDUL MIȘCAREA POPULARĂ-voturi","SEUCAN DRAGOŞ-PARTIDUL NAȚIONAL LIBERAL-voturi","KARAMIHAI AURELIAN-PARTIDUL ECOLOGIST ROMÂN-voturi","ALEXE ANASTASE-PARTIDUL SOCIAL DEMOCRAT-voturi","COMAN NIŢA-MARIA-PARTIDUL MIȘCAREA POPULARĂ-voturi","CARAGOP DUMITRU-OCTAVIAN-PARTIDUL NAȚIONAL LIBERAL-voturi","CIOBANU DUMITRU-PARTIDUL PRO ROMÂNIA-voturi","PERIANU GHIORGHE-PARTIDUL ALIANŢA LIBERALILOR ŞI DEMOCRAŢILOR – ALDE-voturi","LUCA ANDALUZIA-PARTIDUL SOCIAL DEMOCRAT-voturi","SPIRU VALENTIN-PARTIDUL MIȘCAREA POPULARĂ-voturi","ILIE ŞTEFAN-PARTIDUL NAȚIONAL LIBERAL-voturi","POPA OCTAVIAN-MARIUS-PARTIDUL ALIANŢA LIBERALILOR ŞI DEMOCRAŢILOR – ALDE-voturi","ZIBILEANU ŞTEFANA-PARTIDUL PRO ROMÂNIA-voturi","PORNEALĂ SERGIU-CRISTIAN-ALIANȚA USR PLUS-voturi","SIMION DRAGOŞ-PARTIDUL ECOLOGIST ROMÂN-voturi","SADÎCA MIHĂIŢĂ-PARTIDUL PUTERII UMANISTE (SOCIAL-LIBERAL)-voturi","HOGEA CONSTANTIN-voturi","VASILIEV ALEXANDRU-ŞTEFAN-PARTIDUL SOCIAL DEMOCRAT-voturi","GRIGORE ŞTEFAN-LEONARD-UNIUNEA UCRAINENILOR DIN ROMÂNIA-voturi","CHIRILĂ MIHAI-PARTIDUL MIȘCAREA POPULARĂ-voturi","CUCERENCU MARIAN-PARTIDUL PRO ROMÂNIA-voturi","IVANOV FILIP-PARTIDUL NAȚIONAL LIBERAL-voturi","CHIOIBAŞU MIREL-FLORENTIN-UNIUNEA SALVAȚI ROMÂNIA-voturi","DEACONESCU ADINA-PARTIDUL LIBERTATE, UNITATE ȘI SOLIDARITATE-voturi","NICOLAE ION-PARTIDUL NAȚIONAL LIBERAL-voturi","MUHULEŢ GHEORGHE-PARTIDUL PRO ROMÂNIA-voturi","POPA COSTEL-PARTIDUL SOCIAL DEMOCRAT-voturi","STANCU NICOLAE-PARTIDUL ALIANŢA LIBERALILOR ŞI DEMOCRAŢILOR – ALDE-voturi","PAVEL DUMITRU-PARTIDUL ECOLOGIST ROMÂN-voturi","PASCALE FLORIN-PARTIDUL PRO ROMÂNIA-voturi","ALEXE ŞTEFAN-PARTIDUL MIȘCAREA POPULARĂ-voturi","SECHILA FLORIN-PARTIDUL SOCIAL DEMOCRAT-voturi","CASIAN CĂTĂLIN-PARTIDUL NAȚIONAL LIBERAL-voturi","JECU GEORGE-PARTIDUL ALIANŢA LIBERALILOR ŞI DEMOCRAŢILOR – ALDE-voturi","BĂLAN DRAGOŞ-ALIANȚA USR PLUS-voturi","DIACONU SORIN-PARTIDUL NAȚIONAL LIBERAL-voturi","SOLOMENCU CIPRIAN-IONUŢ-PARTIDUL SOCIAL DEMOCRAT-voturi","DOBRE EUGEN-DANIEL-PARTIDUL PRO ROMÂNIA-voturi","IORDACHE MARCEL-PARTIDUL MIȘCAREA POPULARĂ-voturi","GRIGORE MIHAI-PARTIDUL ALIANŢA LIBERALILOR ŞI DEMOCRAŢILOR – ALDE-voturi","SIDORENCU VALENTINA-PARTIDUL VERDE-voturi","NECHIFOR ŞTEFAN-ALIANȚA USR PLUS-voturi","BULACU ŞTEFAN-PARTIDUL MIȘCAREA POPULARĂ-voturi","GĂLĂTEANU MARIUS-PETRIŞOR-ALIANȚA USR PLUS-voturi","NĂSTASE IORDAN-PARTIDUL SOCIAL DEMOCRAT-voturi","CARAMAN GEORGIAN-PARTIDUL NAȚIONAL LIBERAL-voturi","TIMIŞ NICOARĂ-PARTIDUL PRO ROMÂNIA-voturi","MORARU ANASTASE-PARTIDUL SOCIAL DEMOCRAT-voturi","MAXIM MITREA-PARTIDUL MIȘCAREA POPULARĂ-voturi","CURCĂ JENICĂ-PARTIDUL NAȚIONAL LIBERAL-voturi","CHIŢU RADU-DANIEL-PARTIDUL PRO ROMÂNIA-voturi","ŞTEFAN TIMOFTE-PARTIDUL DREAPTA LIBERALĂ-voturi","PETCU SILVIU-ŞTEFAN-ALIANȚA USR PLUS-voturi","IVANCIU FLORIN-PARTIDUL ALTERNATIVA PENTRU DEMNITATE NATIONALĂ-voturi","VĂCARU GHEORGHE-PARTIDUL NAȚIONAL LIBERAL-voturi","STOIAN MIRCEA-PARTIDUL SOCIAL DEMOCRAT-voturi","ICHIM ANDONE-PARTIDUL PRO ROMÂNIA-voturi","BÎLEA TUDOREL-PARTIDUL ALIANŢA LIBERALILOR ŞI DEMOCRAŢILOR – ALDE-voturi","PERIANU ALEXANDRU-PARTIDUL MIȘCAREA POPULARĂ-voturi","SIMA MARIN-PARTIDUL ECOLOGIST ROMÂN-voturi","GRECEANU GEORGE-DANIEL-ALIANȚA USR PLUS-voturi","DAMASCHIN CONSTANTIN-PARTIDUL VERDE-voturi","BARBATO MIHAIL-TRAIAN-voturi","GHEORGHE LUCIAN-voturi","HUBATI TUDOR-PARTIDUL SOCIAL DEMOCRAT-voturi","COZMA VICTORIA-PARTIDUL MIȘCAREA POPULARĂ-voturi","NICOLCENCO DAN-PARTIDUL NAȚIONAL LIBERAL-voturi","IVAN ADRIAN-CONSTANTIN-PARTIDUL ALIANŢA LIBERALILOR ŞI DEMOCRAŢILOR – ALDE-voturi","SARAEV VICTOR-COMUNITATEA RUȘILOR LIPOVENI DIN ROMÂNIA-voturi","RĂDUŞ NICOLAE-PARTIDUL PRO ROMÂNIA-voturi","SIPATCHIN REMUS-DAN-ALIANȚA USR PLUS-voturi","LEON TUDOREL-PARTIDUL ECOLOGIST ROMÂN-voturi","ANDREI VICTOR-PARTIDUL ROMÂNIA MARE-voturi","TRIFAN CRISTIAN-PARTIDUL ALTERNATIVA PENTRU DEMNITATE NATIONALĂ-voturi","FROSIN GHEORGHE-ALIANȚA ELECTORALĂ MIȘCAREA PATRIOȚILOR ROMÂNI (MPR)-voturi","COJOCARU VLAD-voturi","OANCEA ION-PARTIDUL PRO ROMÂNIA-voturi","NEACŞU LIVIU-SORIN-PARTIDUL MIȘCAREA POPULARĂ-voturi","GHERGHIŞAN ADRIAN-PARTIDUL NAȚIONAL LIBERAL-voturi","TĂNASE ION-PARTIDUL SOCIAL DEMOCRAT-voturi","POCORA DUMITRU-PARTIDUL SOCIAL DEMOCRAT-voturi","TIMOFAN CORNEL-PARTIDUL PRO ROMÂNIA-voturi","CHISLIŢCHI IORDAN-PARTIDUL NAȚIONAL LIBERAL-voturi","CICÎRMA MARIUS-ALIANȚA USR PLUS-voturi","DOBRE GEORGEL-PARTIDUL MIȘCAREA POPULARĂ-voturi","GURGU MARIŢA-PARTIDUL NAȚIONAL LIBERAL-voturi","MATEI EUGEN-PARTIDUL SOCIAL DEMOCRAT-voturi","PETROŞAN NECULAI-voturi","ROMAN SERGHEI-PARTIDUL ALIANŢA LIBERALILOR ŞI DEMOCRAŢILOR – ALDE-voturi","FINOGHEN VITALI-CRISTIAN-PARTIDUL NAȚIONAL LIBERAL-voturi","COSTACHE FLORIN-PARTIDUL SOCIAL DEMOCRAT-voturi","PAHOM IACOB-PARTIDUL MIȘCAREA POPULARĂ-voturi","AVERIAN ALEXANDRU-ALIANȚA USR PLUS-voturi","FILIP ALEXANDRU-voturi","SIDORENCU VALENTIN-PARTIDUL SOCIAL DEMOCRAT-voturi","CLADIADE DORU-PARTIDUL NAȚIONAL LIBERAL-voturi","PIETRARU VICTOR-PARTIDUL ALIANŢA LIBERALILOR ŞI DEMOCRAŢILOR – ALDE-voturi","MUNTEANU ROMICĂ-PARTIDUL MIȘCAREA POPULARĂ-voturi","BĂLAN MIRA-ALIANȚA USR PLUS-voturi","ANTON ŞTEFAN-PARTIDUL PRO ROMÂNIA-voturi","IVAN IGNAT-COMUNITATEA RUȘILOR LIPOVENI DIN ROMÂNIA-voturi","CORNEI GRIGORE-PARTIDUL SOCIAL DEMOCRAT-voturi","LAZĂR ALEXANDRU-PARTIDUL MIȘCAREA POPULARĂ-voturi","HARALAMBIE GRIGORE-PARTIDUL ALIANŢA LIBERALILOR ŞI DEMOCRAŢILOR – ALDE-voturi","SEREEV VALENTIN-PARTIDUL NAȚIONAL LIBERAL-voturi","MĂRCULESCU VASILE-PETRICĂ-PARTIDUL SOCIAL DEMOCRAT-voturi","BOLBOCEANU GHEORGHE-PARTIDUL PRO ROMÂNIA-voturi","SOFRON MIHAIL-PARTIDUL NAȚIONAL LIBERAL-voturi","RADE VIOREL-PARTIDUL ALIANŢA LIBERALILOR ŞI DEMOCRAŢILOR – ALDE-voturi","NĂSTASE GHEORGHE-PARTIDUL NAȚIONAL LIBERAL-voturi","OBREJA SĂNDEL-PARTIDUL SOCIAL DEMOCRAT-voturi","TĂNASE ALINA-PARTIDUL MIȘCAREA POPULARĂ-voturi","VISTERNEANU ELENA-PARTIDUL PRO ROMÂNIA-voturi","ENACHE DENIS-GEORGIAN-UNIUNEA SALVAȚI ROMÂNIA-voturi","IVANOV MARCEL-PARTIDUL LIBERTATE, UNITATE ȘI SOLIDARITATE-voturi","MARTIN VASILE-voturi","NICOLAIE GIOGA-PARTIDUL SOCIAL DEMOCRAT-voturi","STERE STERE-PARTIDUL MIȘCAREA POPULARĂ-voturi","DUMITRU ENACHE-PARTIDUL NAȚIONAL LIBERAL-voturi","IVĂNESCU BRÎNDUŞA-PARTIDUL MIȘCAREA POPULARĂ-voturi","PEPTEA GEORGE-PARTIDUL NAȚIONAL LIBERAL-voturi","CIOBANU MARIAN-LAURENŢIU-voturi","GRECEANU COSTICĂ-PARTIDUL SOCIAL DEMOCRAT-voturi","SANDU NĂSTASE-PARTIDUL NAȚIONAL LIBERAL-voturi","TORNEA GHEORGHE-PARTIDUL PRO ROMÂNIA-voturi","SBURLEA MĂDĂLIN-PARTIDUL MIȘCAREA POPULARĂ-voturi","MANOLACHE GELU-BOGDAN-ALIANȚA USR PLUS-voturi","DĂINEANU VASILICĂ-voturi","IONAŞCU COSTICĂ-voturi","NEAGU COSTEL-PARTIDUL SOCIAL DEMOCRAT-voturi","STOICA ŞTEFAN-PARTIDUL NAȚIONAL LIBERAL-voturi","BURADA IONEL-PARTIDUL MIȘCAREA POPULARĂ-voturi","MARINCEA MARIN-PARTIDUL PRO ROMÂNIA-voturi","NĂSTASE GEORGE-ALIANȚA USR PLUS-voturi","LENŢA MARIA-PARTIDUL SOCIAL DEMOCRAT-voturi","DULGHERU CAMELIA-PARTIDUL NAȚIONAL LIBERAL-voturi","MOCANU CĂTĂLIN-PARTIDUL PRO ROMÂNIA-voturi","ENICĂ ION-PARTIDUL ALIANŢA LIBERALILOR ŞI DEMOCRAŢILOR – ALDE-voturi","MARIN LIVIU-voturi","BARAC ANDRIANA-PARTIDUL SOCIAL DEMOCRAT-voturi","PORNEALĂ VASILE-PARTIDUL PRO ROMÂNIA-voturi","GOGOAŞĂ MARIAN-EMIL-PARTIDUL ALIANŢA LIBERALILOR ŞI DEMOCRAŢILOR – ALDE-voturi","ANDREI VIOLETA-PARTIDUL NAȚIONAL LIBERAL-voturi","VASILE ZOICA-ALIANȚA USR PLUS-voturi"
38,TULCEA,BAIA,159785,1,FINAL,UAT,P,P_CE,"2020-09-28 07:57:56",3771,3473,0,206,92,2638,2340,0,206,92,2512,126,4016,1378,292,1161,992,67,0,0,0,0,0,0,0,0,0,0,0,0,0,0,0,0,0,0,0,0,0,0,0,0,0,0,0,0,0,0,0,0,0,0,0,0,0,0,0,0,0,0,0,0,0,0,0,0,0,0,0,0,0,0,0,0,0,0,0,0,0,0,0,0,0,0,0,0,0,0,0,0,0,0,0,0,0,0,0,0,0,0,0,0,0,0,0,0,0,0,0,0,0,0,0,0,0,0,0,0,0,0,0,0,0,0,0,0,0,0,0,0,0,0,0,0,0,0,0,0,0,0,0,0,0,0,0,0,0,0,0,0,0,0,0,0,0,0,0,0,0,0,0,0,0,0,0,0,0,0,0,0,0,0,0,0,0,0,0,0,0,0,0,0,0,0,0,0,0,0,0,0,0,0,0,0,0,0,0,0,0,0,0,0,0,0,0,0,0,0,0,0,0,0,0,0,0,0,0,0,0,0,0,0,0,0,0,0,0,0,0,0,0,0,0,0,0,0,0,0,0,0,0,0,0,0,0,0,0,0,0,0,0,0,0,0,0,0,0,0,0,0,0,0,0,0,0,0,0,0,0,0,0,0,0,0,0,0,0,0,0,0,0,0,0,0,0,0,0,0,0,0,0,0
38,TULCEA,BEIDAUD,159847,1,FINAL,UAT,P,P_CE,"2020-09-28 04:20:11",1411,1288,0,98,25,992,869,0,98,25,951,40,1400,409,0,0,0,0,79,292,580,0,0,0,0,0,0,0,0,0,0,0,0,0,0,0,0,0,0,0,0,0,0,0,0,0,0,0,0,0,0,0,0,0,0,0,0,0,0,0,0,0,0,0,0,0,0,0,0,0,0,0,0,0,0,0,0,0,0,0,0,0,0,0,0,0,0,0,0,0,0,0,0,0,0,0,0,0,0,0,0,0,0,0,0,0,0,0,0,0,0,0,0,0,0,0,0,0,0,0,0,0,0,0,0,0,0,0,0,0,0,0,0,0,0,0,0,0,0,0,0,0,0,0,0,0,0,0,0,0,0,0,0,0,0,0,0,0,0,0,0,0,0,0,0,0,0,0,0,0,0,0,0,0,0,0,0,0,0,0,0,0,0,0,0,0,0,0,0,0,0,0,0,0,0,0,0,0,0,0,0,0,0,0,0,0,0,0,0,0,0,0,0,0,0,0,0,0,0,0,0,0,0,0,0,0,0,0,0,0,0,0,0,0,0,0,0,0,0,0,0,0,0,0,0,0,0,0,0,0,0,0,0,0,0,0,0,0,0,0,0,0,0,0,0,0,0,0,0,0,0,0,0,0,0,0,0,0,0,0,0,0,0,0,0,0,0,0,0,0,0,0
38,TULCEA,BEŞTEPE,161552,1,FINAL,UAT,P,P_CE,"2020-09-28 06:00:23",1507,1473,0,9,25,825,791,0,9,25,783,42,1614,789,0,0,0,0,0,0,0,337,161,235,27,17,6,0,0,0,0,0,0,0,0,0,0,0,0,0,0,0,0,0,0,0,0,0,0,0,0,0,0,0,0,0,0,0,0,0,0,0,0,0,0,0,0,0,0,0,0,0,0,0,0,0,0,0,0,0,0,0,0,0,0,0,0,0,0,0,0,0,0,0,0,0,0,0,0,0,0,0,0,0,0,0,0,0,0,0,0,0,0,0,0,0,0,0,0,0,0,0,0,0,0,0,0,0,0,0,0,0,0,0,0,0,0,0,0,0,0,0,0,0,0,0,0,0,0,0,0,0,0,0,0,0,0,0,0,0,0,0,0,0,0,0,0,0,0,0,0,0,0,0,0,0,0,0,0,0,0,0,0,0,0,0,0,0,0,0,0,0,0,0,0,0,0,0,0,0,0,0,0,0,0,0,0,0,0,0,0,0,0,0,0,0,0,0,0,0,0,0,0,0,0,0,0,0,0,0,0,0,0,0,0,0,0,0,0,0,0,0,0,0,0,0,0,0,0,0,0,0,0,0,0,0,0,0,0,0,0,0,0,0,0,0,0,0,0,0,0,0,0,0,0,0,0,0,0,0,0,0,0,0,0,0,0,0,0,0,0,0
38,TULCEA,CARCALIU,159945,1,FINAL,UAT,P,P_CE,"2020-09-28 06:40:21",2572,2484,0,35,53,1003,917,0,35,51,937,66,2737,932,0,0,0,0,0,0,0,0,0,0,0,0,0,46,34,457,361,39,0,0,0,0,0,0,0,0,0,0,0,0,0,0,0,0,0,0,0,0,0,0,0,0,0,0,0,0,0,0,0,0,0,0,0,0,0,0,0,0,0,0,0,0,0,0,0,0,0,0,0,0,0,0,0,0,0,0,0,0,0,0,0,0,0,0,0,0,0,0,0,0,0,0,0,0,0,0,0,0,0,0,0,0,0,0,0,0,0,0,0,0,0,0,0,0,0,0,0,0,0,0,0,0,0,0,0,0,0,0,0,0,0,0,0,0,0,0,0,0,0,0,0,0,0,0,0,0,0,0,0,0,0,0,0,0,0,0,0,0,0,0,0,0,0,0,0,0,0,0,0,0,0,0,0,0,0,0,0,0,0,0,0,0,0,0,0,0,0,0,0,0,0,0,0,0,0,0,0,0,0,0,0,0,0,0,0,0,0,0,0,0,0,0,0,0,0,0,0,0,0,0,0,0,0,0,0,0,0,0,0,0,0,0,0,0,0,0,0,0,0,0,0,0,0,0,0,0,0,0,0,0,0,0,0,0,0,0,0,0,0,0,0,0,0,0,0,0,0,0,0,0,0,0,0,0,0,0,0,0
38,TULCEA,"C.A. ROSETTI",159883,1,FINAL,UAT,P,P_CE,"2020-09-28 06:04:42",652,637,4,5,6,368,357,0,5,6,351,17,702,334,0,0,0,0,0,0,0,0,0,0,0,0,0,0,0,0,0,0,184,77,90,0,0,0,0,0,0,0,0,0,0,0,0,0,0,0,0,0,0,0,0,0,0,0,0,0,0,0,0,0,0,0,0,0,0,0,0,0,0,0,0,0,0,0,0,0,0,0,0,0,0,0,0,0,0,0,0,0,0,0,0,0,0,0,0,0,0,0,0,0,0,0,0,0,0,0,0,0,0,0,0,0,0,0,0,0,0,0,0,0,0,0,0,0,0,0,0,0,0,0,0,0,0,0,0,0,0,0,0,0,0,0,0,0,0,0,0,0,0,0,0,0,0,0,0,0,0,0,0,0,0,0,0,0,0,0,0,0,0,0,0,0,0,0,0,0,0,0,0,0,0,0,0,0,0,0,0,0,0,0,0,0,0,0,0,0,0,0,0,0,0,0,0,0,0,0,0,0,0,0,0,0,0,0,0,0,0,0,0,0,0,0,0,0,0,0,0,0,0,0,0,0,0,0,0,0,0,0,0,0,0,0,0,0,0,0,0,0,0,0,0,0,0,0,0,0,0,0,0,0,0,0,0,0,0,0,0,0,0,0,0,0,0,0,0,0,0,0,0,0,0,0,0,0,0,0,0,0
38,TULCEA,CASIMCEA,159963,1,FINAL,UAT,P,P_CE,"2020-09-28 08:38:47",1608,1526,0,46,36,1367,1285,0,46,36,1291,76,2392,1025,0,0,0,0,0,0,0,0,0,0,0,0,0,0,0,0,0,0,0,0,0,722,62,20,415,72,0,0,0,0,0,0,0,0,0,0,0,0,0,0,0,0,0,0,0,0,0,0,0,0,0,0,0,0,0,0,0,0,0,0,0,0,0,0,0,0,0,0,0,0,0,0,0,0,0,0,0,0,0,0,0,0,0,0,0,0,0,0,0,0,0,0,0,0,0,0,0,0,0,0,0,0,0,0,0,0,0,0,0,0,0,0,0,0,0,0,0,0,0,0,0,0,0,0,0,0,0,0,0,0,0,0,0,0,0,0,0,0,0,0,0,0,0,0,0,0,0,0,0,0,0,0,0,0,0,0,0,0,0,0,0,0,0,0,0,0,0,0,0,0,0,0,0,0,0,0,0,0,0,0,0,0,0,0,0,0,0,0,0,0,0,0,0,0,0,0,0,0,0,0,0,0,0,0,0,0,0,0,0,0,0,0,0,0,0,0,0,0,0,0,0,0,0,0,0,0,0,0,0,0,0,0,0,0,0,0,0,0,0,0,0,0,0,0,0,0,0,0,0,0,0,0,0,0,0,0,0,0,0,0,0,0,0,0,0,0,0,0,0,0,0,0,0,0,0,0,0,0
38,TULCEA,"CEAMURLIA DE JOS",160092,1,FINAL,UAT,P,P_CE,"2020-09-28 07:38:32",2091,2004,0,34,53,1094,1007,0,34,53,1045,49,2194,1100,0,0,0,0,0,0,0,0,0,0,0,0,0,0,0,0,0,0,0,0,0,0,0,0,0,0,372,521,40,24,45,43,0,0,0,0,0,0,0,0,0,0,0,0,0,0,0,0,0,0,0,0,0,0,0,0,0,0,0,0,0,0,0,0,0,0,0,0,0,0,0,0,0,0,0,0,0,0,0,0,0,0,0,0,0,0,0,0,0,0,0,0,0,0,0,0,0,0,0,0,0,0,0,0,0,0,0,0,0,0,0,0,0,0,0,0,0,0,0,0,0,0,0,0,0,0,0,0,0,0,0,0,0,0,0,0,0,0,0,0,0,0,0,0,0,0,0,0,0,0,0,0,0,0,0,0,0,0,0,0,0,0,0,0,0,0,0,0,0,0,0,0,0,0,0,0,0,0,0,0,0,0,0,0,0,0,0,0,0,0,0,0,0,0,0,0,0,0,0,0,0,0,0,0,0,0,0,0,0,0,0,0,0,0,0,0,0,0,0,0,0,0,0,0,0,0,0,0,0,0,0,0,0,0,0,0,0,0,0,0,0,0,0,0,0,0,0,0,0,0,0,0,0,0,0,0,0,0,0,0,0,0,0,0,0,0,0,0,0,0,0,0,0,0,0,0,0,0
38,TULCEA,CEATALCHIOI,160047,1,FINAL,UAT,P,P_CE,"2020-09-28 04:17:33",574,525,0,45,4,435,386,0,45,4,420,15,628,193,0,0,0,0,0,0,0,0,0,0,0,0,0,0,0,0,0,0,0,0,0,0,0,0,0,0,0,0,0,0,0,0,158,10,252,0,0,0,0,0,0,0,0,0,0,0,0,0,0,0,0,0,0,0,0,0,0,0,0,0,0,0,0,0,0,0,0,0,0,0,0,0,0,0,0,0,0,0,0,0,0,0,0,0,0,0,0,0,0,0,0,0,0,0,0,0,0,0,0,0,0,0,0,0,0,0,0,0,0,0,0,0,0,0,0,0,0,0,0,0,0,0,0,0,0,0,0,0,0,0,0,0,0,0,0,0,0,0,0,0,0,0,0,0,0,0,0,0,0,0,0,0,0,0,0,0,0,0,0,0,0,0,0,0,0,0,0,0,0,0,0,0,0,0,0,0,0,0,0,0,0,0,0,0,0,0,0,0,0,0,0,0,0,0,0,0,0,0,0,0,0,0,0,0,0,0,0,0,0,0,0,0,0,0,0,0,0,0,0,0,0,0,0,0,0,0,0,0,0,0,0,0,0,0,0,0,0,0,0,0,0,0,0,0,0,0,0,0,0,0,0,0,0,0,0,0,0,0,0,0,0,0,0,0,0,0,0,0,0,0,0,0,0,0,0,0,0,0
38,TULCEA,CERNA,160127,1,FINAL,UAT,P,P_CE,"2020-09-28 11:27:24",3123,3053,5,23,42,2052,1986,1,23,42,1577,72,3360,1711,0,0,0,0,0,0,0,0,0,0,0,0,0,0,0,0,0,0,0,0,0,0,0,0,0,0,0,0,0,0,0,0,0,0,0,890,614,34,39,0,0,0,0,0,0,0,0,0,0,0,0,0,0,0,0,0,0,0,0,0,0,0,0,0,0,0,0,0,0,0,0,0,0,0,0,0,0,0,0,0,0,0,0,0,0,0,0,0,0,0,0,0,0,0,0,0,0,0,0,0,0,0,0,0,0,0,0,0,0,0,0,0,0,0,0,0,0,0,0,0,0,0,0,0,0,0,0,0,0,0,0,0,0,0,0,0,0,0,0,0,0,0,0,0,0,0,0,0,0,0,0,0,0,0,0,0,0,0,0,0,0,0,0,0,0,0,0,0,0,0,0,0,0,0,0,0,0,0,0,0,0,0,0,0,0,0,0,0,0,0,0,0,0,0,0,0,0,0,0,0,0,0,0,0,0,0,0,0,0,0,0,0,0,0,0,0,0,0,0,0,0,0,0,0,0,0,0,0,0,0,0,0,0,0,0,0,0,0,0,0,0,0,0,0,0,0,0,0,0,0,0,0,0,0,0,0,0,0,0,0,0,0,0,0,0,0,0,0,0,0,0,0,0,0,0,0,0,0
38,TULCEA,"CHILIA VECHE",160172,1,FINAL,UAT,P,P_CE,"2020-09-28 05:25:18",1641,1637,1,2,1,911,908,0,2,1,886,25,1787,876,0,0,0,0,0,0,0,0,0,0,0,0,0,0,0,0,0,0,0,0,0,0,0,0,0,0,0,0,0,0,0,0,0,0,0,0,0,0,0,79,440,317,7,14,18,11,0,0,0,0,0,0,0,0,0,0,0,0,0,0,0,0,0,0,0,0,0,0,0,0,0,0,0,0,0,0,0,0,0,0,0,0,0,0,0,0,0,0,0,0,0,0,0,0,0,0,0,0,0,0,0,0,0,0,0,0,0,0,0,0,0,0,0,0,0,0,0,0,0,0,0,0,0,0,0,0,0,0,0,0,0,0,0,0,0,0,0,0,0,0,0,0,0,0,0,0,0,0,0,0,0,0,0,0,0,0,0,0,0,0,0,0,0,0,0,0,0,0,0,0,0,0,0,0,0,0,0,0,0,0,0,0,0,0,0,0,0,0,0,0,0,0,0,0,0,0,0,0,0,0,0,0,0,0,0,0,0,0,0,0,0,0,0,0,0,0,0,0,0,0,0,0,0,0,0,0,0,0,0,0,0,0,0,0,0,0,0,0,0,0,0,0,0,0,0,0,0,0,0,0,0,0,0,0,0,0,0,0,0,0,0,0,0,0,0,0,0,0,0,0,0,0,0,0,0,0,0,0
38,TULCEA,CIUCUROVA,160225,1,FINAL,UAT,P,P_CE,"2020-09-28 08:54:48",1723,1702,0,19,2,953,932,0,19,2,896,57,1862,909,0,0,0,0,0,0,0,0,0,0,0,0,0,0,0,0,0,0,0,0,0,0,0,0,0,0,0,0,0,0,0,0,0,0,0,0,0,0,0,0,0,0,0,0,0,0,313,101,482,0,0,0,0,0,0,0,0,0,0,0,0,0,0,0,0,0,0,0,0,0,0,0,0,0,0,0,0,0,0,0,0,0,0,0,0,0,0,0,0,0,0,0,0,0,0,0,0,0,0,0,0,0,0,0,0,0,0,0,0,0,0,0,0,0,0,0,0,0,0,0,0,0,0,0,0,0,0,0,0,0,0,0,0,0,0,0,0,0,0,0,0,0,0,0,0,0,0,0,0,0,0,0,0,0,0,0,0,0,0,0,0,0,0,0,0,0,0,0,0,0,0,0,0,0,0,0,0,0,0,0,0,0,0,0,0,0,0,0,0,0,0,0,0,0,0,0,0,0,0,0,0,0,0,0,0,0,0,0,0,0,0,0,0,0,0,0,0,0,0,0,0,0,0,0,0,0,0,0,0,0,0,0,0,0,0,0,0,0,0,0,0,0,0,0,0,0,0,0,0,0,0,0,0,0,0,0,0,0,0,0,0,0,0,0,0,0,0,0,0,0,0,0,0,0,0,0,0,0
38,TULCEA,CRIŞAN,160261,1,FINAL,UAT,P,P_CE,"2020-09-28 10:20:38",1017,981,3,16,17,739,706,0,16,17,707,32,1085,346,0,0,0,0,0,0,0,0,0,0,0,0,0,0,0,0,0,0,0,0,0,0,0,0,0,0,0,0,0,0,0,0,0,0,0,0,0,0,0,0,0,0,0,0,0,0,0,0,0,236,20,84,155,103,13,96,0,0,0,0,0,0,0,0,0,0,0,0,0,0,0,0,0,0,0,0,0,0,0,0,0,0,0,0,0,0,0,0,0,0,0,0,0,0,0,0,0,0,0,0,0,0,0,0,0,0,0,0,0,0,0,0,0,0,0,0,0,0,0,0,0,0,0,0,0,0,0,0,0,0,0,0,0,0,0,0,0,0,0,0,0,0,0,0,0,0,0,0,0,0,0,0,0,0,0,0,0,0,0,0,0,0,0,0,0,0,0,0,0,0,0,0,0,0,0,0,0,0,0,0,0,0,0,0,0,0,0,0,0,0,0,0,0,0,0,0,0,0,0,0,0,0,0,0,0,0,0,0,0,0,0,0,0,0,0,0,0,0,0,0,0,0,0,0,0,0,0,0,0,0,0,0,0,0,0,0,0,0,0,0,0,0,0,0,0,0,0,0,0,0,0,0,0,0,0,0,0,0,0,0,0,0,0,0,0,0,0,0,0,0,0,0,0,0,0,0,0,0
38,TULCEA,DĂENI,160305,1,FINAL,UAT,P,P_CE,"2020-09-28 06:49:16",1664,1617,0,19,28,1054,1007,0,19,28,1004,50,1785,731,0,0,0,0,0,0,0,0,0,0,0,0,0,0,0,0,0,0,0,0,0,0,0,0,0,0,0,0,0,0,0,0,0,0,0,0,0,0,0,0,0,0,0,0,0,0,0,0,0,0,0,0,0,0,0,0,621,28,355,0,0,0,0,0,0,0,0,0,0,0,0,0,0,0,0,0,0,0,0,0,0,0,0,0,0,0,0,0,0,0,0,0,0,0,0,0,0,0,0,0,0,0,0,0,0,0,0,0,0,0,0,0,0,0,0,0,0,0,0,0,0,0,0,0,0,0,0,0,0,0,0,0,0,0,0,0,0,0,0,0,0,0,0,0,0,0,0,0,0,0,0,0,0,0,0,0,0,0,0,0,0,0,0,0,0,0,0,0,0,0,0,0,0,0,0,0,0,0,0,0,0,0,0,0,0,0,0,0,0,0,0,0,0,0,0,0,0,0,0,0,0,0,0,0,0,0,0,0,0,0,0,0,0,0,0,0,0,0,0,0,0,0,0,0,0,0,0,0,0,0,0,0,0,0,0,0,0,0,0,0,0,0,0,0,0,0,0,0,0,0,0,0,0,0,0,0,0,0,0,0,0,0,0,0,0,0,0,0,0,0,0,0,0,0,0,0,0,0
38,TULCEA,DOROBANŢU,160323,1,FINAL,UAT,P,P_CE,"2020-09-28 03:45:55",1140,1086,0,24,30,686,632,0,24,30,648,38,1188,502,0,0,0,0,0,0,0,0,0,0,0,0,0,0,0,0,0,0,0,0,0,0,0,0,0,0,0,0,0,0,0,0,0,0,0,0,0,0,0,0,0,0,0,0,0,0,0,0,0,0,0,0,0,0,0,0,0,0,0,31,181,319,117,0,0,0,0,0,0,0,0,0,0,0,0,0,0,0,0,0,0,0,0,0,0,0,0,0,0,0,0,0,0,0,0,0,0,0,0,0,0,0,0,0,0,0,0,0,0,0,0,0,0,0,0,0,0,0,0,0,0,0,0,0,0,0,0,0,0,0,0,0,0,0,0,0,0,0,0,0,0,0,0,0,0,0,0,0,0,0,0,0,0,0,0,0,0,0,0,0,0,0,0,0,0,0,0,0,0,0,0,0,0,0,0,0,0,0,0,0,0,0,0,0,0,0,0,0,0,0,0,0,0,0,0,0,0,0,0,0,0,0,0,0,0,0,0,0,0,0,0,0,0,0,0,0,0,0,0,0,0,0,0,0,0,0,0,0,0,0,0,0,0,0,0,0,0,0,0,0,0,0,0,0,0,0,0,0,0,0,0,0,0,0,0,0,0,0,0,0,0,0,0,0,0,0,0,0,0,0,0,0,0,0,0,0,0,0
38,TULCEA,FRECĂŢEI,160387,1,FINAL,UAT,P,P_CE,"2020-09-28 08:24:39",3144,2993,4,58,89,1535,1390,0,58,87,1450,85,3284,1749,0,0,0,0,0,0,0,0,0,0,0,0,0,0,0,0,0,0,0,0,0,0,0,0,0,0,0,0,0,0,0,0,0,0,0,0,0,0,0,0,0,0,0,0,0,0,0,0,0,0,0,0,0,0,0,0,0,0,0,0,0,0,0,1145,23,43,115,23,101,0,0,0,0,0,0,0,0,0,0,0,0,0,0,0,0,0,0,0,0,0,0,0,0,0,0,0,0,0,0,0,0,0,0,0,0,0,0,0,0,0,0,0,0,0,0,0,0,0,0,0,0,0,0,0,0,0,0,0,0,0,0,0,0,0,0,0,0,0,0,0,0,0,0,0,0,0,0,0,0,0,0,0,0,0,0,0,0,0,0,0,0,0,0,0,0,0,0,0,0,0,0,0,0,0,0,0,0,0,0,0,0,0,0,0,0,0,0,0,0,0,0,0,0,0,0,0,0,0,0,0,0,0,0,0,0,0,0,0,0,0,0,0,0,0,0,0,0,0,0,0,0,0,0,0,0,0,0,0,0,0,0,0,0,0,0,0,0,0,0,0,0,0,0,0,0,0,0,0,0,0,0,0,0,0,0,0,0,0,0,0,0,0,0,0,0,0,0,0,0,0,0,0,0,0,0,0,0,0
38,TULCEA,GRECI,160430,1,FINAL,UAT,P,P_CE,"2020-09-28 06:13:46",4323,4280,2,20,21,1845,1804,0,20,21,1767,78,4709,2864,0,0,0,0,0,0,0,0,0,0,0,0,0,0,0,0,0,0,0,0,0,0,0,0,0,0,0,0,0,0,0,0,0,0,0,0,0,0,0,0,0,0,0,0,0,0,0,0,0,0,0,0,0,0,0,0,0,0,0,0,0,0,0,0,0,0,0,0,0,51,1035,36,18,524,41,62,0,0,0,0,0,0,0,0,0,0,0,0,0,0,0,0,0,0,0,0,0,0,0,0,0,0,0,0,0,0,0,0,0,0,0,0,0,0,0,0,0,0,0,0,0,0,0,0,0,0,0,0,0,0,0,0,0,0,0,0,0,0,0,0,0,0,0,0,0,0,0,0,0,0,0,0,0,0,0,0,0,0,0,0,0,0,0,0,0,0,0,0,0,0,0,0,0,0,0,0,0,0,0,0,0,0,0,0,0,0,0,0,0,0,0,0,0,0,0,0,0,0,0,0,0,0,0,0,0,0,0,0,0,0,0,0,0,0,0,0,0,0,0,0,0,0,0,0,0,0,0,0,0,0,0,0,0,0,0,0,0,0,0,0,0,0,0,0,0,0,0,0,0,0,0,0,0,0,0,0,0,0,0,0,0,0,0,0,0,0,0,0,0,0,0,0,0,0,0,0,0,0
38,TULCEA,GRINDU,160458,1,FINAL,UAT,P,P_CE,"2020-09-28 06:53:11",1231,1115,0,48,68,754,638,0,48,68,733,21,1215,461,0,0,0,0,0,0,0,0,0,0,0,0,0,0,0,0,0,0,0,0,0,0,0,0,0,0,0,0,0,0,0,0,0,0,0,0,0,0,0,0,0,0,0,0,0,0,0,0,0,0,0,0,0,0,0,0,0,0,0,0,0,0,0,0,0,0,0,0,0,0,0,0,0,0,0,0,174,77,482,0,0,0,0,0,0,0,0,0,0,0,0,0,0,0,0,0,0,0,0,0,0,0,0,0,0,0,0,0,0,0,0,0,0,0,0,0,0,0,0,0,0,0,0,0,0,0,0,0,0,0,0,0,0,0,0,0,0,0,0,0,0,0,0,0,0,0,0,0,0,0,0,0,0,0,0,0,0,0,0,0,0,0,0,0,0,0,0,0,0,0,0,0,0,0,0,0,0,0,0,0,0,0,0,0,0,0,0,0,0,0,0,0,0,0,0,0,0,0,0,0,0,0,0,0,0,0,0,0,0,0,0,0,0,0,0,0,0,0,0,0,0,0,0,0,0,0,0,0,0,0,0,0,0,0,0,0,0,0,0,0,0,0,0,0,0,0,0,0,0,0,0,0,0,0,0,0,0,0,0,0,0,0,0,0,0,0,0,0,0,0,0,0,0,0,0,0,0,0
38,TULCEA,HAMCEARCA,160476,1,FINAL,UAT,P,P_CE,"2020-09-28 05:14:10",1172,1076,0,56,40,787,691,0,56,40,760,27,1181,394,0,0,0,0,0,0,0,0,0,0,0,0,0,0,0,0,0,0,0,0,0,0,0,0,0,0,0,0,0,0,0,0,0,0,0,0,0,0,0,0,0,0,0,0,0,0,0,0,0,0,0,0,0,0,0,0,0,0,0,0,0,0,0,0,0,0,0,0,0,0,0,0,0,0,0,0,0,0,0,7,54,325,374,0,0,0,0,0,0,0,0,0,0,0,0,0,0,0,0,0,0,0,0,0,0,0,0,0,0,0,0,0,0,0,0,0,0,0,0,0,0,0,0,0,0,0,0,0,0,0,0,0,0,0,0,0,0,0,0,0,0,0,0,0,0,0,0,0,0,0,0,0,0,0,0,0,0,0,0,0,0,0,0,0,0,0,0,0,0,0,0,0,0,0,0,0,0,0,0,0,0,0,0,0,0,0,0,0,0,0,0,0,0,0,0,0,0,0,0,0,0,0,0,0,0,0,0,0,0,0,0,0,0,0,0,0,0,0,0,0,0,0,0,0,0,0,0,0,0,0,0,0,0,0,0,0,0,0,0,0,0,0,0,0,0,0,0,0,0,0,0,0,0,0,0,0,0,0,0,0,0,0,0,0,0,0,0,0,0,0,0,0,0,0,0,0,0,0
38,TULCEA,HORIA,160528,1,FINAL,UAT,P,P_CE,"2020-09-28 06:36:29",1225,1137,0,51,37,796,708,0,51,37,764,32,1237,441,0,0,0,0,0,0,0,0,0,0,0,0,0,0,0,0,0,0,0,0,0,0,0,0,0,0,0,0,0,0,0,0,0,0,0,0,0,0,0,0,0,0,0,0,0,0,0,0,0,0,0,0,0,0,0,0,0,0,0,0,0,0,0,0,0,0,0,0,0,0,0,0,0,0,0,0,0,0,0,0,0,0,0,235,31,42,456,0,0,0,0,0,0,0,0,0,0,0,0,0,0,0,0,0,0,0,0,0,0,0,0,0,0,0,0,0,0,0,0,0,0,0,0,0,0,0,0,0,0,0,0,0,0,0,0,0,0,0,0,0,0,0,0,0,0,0,0,0,0,0,0,0,0,0,0,0,0,0,0,0,0,0,0,0,0,0,0,0,0,0,0,0,0,0,0,0,0,0,0,0,0,0,0,0,0,0,0,0,0,0,0,0,0,0,0,0,0,0,0,0,0,0,0,0,0,0,0,0,0,0,0,0,0,0,0,0,0,0,0,0,0,0,0,0,0,0,0,0,0,0,0,0,0,0,0,0,0,0,0,0,0,0,0,0,0,0,0,0,0,0,0,0,0,0,0,0,0,0,0,0,0,0,0,0,0,0,0,0,0,0,0,0,0,0,0,0,0,0
38,TULCEA,I.C.BRĂTIANU,161525,1,FINAL,UAT,P,P_CE,"2020-09-28 07:40:09",1012,954,0,53,5,702,644,0,53,5,654,48,1034,332,0,0,0,0,0,0,0,0,0,0,0,0,0,0,0,0,0,0,0,0,0,0,0,0,0,0,0,0,0,0,0,0,0,0,0,0,0,0,0,0,0,0,0,0,0,0,0,0,0,0,0,0,0,0,0,0,0,0,0,0,0,0,0,0,0,0,0,0,0,0,0,0,0,0,0,0,0,0,0,0,0,0,0,0,0,0,0,12,26,123,108,164,117,61,22,21,0,0,0,0,0,0,0,0,0,0,0,0,0,0,0,0,0,0,0,0,0,0,0,0,0,0,0,0,0,0,0,0,0,0,0,0,0,0,0,0,0,0,0,0,0,0,0,0,0,0,0,0,0,0,0,0,0,0,0,0,0,0,0,0,0,0,0,0,0,0,0,0,0,0,0,0,0,0,0,0,0,0,0,0,0,0,0,0,0,0,0,0,0,0,0,0,0,0,0,0,0,0,0,0,0,0,0,0,0,0,0,0,0,0,0,0,0,0,0,0,0,0,0,0,0,0,0,0,0,0,0,0,0,0,0,0,0,0,0,0,0,0,0,0,0,0,0,0,0,0,0,0,0,0,0,0,0,0,0,0,0,0,0,0,0,0,0,0,0,0,0,0,0,0,0,0,0,0,0,0,0,0
38,TULCEA,IZVOARELE,160564,1,FINAL,UAT,P,P_CE,"2020-09-28 17:21:30",1688,1523,1,43,121,1131,995,0,43,93,1061,70,1884,753,0,0,0,0,0,0,0,0,0,0,0,0,0,0,0,0,0,0,0,0,0,0,0,0,0,0,0,0,0,0,0,0,0,0,0,0,0,0,0,0,0,0,0,0,0,0,0,0,0,0,0,0,0,0,0,0,0,0,0,0,0,0,0,0,0,0,0,0,0,0,0,0,0,0,0,0,0,0,0,0,0,0,0,0,0,0,0,0,0,0,0,0,0,0,0,0,29,13,325,694,0,0,0,0,0,0,0,0,0,0,0,0,0,0,0,0,0,0,0,0,0,0,0,0,0,0,0,0,0,0,0,0,0,0,0,0,0,0,0,0,0,0,0,0,0,0,0,0,0,0,0,0,0,0,0,0,0,0,0,0,0,0,0,0,0,0,0,0,0,0,0,0,0,0,0,0,0,0,0,0,0,0,0,0,0,0,0,0,0,0,0,0,0,0,0,0,0,0,0,0,0,0,0,0,0,0,0,0,0,0,0,0,0,0,0,0,0,0,0,0,0,0,0,0,0,0,0,0,0,0,0,0,0,0,0,0,0,0,0,0,0,0,0,0,0,0,0,0,0,0,0,0,0,0,0,0,0,0,0,0,0,0,0,0,0,0,0,0,0,0,0,0,0,0,0,0,0,0
38,TULCEA,JIJILA,160617,1,FINAL,UAT,P,P_CE,"2020-09-28 09:21:24",4530,4507,0,9,14,2256,2233,0,9,14,2150,106,4978,2722,0,0,0,0,0,0,0,0,0,0,0,0,0,0,0,0,0,0,0,0,0,0,0,0,0,0,0,0,0,0,0,0,0,0,0,0,0,0,0,0,0,0,0,0,0,0,0,0,0,0,0,0,0,0,0,0,0,0,0,0,0,0,0,0,0,0,0,0,0,0,0,0,0,0,0,0,0,0,0,0,0,0,0,0,0,0,0,0,0,0,0,0,0,0,0,0,0,0,0,0,759,20,23,90,1079,37,142,0,0,0,0,0,0,0,0,0,0,0,0,0,0,0,0,0,0,0,0,0,0,0,0,0,0,0,0,0,0,0,0,0,0,0,0,0,0,0,0,0,0,0,0,0,0,0,0,0,0,0,0,0,0,0,0,0,0,0,0,0,0,0,0,0,0,0,0,0,0,0,0,0,0,0,0,0,0,0,0,0,0,0,0,0,0,0,0,0,0,0,0,0,0,0,0,0,0,0,0,0,0,0,0,0,0,0,0,0,0,0,0,0,0,0,0,0,0,0,0,0,0,0,0,0,0,0,0,0,0,0,0,0,0,0,0,0,0,0,0,0,0,0,0,0,0,0,0,0,0,0,0,0,0,0,0,0,0,0,0,0,0,0,0,0,0,0,0,0,0,0
38,TULCEA,JURILOVCA,160644,1,FINAL,UAT,P,P_CE,"2020-09-28 04:49:52",3669,3636,4,26,3,1861,1832,0,26,3,1789,72,4009,2148,0,0,0,0,0,0,0,0,0,0,0,0,0,0,0,0,0,0,0,0,0,0,0,0,0,0,0,0,0,0,0,0,0,0,0,0,0,0,0,0,0,0,0,0,0,0,0,0,0,0,0,0,0,0,0,0,0,0,0,0,0,0,0,0,0,0,0,0,0,0,0,0,0,0,0,0,0,0,0,0,0,0,0,0,0,0,0,0,0,0,0,0,0,0,0,0,0,0,0,0,0,0,0,0,0,0,0,38,25,131,1555,25,15,0,0,0,0,0,0,0,0,0,0,0,0,0,0,0,0,0,0,0,0,0,0,0,0,0,0,0,0,0,0,0,0,0,0,0,0,0,0,0,0,0,0,0,0,0,0,0,0,0,0,0,0,0,0,0,0,0,0,0,0,0,0,0,0,0,0,0,0,0,0,0,0,0,0,0,0,0,0,0,0,0,0,0,0,0,0,0,0,0,0,0,0,0,0,0,0,0,0,0,0,0,0,0,0,0,0,0,0,0,0,0,0,0,0,0,0,0,0,0,0,0,0,0,0,0,0,0,0,0,0,0,0,0,0,0,0,0,0,0,0,0,0,0,0,0,0,0,0,0,0,0,0,0,0,0,0,0,0,0,0,0,0,0,0,0
38,TULCEA,LUNCAVIŢA,160680,1,FINAL,UAT,P,P_CE,"2020-09-28 07:21:23",3546,3493,2,28,23,1633,1582,0,28,23,1521,112,3857,2224,0,0,0,0,0,0,0,0,0,0,0,0,0,0,0,0,0,0,0,0,0,0,0,0,0,0,0,0,0,0,0,0,0,0,0,0,0,0,0,0,0,0,0,0,0,0,0,0,0,0,0,0,0,0,0,0,0,0,0,0,0,0,0,0,0,0,0,0,0,0,0,0,0,0,0,0,0,0,0,0,0,0,0,0,0,0,0,0,0,0,0,0,0,0,0,0,0,0,0,0,0,0,0,0,0,0,0,0,0,0,0,0,0,508,570,275,33,15,22,84,14,0,0,0,0,0,0,0,0,0,0,0,0,0,0,0,0,0,0,0,0,0,0,0,0,0,0,0,0,0,0,0,0,0,0,0,0,0,0,0,0,0,0,0,0,0,0,0,0,0,0,0,0,0,0,0,0,0,0,0,0,0,0,0,0,0,0,0,0,0,0,0,0,0,0,0,0,0,0,0,0,0,0,0,0,0,0,0,0,0,0,0,0,0,0,0,0,0,0,0,0,0,0,0,0,0,0,0,0,0,0,0,0,0,0,0,0,0,0,0,0,0,0,0,0,0,0,0,0,0,0,0,0,0,0,0,0,0,0,0,0,0,0,0,0,0,0,0,0,0,0,0,0,0,0,0,0,0
38,TULCEA,MAHMUDIA,160724,1,FINAL,UAT,P,P_CE,"2020-09-28 05:43:15",2180,2133,1,13,33,1217,1171,0,13,33,1172,40,2371,1159,0,0,0,0,0,0,0,0,0,0,0,0,0,0,0,0,0,0,0,0,0,0,0,0,0,0,0,0,0,0,0,0,0,0,0,0,0,0,0,0,0,0,0,0,0,0,0,0,0,0,0,0,0,0,0,0,0,0,0,0,0,0,0,0,0,0,0,0,0,0,0,0,0,0,0,0,0,0,0,0,0,0,0,0,0,0,0,0,0,0,0,0,0,0,0,0,0,0,0,0,0,0,0,0,0,0,0,0,0,0,0,0,0,0,0,0,0,0,0,0,0,9,56,8,222,859,18,0,0,0,0,0,0,0,0,0,0,0,0,0,0,0,0,0,0,0,0,0,0,0,0,0,0,0,0,0,0,0,0,0,0,0,0,0,0,0,0,0,0,0,0,0,0,0,0,0,0,0,0,0,0,0,0,0,0,0,0,0,0,0,0,0,0,0,0,0,0,0,0,0,0,0,0,0,0,0,0,0,0,0,0,0,0,0,0,0,0,0,0,0,0,0,0,0,0,0,0,0,0,0,0,0,0,0,0,0,0,0,0,0,0,0,0,0,0,0,0,0,0,0,0,0,0,0,0,0,0,0,0,0,0,0,0,0,0,0,0,0,0,0,0,0,0,0,0,0,0,0
38,TULCEA,MALIUC,160779,1,FINAL,UAT,P,P_CE,"2020-09-28 05:13:38",811,770,0,27,14,522,481,0,27,14,502,12,839,325,0,0,0,0,0,0,0,0,0,0,0,0,0,0,0,0,0,0,0,0,0,0,0,0,0,0,0,0,0,0,0,0,0,0,0,0,0,0,0,0,0,0,0,0,0,0,0,0,0,0,0,0,0,0,0,0,0,0,0,0,0,0,0,0,0,0,0,0,0,0,0,0,0,0,0,0,0,0,0,0,0,0,0,0,0,0,0,0,0,0,0,0,0,0,0,0,0,0,0,0,0,0,0,0,0,0,0,0,0,0,0,0,0,0,0,0,0,0,0,0,0,0,0,0,0,0,0,332,24,54,62,30,0,0,0,0,0,0,0,0,0,0,0,0,0,0,0,0,0,0,0,0,0,0,0,0,0,0,0,0,0,0,0,0,0,0,0,0,0,0,0,0,0,0,0,0,0,0,0,0,0,0,0,0,0,0,0,0,0,0,0,0,0,0,0,0,0,0,0,0,0,0,0,0,0,0,0,0,0,0,0,0,0,0,0,0,0,0,0,0,0,0,0,0,0,0,0,0,0,0,0,0,0,0,0,0,0,0,0,0,0,0,0,0,0,0,0,0,0,0,0,0,0,0,0,0,0,0,0,0,0,0,0,0,0,0,0,0,0,0,0,0,0,0,0,0,0,0
38,TULCEA,"MIHAI BRAVU",160831,1,FINAL,UAT,P,P_CE,"2020-09-28 07:46:56",2190,2089,5,49,47,1210,1114,0,49,47,1125,85,2330,1120,0,0,0,0,0,0,0,0,0,0,0,0,0,0,0,0,0,0,0,0,0,0,0,0,0,0,0,0,0,0,0,0,0,0,0,0,0,0,0,0,0,0,0,0,0,0,0,0,0,0,0,0,0,0,0,0,0,0,0,0,0,0,0,0,0,0,0,0,0,0,0,0,0,0,0,0,0,0,0,0,0,0,0,0,0,0,0,0,0,0,0,0,0,0,0,0,0,0,0,0,0,0,0,0,0,0,0,0,0,0,0,0,0,0,0,0,0,0,0,0,0,0,0,0,0,0,0,0,0,0,0,0,715,33,70,270,37,0,0,0,0,0,0,0,0,0,0,0,0,0,0,0,0,0,0,0,0,0,0,0,0,0,0,0,0,0,0,0,0,0,0,0,0,0,0,0,0,0,0,0,0,0,0,0,0,0,0,0,0,0,0,0,0,0,0,0,0,0,0,0,0,0,0,0,0,0,0,0,0,0,0,0,0,0,0,0,0,0,0,0,0,0,0,0,0,0,0,0,0,0,0,0,0,0,0,0,0,0,0,0,0,0,0,0,0,0,0,0,0,0,0,0,0,0,0,0,0,0,0,0,0,0,0,0,0,0,0,0,0,0,0,0,0,0,0,0,0,0
38,TULCEA,"MIHAIL KOGĂLNICEANU",160877,1,FINAL,UAT,P,P_CE,"2020-09-28 12:30:07",2606,2521,3,15,67,1570,1487,1,15,67,1484,85,2812,1243,0,0,0,0,0,0,0,0,0,0,0,0,0,0,0,0,0,0,0,0,0,0,0,0,0,0,0,0,0,0,0,0,0,0,0,0,0,0,0,0,0,0,0,0,0,0,0,0,0,0,0,0,0,0,0,0,0,0,0,0,0,0,0,0,0,0,0,0,0,0,0,0,0,0,0,0,0,0,0,0,0,0,0,0,0,0,0,0,0,0,0,0,0,0,0,0,0,0,0,0,0,0,0,0,0,0,0,0,0,0,0,0,0,0,0,0,0,0,0,0,0,0,0,0,0,0,0,0,0,0,0,0,0,0,0,0,0,898,36,473,69,8,0,0,0,0,0,0,0,0,0,0,0,0,0,0,0,0,0,0,0,0,0,0,0,0,0,0,0,0,0,0,0,0,0,0,0,0,0,0,0,0,0,0,0,0,0,0,0,0,0,0,0,0,0,0,0,0,0,0,0,0,0,0,0,0,0,0,0,0,0,0,0,0,0,0,0,0,0,0,0,0,0,0,0,0,0,0,0,0,0,0,0,0,0,0,0,0,0,0,0,0,0,0,0,0,0,0,0,0,0,0,0,0,0,0,0,0,0,0,0,0,0,0,0,0,0,0,0,0,0,0,0,0,0,0,0,0
38,TULCEA,"MUNICIPIUL TULCEA",159614,1,FINAL,UAT,P,P_CE,"2020-09-28 12:54:19",71867,71061,204,451,151,26350,25751,3,451,145,25670,648,78194,51660,0,0,0,0,0,0,0,0,0,0,0,0,0,0,0,0,0,0,0,0,0,0,0,0,0,0,0,0,0,0,0,0,0,0,0,0,0,0,0,0,0,0,0,0,0,0,0,0,0,0,0,0,0,0,0,0,0,0,0,0,0,0,0,0,0,0,0,0,0,0,0,0,0,0,0,0,0,0,0,0,0,0,0,0,0,0,0,0,0,0,0,0,0,0,0,0,0,0,0,0,0,0,0,0,0,0,0,0,0,0,0,0,0,0,0,0,0,0,0,0,0,0,0,0,0,0,0,0,0,0,0,0,0,0,0,0,0,0,0,0,0,0,7792,548,10361,279,1486,1133,1655,265,2151,0,0,0,0,0,0,0,0,0,0,0,0,0,0,0,0,0,0,0,0,0,0,0,0,0,0,0,0,0,0,0,0,0,0,0,0,0,0,0,0,0,0,0,0,0,0,0,0,0,0,0,0,0,0,0,0,0,0,0,0,0,0,0,0,0,0,0,0,0,0,0,0,0,0,0,0,0,0,0,0,0,0,0,0,0,0,0,0,0,0,0,0,0,0,0,0,0,0,0,0,0,0,0,0,0,0,0,0,0,0,0,0,0,0,0,0,0,0,0,0,0,0,0,0,0,0,0
38,TULCEA,MURIGHIOL,160911,1,FINAL,UAT,P,P_CE,"2020-09-28 05:53:19",2893,2843,2,43,5,1595,1547,0,43,5,1531,64,3107,1512,0,0,0,0,0,0,0,0,0,0,0,0,0,0,0,0,0,0,0,0,0,0,0,0,0,0,0,0,0,0,0,0,0,0,0,0,0,0,0,0,0,0,0,0,0,0,0,0,0,0,0,0,0,0,0,0,0,0,0,0,0,0,0,0,0,0,0,0,0,0,0,0,0,0,0,0,0,0,0,0,0,0,0,0,0,0,0,0,0,0,0,0,0,0,0,0,0,0,0,0,0,0,0,0,0,0,0,0,0,0,0,0,0,0,0,0,0,0,0,0,0,0,0,0,0,0,0,0,0,0,0,0,0,0,0,0,0,0,0,0,0,0,0,0,0,0,0,0,0,0,0,124,29,44,292,744,35,263,0,0,0,0,0,0,0,0,0,0,0,0,0,0,0,0,0,0,0,0,0,0,0,0,0,0,0,0,0,0,0,0,0,0,0,0,0,0,0,0,0,0,0,0,0,0,0,0,0,0,0,0,0,0,0,0,0,0,0,0,0,0,0,0,0,0,0,0,0,0,0,0,0,0,0,0,0,0,0,0,0,0,0,0,0,0,0,0,0,0,0,0,0,0,0,0,0,0,0,0,0,0,0,0,0,0,0,0,0,0,0,0,0,0,0,0,0,0,0,0
38,TULCEA,NALBANT,160993,1,FINAL,UAT,P,P_CE,"2020-09-28 04:32:02",2137,2072,2,29,34,1152,1089,0,29,34,1079,73,2266,1094,0,0,0,0,0,0,0,0,0,0,0,0,0,0,0,0,0,0,0,0,0,0,0,0,0,0,0,0,0,0,0,0,0,0,0,0,0,0,0,0,0,0,0,0,0,0,0,0,0,0,0,0,0,0,0,0,0,0,0,0,0,0,0,0,0,0,0,0,0,0,0,0,0,0,0,0,0,0,0,0,0,0,0,0,0,0,0,0,0,0,0,0,0,0,0,0,0,0,0,0,0,0,0,0,0,0,0,0,0,0,0,0,0,0,0,0,0,0,0,0,0,0,0,0,0,0,0,0,0,0,0,0,0,0,0,0,0,0,0,0,0,0,0,0,0,0,0,0,0,0,0,0,0,0,0,0,0,0,562,171,181,29,136,0,0,0,0,0,0,0,0,0,0,0,0,0,0,0,0,0,0,0,0,0,0,0,0,0,0,0,0,0,0,0,0,0,0,0,0,0,0,0,0,0,0,0,0,0,0,0,0,0,0,0,0,0,0,0,0,0,0,0,0,0,0,0,0,0,0,0,0,0,0,0,0,0,0,0,0,0,0,0,0,0,0,0,0,0,0,0,0,0,0,0,0,0,0,0,0,0,0,0,0,0,0,0,0,0,0,0,0,0,0,0,0,0,0,0
38,TULCEA,NICULIŢEL,161035,1,FINAL,UAT,P,P_CE,"2020-09-28 08:04:20",3764,3714,2,30,18,1751,1702,1,30,18,1687,64,4105,2354,0,0,0,0,0,0,0,0,0,0,0,0,0,0,0,0,0,0,0,0,0,0,0,0,0,0,0,0,0,0,0,0,0,0,0,0,0,0,0,0,0,0,0,0,0,0,0,0,0,0,0,0,0,0,0,0,0,0,0,0,0,0,0,0,0,0,0,0,0,0,0,0,0,0,0,0,0,0,0,0,0,0,0,0,0,0,0,0,0,0,0,0,0,0,0,0,0,0,0,0,0,0,0,0,0,0,0,0,0,0,0,0,0,0,0,0,0,0,0,0,0,0,0,0,0,0,0,0,0,0,0,0,0,0,0,0,0,0,0,0,0,0,0,0,0,0,0,0,0,0,0,0,0,0,0,0,0,0,0,0,0,0,0,208,304,655,377,112,31,0,0,0,0,0,0,0,0,0,0,0,0,0,0,0,0,0,0,0,0,0,0,0,0,0,0,0,0,0,0,0,0,0,0,0,0,0,0,0,0,0,0,0,0,0,0,0,0,0,0,0,0,0,0,0,0,0,0,0,0,0,0,0,0,0,0,0,0,0,0,0,0,0,0,0,0,0,0,0,0,0,0,0,0,0,0,0,0,0,0,0,0,0,0,0,0,0,0,0,0,0,0,0,0,0,0,0,0,0
38,TULCEA,NUFĂRU,161053,1,FINAL,UAT,P,P_CE,"2020-09-28 07:11:22",2338,2270,3,44,21,1360,1295,0,44,21,1302,58,2461,1101,0,0,0,0,0,0,0,0,0,0,0,0,0,0,0,0,0,0,0,0,0,0,0,0,0,0,0,0,0,0,0,0,0,0,0,0,0,0,0,0,0,0,0,0,0,0,0,0,0,0,0,0,0,0,0,0,0,0,0,0,0,0,0,0,0,0,0,0,0,0,0,0,0,0,0,0,0,0,0,0,0,0,0,0,0,0,0,0,0,0,0,0,0,0,0,0,0,0,0,0,0,0,0,0,0,0,0,0,0,0,0,0,0,0,0,0,0,0,0,0,0,0,0,0,0,0,0,0,0,0,0,0,0,0,0,0,0,0,0,0,0,0,0,0,0,0,0,0,0,0,0,0,0,0,0,0,0,0,0,0,0,0,0,0,0,0,0,0,0,286,584,68,308,8,28,20,0,0,0,0,0,0,0,0,0,0,0,0,0,0,0,0,0,0,0,0,0,0,0,0,0,0,0,0,0,0,0,0,0,0,0,0,0,0,0,0,0,0,0,0,0,0,0,0,0,0,0,0,0,0,0,0,0,0,0,0,0,0,0,0,0,0,0,0,0,0,0,0,0,0,0,0,0,0,0,0,0,0,0,0,0,0,0,0,0,0,0,0,0,0,0,0,0,0,0,0,0,0
38,TULCEA,"ORAŞ BABADAG",159650,1,FINAL,UAT,P,P_CE,"2020-09-28 09:14:29",8048,7886,3,123,36,3770,3611,0,123,36,3599,171,8682,4912,0,0,0,0,0,0,0,0,0,0,0,0,0,0,0,0,0,0,0,0,0,0,0,0,0,0,0,0,0,0,0,0,0,0,0,0,0,0,0,0,0,0,0,0,0,0,0,0,0,0,0,0,0,0,0,0,0,0,0,0,0,0,0,0,0,0,0,0,0,0,0,0,0,0,0,0,0,0,0,0,0,0,0,0,0,0,0,0,0,0,0,0,0,0,0,0,0,0,0,0,0,0,0,0,0,0,0,0,0,0,0,0,0,0,0,0,0,0,0,0,0,0,0,0,0,0,0,0,0,0,0,0,0,0,0,0,0,0,0,0,0,0,0,0,0,0,0,0,0,0,0,0,0,0,0,0,0,0,0,0,0,0,0,0,0,0,0,0,0,0,0,0,0,0,0,0,37,99,1550,1824,89,0,0,0,0,0,0,0,0,0,0,0,0,0,0,0,0,0,0,0,0,0,0,0,0,0,0,0,0,0,0,0,0,0,0,0,0,0,0,0,0,0,0,0,0,0,0,0,0,0,0,0,0,0,0,0,0,0,0,0,0,0,0,0,0,0,0,0,0,0,0,0,0,0,0,0,0,0,0,0,0,0,0,0,0,0,0,0,0,0,0,0,0,0,0,0,0,0
38,TULCEA,"ORAŞ ISACCEA",159687,1,FINAL,UAT,P,P_CE,"2020-09-28 07:02:32",4254,4167,2,35,50,2115,2030,0,35,50,2025,77,4593,2491,0,0,0,0,0,0,0,0,0,0,0,0,0,0,0,0,0,0,0,0,0,0,0,0,0,0,0,0,0,0,0,0,0,0,0,0,0,0,0,0,0,0,0,0,0,0,0,0,0,0,0,0,0,0,0,0,0,0,0,0,0,0,0,0,0,0,0,0,0,0,0,0,0,0,0,0,0,0,0,0,0,0,0,0,0,0,0,0,0,0,0,0,0,0,0,0,0,0,0,0,0,0,0,0,0,0,0,0,0,0,0,0,0,0,0,0,0,0,0,0,0,0,0,0,0,0,0,0,0,0,0,0,0,0,0,0,0,0,0,0,0,0,0,0,0,0,0,0,0,0,0,0,0,0,0,0,0,0,0,0,0,0,0,0,0,0,0,0,0,0,0,0,0,0,0,0,0,0,0,0,0,736,60,358,449,60,323,39,0,0,0,0,0,0,0,0,0,0,0,0,0,0,0,0,0,0,0,0,0,0,0,0,0,0,0,0,0,0,0,0,0,0,0,0,0,0,0,0,0,0,0,0,0,0,0,0,0,0,0,0,0,0,0,0,0,0,0,0,0,0,0,0,0,0,0,0,0,0,0,0,0,0,0,0,0,0,0,0,0,0,0,0,0,0,0,0,0,0
38,TULCEA,"ORAŞ MĂCIN",159730,1,FINAL,UAT,P,P_CE,"2020-09-28 10:08:26",8954,8866,6,44,38,3665,3582,1,44,38,3500,165,9786,6121,0,0,0,0,0,0,0,0,0,0,0,0,0,0,0,0,0,0,0,0,0,0,0,0,0,0,0,0,0,0,0,0,0,0,0,0,0,0,0,0,0,0,0,0,0,0,0,0,0,0,0,0,0,0,0,0,0,0,0,0,0,0,0,0,0,0,0,0,0,0,0,0,0,0,0,0,0,0,0,0,0,0,0,0,0,0,0,0,0,0,0,0,0,0,0,0,0,0,0,0,0,0,0,0,0,0,0,0,0,0,0,0,0,0,0,0,0,0,0,0,0,0,0,0,0,0,0,0,0,0,0,0,0,0,0,0,0,0,0,0,0,0,0,0,0,0,0,0,0,0,0,0,0,0,0,0,0,0,0,0,0,0,0,0,0,0,0,0,0,0,0,0,0,0,0,0,0,0,0,0,0,0,0,0,0,0,0,0,1104,998,188,37,228,191,66,54,576,58,0,0,0,0,0,0,0,0,0,0,0,0,0,0,0,0,0,0,0,0,0,0,0,0,0,0,0,0,0,0,0,0,0,0,0,0,0,0,0,0,0,0,0,0,0,0,0,0,0,0,0,0,0,0,0,0,0,0,0,0,0,0,0,0,0,0,0,0,0,0,0,0,0,0,0,0,0,0,0,0
38,TULCEA,"ORAŞ SULINA",159767,1,FINAL,UAT,P,P_CE,"2020-09-28 07:53:00",3401,3319,2,38,42,1670,1590,0,38,42,1603,66,3672,2003,0,0,0,0,0,0,0,0,0,0,0,0,0,0,0,0,0,0,0,0,0,0,0,0,0,0,0,0,0,0,0,0,0,0,0,0,0,0,0,0,0,0,0,0,0,0,0,0,0,0,0,0,0,0,0,0,0,0,0,0,0,0,0,0,0,0,0,0,0,0,0,0,0,0,0,0,0,0,0,0,0,0,0,0,0,0,0,0,0,0,0,0,0,0,0,0,0,0,0,0,0,0,0,0,0,0,0,0,0,0,0,0,0,0,0,0,0,0,0,0,0,0,0,0,0,0,0,0,0,0,0,0,0,0,0,0,0,0,0,0,0,0,0,0,0,0,0,0,0,0,0,0,0,0,0,0,0,0,0,0,0,0,0,0,0,0,0,0,0,0,0,0,0,0,0,0,0,0,0,0,0,0,0,0,0,0,0,0,0,0,0,0,0,0,0,0,0,0,329,242,352,130,54,134,140,40,47,23,12,100,0,0,0,0,0,0,0,0,0,0,0,0,0,0,0,0,0,0,0,0,0,0,0,0,0,0,0,0,0,0,0,0,0,0,0,0,0,0,0,0,0,0,0,0,0,0,0,0,0,0,0,0,0,0,0,0,0,0,0,0,0,0,0,0,0,0,0,0
38,TULCEA,OSTROV,161106,1,FINAL,UAT,P,P_CE,"2020-09-28 08:14:45",1589,1555,1,11,22,900,867,0,11,22,848,52,1704,804,0,0,0,0,0,0,0,0,0,0,0,0,0,0,0,0,0,0,0,0,0,0,0,0,0,0,0,0,0,0,0,0,0,0,0,0,0,0,0,0,0,0,0,0,0,0,0,0,0,0,0,0,0,0,0,0,0,0,0,0,0,0,0,0,0,0,0,0,0,0,0,0,0,0,0,0,0,0,0,0,0,0,0,0,0,0,0,0,0,0,0,0,0,0,0,0,0,0,0,0,0,0,0,0,0,0,0,0,0,0,0,0,0,0,0,0,0,0,0,0,0,0,0,0,0,0,0,0,0,0,0,0,0,0,0,0,0,0,0,0,0,0,0,0,0,0,0,0,0,0,0,0,0,0,0,0,0,0,0,0,0,0,0,0,0,0,0,0,0,0,0,0,0,0,0,0,0,0,0,0,0,0,0,0,0,0,0,0,0,0,0,0,0,0,0,0,0,0,0,0,0,0,0,0,0,0,0,0,0,0,42,42,277,487,0,0,0,0,0,0,0,0,0,0,0,0,0,0,0,0,0,0,0,0,0,0,0,0,0,0,0,0,0,0,0,0,0,0,0,0,0,0,0,0,0,0,0,0,0,0,0,0,0,0,0,0,0,0,0,0,0,0,0,0,0,0,0,0
38,TULCEA,PARDINA,161133,1,FINAL,UAT,P,P_CE,"2020-09-28 08:08:57",535,467,1,63,4,375,308,0,63,4,364,11,508,133,0,0,0,0,0,0,0,0,0,0,0,0,0,0,0,0,0,0,0,0,0,0,0,0,0,0,0,0,0,0,0,0,0,0,0,0,0,0,0,0,0,0,0,0,0,0,0,0,0,0,0,0,0,0,0,0,0,0,0,0,0,0,0,0,0,0,0,0,0,0,0,0,0,0,0,0,0,0,0,0,0,0,0,0,0,0,0,0,0,0,0,0,0,0,0,0,0,0,0,0,0,0,0,0,0,0,0,0,0,0,0,0,0,0,0,0,0,0,0,0,0,0,0,0,0,0,0,0,0,0,0,0,0,0,0,0,0,0,0,0,0,0,0,0,0,0,0,0,0,0,0,0,0,0,0,0,0,0,0,0,0,0,0,0,0,0,0,0,0,0,0,0,0,0,0,0,0,0,0,0,0,0,0,0,0,0,0,0,0,0,0,0,0,0,0,0,0,0,0,0,0,0,0,0,0,0,0,0,0,0,0,0,0,0,186,42,107,29,0,0,0,0,0,0,0,0,0,0,0,0,0,0,0,0,0,0,0,0,0,0,0,0,0,0,0,0,0,0,0,0,0,0,0,0,0,0,0,0,0,0,0,0,0,0,0,0,0,0,0,0,0,0,0,0,0,0,0,0
38,TULCEA,PECENEAGA,161151,1,FINAL,UAT,P,P_CE,"2020-09-28 05:39:10",1497,1389,1,12,95,971,865,0,11,95,941,30,1532,561,0,0,0,0,0,0,0,0,0,0,0,0,0,0,0,0,0,0,0,0,0,0,0,0,0,0,0,0,0,0,0,0,0,0,0,0,0,0,0,0,0,0,0,0,0,0,0,0,0,0,0,0,0,0,0,0,0,0,0,0,0,0,0,0,0,0,0,0,0,0,0,0,0,0,0,0,0,0,0,0,0,0,0,0,0,0,0,0,0,0,0,0,0,0,0,0,0,0,0,0,0,0,0,0,0,0,0,0,0,0,0,0,0,0,0,0,0,0,0,0,0,0,0,0,0,0,0,0,0,0,0,0,0,0,0,0,0,0,0,0,0,0,0,0,0,0,0,0,0,0,0,0,0,0,0,0,0,0,0,0,0,0,0,0,0,0,0,0,0,0,0,0,0,0,0,0,0,0,0,0,0,0,0,0,0,0,0,0,0,0,0,0,0,0,0,0,0,0,0,0,0,0,0,0,0,0,0,0,0,0,0,0,0,0,0,0,0,0,59,214,609,59,0,0,0,0,0,0,0,0,0,0,0,0,0,0,0,0,0,0,0,0,0,0,0,0,0,0,0,0,0,0,0,0,0,0,0,0,0,0,0,0,0,0,0,0,0,0,0,0,0,0,0,0,0,0,0,0
38,TULCEA,SARICHIOI,161179,1,FINAL,UAT,P,P_CE,"2020-09-28 06:08:45",5578,5538,0,31,9,2516,2476,0,31,9,2398,118,6123,3607,0,0,0,0,0,0,0,0,0,0,0,0,0,0,0,0,0,0,0,0,0,0,0,0,0,0,0,0,0,0,0,0,0,0,0,0,0,0,0,0,0,0,0,0,0,0,0,0,0,0,0,0,0,0,0,0,0,0,0,0,0,0,0,0,0,0,0,0,0,0,0,0,0,0,0,0,0,0,0,0,0,0,0,0,0,0,0,0,0,0,0,0,0,0,0,0,0,0,0,0,0,0,0,0,0,0,0,0,0,0,0,0,0,0,0,0,0,0,0,0,0,0,0,0,0,0,0,0,0,0,0,0,0,0,0,0,0,0,0,0,0,0,0,0,0,0,0,0,0,0,0,0,0,0,0,0,0,0,0,0,0,0,0,0,0,0,0,0,0,0,0,0,0,0,0,0,0,0,0,0,0,0,0,0,0,0,0,0,0,0,0,0,0,0,0,0,0,0,0,0,0,0,0,0,0,0,0,0,0,0,0,0,0,0,0,0,0,0,0,0,0,0,115,737,425,39,593,489,0,0,0,0,0,0,0,0,0,0,0,0,0,0,0,0,0,0,0,0,0,0,0,0,0,0,0,0,0,0,0,0,0,0,0,0,0,0,0,0,0,0,0,0,0,0,0,0,0,0
38,TULCEA,"SFÂNTU GHEORGHE",161231,1,FINAL,UAT,P,P_CE,"2020-09-28 03:38:52",719,694,2,2,21,540,516,1,2,21,526,14,759,219,0,0,0,0,0,0,0,0,0,0,0,0,0,0,0,0,0,0,0,0,0,0,0,0,0,0,0,0,0,0,0,0,0,0,0,0,0,0,0,0,0,0,0,0,0,0,0,0,0,0,0,0,0,0,0,0,0,0,0,0,0,0,0,0,0,0,0,0,0,0,0,0,0,0,0,0,0,0,0,0,0,0,0,0,0,0,0,0,0,0,0,0,0,0,0,0,0,0,0,0,0,0,0,0,0,0,0,0,0,0,0,0,0,0,0,0,0,0,0,0,0,0,0,0,0,0,0,0,0,0,0,0,0,0,0,0,0,0,0,0,0,0,0,0,0,0,0,0,0,0,0,0,0,0,0,0,0,0,0,0,0,0,0,0,0,0,0,0,0,0,0,0,0,0,0,0,0,0,0,0,0,0,0,0,0,0,0,0,0,0,0,0,0,0,0,0,0,0,0,0,0,0,0,0,0,0,0,0,0,0,0,0,0,0,0,0,0,0,0,0,0,0,0,0,0,0,0,0,309,133,18,1,65,0,0,0,0,0,0,0,0,0,0,0,0,0,0,0,0,0,0,0,0,0,0,0,0,0,0,0,0,0,0,0,0,0,0,0,0,0,0,0,0,0,0,0,0,0
38,TULCEA,"SLAVA CERCHEZĂ",161259,1,FINAL,UAT,P,P_CE,"2020-09-28 04:35:30",1977,1920,0,45,12,888,831,0,45,12,837,51,2103,1215,0,0,0,0,0,0,0,0,0,0,0,0,0,0,0,0,0,0,0,0,0,0,0,0,0,0,0,0,0,0,0,0,0,0,0,0,0,0,0,0,0,0,0,0,0,0,0,0,0,0,0,0,0,0,0,0,0,0,0,0,0,0,0,0,0,0,0,0,0,0,0,0,0,0,0,0,0,0,0,0,0,0,0,0,0,0,0,0,0,0,0,0,0,0,0,0,0,0,0,0,0,0,0,0,0,0,0,0,0,0,0,0,0,0,0,0,0,0,0,0,0,0,0,0,0,0,0,0,0,0,0,0,0,0,0,0,0,0,0,0,0,0,0,0,0,0,0,0,0,0,0,0,0,0,0,0,0,0,0,0,0,0,0,0,0,0,0,0,0,0,0,0,0,0,0,0,0,0,0,0,0,0,0,0,0,0,0,0,0,0,0,0,0,0,0,0,0,0,0,0,0,0,0,0,0,0,0,0,0,0,0,0,0,0,0,0,0,0,0,0,0,0,0,0,0,0,0,0,0,0,0,0,0,30,327,178,13,25,264,0,0,0,0,0,0,0,0,0,0,0,0,0,0,0,0,0,0,0,0,0,0,0,0,0,0,0,0,0,0,0,0,0,0,0,0,0,0,0
38,TULCEA,SMÂRDAN,161286,1,FINAL,UAT,P,P_CE,"2020-09-28 04:00:12",935,892,0,29,14,581,538,0,29,14,556,25,974,393,0,0,0,0,0,0,0,0,0,0,0,0,0,0,0,0,0,0,0,0,0,0,0,0,0,0,0,0,0,0,0,0,0,0,0,0,0,0,0,0,0,0,0,0,0,0,0,0,0,0,0,0,0,0,0,0,0,0,0,0,0,0,0,0,0,0,0,0,0,0,0,0,0,0,0,0,0,0,0,0,0,0,0,0,0,0,0,0,0,0,0,0,0,0,0,0,0,0,0,0,0,0,0,0,0,0,0,0,0,0,0,0,0,0,0,0,0,0,0,0,0,0,0,0,0,0,0,0,0,0,0,0,0,0,0,0,0,0,0,0,0,0,0,0,0,0,0,0,0,0,0,0,0,0,0,0,0,0,0,0,0,0,0,0,0,0,0,0,0,0,0,0,0,0,0,0,0,0,0,0,0,0,0,0,0,0,0,0,0,0,0,0,0,0,0,0,0,0,0,0,0,0,0,0,0,0,0,0,0,0,0,0,0,0,0,0,0,0,0,0,0,0,0,0,0,0,0,0,0,0,0,0,0,0,0,0,0,0,0,487,21,48,0,0,0,0,0,0,0,0,0,0,0,0,0,0,0,0,0,0,0,0,0,0,0,0,0,0,0,0,0,0,0,0,0,0,0,0
38,TULCEA,SOMOVA,161302,1,FINAL,UAT,P,P_CE,"2020-09-28 07:52:18",4175,4133,16,15,11,2155,2125,4,15,11,2053,102,4535,2380,0,0,0,0,0,0,0,0,0,0,0,0,0,0,0,0,0,0,0,0,0,0,0,0,0,0,0,0,0,0,0,0,0,0,0,0,0,0,0,0,0,0,0,0,0,0,0,0,0,0,0,0,0,0,0,0,0,0,0,0,0,0,0,0,0,0,0,0,0,0,0,0,0,0,0,0,0,0,0,0,0,0,0,0,0,0,0,0,0,0,0,0,0,0,0,0,0,0,0,0,0,0,0,0,0,0,0,0,0,0,0,0,0,0,0,0,0,0,0,0,0,0,0,0,0,0,0,0,0,0,0,0,0,0,0,0,0,0,0,0,0,0,0,0,0,0,0,0,0,0,0,0,0,0,0,0,0,0,0,0,0,0,0,0,0,0,0,0,0,0,0,0,0,0,0,0,0,0,0,0,0,0,0,0,0,0,0,0,0,0,0,0,0,0,0,0,0,0,0,0,0,0,0,0,0,0,0,0,0,0,0,0,0,0,0,0,0,0,0,0,0,0,0,0,0,0,0,0,0,0,0,0,0,0,0,0,0,0,0,0,0,0,75,931,116,38,579,59,244,11,0,0,0,0,0,0,0,0,0,0,0,0,0,0,0,0,0,0,0,0,0,0,0,0,0,0,0,0
38,TULCEA,STEJARU,161348,1,FINAL,UAT,P,P_CE,"2020-09-28 08:39:30",1531,1249,0,260,22,1185,903,0,260,22,1170,15,1362,177,0,0,0,0,0,0,0,0,0,0,0,0,0,0,0,0,0,0,0,0,0,0,0,0,0,0,0,0,0,0,0,0,0,0,0,0,0,0,0,0,0,0,0,0,0,0,0,0,0,0,0,0,0,0,0,0,0,0,0,0,0,0,0,0,0,0,0,0,0,0,0,0,0,0,0,0,0,0,0,0,0,0,0,0,0,0,0,0,0,0,0,0,0,0,0,0,0,0,0,0,0,0,0,0,0,0,0,0,0,0,0,0,0,0,0,0,0,0,0,0,0,0,0,0,0,0,0,0,0,0,0,0,0,0,0,0,0,0,0,0,0,0,0,0,0,0,0,0,0,0,0,0,0,0,0,0,0,0,0,0,0,0,0,0,0,0,0,0,0,0,0,0,0,0,0,0,0,0,0,0,0,0,0,0,0,0,0,0,0,0,0,0,0,0,0,0,0,0,0,0,0,0,0,0,0,0,0,0,0,0,0,0,0,0,0,0,0,0,0,0,0,0,0,0,0,0,0,0,0,0,0,0,0,0,0,0,0,0,0,0,0,0,0,0,0,0,0,0,0,0,578,6,586,0,0,0,0,0,0,0,0,0,0,0,0,0,0,0,0,0,0,0,0,0,0,0,0,0
38,TULCEA,TOPOLOG,161384,1,FINAL,UAT,P,P_CE,"2020-09-28 07:54:26",3568,3514,0,45,9,2019,1965,0,45,9,1859,147,3862,1843,0,0,0,0,0,0,0,0,0,0,0,0,0,0,0,0,0,0,0,0,0,0,0,0,0,0,0,0,0,0,0,0,0,0,0,0,0,0,0,0,0,0,0,0,0,0,0,0,0,0,0,0,0,0,0,0,0,0,0,0,0,0,0,0,0,0,0,0,0,0,0,0,0,0,0,0,0,0,0,0,0,0,0,0,0,0,0,0,0,0,0,0,0,0,0,0,0,0,0,0,0,0,0,0,0,0,0,0,0,0,0,0,0,0,0,0,0,0,0,0,0,0,0,0,0,0,0,0,0,0,0,0,0,0,0,0,0,0,0,0,0,0,0,0,0,0,0,0,0,0,0,0,0,0,0,0,0,0,0,0,0,0,0,0,0,0,0,0,0,0,0,0,0,0,0,0,0,0,0,0,0,0,0,0,0,0,0,0,0,0,0,0,0,0,0,0,0,0,0,0,0,0,0,0,0,0,0,0,0,0,0,0,0,0,0,0,0,0,0,0,0,0,0,0,0,0,0,0,0,0,0,0,0,0,0,0,0,0,0,0,0,0,0,0,0,0,0,0,0,0,0,0,0,65,789,1005,0,0,0,0,0,0,0,0,0,0,0,0,0,0,0,0,0,0,0,0,0,0
38,TULCEA,TURCOAIA,161464,1,FINAL,UAT,P,P_CE,"2020-09-28 12:10:06",2751,2667,2,15,67,1698,1614,2,15,67,1617,81,2924,1226,0,0,0,0,0,0,0,0,0,0,0,0,0,0,0,0,0,0,0,0,0,0,0,0,0,0,0,0,0,0,0,0,0,0,0,0,0,0,0,0,0,0,0,0,0,0,0,0,0,0,0,0,0,0,0,0,0,0,0,0,0,0,0,0,0,0,0,0,0,0,0,0,0,0,0,0,0,0,0,0,0,0,0,0,0,0,0,0,0,0,0,0,0,0,0,0,0,0,0,0,0,0,0,0,0,0,0,0,0,0,0,0,0,0,0,0,0,0,0,0,0,0,0,0,0,0,0,0,0,0,0,0,0,0,0,0,0,0,0,0,0,0,0,0,0,0,0,0,0,0,0,0,0,0,0,0,0,0,0,0,0,0,0,0,0,0,0,0,0,0,0,0,0,0,0,0,0,0,0,0,0,0,0,0,0,0,0,0,0,0,0,0,0,0,0,0,0,0,0,0,0,0,0,0,0,0,0,0,0,0,0,0,0,0,0,0,0,0,0,0,0,0,0,0,0,0,0,0,0,0,0,0,0,0,0,0,0,0,0,0,0,0,0,0,0,0,0,0,0,0,0,0,0,0,0,0,386,725,161,107,14,10,214,0,0,0,0,0,0,0,0,0,0,0,0,0,0,0
38,TULCEA,VĂCĂRENI,161543,1,FINAL,UAT,P,P_CE,"2020-09-28 09:19:08",1877,1809,2,26,40,1081,1013,2,26,40,1028,53,1982,901,0,0,0,0,0,0,0,0,0,0,0,0,0,0,0,0,0,0,0,0,0,0,0,0,0,0,0,0,0,0,0,0,0,0,0,0,0,0,0,0,0,0,0,0,0,0,0,0,0,0,0,0,0,0,0,0,0,0,0,0,0,0,0,0,0,0,0,0,0,0,0,0,0,0,0,0,0,0,0,0,0,0,0,0,0,0,0,0,0,0,0,0,0,0,0,0,0,0,0,0,0,0,0,0,0,0,0,0,0,0,0,0,0,0,0,0,0,0,0,0,0,0,0,0,0,0,0,0,0,0,0,0,0,0,0,0,0,0,0,0,0,0,0,0,0,0,0,0,0,0,0,0,0,0,0,0,0,0,0,0,0,0,0,0,0,0,0,0,0,0,0,0,0,0,0,0,0,0,0,0,0,0,0,0,0,0,0,0,0,0,0,0,0,0,0,0,0,0,0,0,0,0,0,0,0,0,0,0,0,0,0,0,0,0,0,0,0,0,0,0,0,0,0,0,0,0,0,0,0,0,0,0,0,0,0,0,0,0,0,0,0,0,0,0,0,0,0,0,0,0,0,0,0,0,0,0,0,0,0,0,0,0,0,421,138,42,33,394,0,0,0,0,0,0,0,0,0,0
38,TULCEA,"VALEA NUCARILOR",161482,1,FINAL,UAT,P,P_CE,"2020-09-28 09:58:42",2897,2847,7,19,24,1521,1476,2,19,24,1430,91,3130,1560,0,0,0,0,0,0,0,0,0,0,0,0,0,0,0,0,0,0,0,0,0,0,0,0,0,0,0,0,0,0,0,0,0,0,0,0,0,0,0,0,0,0,0,0,0,0,0,0,0,0,0,0,0,0,0,0,0,0,0,0,0,0,0,0,0,0,0,0,0,0,0,0,0,0,0,0,0,0,0,0,0,0,0,0,0,0,0,0,0,0,0,0,0,0,0,0,0,0,0,0,0,0,0,0,0,0,0,0,0,0,0,0,0,0,0,0,0,0,0,0,0,0,0,0,0,0,0,0,0,0,0,0,0,0,0,0,0,0,0,0,0,0,0,0,0,0,0,0,0,0,0,0,0,0,0,0,0,0,0,0,0,0,0,0,0,0,0,0,0,0,0,0,0,0,0,0,0,0,0,0,0,0,0,0,0,0,0,0,0,0,0,0,0,0,0,0,0,0,0,0,0,0,0,0,0,0,0,0,0,0,0,0,0,0,0,0,0,0,0,0,0,0,0,0,0,0,0,0,0,0,0,0,0,0,0,0,0,0,0,0,0,0,0,0,0,0,0,0,0,0,0,0,0,0,0,0,0,0,0,0,0,0,0,0,0,0,0,0,611,371,388,29,31,0,0,0,0,0
38,TULCEA,"VALEA TEILOR",161561,1,FINAL,UAT,P,P_CE,"2020-09-28 11:09:51",1162,1144,1,14,3,793,776,0,14,3,727,65,1246,454,0,0,0,0,0,0,0,0,0,0,0,0,0,0,0,0,0,0,0,0,0,0,0,0,0,0,0,0,0,0,0,0,0,0,0,0,0,0,0,0,0,0,0,0,0,0,0,0,0,0,0,0,0,0,0,0,0,0,0,0,0,0,0,0,0,0,0,0,0,0,0,0,0,0,0,0,0,0,0,0,0,0,0,0,0,0,0,0,0,0,0,0,0,0,0,0,0,0,0,0,0,0,0,0,0,0,0,0,0,0,0,0,0,0,0,0,0,0,0,0,0,0,0,0,0,0,0,0,0,0,0,0,0,0,0,0,0,0,0,0,0,0,0,0,0,0,0,0,0,0,0,0,0,0,0,0,0,0,0,0,0,0,0,0,0,0,0,0,0,0,0,0,0,0,0,0,0,0,0,0,0,0,0,0,0,0,0,0,0,0,0,0,0,0,0,0,0,0,0,0,0,0,0,0,0,0,0,0,0,0,0,0,0,0,0,0,0,0,0,0,0,0,0,0,0,0,0,0,0,0,0,0,0,0,0,0,0,0,0,0,0,0,0,0,0,0,0,0,0,0,0,0,0,0,0,0,0,0,0,0,0,0,0,0,0,0,0,0,0,0,0,0,0,201,21,214,257,34
