county_nce,county_name,uat_name,uat_siruta,report_version,report_stage_code,report_type_scope_code,report_type_category_code,report_type_code,created_at,a,a1,a2,a3,a4,b,b1,b2,b3,b4,c,d,e,f,"EREMIA NICULAE-PARTIDUL NAȚIONAL LIBERAL-voturi","SULTAN VIOREL ELIAN-PARTIDUL SOCIAL DEMOCRAT-voturi","ION MARIAN-PARTIDUL SOCIAL DEMOCRAT-voturi","STANCA NINEL-UNIUNEA SALVAȚI ROMÂNIA-voturi","GURLUI MIHAI-PARTIDUL NAȚIONAL LIBERAL-voturi","BURLACU GEORGE-ALEXANDRU-PARTIDUL SOCIAL DEMOCRAT-voturi","ZĂGĂRIN MARCEL-PARTIDUL PRO ROMÂNIA-voturi","NEDELCU-PAŢURCĂ THEODOR-ANIEL-PARTIDUL NAȚIONAL LIBERAL-voturi","GEREA DUMITRIŢA-PARTIDUL ROMÂNIA MARE-voturi","STRASESCHI NICOLAE-PARTIDUL NAȚIONAL LIBERAL-voturi","BORDEI FLORIN-PARTIDUL SOCIAL DEMOCRAT-voturi","DINCĂ PETRE-PARTIDUL PRO ROMÂNIA-voturi","STAMA DOREL-UNIUNEA SALVAȚI ROMÂNIA-voturi","ŞTEFAN ION-PARTIDUL SOCIAL DEMOCRAT-voturi","BÎRA AUREL-PARTIDUL ALIANŢA LIBERALILOR ŞI DEMOCRAŢILOR – ALDE-voturi","ROMAN IRINEL-PARTIDUL NAȚIONAL LIBERAL-voturi","ŞTEFAN MIHAI-PARTIDUL MIȘCAREA POPULARĂ-voturi","BALCĂ DĂNUŢ-PARTIDUL PRO ROMÂNIA-voturi","CRĂCIUN ION-PARTIDUL NEAMUL ROMÂNESC-voturi","PENU MIHAIL-PARTIDUL NAȚIONAL LIBERAL-voturi","GHENU NICULAE-PARTIDUL SOCIAL DEMOCRAT-voturi","NEDELCU MARIUS-PARTIDUL PRO ROMÂNIA-voturi","VELICU DAN-PARTIDUL SOCIAL DEMOCRAT-voturi","PLĂTĂRESCU LIVIU-UNIUNEA SALVAȚI ROMÂNIA-voturi","GURĂU VICTOR-PARTIDUL MIȘCAREA POPULARĂ-voturi","MELENTE SILVIU-VASILE-PARTIDUL NAȚIONAL LIBERAL-voturi","STOIAN LAURENŢIU-PARTIDUL ROMÂNIA MARE-voturi","CATANĂ ION-PARTIDUL SOCIAL DEMOCRAT-voturi","ANDREI EUGEN-UNIUNEA SALVAȚI ROMÂNIA-voturi","ROBU ION-PARTIDUL NAȚIONAL LIBERAL-voturi","CRISTEA LAURENŢIU-DORINEL-PARTIDUL PRO ROMÂNIA-voturi","GAZU AURICĂ-PARTIDUL SOCIAL DEMOCRAT-voturi","VOICU TEODOR-PARTIDUL NAȚIONAL LIBERAL-voturi","CEACU MIHAI-NICOLAE-UNIUNEA SALVAȚI ROMÂNIA-voturi","MITU FLORICA-PARTIDUL ALIANŢA LIBERALILOR ŞI DEMOCRAŢILOR – ALDE-voturi","COJOCARU MARIUS-PARTIDUL SOCIAL DEMOCRAT-voturi","POPA ANGHEL-ADRIAN-PARTIDUL NAȚIONAL LIBERAL-voturi","RADE IONEL-DORU-PARTIDUL MIȘCAREA POPULARĂ-voturi","STAN AUREL-IONEL-PARTIDUL PRO ROMÂNIA-voturi","CHIRIŢĂ ARŞINICA ANDREEA-PARTIDUL PUTERII UMANISTE (SOCIAL-LIBERAL)-voturi","CONSTANTIN MARIAN-PARTIDUL ROMÂNIA MARE-voturi","STOIAN MARIUS-voturi","ANDREI ELENA-PARTIDUL SOCIAL DEMOCRAT-voturi","RADU IULIAN-PARTIDUL NAȚIONAL LIBERAL-voturi","CEALÎCU GHEORGHE-PARTIDUL PRO ROMÂNIA-voturi","DIMĂNCESCU MARIANA-UNIUNEA SALVAȚI ROMÂNIA-voturi","TUDOR ION-PARTIDUL ECOLOGIST ROMÂN-voturi","IACOMI ION-PARTIDUL NAȚIONAL LIBERAL-voturi","NIŢULICĂ ION-PARTIDUL SOCIAL DEMOCRAT-voturi","CIURARU PETRE-PARTIDUL PRO ROMÂNIA-voturi","STOICA VASILE-PARTIDUL NAȚIONAL LIBERAL-voturi","RUSEN DUMITRU-PARTIDUL MIȘCAREA POPULARĂ-voturi","APOSTOL JAN-PARTIDUL SOCIAL DEMOCRAT-voturi","BALTAG MARIN-PARTIDUL PRO ROMÂNIA-voturi","STANCIU MARIAN-GABRIEL-PARTIDUL NAȚIONAL LIBERAL-voturi","DUMITRU EDUARD-DAN-PARTIDUL SOCIAL DEMOCRAT-voturi","ION RADU-AUREL-PARTIDUL SOCIAL DEMOCRAT-voturi","DOICU NICULAE-PARTIDUL NAȚIONAL LIBERAL-voturi","PLOEŞTEANU ALIN-DANIEL-PARTIDUL NAȚIONAL LIBERAL-voturi","SANDU MIHĂIŢĂ-PARTIDUL SOCIAL DEMOCRAT-voturi","LĂDUNCĂ ŞTEFAN-PARTIDUL PRO ROMÂNIA-voturi","CRISTACHE COSTEL-NELU-PARTIDUL SOCIAL DEMOCRAT-voturi","TĂNASE VASILE-PARTIDUL MIȘCAREA POPULARĂ-voturi","DUŢĂ PAUL-PARTIDUL NAȚIONAL LIBERAL-voturi","GIOACĂŞ GEORGEL-PARTIDUL ROMÂNIA MARE-voturi","NICULAE JAN-PARTIDUL MIȘCAREA POPULARĂ-voturi","CĂRTUŞANU GHEORGHIŢĂ-PARTIDUL SOCIAL DEMOCRAT-voturi","FILIP CRISTIAN-PARTIDUL PRO ROMÂNIA-voturi","GAVRILĂ NICOLAE-PARTIDUL NAȚIONAL LIBERAL-voturi","ŞERBAN ALEXANDRU-VIOREL-PARTIDUL NAȚIONAL LIBERAL-voturi","RADU PAUL-PARTIDUL SOCIAL DEMOCRAT-voturi","RADU MARIAN-PARTIDUL PRO ROMÂNIA-voturi","DUMITRU LUCIAN-PARTIDUL MIȘCAREA POPULARĂ-voturi","MATEI VASILE-PARTIDUL SOCIAL DEMOCRAT-voturi","CORBU CONSTANTIN-""ALIANȚA PNL-USR GRĂDIȘTEA""-voturi","ROMAN ION-PARTIDUL NAȚIONAL LIBERAL-voturi","MANEA SANDU-PARTIDUL SOCIAL DEMOCRAT-voturi","JELEV PANAIT-PARTIDUL PRO ROMÂNIA-voturi","ZIDARU ROMULUS-CONSTANTIN-PARTIDUL NAȚIONAL LIBERAL-voturi","BANU CONSTANTIN-RĂZVAN-PARTIDUL PRO ROMÂNIA-voturi","ALEXANDRU CORNELIU-PARTIDUL SOCIAL DEMOCRAT-voturi","ILIE MARCELA-PARTIDUL PRO ROMÂNIA-voturi","RĂDULESCU GABRIEL-PARTIDUL SOCIAL DEMOCRAT-voturi","VOICU LICĂ-PARTIDUL NAȚIONAL LIBERAL-voturi","COMAN VALENTIN-PARTIDUL MIȘCAREA POPULARĂ-voturi","GHERGHINA NICOLETA-PARTIDUL ROMÂNIA MARE-voturi","RADU NICUŞOR-PARTIDUL SOCIAL DEMOCRAT-voturi","VASILE AUREL-PARTIDUL NAȚIONAL LIBERAL-voturi","CONSTANTIN ANA-MARIA-PARTIDUL PRO ROMÂNIA-voturi","MATEI NICOLAE-PARTIDUL SOCIAL DEMOCRAT-voturi","STAN IONUŢ-PARTIDUL NAȚIONAL LIBERAL-voturi","GHIURCĂ SORIN-CRISTIAN-PARTIDUL ROMÂNIA MARE-voturi","STATE LAURENŢIU-PARTIDUL SOCIAL DEMOCRAT-voturi","EFTIMIE NICULAE-PARTIDUL PRO ROMÂNIA-voturi","IACOB GICĂ-PARTIDUL ALIANŢA LIBERALILOR ŞI DEMOCRAŢILOR – ALDE-voturi","DOBRIN ION-PARTIDUL NAȚIONAL LIBERAL-voturi","CÂMPULUNGEANU ŞTEFAN-PARTIDUL SOCIAL DEMOCRAT-voturi","PERŢEA VOICA-PARTIDUL MIȘCAREA POPULARĂ-voturi","GHIORGHE IONEL-PARTIDUL NAȚIONAL LIBERAL-voturi","IOSIF SICU-PARTIDUL PRO ROMÂNIA-voturi","NĂSTASE MARIAN-PARTIDUL PUTERII UMANISTE (SOCIAL-LIBERAL)-voturi","GINGAŞU VALENTIN-BOGDAN-PARTIDUL NAȚIONAL LIBERAL-voturi","RACU OCTAV-DUMITRU-PARTIDUL MIȘCAREA POPULARĂ-voturi","IANCU MARIAN-MUGUREL-PARTIDUL SOCIAL DEMOCRAT-voturi","ISTRATE MINCU-PARTIDUL PRO ROMÂNIA-voturi","PANAIT CIPRIAN-CONSTANTIN-PARTIDUL NAȚIONAL LIBERAL-voturi","MINCIUNĂ TUDORICĂ-PARTIDUL SOCIAL DEMOCRAT-voturi","BĂJENARU VASILE-UNIUNEA SALVAȚI ROMÂNIA-voturi","MARTAC PAUL-PARTIDUL SOCIAL DEMOCRAT-voturi","MITRAN GIGI-MIHAIL-PARTIDUL PRO ROMÂNIA-voturi","DOBRE GHEORGHE-PARTIDUL NAȚIONAL LIBERAL-voturi","DRĂGULIN DANIEL-ŞTEFAN-PARTIDUL NAȚIONAL LIBERAL-voturi","COMAN LIVIU-PARTIDUL MIȘCAREA POPULARĂ-voturi","CHIRIŢĂ ALEXANDRU-PARTIDUL PRO ROMÂNIA-voturi","DULCE MARIUS-GRIGORE-PARTIDUL SOCIAL DEMOCRAT-voturi","PANCIU VIOREL-DAN-PARTIDUL ROMÂNIA MARE-voturi","BOB LUMINIŢA-PARTIDUL LIBERTATE, UNITATE ȘI SOLIDARITATE-voturi","SĂNDULESCU FLORIAN-ALIANȚA PENTRU UNIREA ROMÂNILOR-voturi","DRIGA FLORIN-PARTIDUL PUTERII UMANISTE (SOCIAL-LIBERAL)-voturi","POPA VASILE-VALENTIN-PARTIDUL ECOLOGIST ROMÂN-voturi","MILESCU COSTINEL-""ALIANȚA PNL-USR OLTENIȚA""-voturi","PETRE LEONARD-FLORIN-PARTIDUL PRO ROMÂNIA-voturi","ŢONE PETRE-PARTIDUL SOCIAL DEMOCRAT-voturi","PANĂ DUMITRU-PARTIDUL MIȘCAREA POPULARĂ-voturi","ONOFREI COSTEL CRISTINEL-PARTIDUL ALIANŢA LIBERALILOR ŞI DEMOCRAŢILOR – ALDE-voturi","ŞERBAN MIHAI-PARTIDUL NEAMUL ROMÂNESC-voturi","NICULAE MIREL-PARTIDUL VERDE-voturi","NEAGU MIHAI-CRISTIAN-PARTIDUL PUTERII UMANISTE (SOCIAL-LIBERAL)-voturi","DOBRE GHEORGHE-PARTIDUL SOCIAL DEMOCRAT-voturi","DECU FLORIAN-PARTIDUL PRO ROMÂNIA-voturi","CRISTEA MIHAI-PARTIDUL ALIANŢA LIBERALILOR ŞI DEMOCRAŢILOR – ALDE-voturi","BRÎNCOVEANU VICTOR-ALEXANDRU-""ALIANȚA PNL-USR NANA""-voturi","DOBRE DUMITRU-voturi","TEODORESCU SERGIU-PARTIDUL SOCIAL DEMOCRAT-voturi","BRATU ADRIAN-PARTIDUL PRO ROMÂNIA-voturi","ŞTEFAN STAN-PARTIDUL MIȘCAREA POPULARĂ-voturi","LASCU ILIE-PARTIDUL NAȚIONAL LIBERAL-voturi","DONA GHEORGHE-PARTIDUL MIȘCAREA POPULARĂ-voturi","RĂDUCU VALENTIN-PARTIDUL PRO ROMÂNIA-voturi","NAE SINEL-PARTIDUL SOCIAL DEMOCRAT-voturi","STATE IULIAN-ALEXANDRU-""ALIANȚA PNL-USR BUDEȘTI""-voturi","ILIE MIHAI-PARTIDUL PUTERII UMANISTE (SOCIAL-LIBERAL)-voturi","OBADĂ ELENA MĂDĂLINA-PARTIDUL NAȚIONAL LIBERAL-voturi","DOROBANŢU DOREL-PARTIDUL SOCIAL DEMOCRAT-voturi","MINCULETE VIOREL-PARTIDUL LIBERTATE, UNITATE ȘI SOLIDARITATE-voturi","NĂSTASE IONEL-PARTIDUL PRO ROMÂNIA-voturi","IACOMI IULIAN-PARTIDUL NAȚIONAL LIBERAL-voturi","BARBU NARCIS-VLAD-UNIUNEA SALVAȚI ROMÂNIA-voturi","BĂNESCU LAURENŢIU-PARTIDUL SOCIAL DEMOCRAT-voturi","SMITH ANCA-PARTIDUL MIȘCAREA POPULARĂ-voturi","DIACONEASA MIHĂIŢĂ-PARTIDUL NAȚIONAL LIBERAL-voturi","CRĂCIUN GHEORGHE-PARTIDUL MIȘCAREA POPULARĂ-voturi","DAMIAN PAVEL-PETRE-PARTIDUL PRO ROMÂNIA-voturi","BUCUR IONEL-CĂTĂLIN-PARTIDUL SOCIAL DEMOCRAT-voturi","CHIUOARU MĂDĂLIN-VASILE-PARTIDUL LIBERTATE, UNITATE ȘI SOLIDARITATE-voturi","DAMIAN TUDOREL-PARTIDUL PUTERII UMANISTE (SOCIAL-LIBERAL)-voturi","GANEA CIPRIAN ADRIAN-voturi","CERNEA FLORIN-BOGDAN-PARTIDUL SOCIAL DEMOCRAT-voturi","DUMITRESCU FLORIN-PARTIDUL NAȚIONAL LIBERAL-voturi","ILIE VASILE-PARTIDUL PRO ROMÂNIA-voturi","ION GHIORGHIŢA-PARTIDUL MIȘCAREA POPULARĂ-voturi","PREDA MIHĂIŢĂ-PARTIDUL LIBERTATE, UNITATE ȘI SOLIDARITATE-voturi","GĂLBINAŞU NICUŞOR IONUŢ-PARTIDUL SOCIAL DEMOCRAT-voturi","ALECU DĂNUŢ-MARIUS-UNIUNEA SALVAȚI ROMÂNIA-voturi","DOBRESCU VASILICA-PARTIDUL NAȚIONAL LIBERAL-voturi","ALEXANDRU CLAUDIA-PARTIDUL PRO ROMÂNIA-voturi","CHIRIŢĂ GEORGE-PARTIDUL NAȚIONAL LIBERAL-voturi","CARP TITI-PARTIDUL PRO ROMÂNIA-voturi","RÂJNOVEANU NICOLAE-PARTIDUL SOCIAL DEMOCRAT-voturi","CĂLIN PETRE-ALEXANDRU-PARTIDUL SOCIAL DEMOCRAT-voturi","NEAGU CONSTANTIN-PARTIDUL PRO ROMÂNIA-voturi","ŞERBAN CĂTĂLIN-ALEXANDRU-PARTIDUL MIȘCAREA POPULARĂ-voturi","ŢĂRANU REMUS-LEONARD-""ALIANȚA PNL-USR SĂRULEȘTI""-voturi","IORDACHE CĂTĂLIN-PARTIDUL NAȚIONAL LIBERAL-voturi","DUMITRU GRIGORE-PARTIDUL SOCIAL DEMOCRAT-voturi","BURTEA IONEL-PARTIDUL PRO ROMÂNIA-voturi","RĂDUCANU IULIAN-UNIUNEA SALVAȚI ROMÂNIA-voturi","VIŞAN VASILE-PARTIDUL PRO ROMÂNIA-voturi","GEAMBAŞU IULIAN-PARTIDUL NAȚIONAL LIBERAL-voturi","BUCUR ION-PARTIDUL SOCIAL DEMOCRAT-voturi","ARMĂSARU STELA-ALEXANDRINA-PARTIDUL ALIANŢA LIBERALILOR ŞI DEMOCRAŢILOR – ALDE-voturi","ISVORANU ION-PARTIDUL SOCIAL DEMOCRAT-voturi","GHEORGHESCU SILVIU-NIKI-PARTIDUL NAȚIONAL LIBERAL-voturi","PANDEA NICOLAE-PARTIDUL NAȚIONAL LIBERAL-voturi","CHERCIU MARIAN-PARTIDUL SOCIAL DEMOCRAT-voturi","AVRAM GEORGE-PARTIDUL NAȚIONAL LIBERAL-voturi","ZARDOVA IONEL-PARTIDUL SOCIAL DEMOCRAT-voturi","CHIRICĂ CONSTANTIN-PARTIDUL NAȚIONAL LIBERAL-voturi","VOINEA CARLOS-MIHAIL-PARTIDUL SOCIAL DEMOCRAT-voturi","ŞTEFAN NICULAE-PARTIDUL MIȘCAREA POPULARĂ-voturi","CONSTANTIN DUMITRU-PARTIDUL PRO ROMÂNIA-voturi","CATANĂ ION-PARTIDUL NAȚIONAL LIBERAL-voturi","GAMA MARIAN-PARTIDUL PRO ROMÂNIA-voturi","ANTON NICULAE-PARTIDUL ALIANŢA LIBERALILOR ŞI DEMOCRAŢILOR – ALDE-voturi","DRĂGNOI NARCIS-NICULAE-PARTIDUL SOCIAL DEMOCRAT-voturi","VASILE GEORGE-IONUŢ-PARTIDUL VERDE-voturi","SIMA IOANA-PARTIDUL SOCIAL DEMOCRAT-voturi","CANTARAGIU NELU-PARTIDUL NAȚIONAL LIBERAL-voturi","OLTEANU CIPRIAN-ANDREI-PARTIDUL NAȚIONAL LIBERAL-voturi","BELU FLORIAN-PARTIDUL SOCIAL DEMOCRAT-voturi","TATU IONEL-PARTIDUL SOCIAL DEMOCRAT-voturi","BRATU NICOLAE-PARTIDUL NAȚIONAL LIBERAL-voturi","BUCUR CRISTINEL-PARTIDUL PUTERII UMANISTE (SOCIAL-LIBERAL)-voturi","HENDLI DAN-""ALIANȚA PNL-USR VALEA ARGOVEI""-voturi","CULEA DORU-PARTIDUL PRO ROMÂNIA-voturi","BOITAN COSTEL-PARTIDUL SOCIAL DEMOCRAT-voturi","MOLDOVEANU GABRIEL-LUCIAN-PARTIDUL ALIANŢA LIBERALILOR ŞI DEMOCRAŢILOR – ALDE-voturi","DORDEA ROMEO-PARTIDUL MIȘCAREA POPULARĂ-voturi","NIŢU COSTIN-voturi","VASILE LUCIAN-PARTIDUL SOCIAL DEMOCRAT-voturi","CRISTEA GHEORGHE-PARTIDUL MIȘCAREA POPULARĂ-voturi","DUMITRU GEORGICĂ-PARTIDUL NAȚIONAL LIBERAL-voturi","IORDACHE CRISTIAN-PARTIDUL ROMÂNIA MARE-voturi","CONSTANTIN MIHALACHE-PARTIDUL NAȚIONAL LIBERAL-voturi","ILIUŢĂ MARIAN-PARTIDUL SOCIAL DEMOCRAT-voturi","IONIŢĂ PETRE-PARTIDUL PRO ROMÂNIA-voturi","MILOTOI CRISTIAN-PARTIDUL LIBERTATE, UNITATE ȘI SOLIDARITATE-voturi"
12,CĂLĂRAŞI,"ALEXANDRU ODOBESCU",94125,1,FINAL,UAT,P,P_CE,"2020-09-28 08:35:33",2421,2170,1,136,114,1732,1482,0,136,114,1692,37,2350,620,1230,462,0,0,0,0,0,0,0,0,0,0,0,0,0,0,0,0,0,0,0,0,0,0,0,0,0,0,0,0,0,0,0,0,0,0,0,0,0,0,0,0,0,0,0,0,0,0,0,0,0,0,0,0,0,0,0,0,0,0,0,0,0,0,0,0,0,0,0,0,0,0,0,0,0,0,0,0,0,0,0,0,0,0,0,0,0,0,0,0,0,0,0,0,0,0,0,0,0,0,0,0,0,0,0,0,0,0,0,0,0,0,0,0,0,0,0,0,0,0,0,0,0,0,0,0,0,0,0,0,0,0,0,0,0,0,0,0,0,0,0,0,0,0,0,0,0,0,0,0,0,0,0,0,0,0,0,0,0,0,0,0,0,0,0,0,0,0,0,0,0,0,0,0,0,0,0,0,0,0,0,0,0,0,0,0,0,0,0,0,0,0,0,0,0,0,0,0,0,0,0,0,0,0,0,0,0,0,0,0,0,0,0,0,0,0,0
12,CĂLĂRAŞI,BELCIUGATELE,101083,1,FINAL,UAT,P,P_CE,"2020-09-28 05:39:16",1781,1652,3,101,25,1192,1066,0,101,25,1143,49,1819,627,0,0,416,43,684,0,0,0,0,0,0,0,0,0,0,0,0,0,0,0,0,0,0,0,0,0,0,0,0,0,0,0,0,0,0,0,0,0,0,0,0,0,0,0,0,0,0,0,0,0,0,0,0,0,0,0,0,0,0,0,0,0,0,0,0,0,0,0,0,0,0,0,0,0,0,0,0,0,0,0,0,0,0,0,0,0,0,0,0,0,0,0,0,0,0,0,0,0,0,0,0,0,0,0,0,0,0,0,0,0,0,0,0,0,0,0,0,0,0,0,0,0,0,0,0,0,0,0,0,0,0,0,0,0,0,0,0,0,0,0,0,0,0,0,0,0,0,0,0,0,0,0,0,0,0,0,0,0,0,0,0,0,0,0,0,0,0,0,0,0,0,0,0,0,0,0,0,0,0,0,0,0,0,0,0,0,0,0,0,0,0,0,0,0,0,0,0,0,0,0,0,0,0,0,0,0,0,0,0,0,0,0,0,0,0,0,0
12,CĂLĂRAŞI,BORCEA,92961,1,FINAL,UAT,P,P_CE,"2020-09-28 09:47:24",6815,6712,3,61,39,3137,3037,0,61,39,3028,109,7379,4242,0,0,0,0,0,653,150,2179,46,0,0,0,0,0,0,0,0,0,0,0,0,0,0,0,0,0,0,0,0,0,0,0,0,0,0,0,0,0,0,0,0,0,0,0,0,0,0,0,0,0,0,0,0,0,0,0,0,0,0,0,0,0,0,0,0,0,0,0,0,0,0,0,0,0,0,0,0,0,0,0,0,0,0,0,0,0,0,0,0,0,0,0,0,0,0,0,0,0,0,0,0,0,0,0,0,0,0,0,0,0,0,0,0,0,0,0,0,0,0,0,0,0,0,0,0,0,0,0,0,0,0,0,0,0,0,0,0,0,0,0,0,0,0,0,0,0,0,0,0,0,0,0,0,0,0,0,0,0,0,0,0,0,0,0,0,0,0,0,0,0,0,0,0,0,0,0,0,0,0,0,0,0,0,0,0,0,0,0,0,0,0,0,0,0,0,0,0,0,0,0,0,0,0,0,0,0,0,0,0,0,0,0,0,0,0,0,0
12,CĂLĂRAŞI,CĂSCIOARELE,101724,1,FINAL,UAT,P,P_CE,"2020-09-28 07:57:47",1458,1413,3,4,38,1041,997,2,4,38,993,48,1603,562,0,0,0,0,0,0,0,0,0,488,489,16,0,0,0,0,0,0,0,0,0,0,0,0,0,0,0,0,0,0,0,0,0,0,0,0,0,0,0,0,0,0,0,0,0,0,0,0,0,0,0,0,0,0,0,0,0,0,0,0,0,0,0,0,0,0,0,0,0,0,0,0,0,0,0,0,0,0,0,0,0,0,0,0,0,0,0,0,0,0,0,0,0,0,0,0,0,0,0,0,0,0,0,0,0,0,0,0,0,0,0,0,0,0,0,0,0,0,0,0,0,0,0,0,0,0,0,0,0,0,0,0,0,0,0,0,0,0,0,0,0,0,0,0,0,0,0,0,0,0,0,0,0,0,0,0,0,0,0,0,0,0,0,0,0,0,0,0,0,0,0,0,0,0,0,0,0,0,0,0,0,0,0,0,0,0,0,0,0,0,0,0,0,0,0,0,0,0,0,0,0,0,0,0,0,0,0,0,0,0,0,0,0,0,0,0,0
12,CĂLĂRAŞI,CHIRNOGI,101804,1,FINAL,UAT,P,P_CE,"2020-09-28 09:24:34",5973,5925,1,36,11,2944,2897,0,36,11,2690,254,6507,3455,0,0,0,0,0,0,0,0,0,0,0,0,305,1257,135,767,82,58,86,0,0,0,0,0,0,0,0,0,0,0,0,0,0,0,0,0,0,0,0,0,0,0,0,0,0,0,0,0,0,0,0,0,0,0,0,0,0,0,0,0,0,0,0,0,0,0,0,0,0,0,0,0,0,0,0,0,0,0,0,0,0,0,0,0,0,0,0,0,0,0,0,0,0,0,0,0,0,0,0,0,0,0,0,0,0,0,0,0,0,0,0,0,0,0,0,0,0,0,0,0,0,0,0,0,0,0,0,0,0,0,0,0,0,0,0,0,0,0,0,0,0,0,0,0,0,0,0,0,0,0,0,0,0,0,0,0,0,0,0,0,0,0,0,0,0,0,0,0,0,0,0,0,0,0,0,0,0,0,0,0,0,0,0,0,0,0,0,0,0,0,0,0,0,0,0,0,0,0,0,0,0,0,0,0,0,0,0,0,0,0,0,0,0,0,0,0,0
12,CĂLĂRAŞI,CHISELET,101822,1,FINAL,UAT,P,P_CE,"2020-09-28 07:43:46",2527,2478,1,10,38,1401,1353,0,10,38,1332,69,2765,1364,0,0,0,0,0,0,0,0,0,0,0,0,0,0,0,0,0,0,0,920,286,126,0,0,0,0,0,0,0,0,0,0,0,0,0,0,0,0,0,0,0,0,0,0,0,0,0,0,0,0,0,0,0,0,0,0,0,0,0,0,0,0,0,0,0,0,0,0,0,0,0,0,0,0,0,0,0,0,0,0,0,0,0,0,0,0,0,0,0,0,0,0,0,0,0,0,0,0,0,0,0,0,0,0,0,0,0,0,0,0,0,0,0,0,0,0,0,0,0,0,0,0,0,0,0,0,0,0,0,0,0,0,0,0,0,0,0,0,0,0,0,0,0,0,0,0,0,0,0,0,0,0,0,0,0,0,0,0,0,0,0,0,0,0,0,0,0,0,0,0,0,0,0,0,0,0,0,0,0,0,0,0,0,0,0,0,0,0,0,0,0,0,0,0,0,0,0,0,0,0,0,0,0,0,0,0,0,0,0,0,0,0,0,0,0,0,0
12,CĂLĂRAŞI,CIOCĂNEŞTI,93085,1,FINAL,UAT,P,P_CE,"2020-09-28 04:39:31",3432,3320,0,36,76,2150,2038,0,36,76,2037,113,3646,1496,0,0,0,0,0,0,0,0,0,0,0,0,0,0,0,0,0,0,0,0,0,0,1029,40,11,776,181,0,0,0,0,0,0,0,0,0,0,0,0,0,0,0,0,0,0,0,0,0,0,0,0,0,0,0,0,0,0,0,0,0,0,0,0,0,0,0,0,0,0,0,0,0,0,0,0,0,0,0,0,0,0,0,0,0,0,0,0,0,0,0,0,0,0,0,0,0,0,0,0,0,0,0,0,0,0,0,0,0,0,0,0,0,0,0,0,0,0,0,0,0,0,0,0,0,0,0,0,0,0,0,0,0,0,0,0,0,0,0,0,0,0,0,0,0,0,0,0,0,0,0,0,0,0,0,0,0,0,0,0,0,0,0,0,0,0,0,0,0,0,0,0,0,0,0,0,0,0,0,0,0,0,0,0,0,0,0,0,0,0,0,0,0,0,0,0,0,0,0,0,0,0,0,0,0,0,0,0,0,0,0,0,0,0,0,0,0,0
12,CĂLĂRAŞI,CRIVĂŢ,180055,1,FINAL,UAT,P,P_CE,"2020-09-28 05:00:23",1703,1595,1,40,67,1216,1109,0,40,67,1169,47,1830,614,0,0,0,0,0,0,0,0,0,0,0,0,0,0,0,0,0,0,0,0,0,0,0,0,0,0,0,476,351,342,0,0,0,0,0,0,0,0,0,0,0,0,0,0,0,0,0,0,0,0,0,0,0,0,0,0,0,0,0,0,0,0,0,0,0,0,0,0,0,0,0,0,0,0,0,0,0,0,0,0,0,0,0,0,0,0,0,0,0,0,0,0,0,0,0,0,0,0,0,0,0,0,0,0,0,0,0,0,0,0,0,0,0,0,0,0,0,0,0,0,0,0,0,0,0,0,0,0,0,0,0,0,0,0,0,0,0,0,0,0,0,0,0,0,0,0,0,0,0,0,0,0,0,0,0,0,0,0,0,0,0,0,0,0,0,0,0,0,0,0,0,0,0,0,0,0,0,0,0,0,0,0,0,0,0,0,0,0,0,0,0,0,0,0,0,0,0,0,0,0,0,0,0,0,0,0,0,0,0,0,0,0,0,0,0,0,0
12,CĂLĂRAŞI,CURCANI,102419,1,FINAL,UAT,P,P_CE,"2020-09-28 13:48:38",4253,4146,1,65,41,2849,2743,0,65,41,2755,90,4567,1720,0,0,0,0,0,0,0,0,0,0,0,0,0,0,0,0,0,0,0,0,0,0,0,0,0,0,0,0,0,0,95,1455,1205,0,0,0,0,0,0,0,0,0,0,0,0,0,0,0,0,0,0,0,0,0,0,0,0,0,0,0,0,0,0,0,0,0,0,0,0,0,0,0,0,0,0,0,0,0,0,0,0,0,0,0,0,0,0,0,0,0,0,0,0,0,0,0,0,0,0,0,0,0,0,0,0,0,0,0,0,0,0,0,0,0,0,0,0,0,0,0,0,0,0,0,0,0,0,0,0,0,0,0,0,0,0,0,0,0,0,0,0,0,0,0,0,0,0,0,0,0,0,0,0,0,0,0,0,0,0,0,0,0,0,0,0,0,0,0,0,0,0,0,0,0,0,0,0,0,0,0,0,0,0,0,0,0,0,0,0,0,0,0,0,0,0,0,0,0,0,0,0,0,0,0,0,0,0,0,0,0,0,0,0,0,0,0,0
12,CĂLĂRAŞI,"CUZA VODĂ",93281,1,FINAL,UAT,P,P_CE,"2020-09-28 11:34:41",3376,3312,3,25,36,1968,1907,0,25,36,1862,106,3600,1632,0,0,0,0,0,0,0,0,0,0,0,0,0,0,0,0,0,0,0,0,0,0,0,0,0,0,0,0,0,0,0,0,0,5,243,471,759,36,243,65,12,28,0,0,0,0,0,0,0,0,0,0,0,0,0,0,0,0,0,0,0,0,0,0,0,0,0,0,0,0,0,0,0,0,0,0,0,0,0,0,0,0,0,0,0,0,0,0,0,0,0,0,0,0,0,0,0,0,0,0,0,0,0,0,0,0,0,0,0,0,0,0,0,0,0,0,0,0,0,0,0,0,0,0,0,0,0,0,0,0,0,0,0,0,0,0,0,0,0,0,0,0,0,0,0,0,0,0,0,0,0,0,0,0,0,0,0,0,0,0,0,0,0,0,0,0,0,0,0,0,0,0,0,0,0,0,0,0,0,0,0,0,0,0,0,0,0,0,0,0,0,0,0,0,0,0,0,0,0,0,0,0,0,0,0,0,0,0,0,0,0,0,0,0,0,0,0
12,CĂLĂRAŞI,DICHISENI,93325,1,FINAL,UAT,P,P_CE,"2020-09-28 07:16:17",1488,1409,0,16,63,924,845,0,16,63,886,38,1577,653,0,0,0,0,0,0,0,0,0,0,0,0,0,0,0,0,0,0,0,0,0,0,0,0,0,0,0,0,0,0,0,0,0,0,0,0,0,0,0,0,0,0,161,635,14,27,49,0,0,0,0,0,0,0,0,0,0,0,0,0,0,0,0,0,0,0,0,0,0,0,0,0,0,0,0,0,0,0,0,0,0,0,0,0,0,0,0,0,0,0,0,0,0,0,0,0,0,0,0,0,0,0,0,0,0,0,0,0,0,0,0,0,0,0,0,0,0,0,0,0,0,0,0,0,0,0,0,0,0,0,0,0,0,0,0,0,0,0,0,0,0,0,0,0,0,0,0,0,0,0,0,0,0,0,0,0,0,0,0,0,0,0,0,0,0,0,0,0,0,0,0,0,0,0,0,0,0,0,0,0,0,0,0,0,0,0,0,0,0,0,0,0,0,0,0,0,0,0,0,0,0,0,0,0,0,0,0,0,0,0,0,0,0,0,0,0,0
12,CĂLĂRAŞI,"DOR MĂRUNT",93370,1,FINAL,UAT,P,P_CE,"2020-09-28 08:31:03",5344,5095,0,157,92,3556,3307,0,157,92,3421,135,5569,2013,0,0,0,0,0,0,0,0,0,0,0,0,0,0,0,0,0,0,0,0,0,0,0,0,0,0,0,0,0,0,0,0,0,0,0,0,0,0,0,0,0,0,0,0,0,0,0,1896,1525,0,0,0,0,0,0,0,0,0,0,0,0,0,0,0,0,0,0,0,0,0,0,0,0,0,0,0,0,0,0,0,0,0,0,0,0,0,0,0,0,0,0,0,0,0,0,0,0,0,0,0,0,0,0,0,0,0,0,0,0,0,0,0,0,0,0,0,0,0,0,0,0,0,0,0,0,0,0,0,0,0,0,0,0,0,0,0,0,0,0,0,0,0,0,0,0,0,0,0,0,0,0,0,0,0,0,0,0,0,0,0,0,0,0,0,0,0,0,0,0,0,0,0,0,0,0,0,0,0,0,0,0,0,0,0,0,0,0,0,0,0,0,0,0,0,0,0,0,0,0,0,0,0,0,0,0,0,0,0,0,0,0,0,0,0,0,0,0
12,CĂLĂRAŞI,DOROBANŢU,93441,1,FINAL,UAT,P,P_CE,"2020-09-28 07:44:42",2331,2244,1,32,54,1549,1462,1,32,54,1482,67,2452,903,0,0,0,0,0,0,0,0,0,0,0,0,0,0,0,0,0,0,0,0,0,0,0,0,0,0,0,0,0,0,0,0,0,0,0,0,0,0,0,0,0,0,0,0,0,0,0,0,0,36,1063,36,347,0,0,0,0,0,0,0,0,0,0,0,0,0,0,0,0,0,0,0,0,0,0,0,0,0,0,0,0,0,0,0,0,0,0,0,0,0,0,0,0,0,0,0,0,0,0,0,0,0,0,0,0,0,0,0,0,0,0,0,0,0,0,0,0,0,0,0,0,0,0,0,0,0,0,0,0,0,0,0,0,0,0,0,0,0,0,0,0,0,0,0,0,0,0,0,0,0,0,0,0,0,0,0,0,0,0,0,0,0,0,0,0,0,0,0,0,0,0,0,0,0,0,0,0,0,0,0,0,0,0,0,0,0,0,0,0,0,0,0,0,0,0,0,0,0,0,0,0,0,0,0,0,0,0,0,0,0,0,0,0,0,0,0,0
12,CĂLĂRAŞI,DRAGALINA,93487,1,FINAL,UAT,P,P_CE,"2020-09-28 11:49:49",6751,6665,2,53,31,3570,3486,0,53,31,3440,130,7335,3765,0,0,0,0,0,0,0,0,0,0,0,0,0,0,0,0,0,0,0,0,0,0,0,0,0,0,0,0,0,0,0,0,0,0,0,0,0,0,0,0,0,0,0,0,0,0,0,0,0,0,0,0,0,34,2312,1094,0,0,0,0,0,0,0,0,0,0,0,0,0,0,0,0,0,0,0,0,0,0,0,0,0,0,0,0,0,0,0,0,0,0,0,0,0,0,0,0,0,0,0,0,0,0,0,0,0,0,0,0,0,0,0,0,0,0,0,0,0,0,0,0,0,0,0,0,0,0,0,0,0,0,0,0,0,0,0,0,0,0,0,0,0,0,0,0,0,0,0,0,0,0,0,0,0,0,0,0,0,0,0,0,0,0,0,0,0,0,0,0,0,0,0,0,0,0,0,0,0,0,0,0,0,0,0,0,0,0,0,0,0,0,0,0,0,0,0,0,0,0,0,0,0,0,0,0,0,0,0,0,0,0,0,0,0,0,0,0,0
12,CĂLĂRAŞI,"DRAGOŞ VODĂ",93539,1,FINAL,UAT,P,P_CE,"2020-09-28 05:29:45",2259,2129,0,47,83,1369,1239,0,47,83,1329,40,2442,1073,0,0,0,0,0,0,0,0,0,0,0,0,0,0,0,0,0,0,0,0,0,0,0,0,0,0,0,0,0,0,0,0,0,0,0,0,0,0,0,0,0,0,0,0,0,0,0,0,0,0,0,0,0,0,0,0,1132,197,0,0,0,0,0,0,0,0,0,0,0,0,0,0,0,0,0,0,0,0,0,0,0,0,0,0,0,0,0,0,0,0,0,0,0,0,0,0,0,0,0,0,0,0,0,0,0,0,0,0,0,0,0,0,0,0,0,0,0,0,0,0,0,0,0,0,0,0,0,0,0,0,0,0,0,0,0,0,0,0,0,0,0,0,0,0,0,0,0,0,0,0,0,0,0,0,0,0,0,0,0,0,0,0,0,0,0,0,0,0,0,0,0,0,0,0,0,0,0,0,0,0,0,0,0,0,0,0,0,0,0,0,0,0,0,0,0,0,0,0,0,0,0,0,0,0,0,0,0,0,0,0,0,0,0,0,0,0,0
12,CĂLĂRAŞI,FRĂSINET,102838,1,FINAL,UAT,P,P_CE,"2020-09-28 05:43:09",1348,1291,0,51,6,968,911,0,51,6,914,54,1420,452,0,0,0,0,0,0,0,0,0,0,0,0,0,0,0,0,0,0,0,0,0,0,0,0,0,0,0,0,0,0,0,0,0,0,0,0,0,0,0,0,0,0,0,0,0,0,0,0,0,0,0,0,0,0,0,0,0,0,626,288,0,0,0,0,0,0,0,0,0,0,0,0,0,0,0,0,0,0,0,0,0,0,0,0,0,0,0,0,0,0,0,0,0,0,0,0,0,0,0,0,0,0,0,0,0,0,0,0,0,0,0,0,0,0,0,0,0,0,0,0,0,0,0,0,0,0,0,0,0,0,0,0,0,0,0,0,0,0,0,0,0,0,0,0,0,0,0,0,0,0,0,0,0,0,0,0,0,0,0,0,0,0,0,0,0,0,0,0,0,0,0,0,0,0,0,0,0,0,0,0,0,0,0,0,0,0,0,0,0,0,0,0,0,0,0,0,0,0,0,0,0,0,0,0,0,0,0,0,0,0,0,0,0,0,0,0,0
12,CĂLĂRAŞI,FRUMUŞANI,102945,1,FINAL,UAT,P,P_CE,"2020-09-28 14:50:37",4066,3762,0,284,20,2743,2440,0,284,19,2551,191,4142,1400,0,0,0,0,0,0,0,0,0,0,0,0,0,0,0,0,0,0,0,0,0,0,0,0,0,0,0,0,0,0,0,0,0,0,0,0,0,0,0,0,0,0,0,0,0,0,0,0,0,0,0,0,0,0,0,0,0,0,0,0,543,954,365,606,83,0,0,0,0,0,0,0,0,0,0,0,0,0,0,0,0,0,0,0,0,0,0,0,0,0,0,0,0,0,0,0,0,0,0,0,0,0,0,0,0,0,0,0,0,0,0,0,0,0,0,0,0,0,0,0,0,0,0,0,0,0,0,0,0,0,0,0,0,0,0,0,0,0,0,0,0,0,0,0,0,0,0,0,0,0,0,0,0,0,0,0,0,0,0,0,0,0,0,0,0,0,0,0,0,0,0,0,0,0,0,0,0,0,0,0,0,0,0,0,0,0,0,0,0,0,0,0,0,0,0,0,0,0,0,0,0,0,0,0,0,0,0,0,0,0,0,0,0,0,0,0,0
12,CĂLĂRAŞI,FUNDENI,103014,1,FINAL,UAT,P,P_CE,"2020-09-28 06:39:45",3705,3576,0,122,7,2333,2204,0,122,7,2230,103,3991,1658,0,0,0,0,0,0,0,0,0,0,0,0,0,0,0,0,0,0,0,0,0,0,0,0,0,0,0,0,0,0,0,0,0,0,0,0,0,0,0,0,0,0,0,0,0,0,0,0,0,0,0,0,0,0,0,0,0,0,0,0,0,0,0,0,0,30,1289,24,887,0,0,0,0,0,0,0,0,0,0,0,0,0,0,0,0,0,0,0,0,0,0,0,0,0,0,0,0,0,0,0,0,0,0,0,0,0,0,0,0,0,0,0,0,0,0,0,0,0,0,0,0,0,0,0,0,0,0,0,0,0,0,0,0,0,0,0,0,0,0,0,0,0,0,0,0,0,0,0,0,0,0,0,0,0,0,0,0,0,0,0,0,0,0,0,0,0,0,0,0,0,0,0,0,0,0,0,0,0,0,0,0,0,0,0,0,0,0,0,0,0,0,0,0,0,0,0,0,0,0,0,0,0,0,0,0,0,0,0,0,0,0,0,0,0,0,0,0
12,CĂLĂRAŞI,GĂLBINAŞI,179962,1,FINAL,UAT,P,P_CE,"2020-09-28 11:37:13",2735,2678,0,55,2,1956,1899,0,55,2,1839,117,2957,1001,0,0,0,0,0,0,0,0,0,0,0,0,0,0,0,0,0,0,0,0,0,0,0,0,0,0,0,0,0,0,0,0,0,0,0,0,0,0,0,0,0,0,0,0,0,0,0,0,0,0,0,0,0,0,0,0,0,0,0,0,0,0,0,0,0,0,0,0,0,471,1346,22,0,0,0,0,0,0,0,0,0,0,0,0,0,0,0,0,0,0,0,0,0,0,0,0,0,0,0,0,0,0,0,0,0,0,0,0,0,0,0,0,0,0,0,0,0,0,0,0,0,0,0,0,0,0,0,0,0,0,0,0,0,0,0,0,0,0,0,0,0,0,0,0,0,0,0,0,0,0,0,0,0,0,0,0,0,0,0,0,0,0,0,0,0,0,0,0,0,0,0,0,0,0,0,0,0,0,0,0,0,0,0,0,0,0,0,0,0,0,0,0,0,0,0,0,0,0,0,0,0,0,0,0,0,0,0,0,0,0,0,0,0,0,0,0,0
12,CĂLĂRAŞI,GRĂDIŞTEA,93664,1,FINAL,UAT,P,P_CE,"2020-09-28 12:07:18",4093,3973,1,44,75,2589,2470,0,44,75,2496,93,4369,1780,0,0,0,0,0,0,0,0,0,0,0,0,0,0,0,0,0,0,0,0,0,0,0,0,0,0,0,0,0,0,0,0,0,0,0,0,0,0,0,0,0,0,0,0,0,0,0,0,0,0,0,0,0,0,0,0,0,0,0,0,0,0,0,0,0,0,0,0,0,0,0,0,19,1282,1195,0,0,0,0,0,0,0,0,0,0,0,0,0,0,0,0,0,0,0,0,0,0,0,0,0,0,0,0,0,0,0,0,0,0,0,0,0,0,0,0,0,0,0,0,0,0,0,0,0,0,0,0,0,0,0,0,0,0,0,0,0,0,0,0,0,0,0,0,0,0,0,0,0,0,0,0,0,0,0,0,0,0,0,0,0,0,0,0,0,0,0,0,0,0,0,0,0,0,0,0,0,0,0,0,0,0,0,0,0,0,0,0,0,0,0,0,0,0,0,0,0,0,0,0,0,0,0,0,0,0,0,0,0,0,0,0,0,0,0,0,0,0
12,CĂLĂRAŞI,GURBĂNEŞTI,103568,1,FINAL,UAT,P,P_CE,"2020-09-28 05:44:10",1092,849,0,193,50,900,657,0,193,50,860,40,969,69,0,0,0,0,0,0,0,0,0,0,0,0,0,0,0,0,0,0,0,0,0,0,0,0,0,0,0,0,0,0,0,0,0,0,0,0,0,0,0,0,0,0,0,0,0,0,0,0,0,0,0,0,0,0,0,0,0,0,0,0,0,0,0,0,0,0,0,0,0,0,0,0,0,0,0,231,620,9,0,0,0,0,0,0,0,0,0,0,0,0,0,0,0,0,0,0,0,0,0,0,0,0,0,0,0,0,0,0,0,0,0,0,0,0,0,0,0,0,0,0,0,0,0,0,0,0,0,0,0,0,0,0,0,0,0,0,0,0,0,0,0,0,0,0,0,0,0,0,0,0,0,0,0,0,0,0,0,0,0,0,0,0,0,0,0,0,0,0,0,0,0,0,0,0,0,0,0,0,0,0,0,0,0,0,0,0,0,0,0,0,0,0,0,0,0,0,0,0,0,0,0,0,0,0,0,0,0,0,0,0,0,0,0,0,0,0,0
12,CĂLĂRAŞI,ILEANA,103764,1,FINAL,UAT,P,P_CE,"2020-09-28 12:45:59",2454,2374,0,80,0,1372,1292,0,80,0,1288,84,2595,1223,0,0,0,0,0,0,0,0,0,0,0,0,0,0,0,0,0,0,0,0,0,0,0,0,0,0,0,0,0,0,0,0,0,0,0,0,0,0,0,0,0,0,0,0,0,0,0,0,0,0,0,0,0,0,0,0,0,0,0,0,0,0,0,0,0,0,0,0,0,0,0,0,0,0,0,0,0,0,111,135,1042,0,0,0,0,0,0,0,0,0,0,0,0,0,0,0,0,0,0,0,0,0,0,0,0,0,0,0,0,0,0,0,0,0,0,0,0,0,0,0,0,0,0,0,0,0,0,0,0,0,0,0,0,0,0,0,0,0,0,0,0,0,0,0,0,0,0,0,0,0,0,0,0,0,0,0,0,0,0,0,0,0,0,0,0,0,0,0,0,0,0,0,0,0,0,0,0,0,0,0,0,0,0,0,0,0,0,0,0,0,0,0,0,0,0,0,0,0,0,0,0,0,0,0,0,0,0,0,0,0,0,0,0,0,0,0,0
12,CĂLĂRAŞI,INDEPENDENŢA,93771,1,FINAL,UAT,P,P_CE,"2020-09-28 07:19:33",2872,2816,1,35,20,1885,1830,0,35,20,1804,81,3110,1225,0,0,0,0,0,0,0,0,0,0,0,0,0,0,0,0,0,0,0,0,0,0,0,0,0,0,0,0,0,0,0,0,0,0,0,0,0,0,0,0,0,0,0,0,0,0,0,0,0,0,0,0,0,0,0,0,0,0,0,0,0,0,0,0,0,0,0,0,0,0,0,0,0,0,0,0,0,0,0,0,0,39,885,836,21,23,0,0,0,0,0,0,0,0,0,0,0,0,0,0,0,0,0,0,0,0,0,0,0,0,0,0,0,0,0,0,0,0,0,0,0,0,0,0,0,0,0,0,0,0,0,0,0,0,0,0,0,0,0,0,0,0,0,0,0,0,0,0,0,0,0,0,0,0,0,0,0,0,0,0,0,0,0,0,0,0,0,0,0,0,0,0,0,0,0,0,0,0,0,0,0,0,0,0,0,0,0,0,0,0,0,0,0,0,0,0,0,0,0,0,0,0,0,0,0,0,0,0,0,0,0,0,0,0,0,0,0
12,CĂLĂRAŞI,JEGĂLIA,93815,1,FINAL,UAT,P,P_CE,"2020-09-28 12:34:14",3481,3374,3,14,90,1876,1772,0,14,90,1776,100,3807,1931,0,0,0,0,0,0,0,0,0,0,0,0,0,0,0,0,0,0,0,0,0,0,0,0,0,0,0,0,0,0,0,0,0,0,0,0,0,0,0,0,0,0,0,0,0,0,0,0,0,0,0,0,0,0,0,0,0,0,0,0,0,0,0,0,0,0,0,0,0,0,0,0,0,0,0,0,0,0,0,0,0,0,0,0,0,0,285,1438,53,0,0,0,0,0,0,0,0,0,0,0,0,0,0,0,0,0,0,0,0,0,0,0,0,0,0,0,0,0,0,0,0,0,0,0,0,0,0,0,0,0,0,0,0,0,0,0,0,0,0,0,0,0,0,0,0,0,0,0,0,0,0,0,0,0,0,0,0,0,0,0,0,0,0,0,0,0,0,0,0,0,0,0,0,0,0,0,0,0,0,0,0,0,0,0,0,0,0,0,0,0,0,0,0,0,0,0,0,0,0,0,0,0,0,0,0,0,0,0,0,0,0,0,0,0,0,0,0
12,CĂLĂRAŞI,LEHLIU,93851,1,FINAL,UAT,P,P_CE,"2020-09-30 12:40:09",2141,2020,0,52,69,1453,1332,0,52,69,1378,54,2210,778,0,0,0,0,0,0,0,0,0,0,0,0,0,0,0,0,0,0,0,0,0,0,0,0,0,0,0,0,0,0,0,0,0,0,0,0,0,0,0,0,0,0,0,0,0,0,0,0,0,0,0,0,0,0,0,0,0,0,0,0,0,0,0,0,0,0,0,0,0,0,0,0,0,0,0,0,0,0,0,0,0,0,0,0,0,0,0,0,0,376,972,30,0,0,0,0,0,0,0,0,0,0,0,0,0,0,0,0,0,0,0,0,0,0,0,0,0,0,0,0,0,0,0,0,0,0,0,0,0,0,0,0,0,0,0,0,0,0,0,0,0,0,0,0,0,0,0,0,0,0,0,0,0,0,0,0,0,0,0,0,0,0,0,0,0,0,0,0,0,0,0,0,0,0,0,0,0,0,0,0,0,0,0,0,0,0,0,0,0,0,0,0,0,0,0,0,0,0,0,0,0,0,0,0,0,0,0,0,0,0,0,0,0,0,0,0,0
12,CĂLĂRAŞI,LUICA,104083,1,FINAL,UAT,P,P_CE,"2020-09-30 20:06:16",1721,1639,0,62,20,1129,1047,0,62,20,1057,72,1832,703,0,0,0,0,0,0,0,0,0,0,0,0,0,0,0,0,0,0,0,0,0,0,0,0,0,0,0,0,0,0,0,0,0,0,0,0,0,0,0,0,0,0,0,0,0,0,0,0,0,0,0,0,0,0,0,0,0,0,0,0,0,0,0,0,0,0,0,0,0,0,0,0,0,0,0,0,0,0,0,0,0,0,0,0,0,0,0,0,0,0,0,0,408,6,74,569,0,0,0,0,0,0,0,0,0,0,0,0,0,0,0,0,0,0,0,0,0,0,0,0,0,0,0,0,0,0,0,0,0,0,0,0,0,0,0,0,0,0,0,0,0,0,0,0,0,0,0,0,0,0,0,0,0,0,0,0,0,0,0,0,0,0,0,0,0,0,0,0,0,0,0,0,0,0,0,0,0,0,0,0,0,0,0,0,0,0,0,0,0,0,0,0,0,0,0,0,0,0,0,0,0,0,0,0,0,0,0,0,0,0,0,0,0,0,0,0,0
12,CĂLĂRAŞI,LUPŞANU,93931,1,FINAL,UAT,P,P_CE,"2020-09-28 08:04:25",2556,2410,0,123,23,1735,1589,0,123,23,1637,98,2655,920,0,0,0,0,0,0,0,0,0,0,0,0,0,0,0,0,0,0,0,0,0,0,0,0,0,0,0,0,0,0,0,0,0,0,0,0,0,0,0,0,0,0,0,0,0,0,0,0,0,0,0,0,0,0,0,0,0,0,0,0,0,0,0,0,0,0,0,0,0,0,0,0,0,0,0,0,0,0,0,0,0,0,0,0,0,0,0,0,0,0,0,0,0,0,0,0,590,66,371,304,306,0,0,0,0,0,0,0,0,0,0,0,0,0,0,0,0,0,0,0,0,0,0,0,0,0,0,0,0,0,0,0,0,0,0,0,0,0,0,0,0,0,0,0,0,0,0,0,0,0,0,0,0,0,0,0,0,0,0,0,0,0,0,0,0,0,0,0,0,0,0,0,0,0,0,0,0,0,0,0,0,0,0,0,0,0,0,0,0,0,0,0,0,0,0,0,0,0,0,0,0,0,0,0,0,0,0,0,0,0,0,0,0,0,0,0,0
12,CĂLĂRAŞI,MÂNĂSTIREA,104181,1,FINAL,UAT,P,P_CE,"2020-09-28 06:31:11",4310,4230,1,49,30,2589,2510,0,49,30,2469,120,4695,2106,0,0,0,0,0,0,0,0,0,0,0,0,0,0,0,0,0,0,0,0,0,0,0,0,0,0,0,0,0,0,0,0,0,0,0,0,0,0,0,0,0,0,0,0,0,0,0,0,0,0,0,0,0,0,0,0,0,0,0,0,0,0,0,0,0,0,0,0,0,0,0,0,0,0,0,0,0,0,0,0,0,0,0,0,0,0,0,0,0,0,0,0,0,0,0,0,0,0,0,0,0,880,63,1526,0,0,0,0,0,0,0,0,0,0,0,0,0,0,0,0,0,0,0,0,0,0,0,0,0,0,0,0,0,0,0,0,0,0,0,0,0,0,0,0,0,0,0,0,0,0,0,0,0,0,0,0,0,0,0,0,0,0,0,0,0,0,0,0,0,0,0,0,0,0,0,0,0,0,0,0,0,0,0,0,0,0,0,0,0,0,0,0,0,0,0,0,0,0,0,0,0,0,0,0,0,0,0,0,0,0,0,0,0,0,0,0,0
12,CĂLĂRAŞI,MITRENI,100638,1,FINAL,UAT,P,P_CE,"2020-09-28 13:30:13",3375,3337,1,37,0,1967,1930,0,37,0,1873,88,3668,1707,0,0,0,0,0,0,0,0,0,0,0,0,0,0,0,0,0,0,0,0,0,0,0,0,0,0,0,0,0,0,0,0,0,0,0,0,0,0,0,0,0,0,0,0,0,0,0,0,0,0,0,0,0,0,0,0,0,0,0,0,0,0,0,0,0,0,0,0,0,0,0,0,0,0,0,0,0,0,0,0,0,0,0,0,0,0,0,0,0,0,0,0,0,0,0,0,0,0,0,0,0,0,0,0,45,1055,773,0,0,0,0,0,0,0,0,0,0,0,0,0,0,0,0,0,0,0,0,0,0,0,0,0,0,0,0,0,0,0,0,0,0,0,0,0,0,0,0,0,0,0,0,0,0,0,0,0,0,0,0,0,0,0,0,0,0,0,0,0,0,0,0,0,0,0,0,0,0,0,0,0,0,0,0,0,0,0,0,0,0,0,0,0,0,0,0,0,0,0,0,0,0,0,0,0,0,0,0,0,0,0,0,0,0,0,0,0,0
12,CĂLĂRAŞI,MODELU,92587,1,FINAL,UAT,P,P_CE,"2020-09-28 09:45:14",8156,8082,2,19,53,4023,3951,0,19,53,3828,195,8930,4907,0,0,0,0,0,0,0,0,0,0,0,0,0,0,0,0,0,0,0,0,0,0,0,0,0,0,0,0,0,0,0,0,0,0,0,0,0,0,0,0,0,0,0,0,0,0,0,0,0,0,0,0,0,0,0,0,0,0,0,0,0,0,0,0,0,0,0,0,0,0,0,0,0,0,0,0,0,0,0,0,0,0,0,0,0,0,0,0,0,0,0,0,0,0,0,0,0,0,0,0,0,0,0,0,0,0,0,323,859,117,2529,0,0,0,0,0,0,0,0,0,0,0,0,0,0,0,0,0,0,0,0,0,0,0,0,0,0,0,0,0,0,0,0,0,0,0,0,0,0,0,0,0,0,0,0,0,0,0,0,0,0,0,0,0,0,0,0,0,0,0,0,0,0,0,0,0,0,0,0,0,0,0,0,0,0,0,0,0,0,0,0,0,0,0,0,0,0,0,0,0,0,0,0,0,0,0,0,0,0,0,0,0,0,0,0,0,0
12,CĂLĂRAŞI,"MUNICIPIUL CĂLĂRAŞI",92569,1,FINAL,UAT,P,P_CE,"2020-09-28 14:38:29",62136,61299,103,661,73,24548,23816,2,661,69,23668,876,67710,43160,0,0,0,0,0,0,0,0,0,0,0,0,0,0,0,0,0,0,0,0,0,0,0,0,0,0,0,0,0,0,0,0,0,0,0,0,0,0,0,0,0,0,0,0,0,0,0,0,0,0,0,0,0,0,0,0,0,0,0,0,0,0,0,0,0,0,0,0,0,0,0,0,0,0,0,0,0,0,0,0,0,0,0,0,0,0,0,0,0,0,0,0,0,0,0,0,0,0,0,0,0,0,0,0,0,0,0,0,0,0,0,7802,1781,1315,10281,524,1038,324,292,311,0,0,0,0,0,0,0,0,0,0,0,0,0,0,0,0,0,0,0,0,0,0,0,0,0,0,0,0,0,0,0,0,0,0,0,0,0,0,0,0,0,0,0,0,0,0,0,0,0,0,0,0,0,0,0,0,0,0,0,0,0,0,0,0,0,0,0,0,0,0,0,0,0,0,0,0,0,0,0,0,0,0,0,0,0,0,0,0,0,0,0,0,0,0,0,0,0
12,CĂLĂRAŞI,"MUNICIPIUL OLTENIŢA",100610,1,FINAL,UAT,P,P_CE,"2020-09-29 14:12:03",22756,22523,17,164,52,9139,8923,0,164,52,8822,317,24890,15751,0,0,0,0,0,0,0,0,0,0,0,0,0,0,0,0,0,0,0,0,0,0,0,0,0,0,0,0,0,0,0,0,0,0,0,0,0,0,0,0,0,0,0,0,0,0,0,0,0,0,0,0,0,0,0,0,0,0,0,0,0,0,0,0,0,0,0,0,0,0,0,0,0,0,0,0,0,0,0,0,0,0,0,0,0,0,0,0,0,0,0,0,0,0,0,0,0,0,0,0,0,0,0,0,0,0,0,0,0,0,0,0,0,0,0,0,0,0,0,0,3954,801,2475,632,387,275,151,147,0,0,0,0,0,0,0,0,0,0,0,0,0,0,0,0,0,0,0,0,0,0,0,0,0,0,0,0,0,0,0,0,0,0,0,0,0,0,0,0,0,0,0,0,0,0,0,0,0,0,0,0,0,0,0,0,0,0,0,0,0,0,0,0,0,0,0,0,0,0,0,0,0,0,0,0,0,0,0,0,0,0,0,0,0,0,0,0,0
12,CĂLĂRAŞI,NANA,104323,1,FINAL,UAT,P,P_CE,"2020-09-28 07:51:07",1915,1810,0,20,85,1094,989,0,20,85,1015,79,1977,883,0,0,0,0,0,0,0,0,0,0,0,0,0,0,0,0,0,0,0,0,0,0,0,0,0,0,0,0,0,0,0,0,0,0,0,0,0,0,0,0,0,0,0,0,0,0,0,0,0,0,0,0,0,0,0,0,0,0,0,0,0,0,0,0,0,0,0,0,0,0,0,0,0,0,0,0,0,0,0,0,0,0,0,0,0,0,0,0,0,0,0,0,0,0,0,0,0,0,0,0,0,0,0,0,0,0,0,0,0,0,0,0,0,0,0,0,0,0,0,0,0,0,0,0,0,0,0,0,591,29,42,303,50,0,0,0,0,0,0,0,0,0,0,0,0,0,0,0,0,0,0,0,0,0,0,0,0,0,0,0,0,0,0,0,0,0,0,0,0,0,0,0,0,0,0,0,0,0,0,0,0,0,0,0,0,0,0,0,0,0,0,0,0,0,0,0,0,0,0,0,0,0,0,0,0,0,0,0,0,0,0,0,0,0,0,0,0
12,CĂLĂRAŞI,"NICOLAE BĂLCESCU",104341,1,FINAL,UAT,P,P_CE,"2020-09-28 09:06:11",1431,1220,0,171,40,1104,893,0,171,40,1046,58,1335,231,0,0,0,0,0,0,0,0,0,0,0,0,0,0,0,0,0,0,0,0,0,0,0,0,0,0,0,0,0,0,0,0,0,0,0,0,0,0,0,0,0,0,0,0,0,0,0,0,0,0,0,0,0,0,0,0,0,0,0,0,0,0,0,0,0,0,0,0,0,0,0,0,0,0,0,0,0,0,0,0,0,0,0,0,0,0,0,0,0,0,0,0,0,0,0,0,0,0,0,0,0,0,0,0,0,0,0,0,0,0,0,0,0,0,0,0,0,0,0,0,0,0,0,0,0,0,0,0,0,0,0,0,0,395,34,7,610,0,0,0,0,0,0,0,0,0,0,0,0,0,0,0,0,0,0,0,0,0,0,0,0,0,0,0,0,0,0,0,0,0,0,0,0,0,0,0,0,0,0,0,0,0,0,0,0,0,0,0,0,0,0,0,0,0,0,0,0,0,0,0,0,0,0,0,0,0,0,0,0,0,0,0,0,0,0,0,0
12,CĂLĂRAŞI,"ORAŞ BUDEŞTI",101458,1,FINAL,UAT,P,P_CE,"2020-09-28 16:02:52",5750,5670,0,80,0,3349,3269,0,80,0,3111,238,6234,2885,0,0,0,0,0,0,0,0,0,0,0,0,0,0,0,0,0,0,0,0,0,0,0,0,0,0,0,0,0,0,0,0,0,0,0,0,0,0,0,0,0,0,0,0,0,0,0,0,0,0,0,0,0,0,0,0,0,0,0,0,0,0,0,0,0,0,0,0,0,0,0,0,0,0,0,0,0,0,0,0,0,0,0,0,0,0,0,0,0,0,0,0,0,0,0,0,0,0,0,0,0,0,0,0,0,0,0,0,0,0,0,0,0,0,0,0,0,0,0,0,0,0,0,0,0,0,0,0,0,0,0,0,0,0,0,0,0,58,652,869,525,1007,0,0,0,0,0,0,0,0,0,0,0,0,0,0,0,0,0,0,0,0,0,0,0,0,0,0,0,0,0,0,0,0,0,0,0,0,0,0,0,0,0,0,0,0,0,0,0,0,0,0,0,0,0,0,0,0,0,0,0,0,0,0,0,0,0,0,0,0,0,0,0,0,0,0,0
12,CĂLĂRAŞI,"ORAŞ FUNDULEA",103032,1,FINAL,UAT,P,P_CE,"2020-09-28 08:59:02",5267,5005,2,235,25,3765,3505,0,235,25,3604,161,5725,1960,0,0,0,0,0,0,0,0,0,0,0,0,0,0,0,0,0,0,0,0,0,0,0,0,0,0,0,0,0,0,0,0,0,0,0,0,0,0,0,0,0,0,0,0,0,0,0,0,0,0,0,0,0,0,0,0,0,0,0,0,0,0,0,0,0,0,0,0,0,0,0,0,0,0,0,0,0,0,0,0,0,0,0,0,0,0,0,0,0,0,0,0,0,0,0,0,0,0,0,0,0,0,0,0,0,0,0,0,0,0,0,0,0,0,0,0,0,0,0,0,0,0,0,0,0,0,0,0,0,0,0,0,0,0,0,0,0,0,0,0,0,0,1294,2115,195,0,0,0,0,0,0,0,0,0,0,0,0,0,0,0,0,0,0,0,0,0,0,0,0,0,0,0,0,0,0,0,0,0,0,0,0,0,0,0,0,0,0,0,0,0,0,0,0,0,0,0,0,0,0,0,0,0,0,0,0,0,0,0,0,0,0,0,0,0,0,0,0
12,CĂLĂRAŞI,"ORAŞ LEHLIU-GARĂ",93888,1,FINAL,UAT,P,P_CE,"2020-09-28 09:10:31",5362,5241,3,105,13,3182,3064,0,105,13,3004,175,5799,2620,0,0,0,0,0,0,0,0,0,0,0,0,0,0,0,0,0,0,0,0,0,0,0,0,0,0,0,0,0,0,0,0,0,0,0,0,0,0,0,0,0,0,0,0,0,0,0,0,0,0,0,0,0,0,0,0,0,0,0,0,0,0,0,0,0,0,0,0,0,0,0,0,0,0,0,0,0,0,0,0,0,0,0,0,0,0,0,0,0,0,0,0,0,0,0,0,0,0,0,0,0,0,0,0,0,0,0,0,0,0,0,0,0,0,0,0,0,0,0,0,0,0,0,0,0,0,0,0,0,0,0,0,0,0,0,0,0,0,0,0,0,0,0,0,0,108,1749,171,866,110,0,0,0,0,0,0,0,0,0,0,0,0,0,0,0,0,0,0,0,0,0,0,0,0,0,0,0,0,0,0,0,0,0,0,0,0,0,0,0,0,0,0,0,0,0,0,0,0,0,0,0,0,0,0,0,0,0,0,0,0,0,0,0,0,0,0,0
12,CĂLĂRAŞI,PERIŞORU,94223,1,FINAL,UAT,P,P_CE,"2020-09-28 19:12:37",4287,4204,7,32,44,2565,2488,1,32,44,2489,76,4614,2049,0,0,0,0,0,0,0,0,0,0,0,0,0,0,0,0,0,0,0,0,0,0,0,0,0,0,0,0,0,0,0,0,0,0,0,0,0,0,0,0,0,0,0,0,0,0,0,0,0,0,0,0,0,0,0,0,0,0,0,0,0,0,0,0,0,0,0,0,0,0,0,0,0,0,0,0,0,0,0,0,0,0,0,0,0,0,0,0,0,0,0,0,0,0,0,0,0,0,0,0,0,0,0,0,0,0,0,0,0,0,0,0,0,0,0,0,0,0,0,0,0,0,0,0,0,0,0,0,0,0,0,0,0,0,0,0,0,0,0,0,0,0,0,0,0,0,0,0,0,0,750,447,62,1051,57,86,36,0,0,0,0,0,0,0,0,0,0,0,0,0,0,0,0,0,0,0,0,0,0,0,0,0,0,0,0,0,0,0,0,0,0,0,0,0,0,0,0,0,0,0,0,0,0,0,0,0,0,0,0,0,0,0,0,0,0,0,0
12,CĂLĂRAŞI,PLĂTĂREŞTI,104635,1,FINAL,UAT,P,P_CE,"2020-09-28 05:39:51",2697,2617,2,63,15,1530,1451,1,63,15,1445,82,2875,1348,0,0,0,0,0,0,0,0,0,0,0,0,0,0,0,0,0,0,0,0,0,0,0,0,0,0,0,0,0,0,0,0,0,0,0,0,0,0,0,0,0,0,0,0,0,0,0,0,0,0,0,0,0,0,0,0,0,0,0,0,0,0,0,0,0,0,0,0,0,0,0,0,0,0,0,0,0,0,0,0,0,0,0,0,0,0,0,0,0,0,0,0,0,0,0,0,0,0,0,0,0,0,0,0,0,0,0,0,0,0,0,0,0,0,0,0,0,0,0,0,0,0,0,0,0,0,0,0,0,0,0,0,0,0,0,0,0,0,0,0,0,0,0,0,0,0,0,0,0,0,0,0,0,0,0,0,0,380,943,64,52,6,0,0,0,0,0,0,0,0,0,0,0,0,0,0,0,0,0,0,0,0,0,0,0,0,0,0,0,0,0,0,0,0,0,0,0,0,0,0,0,0,0,0,0,0,0,0,0,0,0,0,0,0,0,0,0
12,CĂLĂRAŞI,RADOVANU,104751,1,FINAL,UAT,P,P_CE,"2020-09-28 12:48:15",3535,3266,1,154,114,2373,2105,0,154,114,2268,105,3588,1215,0,0,0,0,0,0,0,0,0,0,0,0,0,0,0,0,0,0,0,0,0,0,0,0,0,0,0,0,0,0,0,0,0,0,0,0,0,0,0,0,0,0,0,0,0,0,0,0,0,0,0,0,0,0,0,0,0,0,0,0,0,0,0,0,0,0,0,0,0,0,0,0,0,0,0,0,0,0,0,0,0,0,0,0,0,0,0,0,0,0,0,0,0,0,0,0,0,0,0,0,0,0,0,0,0,0,0,0,0,0,0,0,0,0,0,0,0,0,0,0,0,0,0,0,0,0,0,0,0,0,0,0,0,0,0,0,0,0,0,0,0,0,0,0,0,0,0,0,0,0,0,0,0,0,0,0,0,0,0,0,0,0,1095,36,1110,27,0,0,0,0,0,0,0,0,0,0,0,0,0,0,0,0,0,0,0,0,0,0,0,0,0,0,0,0,0,0,0,0,0,0,0,0,0,0,0,0,0,0,0,0,0,0,0,0,0,0,0
12,CĂLĂRAŞI,ROSEŢI,94312,1,FINAL,UAT,P,P_CE,"2020-09-28 10:06:01",5034,4992,6,15,21,2750,2714,0,15,21,2618,132,5488,2738,0,0,0,0,0,0,0,0,0,0,0,0,0,0,0,0,0,0,0,0,0,0,0,0,0,0,0,0,0,0,0,0,0,0,0,0,0,0,0,0,0,0,0,0,0,0,0,0,0,0,0,0,0,0,0,0,0,0,0,0,0,0,0,0,0,0,0,0,0,0,0,0,0,0,0,0,0,0,0,0,0,0,0,0,0,0,0,0,0,0,0,0,0,0,0,0,0,0,0,0,0,0,0,0,0,0,0,0,0,0,0,0,0,0,0,0,0,0,0,0,0,0,0,0,0,0,0,0,0,0,0,0,0,0,0,0,0,0,0,0,0,0,0,0,0,0,0,0,0,0,0,0,0,0,0,0,0,0,0,0,0,0,0,0,0,0,921,82,1615,0,0,0,0,0,0,0,0,0,0,0,0,0,0,0,0,0,0,0,0,0,0,0,0,0,0,0,0,0,0,0,0,0,0,0,0,0,0,0,0,0,0,0,0,0,0,0,0
12,CĂLĂRAŞI,SĂRULEŞTI,104886,1,FINAL,UAT,P,P_CE,"2020-09-28 07:47:46",2293,2149,0,107,37,1689,1545,0,107,37,1585,104,2397,708,0,0,0,0,0,0,0,0,0,0,0,0,0,0,0,0,0,0,0,0,0,0,0,0,0,0,0,0,0,0,0,0,0,0,0,0,0,0,0,0,0,0,0,0,0,0,0,0,0,0,0,0,0,0,0,0,0,0,0,0,0,0,0,0,0,0,0,0,0,0,0,0,0,0,0,0,0,0,0,0,0,0,0,0,0,0,0,0,0,0,0,0,0,0,0,0,0,0,0,0,0,0,0,0,0,0,0,0,0,0,0,0,0,0,0,0,0,0,0,0,0,0,0,0,0,0,0,0,0,0,0,0,0,0,0,0,0,0,0,0,0,0,0,0,0,0,0,0,0,0,0,0,0,0,0,0,0,0,0,0,0,0,0,0,0,0,0,0,0,1232,12,257,84,0,0,0,0,0,0,0,0,0,0,0,0,0,0,0,0,0,0,0,0,0,0,0,0,0,0,0,0,0,0,0,0,0,0,0,0,0,0,0,0,0,0,0,0
12,CĂLĂRAŞI,SOHATU,105222,1,FINAL,UAT,P,P_CE,"2020-09-28 12:47:36",2217,2015,0,202,0,1578,1376,0,202,0,1453,125,2207,629,0,0,0,0,0,0,0,0,0,0,0,0,0,0,0,0,0,0,0,0,0,0,0,0,0,0,0,0,0,0,0,0,0,0,0,0,0,0,0,0,0,0,0,0,0,0,0,0,0,0,0,0,0,0,0,0,0,0,0,0,0,0,0,0,0,0,0,0,0,0,0,0,0,0,0,0,0,0,0,0,0,0,0,0,0,0,0,0,0,0,0,0,0,0,0,0,0,0,0,0,0,0,0,0,0,0,0,0,0,0,0,0,0,0,0,0,0,0,0,0,0,0,0,0,0,0,0,0,0,0,0,0,0,0,0,0,0,0,0,0,0,0,0,0,0,0,0,0,0,0,0,0,0,0,0,0,0,0,0,0,0,0,0,0,0,0,0,0,0,0,0,0,0,802,575,32,44,0,0,0,0,0,0,0,0,0,0,0,0,0,0,0,0,0,0,0,0,0,0,0,0,0,0,0,0,0,0,0,0,0,0,0,0,0,0,0,0
12,CĂLĂRAŞI,ŞOLDANU,105384,1,FINAL,UAT,P,P_CE,"2020-09-28 15:25:58",2584,2480,0,24,80,1619,1515,0,24,80,1529,90,2834,1215,0,0,0,0,0,0,0,0,0,0,0,0,0,0,0,0,0,0,0,0,0,0,0,0,0,0,0,0,0,0,0,0,0,0,0,0,0,0,0,0,0,0,0,0,0,0,0,0,0,0,0,0,0,0,0,0,0,0,0,0,0,0,0,0,0,0,0,0,0,0,0,0,0,0,0,0,0,0,0,0,0,0,0,0,0,0,0,0,0,0,0,0,0,0,0,0,0,0,0,0,0,0,0,0,0,0,0,0,0,0,0,0,0,0,0,0,0,0,0,0,0,0,0,0,0,0,0,0,0,0,0,0,0,0,0,0,0,0,0,0,0,0,0,0,0,0,0,0,0,0,0,0,0,0,0,0,0,0,0,0,0,0,0,0,0,0,0,0,0,0,0,0,0,0,0,0,0,101,815,613,0,0,0,0,0,0,0,0,0,0,0,0,0,0,0,0,0,0,0,0,0,0,0,0,0,0,0,0,0,0,0,0,0,0,0,0,0
12,CĂLĂRAŞI,SPANŢOV,105259,1,FINAL,UAT,P,P_CE,"2020-09-28 08:01:24",3662,3602,2,29,29,2202,2144,0,29,29,2145,57,3960,1758,0,0,0,0,0,0,0,0,0,0,0,0,0,0,0,0,0,0,0,0,0,0,0,0,0,0,0,0,0,0,0,0,0,0,0,0,0,0,0,0,0,0,0,0,0,0,0,0,0,0,0,0,0,0,0,0,0,0,0,0,0,0,0,0,0,0,0,0,0,0,0,0,0,0,0,0,0,0,0,0,0,0,0,0,0,0,0,0,0,0,0,0,0,0,0,0,0,0,0,0,0,0,0,0,0,0,0,0,0,0,0,0,0,0,0,0,0,0,0,0,0,0,0,0,0,0,0,0,0,0,0,0,0,0,0,0,0,0,0,0,0,0,0,0,0,0,0,0,0,0,0,0,0,0,0,0,0,0,0,0,0,0,0,0,0,0,0,0,0,0,0,0,0,0,0,0,0,0,0,0,29,577,1539,0,0,0,0,0,0,0,0,0,0,0,0,0,0,0,0,0,0,0,0,0,0,0,0,0,0,0,0,0,0,0,0,0,0
12,CĂLĂRAŞI,"ŞTEFAN CEL MARE",94562,1,FINAL,UAT,P,P_CE,"2020-09-28 05:05:47",2671,2610,0,3,58,1379,1318,0,3,58,1345,34,2939,1560,0,0,0,0,0,0,0,0,0,0,0,0,0,0,0,0,0,0,0,0,0,0,0,0,0,0,0,0,0,0,0,0,0,0,0,0,0,0,0,0,0,0,0,0,0,0,0,0,0,0,0,0,0,0,0,0,0,0,0,0,0,0,0,0,0,0,0,0,0,0,0,0,0,0,0,0,0,0,0,0,0,0,0,0,0,0,0,0,0,0,0,0,0,0,0,0,0,0,0,0,0,0,0,0,0,0,0,0,0,0,0,0,0,0,0,0,0,0,0,0,0,0,0,0,0,0,0,0,0,0,0,0,0,0,0,0,0,0,0,0,0,0,0,0,0,0,0,0,0,0,0,0,0,0,0,0,0,0,0,0,0,0,0,0,0,0,0,0,0,0,0,0,0,0,0,0,0,0,0,0,0,0,0,1032,313,0,0,0,0,0,0,0,0,0,0,0,0,0,0,0,0,0,0,0,0,0,0,0,0,0,0,0,0,0,0,0,0
12,CĂLĂRAŞI,"ŞTEFAN VODĂ",94580,1,FINAL,UAT,P,P_CE,"2020-09-28 10:18:01",1935,1881,0,13,41,1194,1140,0,13,41,1153,40,2057,863,0,0,0,0,0,0,0,0,0,0,0,0,0,0,0,0,0,0,0,0,0,0,0,0,0,0,0,0,0,0,0,0,0,0,0,0,0,0,0,0,0,0,0,0,0,0,0,0,0,0,0,0,0,0,0,0,0,0,0,0,0,0,0,0,0,0,0,0,0,0,0,0,0,0,0,0,0,0,0,0,0,0,0,0,0,0,0,0,0,0,0,0,0,0,0,0,0,0,0,0,0,0,0,0,0,0,0,0,0,0,0,0,0,0,0,0,0,0,0,0,0,0,0,0,0,0,0,0,0,0,0,0,0,0,0,0,0,0,0,0,0,0,0,0,0,0,0,0,0,0,0,0,0,0,0,0,0,0,0,0,0,0,0,0,0,0,0,0,0,0,0,0,0,0,0,0,0,0,0,0,0,0,0,0,0,485,668,0,0,0,0,0,0,0,0,0,0,0,0,0,0,0,0,0,0,0,0,0,0,0,0,0,0,0,0,0,0
12,CĂLĂRAŞI,"TĂMĂDĂU MARE",105455,1,FINAL,UAT,P,P_CE,"2020-09-28 09:10:56",1969,1945,0,15,9,1187,1163,0,15,9,1128,59,2142,955,0,0,0,0,0,0,0,0,0,0,0,0,0,0,0,0,0,0,0,0,0,0,0,0,0,0,0,0,0,0,0,0,0,0,0,0,0,0,0,0,0,0,0,0,0,0,0,0,0,0,0,0,0,0,0,0,0,0,0,0,0,0,0,0,0,0,0,0,0,0,0,0,0,0,0,0,0,0,0,0,0,0,0,0,0,0,0,0,0,0,0,0,0,0,0,0,0,0,0,0,0,0,0,0,0,0,0,0,0,0,0,0,0,0,0,0,0,0,0,0,0,0,0,0,0,0,0,0,0,0,0,0,0,0,0,0,0,0,0,0,0,0,0,0,0,0,0,0,0,0,0,0,0,0,0,0,0,0,0,0,0,0,0,0,0,0,0,0,0,0,0,0,0,0,0,0,0,0,0,0,0,0,0,0,0,0,0,607,182,143,196,0,0,0,0,0,0,0,0,0,0,0,0,0,0,0,0,0,0,0,0,0,0,0,0,0,0
12,CĂLĂRAŞI,ULMENI,105605,1,FINAL,UAT,P,P_CE,"2020-09-28 09:20:35",3970,3892,2,50,26,2297,2220,1,50,26,2160,108,4328,2060,0,0,0,0,0,0,0,0,0,0,0,0,0,0,0,0,0,0,0,0,0,0,0,0,0,0,0,0,0,0,0,0,0,0,0,0,0,0,0,0,0,0,0,0,0,0,0,0,0,0,0,0,0,0,0,0,0,0,0,0,0,0,0,0,0,0,0,0,0,0,0,0,0,0,0,0,0,0,0,0,0,0,0,0,0,0,0,0,0,0,0,0,0,0,0,0,0,0,0,0,0,0,0,0,0,0,0,0,0,0,0,0,0,0,0,0,0,0,0,0,0,0,0,0,0,0,0,0,0,0,0,0,0,0,0,0,0,0,0,0,0,0,0,0,0,0,0,0,0,0,0,0,0,0,0,0,0,0,0,0,0,0,0,0,0,0,0,0,0,0,0,0,0,0,0,0,0,0,0,0,0,0,0,0,0,0,0,0,0,0,0,912,57,41,1123,27,0,0,0,0,0,0,0,0,0,0,0,0,0,0,0,0,0,0,0,0,0
12,CĂLĂRAŞI,ULMU,94606,1,FINAL,UAT,P,P_CE,"2020-09-28 07:48:36",1316,1068,0,169,79,961,714,0,168,79,931,30,1169,208,0,0,0,0,0,0,0,0,0,0,0,0,0,0,0,0,0,0,0,0,0,0,0,0,0,0,0,0,0,0,0,0,0,0,0,0,0,0,0,0,0,0,0,0,0,0,0,0,0,0,0,0,0,0,0,0,0,0,0,0,0,0,0,0,0,0,0,0,0,0,0,0,0,0,0,0,0,0,0,0,0,0,0,0,0,0,0,0,0,0,0,0,0,0,0,0,0,0,0,0,0,0,0,0,0,0,0,0,0,0,0,0,0,0,0,0,0,0,0,0,0,0,0,0,0,0,0,0,0,0,0,0,0,0,0,0,0,0,0,0,0,0,0,0,0,0,0,0,0,0,0,0,0,0,0,0,0,0,0,0,0,0,0,0,0,0,0,0,0,0,0,0,0,0,0,0,0,0,0,0,0,0,0,0,0,0,0,0,0,0,0,0,0,0,0,0,276,655,0,0,0,0,0,0,0,0,0,0,0,0,0,0,0,0,0,0,0
12,CĂLĂRAŞI,UNIREA,94651,1,FINAL,UAT,P,P_CE,"2020-09-28 09:49:13",2428,2258,0,60,110,1642,1472,0,60,110,1571,63,2533,899,0,0,0,0,0,0,0,0,0,0,0,0,0,0,0,0,0,0,0,0,0,0,0,0,0,0,0,0,0,0,0,0,0,0,0,0,0,0,0,0,0,0,0,0,0,0,0,0,0,0,0,0,0,0,0,0,0,0,0,0,0,0,0,0,0,0,0,0,0,0,0,0,0,0,0,0,0,0,0,0,0,0,0,0,0,0,0,0,0,0,0,0,0,0,0,0,0,0,0,0,0,0,0,0,0,0,0,0,0,0,0,0,0,0,0,0,0,0,0,0,0,0,0,0,0,0,0,0,0,0,0,0,0,0,0,0,0,0,0,0,0,0,0,0,0,0,0,0,0,0,0,0,0,0,0,0,0,0,0,0,0,0,0,0,0,0,0,0,0,0,0,0,0,0,0,0,0,0,0,0,0,0,0,0,0,0,0,0,0,0,0,0,0,0,0,0,0,0,812,759,0,0,0,0,0,0,0,0,0,0,0,0,0,0,0,0,0
12,CĂLĂRAŞI,VÂLCELELE,94731,1,FINAL,UAT,P,P_CE,"2020-09-28 05:30:27",1408,1302,0,27,79,854,748,0,27,79,813,41,1512,658,0,0,0,0,0,0,0,0,0,0,0,0,0,0,0,0,0,0,0,0,0,0,0,0,0,0,0,0,0,0,0,0,0,0,0,0,0,0,0,0,0,0,0,0,0,0,0,0,0,0,0,0,0,0,0,0,0,0,0,0,0,0,0,0,0,0,0,0,0,0,0,0,0,0,0,0,0,0,0,0,0,0,0,0,0,0,0,0,0,0,0,0,0,0,0,0,0,0,0,0,0,0,0,0,0,0,0,0,0,0,0,0,0,0,0,0,0,0,0,0,0,0,0,0,0,0,0,0,0,0,0,0,0,0,0,0,0,0,0,0,0,0,0,0,0,0,0,0,0,0,0,0,0,0,0,0,0,0,0,0,0,0,0,0,0,0,0,0,0,0,0,0,0,0,0,0,0,0,0,0,0,0,0,0,0,0,0,0,0,0,0,0,0,0,0,0,0,0,0,0,590,39,184,0,0,0,0,0,0,0,0,0,0,0,0,0,0
12,CĂLĂRAŞI,"VALEA ARGOVEI",105712,1,FINAL,UAT,P,P_CE,"2020-09-28 07:17:46",1958,1831,0,78,49,1249,1126,0,78,45,1193,56,2057,808,0,0,0,0,0,0,0,0,0,0,0,0,0,0,0,0,0,0,0,0,0,0,0,0,0,0,0,0,0,0,0,0,0,0,0,0,0,0,0,0,0,0,0,0,0,0,0,0,0,0,0,0,0,0,0,0,0,0,0,0,0,0,0,0,0,0,0,0,0,0,0,0,0,0,0,0,0,0,0,0,0,0,0,0,0,0,0,0,0,0,0,0,0,0,0,0,0,0,0,0,0,0,0,0,0,0,0,0,0,0,0,0,0,0,0,0,0,0,0,0,0,0,0,0,0,0,0,0,0,0,0,0,0,0,0,0,0,0,0,0,0,0,0,0,0,0,0,0,0,0,0,0,0,0,0,0,0,0,0,0,0,0,0,0,0,0,0,0,0,0,0,0,0,0,0,0,0,0,0,0,0,0,0,0,0,0,0,0,0,0,0,0,0,0,0,0,0,0,0,0,0,0,0,50,111,728,181,63,60,0,0,0,0,0,0,0,0
12,CĂLĂRAŞI,VASILAŢI,105829,1,FINAL,UAT,P,P_CE,"2020-09-28 14:53:23",3419,3207,0,140,72,2199,1987,0,140,72,2126,73,3537,1338,0,0,0,0,0,0,0,0,0,0,0,0,0,0,0,0,0,0,0,0,0,0,0,0,0,0,0,0,0,0,0,0,0,0,0,0,0,0,0,0,0,0,0,0,0,0,0,0,0,0,0,0,0,0,0,0,0,0,0,0,0,0,0,0,0,0,0,0,0,0,0,0,0,0,0,0,0,0,0,0,0,0,0,0,0,0,0,0,0,0,0,0,0,0,0,0,0,0,0,0,0,0,0,0,0,0,0,0,0,0,0,0,0,0,0,0,0,0,0,0,0,0,0,0,0,0,0,0,0,0,0,0,0,0,0,0,0,0,0,0,0,0,0,0,0,0,0,0,0,0,0,0,0,0,0,0,0,0,0,0,0,0,0,0,0,0,0,0,0,0,0,0,0,0,0,0,0,0,0,0,0,0,0,0,0,0,0,0,0,0,0,0,0,0,0,0,0,0,0,0,0,0,0,0,0,0,0,0,0,1111,441,510,64,0,0,0,0
12,CĂLĂRAŞI,"VLAD ŢEPEŞ",94768,1,FINAL,UAT,P,P_CE,"2020-09-28 08:49:28",1648,1540,2,23,83,1127,1020,1,23,83,1073,54,1769,642,0,0,0,0,0,0,0,0,0,0,0,0,0,0,0,0,0,0,0,0,0,0,0,0,0,0,0,0,0,0,0,0,0,0,0,0,0,0,0,0,0,0,0,0,0,0,0,0,0,0,0,0,0,0,0,0,0,0,0,0,0,0,0,0,0,0,0,0,0,0,0,0,0,0,0,0,0,0,0,0,0,0,0,0,0,0,0,0,0,0,0,0,0,0,0,0,0,0,0,0,0,0,0,0,0,0,0,0,0,0,0,0,0,0,0,0,0,0,0,0,0,0,0,0,0,0,0,0,0,0,0,0,0,0,0,0,0,0,0,0,0,0,0,0,0,0,0,0,0,0,0,0,0,0,0,0,0,0,0,0,0,0,0,0,0,0,0,0,0,0,0,0,0,0,0,0,0,0,0,0,0,0,0,0,0,0,0,0,0,0,0,0,0,0,0,0,0,0,0,0,0,0,0,0,0,0,0,0,0,0,0,0,0,499,540,14,20
