county_nce,county_name,uat_name,uat_siruta,report_version,report_stage_code,report_type_scope_code,report_type_category_code,report_type_code,created_at,a,a1,a2,a3,a4,b,b1,b2,b3,b4,c,d,e,f,"SANDOR SANDOR-IOZSEF-UNIUNEA DEMOCRATĂ MAGHIARĂ DIN ROMÂNIA-voturi","BALOGH TIBOR-PARTIDUL NAȚIONAL LIBERAL-voturi","SZABÓ ELEK-UNIUNEA DEMOCRATĂ MAGHIARĂ DIN ROMÂNIA-voturi","MARTON ZSUZSÁNNA-PARTIDUL CIVIC MAGHIAR-voturi","PĂTRAŞCA LUCIAN-DUMITRU-PARTIDUL NAȚIONAL LIBERAL-voturi","PAPP TIBOR-UNIUNEA DEMOCRATĂ MAGHIARĂ DIN ROMÂNIA-voturi","PĂTRAŞCA CLAUDIU FLAVIU-PARTIDUL SOCIAL DEMOCRAT-voturi","ANIŢAŞ IOAN-CRISTIAN-PARTIDUL SOCIAL DEMOCRAT-voturi","TRANDAFIR VASILE-RADU-PARTIDUL NAȚIONAL LIBERAL-voturi","CIURDAŞ TRAIAN-PARTIDUL SOCIAL DEMOCRAT-voturi","FAZAKAS PAUL-AUREL-PARTIDUL NAȚIONAL LIBERAL-voturi","DEAC IOAN-PARTIDUL PRO ROMÂNIA-voturi","TOMA VASILE ADRIAN-PARTIDUL NAȚIONAL LIBERAL-voturi","MONDOCA VASILE-PARTIDUL SOCIAL DEMOCRAT-voturi","ROB IACOB-PARTIDUL MIȘCAREA POPULARĂ-voturi","BOTA NICOLAE-FLORIN-voturi","BARTOK-GURZĂU IOAN-PARTIDUL NAȚIONAL LIBERAL-voturi","BALOGH LÁSZLÓ-UNIUNEA DEMOCRATĂ MAGHIARĂ DIN ROMÂNIA-voturi","HORGOS MIRELA-PARTIDUL ALIANŢA LIBERALILOR ŞI DEMOCRAŢILOR – ALDE-voturi","PETRÁS ŞTEFAN-PARTIDUL NAȚIONAL LIBERAL-voturi","KISS ZOLTAN-UNIUNEA DEMOCRATĂ MAGHIARĂ DIN ROMÂNIA-voturi","TODORCA CĂTĂLIN-IOAN-PARTIDUL PRO ROMÂNIA-voturi","CHIS IOAN-TAMAS-voturi","TĂTAR IOAN-PARTIDUL NAȚIONAL LIBERAL-voturi","BORHIDAN DUMITRU-ALIANȚA USR PLUS-voturi","CÂRCIU GHEORGHE-FLORIN-voturi","BOJAN AUREL-PARTIDUL NAȚIONAL LIBERAL-voturi","NAGY SÁNDOR-UNIUNEA DEMOCRATĂ MAGHIARĂ DIN ROMÂNIA-voturi","BUIER EUGEN-PARTIDUL MIȘCAREA POPULARĂ-voturi","PALLER NICOLAE VASILE-PARTIDUL ALIANŢA LIBERALILOR ŞI DEMOCRAŢILOR – ALDE-voturi","MURGU LOREDANA-FLORICA-PARTIDUL SOCIAL DEMOCRAT-voturi","MUREŞAN IOAN-PARTIDUL NAȚIONAL LIBERAL-voturi","MICZA TIBOR-PARTIDUL NAȚIONAL ȚĂRĂNESC MANIU MIHALACHE-voturi","PANEA NICOLAE-NORBERT-PARTIDUL CIVIC MAGHIAR-voturi","CĂLIN MIRCEA-VASILE-ALIANȚA USR PLUS-voturi","BIRTOC VASILE DINU-PARTIDUL NAȚIONAL LIBERAL-voturi","CORDOŞ NELU-PARTIDUL MIȘCAREA POPULARĂ-voturi","SURD TĂMAŞ-PARTIDUL SOCIAL DEMOCRAT-voturi","FANEA ADRIAN-IOAN-PARTIDUL VERDE-voturi","IONICI FLORIN-DUMITRU-PARTIDUL ALIANŢA LIBERALILOR ŞI DEMOCRAŢILOR – ALDE-voturi","BÂLE VASILE-PARTIDUL NAȚIONAL LIBERAL-voturi","BELÉNYI TIBOR-ISTVÁN-UNIUNEA DEMOCRATĂ MAGHIARĂ DIN ROMÂNIA-voturi","SÜTŐ IMRE-FORUMUL DEMOCRAT AL GERMANILOR DIN ROMÂNIA-voturi","MEGYERI TAMÁS-RÓBERT-UNIUNEA DEMOCRATĂ MAGHIARĂ DIN ROMÂNIA-voturi","VICSACSANY ANTAL-FORUMUL DEMOCRAT AL GERMANILOR DIN ROMÂNIA-voturi","MOSDÓCZI VILHELM-PARTIDUL CIVIC MAGHIAR-voturi","IONUCZ TIBERIU-ANTON-voturi","VONICA IOAN-PARTIDUL SOCIAL DEMOCRAT-voturi","ROKA MARIUS-ANDREI-PARTIDUL NAȚIONAL LIBERAL-voturi","NOTAR LUCIAN-PARTIDUL MIȘCAREA POPULARĂ-voturi","HUREZAN VASILE-ALIANȚA USR PLUS-voturi","CÎMPAN STELIAN-PARTIDUL NAȚIONAL ȚĂRĂNESC MANIU MIHALACHE-voturi","JURCHIŞ GHEORGHE-PARTIDUL SOCIAL DEMOCRAT-voturi","DAT COSMIN-CIPRIAN-PARTIDUL NAȚIONAL LIBERAL-voturi","MIHOC PETRICĂ-VIOREL-PARTIDUL ALIANŢA LIBERALILOR ŞI DEMOCRAŢILOR – ALDE-voturi","ŞOMLE RADU-VASILE-PARTIDUL SOCIAL DEMOCRAT-voturi","CIOCAN PETRU-PARTIDUL NAȚIONAL LIBERAL-voturi","CIORBA MITRUŢ-DĂNUŢ-PARTIDUL MIȘCAREA POPULARĂ-voturi","CANDRA-KREIGER NORBERT-SEBASTIAN-FORUMUL DEMOCRAT AL GERMANILOR DIN ROMÂNIA-voturi","SCHWARCZKOPF IOAN-PARTIDUL CIVIC MAGHIAR-voturi","VIK OTTO-ANTON-PARTIDUL NAȚIONAL LIBERAL-voturi","BALOGH DANIEL-BÉLA-PARTIDUL SOCIAL DEMOCRAT-voturi","FRINCĂU COSMIN-DUMITRU-PARTIDUL MIȘCAREA POPULARĂ-voturi","LUPŞA GHEORGHE-MARIAN-PARTIDUL NAȚIONAL LIBERAL-voturi","ANDREI SERGIU-DANIEL-PARTIDUL ALIANŢA LIBERALILOR ŞI DEMOCRAŢILOR – ALDE-voturi","COZA ROMI-PARTIDUL SOCIAL DEMOCRAT-voturi","ROBEL ARTUR-ALIANȚA USR PLUS-voturi","BIRO IOAN-MARIUS-PARTIDUL SOCIAL DEMOCRAT-voturi","GRIGORAŞ ROMEO-NICOLAE-PARTIDUL NAȚIONAL LIBERAL-voturi","ŞUGAR ALEXANDRU-VASILE-PARTIDUL ALIANŢA LIBERALILOR ŞI DEMOCRAŢILOR – ALDE-voturi","KALLOS ZSOLT-EDUÁRD-UNIUNEA DEMOCRATĂ MAGHIARĂ DIN ROMÂNIA-voturi","LŐRINCZ PÁL-PARTIDUL CIVIC MAGHIAR-voturi","MAG MARINEL-DUMITRU-voturi","VAS DANIEL-NORBERT-PARTIDUL PRO ROMÂNIA-voturi","PAŞCA LUCIAN-PARTIDUL SOCIAL DEMOCRAT-voturi","GHETINA MIHAI-PARTIDUL NAȚIONAL LIBERAL-voturi","GĂMAN MIHAI-UNIUNEA DEMOCRATĂ MAGHIARĂ DIN ROMÂNIA-voturi","EGRI NORBERT-PARTIDUL CIVIC MAGHIAR-voturi","BRÉM LÁSZLÓ-UNIUNEA DEMOCRATĂ MAGHIARĂ DIN ROMÂNIA-voturi","CIUTA IOAN-PARTIDUL SOCIAL DEMOCRAT-voturi","BURA NICOLAE-PARTIDUL ALIANŢA LIBERALILOR ŞI DEMOCRAŢILOR – ALDE-voturi","BUD GHEORGHE-FLORIN-PARTIDUL NAȚIONAL LIBERAL-voturi","PALINCAŞ DORU-IOAN-ALIANȚA USR PLUS-voturi","INCZE LUDOVIC-UNIUNEA DEMOCRATĂ MAGHIARĂ DIN ROMÂNIA-voturi","BOTA IOAN-PARTIDUL ALIANŢA LIBERALILOR ŞI DEMOCRAŢILOR – ALDE-voturi","BODAN GRIGOR-PARTIDUL MIȘCAREA POPULARĂ-voturi","MAROZSAN CRISTIAN-PARTIDUL NAȚIONAL LIBERAL-voturi","POP VASILE-PARTIDUL PRO ROMÂNIA-voturi","KOVACS ŞTEFAN-PARTIDUL NAȚIONAL LIBERAL-voturi","BALOG FRANCISC-UNIUNEA DEMOCRATĂ MAGHIARĂ DIN ROMÂNIA-voturi","TĂTĂRAN VASILE-PARTIDUL NAȚIONAL LIBERAL-voturi","ARDELEAN SIMION-PARTIDUL SOCIAL DEMOCRAT-voturi","POP ALIN-VALER-PARTIDUL MIȘCAREA POPULARĂ-voturi","BERES ANTAL ELEK-UNIUNEA DEMOCRATĂ MAGHIARĂ DIN ROMÂNIA-voturi","LAZIN SÁNDOR-KRISZTIAN-PARTIDUL CIVIC MAGHIAR-voturi","KRAKÓ RUDOLF-JÓZSEF-voturi","TŐRŐK MARIAN-GEORGE-PARTIDUL NAȚIONAL LIBERAL-voturi","HUSTI SORIN-PARTIDUL ALIANŢA LIBERALILOR ŞI DEMOCRAŢILOR – ALDE-voturi","MĂGUREANU-RACOLŢA RADU-GEORGE-PARTIDUL SOCIAL DEMOCRAT-voturi","FRENCZ CONSTANTIN-PARTIDUL PRO ROMÂNIA-voturi","SENATOVICI PETRU-PARTIDUL NAȚIONAL LIBERAL-voturi","DOBOS STEFAN-UNIUNEA DEMOCRATĂ MAGHIARĂ DIN ROMÂNIA-voturi","NAGY LEVENTE-GÁBOR-PARTIDUL CIVIC MAGHIAR-voturi","DAVID GHEORGHE-ALIANȚA ELECTORALĂ ""PSD+ALDE""-voturi","COSAR VASILE-PARTIDUL NAȚIONAL LIBERAL-voturi","TIMOC TITEL-ANDREI-PARTIDUL NAȚIONAL LIBERAL-voturi","ONEŢ IOAN-PARTIDUL SOCIAL DEMOCRAT-voturi","KOVÁCS EUGEN-UNIUNEA DEMOCRATĂ MAGHIARĂ DIN ROMÂNIA-voturi","PĂUŞAN MARCEL-BUJOR-PARTIDUL ALIANŢA LIBERALILOR ŞI DEMOCRAŢILOR – ALDE-voturi","TYER BOGDAN-FLORIN-PARTIDUL MIȘCAREA POPULARĂ-voturi","HUMĂ MIHAELA-MAGDALENA-ALIANȚA USR PLUS-voturi","ALBU ADRIAN-PARTIDUL NAȚIONAL LIBERAL-voturi","RAŢIU COSMIN-CONSTANTIN-PARTIDUL ALIANŢA LIBERALILOR ŞI DEMOCRAŢILOR – ALDE-voturi","COICA COSTEL-DOREL-PARTIDUL SOCIAL DEMOCRAT-voturi","HUZĂU MIHAI-PARTIDUL MIȘCAREA POPULARĂ-voturi","KERESKÉNYI GÁBOR-UNIUNEA DEMOCRATĂ MAGHIARĂ DIN ROMÂNIA-voturi","HAIDUC CRISTINA-IONELA-PARTIDUL PRO ROMÂNIA-voturi","PANAIT RADU-ALIANȚA USR PLUS-voturi","MARE ERIKA-PARTIDUL NOUA ROMÂNIE-voturi","POP DUMITRU-DOREL-PARTIDUL NAȚIONAL LIBERAL-voturi","ŞIMON GHEORGHE-NICOLAE-PARTIDUL ALIANŢA LIBERALILOR ŞI DEMOCRAŢILOR – ALDE-voturi","ESZLARI OVIDIU-ANDREI-ALIANȚA USR PLUS-voturi","BUIE AUGUSTIN-VALENTIN-PARTIDUL MIȘCAREA POPULARĂ-voturi","DUMA OVIDIU-MARIUS-PARTIDUL NAȚIONAL LIBERAL-voturi","FETZ STEFAN-VASILE-FORUMUL DEMOCRAT AL GERMANILOR DIN ROMÂNIA-voturi","MELNIC ŞTEFAN-PARTIDUL SOCIAL DEMOCRAT-voturi","ROŞAN DAN-GABRIEL-ALIANȚA USR PLUS-voturi","GREERE ZAHARIA-DOREL-PARTIDUL NAȚIONAL LIBERAL-voturi","PIRICSI ARTHUR-UNIUNEA DEMOCRATĂ MAGHIARĂ DIN ROMÂNIA-voturi","ZAH VASILE-PARTIDUL SOCIAL DEMOCRAT-voturi","FEDORCA AURELIA-PARTIDUL SOCIAL DEMOCRAT-voturi","MOLDOVAN GHEORGHE-MARIUS-PARTIDUL MIȘCAREA POPULARĂ-voturi","BUD VASILE-VIOREL-PARTIDUL NAȚIONAL LIBERAL-voturi","TRIPON FLORIN-CRISTIAN-ALIANȚA USR PLUS-voturi","GRIEB CSABA-FRANCISC-PARTIDUL NAȚIONAL LIBERAL-voturi","TOGA ŞTEFAN-UNIUNEA DEMOCRATĂ MAGHIARĂ DIN ROMÂNIA-voturi","FARCĂU ADRIAN-DĂNUŢ-PARTIDUL PRO ROMÂNIA-voturi","MAIER CĂLIN-DANIEL-VASILE-PARTIDUL SOCIAL DEMOCRAT-voturi","POP CĂLIN-CSABA-ALIANȚA USR PLUS-voturi","TORZ DUMITRU-PARTIDUL MIȘCAREA POPULARĂ-voturi","MAILÁT GAVRIL-UNIUNEA DEMOCRATĂ MAGHIARĂ DIN ROMÂNIA-voturi","NISTOR GHEORGHE-PARTIDUL NAȚIONAL LIBERAL-voturi","LUDRÓCZKI ALEXANDRU-voturi","SZILAGYI LEVENTE-UNIUNEA DEMOCRATĂ MAGHIARĂ DIN ROMÂNIA-voturi","BONTEA ZENOVIU-STELIAN-PARTIDUL NAȚIONAL LIBERAL-voturi","ERDŐDI MIHAI-PARTIDUL MIȘCAREA POPULARĂ-voturi","POMIAN VASILE-PARTIDUL SOCIAL DEMOCRAT-voturi","CHIOREAN VLAD-IONUŢ-PARTIDUL ALIANŢA LIBERALILOR ŞI DEMOCRAŢILOR – ALDE-voturi","BATORI-DONCA-ŞIMON CRISTIAN-ALEXANDRU-ALIANȚA USR PLUS-voturi","ERDEI ANDREI-PARTIDUL CIVIC MAGHIAR-voturi","MARCHIS GHEORGHE OTTO-FORUMUL DEMOCRAT AL GERMANILOR DIN ROMÂNIA-voturi","KARÁDI CSABA-UNIUNEA DEMOCRATĂ MAGHIARĂ DIN ROMÂNIA-voturi","KIS LORÁND-ENDRE-UNIUNEA DEMOCRATĂ MAGHIARĂ DIN ROMÂNIA-voturi","BURLACU IOAN-FLORIN-PARTIDUL SOCIAL DEMOCRAT-voturi","SUCIU VASILE-PARTIDUL NAȚIONAL LIBERAL-voturi","NAGY IOSIF-PARTIDUL CIVIC MAGHIAR-voturi","HOBLE MARIN-ALIANȚA USR PLUS-voturi","DOBOS IOSIF-PARTIDUL SOCIAL DEMOCRAT-voturi","BUDA DUMITRU-PARTIDUL PRO ROMÂNIA-voturi","VARGA COSMIN-VASILE-PARTIDUL NAȚIONAL LIBERAL-voturi","GRAD IOAN-PARTIDUL NAȚIONAL LIBERAL-voturi","SOMEŞAN COSMIN-PARTIDUL MIȘCAREA POPULARĂ-voturi","KRIŞAN COSMIN-IONEL-ALIANȚA ELECTORALĂ ""PSD+ALDE""-voturi","NEGRU VASILE-ALIANȚA USR PLUS-voturi","TÓTH ZOLTÁN-UNIUNEA DEMOCRATĂ MAGHIARĂ DIN ROMÂNIA-voturi","TÁRKÁNYI PÉTER-PARTIDUL CIVIC MAGHIAR-voturi","BETEA TOMA-PARTIDUL SOCIAL DEMOCRAT-voturi","FLOACĂ TOMA-PARTIDUL MIȘCAREA POPULARĂ-voturi","DUBOU IOAN-PARTIDUL NAȚIONAL LIBERAL-voturi","OROS ANA-PARTIDUL SOCIAL DEMOCRAT-voturi","SIPOŞ IOZSEF-UNIUNEA DEMOCRATĂ MAGHIARĂ DIN ROMÂNIA-voturi","MOŞ DUMITRU-DOREL-PARTIDUL NAȚIONAL LIBERAL-voturi","REBIC CODRUŢ-VLAD-ALIANȚA USR PLUS-voturi","MATEŞ CLAUDIA-RAMONA-PARTIDUL NAȚIONAL LIBERAL-voturi","ROŞCA RĂZVAN-IONUŢ-PARTIDUL SOCIAL DEMOCRAT-voturi","KARDOSI IOAN-ZOLTAN-FORUMUL DEMOCRAT AL GERMANILOR DIN ROMÂNIA-voturi","MOIS IOAN-PARTIDUL MIȘCAREA POPULARĂ-voturi","SĂLĂJAN IOAN-PARTIDUL SOCIAL DEMOCRAT-voturi","SILAGHI SERGIU-PARTIDUL NAȚIONAL LIBERAL-voturi","BARTHA MARIA-PARTIDUL PRO ROMÂNIA-voturi","MARIAN GHEORGHE-PARTIDUL SOCIAL DEMOCRAT-voturi","HODOROG ANDREA-PARTIDUL MIȘCAREA POPULARĂ-voturi","HORVAT VASILE-PARTIDUL NAȚIONAL LIBERAL-voturi","GHILA IOAN-ALIANȚA USR PLUS-voturi","SZICS ALEXANDRU-PARTIDUL CIVIC MAGHIAR-voturi","TUNS IONEL-voturi","GRAD VASILE-PARTIDUL SOCIAL DEMOCRAT-voturi","SILAGHI FLOREAN-PARTIDUL ALIANŢA LIBERALILOR ŞI DEMOCRAŢILOR – ALDE-voturi","CORNEA MARE NICOLAE-PARTIDUL NAȚIONAL LIBERAL-voturi","BANC MIRCEA-ALIANȚA USR PLUS-voturi","CRIŞAN SERGIU PETRICĂ-PARTIDUL NAȚIONAL LIBERAL-voturi","ŞTEŢ VASILE-ADRIAN-PARTIDUL SOCIAL DEMOCRAT-voturi","BUHAI VASILE-PARTIDUL SOCIAL DEMOCRAT-voturi","POPOVICI DANIEL-PARTIDUL PRO ROMÂNIA-voturi","SFITLIC PETRU-PARTIDUL MIȘCAREA POPULARĂ-voturi","SOBIUS MARIANA-MONICA-PARTIDUL NAȚIONAL LIBERAL-voturi","POP GRIGORE-PARTIDUL NAȚIONAL LIBERAL-voturi","DOROŞ GEORGEL-GRIGORE-FLORIN-voturi","MOTICA VASILENA-UNIUNEA UCRAINENILOR DIN ROMÂNIA-voturi","AVORNICIŢI MARIANA-NICOLETA-PARTIDUL SOCIAL DEMOCRAT-voturi","STRAŢI VASILE-PARTIDUL NAȚIONAL LIBERAL-voturi","KAPOSI ISTVÁN-JÓZSEF-FORUMUL DEMOCRAT AL GERMANILOR DIN ROMÂNIA-voturi","MAN NICULAE-ALIANȚA ELECTORALĂ ""PSD+ALDE+PRO""-voturi","TAR NICOLAE-PARTIDUL CIVIC MAGHIAR-voturi","KONTZ ZOLTAN-voturi","FILIMON DUMITRU-SORINEL-PARTIDUL SOCIAL DEMOCRAT-voturi","IRIME IOAN-PARTIDUL NAȚIONAL LIBERAL-voturi","TIUTION IOAN-voturi","CODREA VICTOR-PARTIDUL NAȚIONAL LIBERAL-voturi","GYÁKON GHEORGHE-NICOLAE-FORUMUL DEMOCRAT AL GERMANILOR DIN ROMÂNIA-voturi","ACHIM CIPRIAN-MARIUS-PARTIDUL SOCIAL DEMOCRAT-voturi","MAIER NÁNDOR-UNIUNEA DEMOCRATĂ MAGHIARĂ DIN ROMÂNIA-voturi","MELLAU IOSIF-FORUMUL DEMOCRAT AL GERMANILOR DIN ROMÂNIA-voturi","SCHUPLER TIBERIU-UNIUNEA DEMOCRATĂ MAGHIARĂ DIN ROMÂNIA-voturi","GHILEA GHEORGHE-SORIN-PARTIDUL NAȚIONAL LIBERAL-voturi","CRISTEA RADU-PARTIDUL SOCIAL DEMOCRAT-voturi","BUZILĂ ALIN-VASILE-PARTIDUL MIȘCAREA POPULARĂ-voturi","FERNEA MARIUS-ROGER-PARTIDUL ALIANŢA LIBERALILOR ŞI DEMOCRAŢILOR – ALDE-voturi","POP LIVIU-PARTIDUL MIȘCAREA POPULARĂ-voturi","CORODAN VASILE-PARTIDUL NAȚIONAL LIBERAL-voturi","ILYES IULIU-UNIUNEA DEMOCRATĂ MAGHIARĂ DIN ROMÂNIA-voturi","TIMIŞ DOREL-PARTIDUL SOCIAL DEMOCRAT-voturi","CODREA IONEL-DANIEL-PARTIDUL NAȚIONAL LIBERAL-voturi","SZŰCS SZABOLCS-UNIUNEA DEMOCRATĂ MAGHIARĂ DIN ROMÂNIA-voturi","SMUŢER-RĂDUŢ ADRIAN-VASILE-PARTIDUL ALIANŢA LIBERALILOR ŞI DEMOCRAŢILOR – ALDE-voturi","BENŢE NICOLAE-FLORINEL-PARTIDUL NAȚIONAL LIBERAL-voturi","PAJZOS CĂTĂLIN-VASILE-PARTIDUL SOCIAL DEMOCRAT-voturi","PINTEA TIBERIU-voturi"
32,"SATU MARE",ACÂŞ,136713,1,FINAL,UAT,P,P_CE,"2020-09-28 08:41:26",2234,2205,7,22,0,1311,1288,1,22,0,1226,85,2435,1124,557,669,0,0,0,0,0,0,0,0,0,0,0,0,0,0,0,0,0,0,0,0,0,0,0,0,0,0,0,0,0,0,0,0,0,0,0,0,0,0,0,0,0,0,0,0,0,0,0,0,0,0,0,0,0,0,0,0,0,0,0,0,0,0,0,0,0,0,0,0,0,0,0,0,0,0,0,0,0,0,0,0,0,0,0,0,0,0,0,0,0,0,0,0,0,0,0,0,0,0,0,0,0,0,0,0,0,0,0,0,0,0,0,0,0,0,0,0,0,0,0,0,0,0,0,0,0,0,0,0,0,0,0,0,0,0,0,0,0,0,0,0,0,0,0,0,0,0,0,0,0,0,0,0,0,0,0,0,0,0,0,0,0,0,0,0,0,0,0,0,0,0,0,0,0,0,0,0,0,0,0,0,0,0,0,0,0,0,0,0,0,0,0,0,0,0,0,0,0,0,0,0,0,0,0,0,0,0,0,0,0,0,0,0,0,0,0,0,0,0,0,0,0,0,0,0,0,0
32,"SATU MARE",AGRIŞ,179873,1,FINAL,UAT,P,P_CE,"2020-09-28 07:30:20",1675,1631,2,26,16,916,872,2,26,16,838,77,1784,869,0,0,458,380,0,0,0,0,0,0,0,0,0,0,0,0,0,0,0,0,0,0,0,0,0,0,0,0,0,0,0,0,0,0,0,0,0,0,0,0,0,0,0,0,0,0,0,0,0,0,0,0,0,0,0,0,0,0,0,0,0,0,0,0,0,0,0,0,0,0,0,0,0,0,0,0,0,0,0,0,0,0,0,0,0,0,0,0,0,0,0,0,0,0,0,0,0,0,0,0,0,0,0,0,0,0,0,0,0,0,0,0,0,0,0,0,0,0,0,0,0,0,0,0,0,0,0,0,0,0,0,0,0,0,0,0,0,0,0,0,0,0,0,0,0,0,0,0,0,0,0,0,0,0,0,0,0,0,0,0,0,0,0,0,0,0,0,0,0,0,0,0,0,0,0,0,0,0,0,0,0,0,0,0,0,0,0,0,0,0,0,0,0,0,0,0,0,0,0,0,0,0,0,0,0,0,0,0,0,0,0,0,0,0,0,0,0,0,0,0,0,0,0,0,0,0,0,0
32,"SATU MARE",ANDRID,136768,1,FINAL,UAT,P,P_CE,"2020-09-28 10:01:53",2002,1937,2,19,44,1258,1195,0,19,44,1188,69,2200,943,0,0,0,0,277,851,60,0,0,0,0,0,0,0,0,0,0,0,0,0,0,0,0,0,0,0,0,0,0,0,0,0,0,0,0,0,0,0,0,0,0,0,0,0,0,0,0,0,0,0,0,0,0,0,0,0,0,0,0,0,0,0,0,0,0,0,0,0,0,0,0,0,0,0,0,0,0,0,0,0,0,0,0,0,0,0,0,0,0,0,0,0,0,0,0,0,0,0,0,0,0,0,0,0,0,0,0,0,0,0,0,0,0,0,0,0,0,0,0,0,0,0,0,0,0,0,0,0,0,0,0,0,0,0,0,0,0,0,0,0,0,0,0,0,0,0,0,0,0,0,0,0,0,0,0,0,0,0,0,0,0,0,0,0,0,0,0,0,0,0,0,0,0,0,0,0,0,0,0,0,0,0,0,0,0,0,0,0,0,0,0,0,0,0,0,0,0,0,0,0,0,0,0,0,0,0,0,0,0,0,0,0,0,0,0,0,0,0,0,0,0,0,0,0,0,0,0,0
32,"SATU MARE",APA,136802,1,FINAL,UAT,P,P_CE,"2020-09-28 06:35:05",2172,2105,0,26,41,1226,1159,0,26,41,1171,55,2380,1154,0,0,0,0,0,0,0,202,969,0,0,0,0,0,0,0,0,0,0,0,0,0,0,0,0,0,0,0,0,0,0,0,0,0,0,0,0,0,0,0,0,0,0,0,0,0,0,0,0,0,0,0,0,0,0,0,0,0,0,0,0,0,0,0,0,0,0,0,0,0,0,0,0,0,0,0,0,0,0,0,0,0,0,0,0,0,0,0,0,0,0,0,0,0,0,0,0,0,0,0,0,0,0,0,0,0,0,0,0,0,0,0,0,0,0,0,0,0,0,0,0,0,0,0,0,0,0,0,0,0,0,0,0,0,0,0,0,0,0,0,0,0,0,0,0,0,0,0,0,0,0,0,0,0,0,0,0,0,0,0,0,0,0,0,0,0,0,0,0,0,0,0,0,0,0,0,0,0,0,0,0,0,0,0,0,0,0,0,0,0,0,0,0,0,0,0,0,0,0,0,0,0,0,0,0,0,0,0,0,0,0,0,0,0,0,0,0,0,0,0,0,0,0,0,0,0,0,0
32,"SATU MARE",BÂRSĂU,137103,1,FINAL,UAT,P,P_CE,"2020-09-28 18:55:08",1888,1721,0,84,83,1210,1043,0,84,83,1164,46,2000,790,0,0,0,0,0,0,0,0,0,873,291,0,0,0,0,0,0,0,0,0,0,0,0,0,0,0,0,0,0,0,0,0,0,0,0,0,0,0,0,0,0,0,0,0,0,0,0,0,0,0,0,0,0,0,0,0,0,0,0,0,0,0,0,0,0,0,0,0,0,0,0,0,0,0,0,0,0,0,0,0,0,0,0,0,0,0,0,0,0,0,0,0,0,0,0,0,0,0,0,0,0,0,0,0,0,0,0,0,0,0,0,0,0,0,0,0,0,0,0,0,0,0,0,0,0,0,0,0,0,0,0,0,0,0,0,0,0,0,0,0,0,0,0,0,0,0,0,0,0,0,0,0,0,0,0,0,0,0,0,0,0,0,0,0,0,0,0,0,0,0,0,0,0,0,0,0,0,0,0,0,0,0,0,0,0,0,0,0,0,0,0,0,0,0,0,0,0,0,0,0,0,0,0,0,0,0,0,0,0,0,0,0,0,0,0,0,0,0,0,0,0,0,0,0,0,0,0,0
32,"SATU MARE",BĂTARCI,136919,1,FINAL,UAT,P,P_CE,"2020-09-28 10:47:48",3079,3028,1,35,15,1398,1347,1,35,15,1344,54,3349,1951,0,0,0,0,0,0,0,0,0,0,0,163,665,216,213,87,0,0,0,0,0,0,0,0,0,0,0,0,0,0,0,0,0,0,0,0,0,0,0,0,0,0,0,0,0,0,0,0,0,0,0,0,0,0,0,0,0,0,0,0,0,0,0,0,0,0,0,0,0,0,0,0,0,0,0,0,0,0,0,0,0,0,0,0,0,0,0,0,0,0,0,0,0,0,0,0,0,0,0,0,0,0,0,0,0,0,0,0,0,0,0,0,0,0,0,0,0,0,0,0,0,0,0,0,0,0,0,0,0,0,0,0,0,0,0,0,0,0,0,0,0,0,0,0,0,0,0,0,0,0,0,0,0,0,0,0,0,0,0,0,0,0,0,0,0,0,0,0,0,0,0,0,0,0,0,0,0,0,0,0,0,0,0,0,0,0,0,0,0,0,0,0,0,0,0,0,0,0,0,0,0,0,0,0,0,0,0,0,0,0,0,0,0,0,0,0,0,0,0,0,0,0,0,0,0,0,0,0
32,"SATU MARE",BELTIUG,136964,1,FINAL,UAT,P,P_CE,"2020-09-28 06:49:02",2672,2570,5,50,47,1384,1286,1,50,47,1287,97,2932,1548,0,0,0,0,0,0,0,0,0,0,0,0,0,0,0,0,873,414,0,0,0,0,0,0,0,0,0,0,0,0,0,0,0,0,0,0,0,0,0,0,0,0,0,0,0,0,0,0,0,0,0,0,0,0,0,0,0,0,0,0,0,0,0,0,0,0,0,0,0,0,0,0,0,0,0,0,0,0,0,0,0,0,0,0,0,0,0,0,0,0,0,0,0,0,0,0,0,0,0,0,0,0,0,0,0,0,0,0,0,0,0,0,0,0,0,0,0,0,0,0,0,0,0,0,0,0,0,0,0,0,0,0,0,0,0,0,0,0,0,0,0,0,0,0,0,0,0,0,0,0,0,0,0,0,0,0,0,0,0,0,0,0,0,0,0,0,0,0,0,0,0,0,0,0,0,0,0,0,0,0,0,0,0,0,0,0,0,0,0,0,0,0,0,0,0,0,0,0,0,0,0,0,0,0,0,0,0,0,0,0,0,0,0,0,0,0,0,0,0,0,0,0,0,0,0,0,0,0
32,"SATU MARE",BERVENI,137032,1,FINAL,UAT,P,P_CE,"2020-09-28 09:03:12",2919,2844,6,9,60,1537,1467,3,9,58,1464,73,3185,1648,0,0,0,0,0,0,0,0,0,0,0,0,0,0,0,0,0,0,84,112,824,77,367,0,0,0,0,0,0,0,0,0,0,0,0,0,0,0,0,0,0,0,0,0,0,0,0,0,0,0,0,0,0,0,0,0,0,0,0,0,0,0,0,0,0,0,0,0,0,0,0,0,0,0,0,0,0,0,0,0,0,0,0,0,0,0,0,0,0,0,0,0,0,0,0,0,0,0,0,0,0,0,0,0,0,0,0,0,0,0,0,0,0,0,0,0,0,0,0,0,0,0,0,0,0,0,0,0,0,0,0,0,0,0,0,0,0,0,0,0,0,0,0,0,0,0,0,0,0,0,0,0,0,0,0,0,0,0,0,0,0,0,0,0,0,0,0,0,0,0,0,0,0,0,0,0,0,0,0,0,0,0,0,0,0,0,0,0,0,0,0,0,0,0,0,0,0,0,0,0,0,0,0,0,0,0,0,0,0,0,0,0,0,0,0,0,0,0,0,0,0,0,0,0,0,0,0,0
32,"SATU MARE",BIXAD,137069,1,FINAL,UAT,P,P_CE,"2020-09-28 11:55:23",6377,6202,1,82,92,2963,2788,1,82,92,2865,98,6862,3899,0,0,0,0,0,0,0,0,0,0,0,0,0,0,0,0,0,0,0,0,0,0,0,1430,41,1394,0,0,0,0,0,0,0,0,0,0,0,0,0,0,0,0,0,0,0,0,0,0,0,0,0,0,0,0,0,0,0,0,0,0,0,0,0,0,0,0,0,0,0,0,0,0,0,0,0,0,0,0,0,0,0,0,0,0,0,0,0,0,0,0,0,0,0,0,0,0,0,0,0,0,0,0,0,0,0,0,0,0,0,0,0,0,0,0,0,0,0,0,0,0,0,0,0,0,0,0,0,0,0,0,0,0,0,0,0,0,0,0,0,0,0,0,0,0,0,0,0,0,0,0,0,0,0,0,0,0,0,0,0,0,0,0,0,0,0,0,0,0,0,0,0,0,0,0,0,0,0,0,0,0,0,0,0,0,0,0,0,0,0,0,0,0,0,0,0,0,0,0,0,0,0,0,0,0,0,0,0,0,0,0,0,0,0,0,0,0,0,0,0,0,0,0,0,0,0,0,0,0
32,"SATU MARE",BOGDAND,137130,1,FINAL,UAT,P,P_CE,"2020-09-28 05:56:30",2245,2167,0,35,43,1231,1153,0,35,43,1147,84,2455,1224,0,0,0,0,0,0,0,0,0,0,0,0,0,0,0,0,0,0,0,0,0,0,0,0,0,0,653,494,0,0,0,0,0,0,0,0,0,0,0,0,0,0,0,0,0,0,0,0,0,0,0,0,0,0,0,0,0,0,0,0,0,0,0,0,0,0,0,0,0,0,0,0,0,0,0,0,0,0,0,0,0,0,0,0,0,0,0,0,0,0,0,0,0,0,0,0,0,0,0,0,0,0,0,0,0,0,0,0,0,0,0,0,0,0,0,0,0,0,0,0,0,0,0,0,0,0,0,0,0,0,0,0,0,0,0,0,0,0,0,0,0,0,0,0,0,0,0,0,0,0,0,0,0,0,0,0,0,0,0,0,0,0,0,0,0,0,0,0,0,0,0,0,0,0,0,0,0,0,0,0,0,0,0,0,0,0,0,0,0,0,0,0,0,0,0,0,0,0,0,0,0,0,0,0,0,0,0,0,0,0,0,0,0,0,0,0,0,0,0,0,0,0,0,0,0,0,0,0
32,"SATU MARE",BOTIZ,137185,1,FINAL,UAT,P,P_CE,"2020-09-28 08:09:53",3188,3171,3,9,5,1447,1433,0,9,5,1395,45,3484,2044,0,0,0,0,0,0,0,0,0,0,0,0,0,0,0,0,0,0,0,0,0,0,0,0,0,0,0,0,254,21,92,599,77,170,182,0,0,0,0,0,0,0,0,0,0,0,0,0,0,0,0,0,0,0,0,0,0,0,0,0,0,0,0,0,0,0,0,0,0,0,0,0,0,0,0,0,0,0,0,0,0,0,0,0,0,0,0,0,0,0,0,0,0,0,0,0,0,0,0,0,0,0,0,0,0,0,0,0,0,0,0,0,0,0,0,0,0,0,0,0,0,0,0,0,0,0,0,0,0,0,0,0,0,0,0,0,0,0,0,0,0,0,0,0,0,0,0,0,0,0,0,0,0,0,0,0,0,0,0,0,0,0,0,0,0,0,0,0,0,0,0,0,0,0,0,0,0,0,0,0,0,0,0,0,0,0,0,0,0,0,0,0,0,0,0,0,0,0,0,0,0,0,0,0,0,0,0,0,0,0,0,0,0,0,0,0,0,0,0,0,0,0,0,0,0,0,0,0
32,"SATU MARE",CĂLINEŞTI-OAŞ,137229,1,FINAL,UAT,P,P_CE,"2020-09-28 08:59:55",4151,4071,1,49,30,2014,1934,1,49,30,1955,59,4527,2513,0,0,0,0,0,0,0,0,0,0,0,0,0,0,0,0,0,0,0,0,0,0,0,0,0,0,0,0,0,0,0,0,0,0,0,705,425,615,210,0,0,0,0,0,0,0,0,0,0,0,0,0,0,0,0,0,0,0,0,0,0,0,0,0,0,0,0,0,0,0,0,0,0,0,0,0,0,0,0,0,0,0,0,0,0,0,0,0,0,0,0,0,0,0,0,0,0,0,0,0,0,0,0,0,0,0,0,0,0,0,0,0,0,0,0,0,0,0,0,0,0,0,0,0,0,0,0,0,0,0,0,0,0,0,0,0,0,0,0,0,0,0,0,0,0,0,0,0,0,0,0,0,0,0,0,0,0,0,0,0,0,0,0,0,0,0,0,0,0,0,0,0,0,0,0,0,0,0,0,0,0,0,0,0,0,0,0,0,0,0,0,0,0,0,0,0,0,0,0,0,0,0,0,0,0,0,0,0,0,0,0,0,0,0,0,0,0,0,0,0,0,0,0,0,0,0,0,0
32,"SATU MARE",CĂMĂRZANA,137274,1,FINAL,UAT,P,P_CE,"2020-09-28 03:22:35",2044,1948,0,16,80,912,817,0,16,79,883,29,2181,1269,0,0,0,0,0,0,0,0,0,0,0,0,0,0,0,0,0,0,0,0,0,0,0,0,0,0,0,0,0,0,0,0,0,0,0,0,0,0,0,598,285,0,0,0,0,0,0,0,0,0,0,0,0,0,0,0,0,0,0,0,0,0,0,0,0,0,0,0,0,0,0,0,0,0,0,0,0,0,0,0,0,0,0,0,0,0,0,0,0,0,0,0,0,0,0,0,0,0,0,0,0,0,0,0,0,0,0,0,0,0,0,0,0,0,0,0,0,0,0,0,0,0,0,0,0,0,0,0,0,0,0,0,0,0,0,0,0,0,0,0,0,0,0,0,0,0,0,0,0,0,0,0,0,0,0,0,0,0,0,0,0,0,0,0,0,0,0,0,0,0,0,0,0,0,0,0,0,0,0,0,0,0,0,0,0,0,0,0,0,0,0,0,0,0,0,0,0,0,0,0,0,0,0,0,0,0,0,0,0,0,0,0,0,0,0,0,0,0,0,0,0,0,0,0,0,0,0,0
32,"SATU MARE",CĂMIN,179677,1,FINAL,UAT,P,P_CE,"2020-09-28 04:29:57",1160,1117,3,17,23,806,764,2,17,23,796,10,1251,445,0,0,0,0,0,0,0,0,0,0,0,0,0,0,0,0,0,0,0,0,0,0,0,0,0,0,0,0,0,0,0,0,0,0,0,0,0,0,0,0,0,220,576,0,0,0,0,0,0,0,0,0,0,0,0,0,0,0,0,0,0,0,0,0,0,0,0,0,0,0,0,0,0,0,0,0,0,0,0,0,0,0,0,0,0,0,0,0,0,0,0,0,0,0,0,0,0,0,0,0,0,0,0,0,0,0,0,0,0,0,0,0,0,0,0,0,0,0,0,0,0,0,0,0,0,0,0,0,0,0,0,0,0,0,0,0,0,0,0,0,0,0,0,0,0,0,0,0,0,0,0,0,0,0,0,0,0,0,0,0,0,0,0,0,0,0,0,0,0,0,0,0,0,0,0,0,0,0,0,0,0,0,0,0,0,0,0,0,0,0,0,0,0,0,0,0,0,0,0,0,0,0,0,0,0,0,0,0,0,0,0,0,0,0,0,0,0,0,0,0,0,0,0,0,0,0,0,0
32,"SATU MARE",CĂPLENI,136553,1,FINAL,UAT,P,P_CE,"2020-09-28 05:13:48",2663,2604,3,8,48,1483,1427,0,8,48,1464,19,2931,1448,0,0,0,0,0,0,0,0,0,0,0,0,0,0,0,0,0,0,0,0,0,0,0,0,0,0,0,0,0,0,0,0,0,0,0,0,0,0,0,0,0,0,0,892,65,491,16,0,0,0,0,0,0,0,0,0,0,0,0,0,0,0,0,0,0,0,0,0,0,0,0,0,0,0,0,0,0,0,0,0,0,0,0,0,0,0,0,0,0,0,0,0,0,0,0,0,0,0,0,0,0,0,0,0,0,0,0,0,0,0,0,0,0,0,0,0,0,0,0,0,0,0,0,0,0,0,0,0,0,0,0,0,0,0,0,0,0,0,0,0,0,0,0,0,0,0,0,0,0,0,0,0,0,0,0,0,0,0,0,0,0,0,0,0,0,0,0,0,0,0,0,0,0,0,0,0,0,0,0,0,0,0,0,0,0,0,0,0,0,0,0,0,0,0,0,0,0,0,0,0,0,0,0,0,0,0,0,0,0,0,0,0,0,0,0,0,0,0,0,0,0,0,0,0,0,0,0,0
32,"SATU MARE",CĂUAŞ,137292,1,FINAL,UAT,P,P_CE,"2020-09-28 01:48:51",2077,1999,1,63,14,1273,1195,1,63,14,1226,47,2235,962,0,0,0,0,0,0,0,0,0,0,0,0,0,0,0,0,0,0,0,0,0,0,0,0,0,0,0,0,0,0,0,0,0,0,0,0,0,0,0,0,0,0,0,0,0,0,0,267,455,34,357,113,0,0,0,0,0,0,0,0,0,0,0,0,0,0,0,0,0,0,0,0,0,0,0,0,0,0,0,0,0,0,0,0,0,0,0,0,0,0,0,0,0,0,0,0,0,0,0,0,0,0,0,0,0,0,0,0,0,0,0,0,0,0,0,0,0,0,0,0,0,0,0,0,0,0,0,0,0,0,0,0,0,0,0,0,0,0,0,0,0,0,0,0,0,0,0,0,0,0,0,0,0,0,0,0,0,0,0,0,0,0,0,0,0,0,0,0,0,0,0,0,0,0,0,0,0,0,0,0,0,0,0,0,0,0,0,0,0,0,0,0,0,0,0,0,0,0,0,0,0,0,0,0,0,0,0,0,0,0,0,0,0,0,0,0,0,0,0,0,0,0,0,0,0,0,0,0
32,"SATU MARE",CEHAL,137363,1,FINAL,UAT,P,P_CE,"2020-09-28 05:07:30",1331,1223,3,34,71,956,851,2,34,69,925,31,1424,468,0,0,0,0,0,0,0,0,0,0,0,0,0,0,0,0,0,0,0,0,0,0,0,0,0,0,0,0,0,0,0,0,0,0,0,0,0,0,0,0,0,0,0,0,0,0,0,0,0,0,0,0,616,309,0,0,0,0,0,0,0,0,0,0,0,0,0,0,0,0,0,0,0,0,0,0,0,0,0,0,0,0,0,0,0,0,0,0,0,0,0,0,0,0,0,0,0,0,0,0,0,0,0,0,0,0,0,0,0,0,0,0,0,0,0,0,0,0,0,0,0,0,0,0,0,0,0,0,0,0,0,0,0,0,0,0,0,0,0,0,0,0,0,0,0,0,0,0,0,0,0,0,0,0,0,0,0,0,0,0,0,0,0,0,0,0,0,0,0,0,0,0,0,0,0,0,0,0,0,0,0,0,0,0,0,0,0,0,0,0,0,0,0,0,0,0,0,0,0,0,0,0,0,0,0,0,0,0,0,0,0,0,0,0,0,0,0,0,0,0,0,0,0,0,0,0,0,0
32,"SATU MARE",CERTEZE,137407,1,FINAL,UAT,P,P_CE,"2020-09-28 14:22:11",5011,4941,0,28,42,1999,1933,0,28,38,1917,82,5445,3446,0,0,0,0,0,0,0,0,0,0,0,0,0,0,0,0,0,0,0,0,0,0,0,0,0,0,0,0,0,0,0,0,0,0,0,0,0,0,0,0,0,0,0,0,0,0,0,0,0,0,0,0,0,0,9,285,921,702,0,0,0,0,0,0,0,0,0,0,0,0,0,0,0,0,0,0,0,0,0,0,0,0,0,0,0,0,0,0,0,0,0,0,0,0,0,0,0,0,0,0,0,0,0,0,0,0,0,0,0,0,0,0,0,0,0,0,0,0,0,0,0,0,0,0,0,0,0,0,0,0,0,0,0,0,0,0,0,0,0,0,0,0,0,0,0,0,0,0,0,0,0,0,0,0,0,0,0,0,0,0,0,0,0,0,0,0,0,0,0,0,0,0,0,0,0,0,0,0,0,0,0,0,0,0,0,0,0,0,0,0,0,0,0,0,0,0,0,0,0,0,0,0,0,0,0,0,0,0,0,0,0,0,0,0,0,0,0,0,0,0,0,0,0,0,0,0,0,0
32,"SATU MARE",CIUMEŞTI,179882,1,FINAL,UAT,P,P_CE,"2020-09-28 04:46:31",1158,1114,0,16,28,706,662,0,16,28,681,25,1219,513,0,0,0,0,0,0,0,0,0,0,0,0,0,0,0,0,0,0,0,0,0,0,0,0,0,0,0,0,0,0,0,0,0,0,0,0,0,0,0,0,0,0,0,0,0,0,0,0,0,0,0,0,0,0,0,0,0,0,163,518,0,0,0,0,0,0,0,0,0,0,0,0,0,0,0,0,0,0,0,0,0,0,0,0,0,0,0,0,0,0,0,0,0,0,0,0,0,0,0,0,0,0,0,0,0,0,0,0,0,0,0,0,0,0,0,0,0,0,0,0,0,0,0,0,0,0,0,0,0,0,0,0,0,0,0,0,0,0,0,0,0,0,0,0,0,0,0,0,0,0,0,0,0,0,0,0,0,0,0,0,0,0,0,0,0,0,0,0,0,0,0,0,0,0,0,0,0,0,0,0,0,0,0,0,0,0,0,0,0,0,0,0,0,0,0,0,0,0,0,0,0,0,0,0,0,0,0,0,0,0,0,0,0,0,0,0,0,0,0,0,0,0,0,0,0,0,0,0
32,"SATU MARE",CRAIDOROLŢ,137443,2,FINAL,UAT,P,P_CE,"2020-10-01 14:17:15",1675,1656,4,14,1,882,867,0,14,1,830,52,1820,938,0,0,0,0,0,0,0,0,0,0,0,0,0,0,0,0,0,0,0,0,0,0,0,0,0,0,0,0,0,0,0,0,0,0,0,0,0,0,0,0,0,0,0,0,0,0,0,0,0,0,0,0,0,0,0,0,0,0,0,0,396,434,0,0,0,0,0,0,0,0,0,0,0,0,0,0,0,0,0,0,0,0,0,0,0,0,0,0,0,0,0,0,0,0,0,0,0,0,0,0,0,0,0,0,0,0,0,0,0,0,0,0,0,0,0,0,0,0,0,0,0,0,0,0,0,0,0,0,0,0,0,0,0,0,0,0,0,0,0,0,0,0,0,0,0,0,0,0,0,0,0,0,0,0,0,0,0,0,0,0,0,0,0,0,0,0,0,0,0,0,0,0,0,0,0,0,0,0,0,0,0,0,0,0,0,0,0,0,0,0,0,0,0,0,0,0,0,0,0,0,0,0,0,0,0,0,0,0,0,0,0,0,0,0,0,0,0,0,0,0,0,0,0,0,0,0,0,0
32,"SATU MARE",CRUCIŞOR,137504,1,FINAL,UAT,P,P_CE,"2020-09-28 12:11:36",2151,2074,1,19,57,1376,1300,0,19,57,1316,60,2307,931,0,0,0,0,0,0,0,0,0,0,0,0,0,0,0,0,0,0,0,0,0,0,0,0,0,0,0,0,0,0,0,0,0,0,0,0,0,0,0,0,0,0,0,0,0,0,0,0,0,0,0,0,0,0,0,0,0,0,0,0,0,0,92,311,386,447,80,0,0,0,0,0,0,0,0,0,0,0,0,0,0,0,0,0,0,0,0,0,0,0,0,0,0,0,0,0,0,0,0,0,0,0,0,0,0,0,0,0,0,0,0,0,0,0,0,0,0,0,0,0,0,0,0,0,0,0,0,0,0,0,0,0,0,0,0,0,0,0,0,0,0,0,0,0,0,0,0,0,0,0,0,0,0,0,0,0,0,0,0,0,0,0,0,0,0,0,0,0,0,0,0,0,0,0,0,0,0,0,0,0,0,0,0,0,0,0,0,0,0,0,0,0,0,0,0,0,0,0,0,0,0,0,0,0,0,0,0,0,0,0,0,0,0,0,0,0,0,0,0,0,0,0,0,0,0,0,0,0
32,"SATU MARE",CULCIU,137540,1,FINAL,UAT,P,P_CE,"2020-09-28 07:09:10",3424,3328,6,24,66,1863,1771,2,24,66,1812,51,3658,1795,0,0,0,0,0,0,0,0,0,0,0,0,0,0,0,0,0,0,0,0,0,0,0,0,0,0,0,0,0,0,0,0,0,0,0,0,0,0,0,0,0,0,0,0,0,0,0,0,0,0,0,0,0,0,0,0,0,0,0,0,0,0,0,0,0,0,0,317,368,55,987,48,37,0,0,0,0,0,0,0,0,0,0,0,0,0,0,0,0,0,0,0,0,0,0,0,0,0,0,0,0,0,0,0,0,0,0,0,0,0,0,0,0,0,0,0,0,0,0,0,0,0,0,0,0,0,0,0,0,0,0,0,0,0,0,0,0,0,0,0,0,0,0,0,0,0,0,0,0,0,0,0,0,0,0,0,0,0,0,0,0,0,0,0,0,0,0,0,0,0,0,0,0,0,0,0,0,0,0,0,0,0,0,0,0,0,0,0,0,0,0,0,0,0,0,0,0,0,0,0,0,0,0,0,0,0,0,0,0,0,0,0,0,0,0,0,0,0,0,0,0,0,0,0,0,0,0,0
32,"SATU MARE",DOBA,137611,1,FINAL,UAT,P,P_CE,"2020-09-28 10:29:46",2433,2370,3,42,18,1370,1310,0,42,18,1315,55,2666,1296,0,0,0,0,0,0,0,0,0,0,0,0,0,0,0,0,0,0,0,0,0,0,0,0,0,0,0,0,0,0,0,0,0,0,0,0,0,0,0,0,0,0,0,0,0,0,0,0,0,0,0,0,0,0,0,0,0,0,0,0,0,0,0,0,0,0,0,0,0,0,0,0,0,341,167,807,0,0,0,0,0,0,0,0,0,0,0,0,0,0,0,0,0,0,0,0,0,0,0,0,0,0,0,0,0,0,0,0,0,0,0,0,0,0,0,0,0,0,0,0,0,0,0,0,0,0,0,0,0,0,0,0,0,0,0,0,0,0,0,0,0,0,0,0,0,0,0,0,0,0,0,0,0,0,0,0,0,0,0,0,0,0,0,0,0,0,0,0,0,0,0,0,0,0,0,0,0,0,0,0,0,0,0,0,0,0,0,0,0,0,0,0,0,0,0,0,0,0,0,0,0,0,0,0,0,0,0,0,0,0,0,0,0,0,0,0,0,0,0,0,0,0,0,0,0,0,0,0
32,"SATU MARE",DOROLŢ,137675,1,FINAL,UAT,P,P_CE,"2020-09-28 06:19:53",3188,3109,11,16,52,1972,1903,1,16,52,1909,63,3449,1477,0,0,0,0,0,0,0,0,0,0,0,0,0,0,0,0,0,0,0,0,0,0,0,0,0,0,0,0,0,0,0,0,0,0,0,0,0,0,0,0,0,0,0,0,0,0,0,0,0,0,0,0,0,0,0,0,0,0,0,0,0,0,0,0,0,0,0,0,0,0,0,0,0,0,0,0,1570,339,0,0,0,0,0,0,0,0,0,0,0,0,0,0,0,0,0,0,0,0,0,0,0,0,0,0,0,0,0,0,0,0,0,0,0,0,0,0,0,0,0,0,0,0,0,0,0,0,0,0,0,0,0,0,0,0,0,0,0,0,0,0,0,0,0,0,0,0,0,0,0,0,0,0,0,0,0,0,0,0,0,0,0,0,0,0,0,0,0,0,0,0,0,0,0,0,0,0,0,0,0,0,0,0,0,0,0,0,0,0,0,0,0,0,0,0,0,0,0,0,0,0,0,0,0,0,0,0,0,0,0,0,0,0,0,0,0,0,0,0,0,0,0,0,0,0,0,0,0,0
32,"SATU MARE",FOIENI,137728,1,FINAL,UAT,P,P_CE,"2020-09-28 04:24:03",1612,1607,5,0,0,749,749,0,0,0,692,57,1768,1019,0,0,0,0,0,0,0,0,0,0,0,0,0,0,0,0,0,0,0,0,0,0,0,0,0,0,0,0,0,0,0,0,0,0,0,0,0,0,0,0,0,0,0,0,0,0,0,0,0,0,0,0,0,0,0,0,0,0,0,0,0,0,0,0,0,0,0,0,0,0,0,0,0,0,0,0,0,0,692,0,0,0,0,0,0,0,0,0,0,0,0,0,0,0,0,0,0,0,0,0,0,0,0,0,0,0,0,0,0,0,0,0,0,0,0,0,0,0,0,0,0,0,0,0,0,0,0,0,0,0,0,0,0,0,0,0,0,0,0,0,0,0,0,0,0,0,0,0,0,0,0,0,0,0,0,0,0,0,0,0,0,0,0,0,0,0,0,0,0,0,0,0,0,0,0,0,0,0,0,0,0,0,0,0,0,0,0,0,0,0,0,0,0,0,0,0,0,0,0,0,0,0,0,0,0,0,0,0,0,0,0,0,0,0,0,0,0,0,0,0,0,0,0,0,0,0,0,0
32,"SATU MARE","GHERŢA MICĂ",137746,1,FINAL,UAT,P,P_CE,"2020-09-28 07:17:07",2836,2788,1,12,35,1027,980,0,12,35,992,35,3160,2133,0,0,0,0,0,0,0,0,0,0,0,0,0,0,0,0,0,0,0,0,0,0,0,0,0,0,0,0,0,0,0,0,0,0,0,0,0,0,0,0,0,0,0,0,0,0,0,0,0,0,0,0,0,0,0,0,0,0,0,0,0,0,0,0,0,0,0,0,0,0,0,0,0,0,0,0,0,0,0,502,73,366,51,0,0,0,0,0,0,0,0,0,0,0,0,0,0,0,0,0,0,0,0,0,0,0,0,0,0,0,0,0,0,0,0,0,0,0,0,0,0,0,0,0,0,0,0,0,0,0,0,0,0,0,0,0,0,0,0,0,0,0,0,0,0,0,0,0,0,0,0,0,0,0,0,0,0,0,0,0,0,0,0,0,0,0,0,0,0,0,0,0,0,0,0,0,0,0,0,0,0,0,0,0,0,0,0,0,0,0,0,0,0,0,0,0,0,0,0,0,0,0,0,0,0,0,0,0,0,0,0,0,0,0,0,0,0,0,0,0,0,0,0,0,0,0,0,0
32,"SATU MARE",HALMEU,137764,1,FINAL,UAT,P,P_CE,"2020-09-28 11:54:59",4141,4046,7,43,45,1805,1716,1,43,45,1716,89,4494,2689,0,0,0,0,0,0,0,0,0,0,0,0,0,0,0,0,0,0,0,0,0,0,0,0,0,0,0,0,0,0,0,0,0,0,0,0,0,0,0,0,0,0,0,0,0,0,0,0,0,0,0,0,0,0,0,0,0,0,0,0,0,0,0,0,0,0,0,0,0,0,0,0,0,0,0,0,0,0,0,0,0,0,0,762,336,69,99,450,0,0,0,0,0,0,0,0,0,0,0,0,0,0,0,0,0,0,0,0,0,0,0,0,0,0,0,0,0,0,0,0,0,0,0,0,0,0,0,0,0,0,0,0,0,0,0,0,0,0,0,0,0,0,0,0,0,0,0,0,0,0,0,0,0,0,0,0,0,0,0,0,0,0,0,0,0,0,0,0,0,0,0,0,0,0,0,0,0,0,0,0,0,0,0,0,0,0,0,0,0,0,0,0,0,0,0,0,0,0,0,0,0,0,0,0,0,0,0,0,0,0,0,0,0,0,0,0,0,0,0,0,0,0,0,0,0,0,0,0
32,"SATU MARE",HODOD,137844,1,FINAL,UAT,P,P_CE,"2020-09-28 04:19:11",2252,2152,2,17,81,1135,1037,0,17,81,1054,81,2481,1346,0,0,0,0,0,0,0,0,0,0,0,0,0,0,0,0,0,0,0,0,0,0,0,0,0,0,0,0,0,0,0,0,0,0,0,0,0,0,0,0,0,0,0,0,0,0,0,0,0,0,0,0,0,0,0,0,0,0,0,0,0,0,0,0,0,0,0,0,0,0,0,0,0,0,0,0,0,0,0,0,0,0,0,0,0,0,0,0,160,894,0,0,0,0,0,0,0,0,0,0,0,0,0,0,0,0,0,0,0,0,0,0,0,0,0,0,0,0,0,0,0,0,0,0,0,0,0,0,0,0,0,0,0,0,0,0,0,0,0,0,0,0,0,0,0,0,0,0,0,0,0,0,0,0,0,0,0,0,0,0,0,0,0,0,0,0,0,0,0,0,0,0,0,0,0,0,0,0,0,0,0,0,0,0,0,0,0,0,0,0,0,0,0,0,0,0,0,0,0,0,0,0,0,0,0,0,0,0,0,0,0,0,0,0,0,0,0,0,0,0,0,0,0,0,0,0,0,0
32,"SATU MARE",HOMOROADE,137899,1,FINAL,UAT,P,P_CE,"2020-09-28 06:06:45",1503,1309,0,138,56,1011,817,0,138,56,984,27,1504,493,0,0,0,0,0,0,0,0,0,0,0,0,0,0,0,0,0,0,0,0,0,0,0,0,0,0,0,0,0,0,0,0,0,0,0,0,0,0,0,0,0,0,0,0,0,0,0,0,0,0,0,0,0,0,0,0,0,0,0,0,0,0,0,0,0,0,0,0,0,0,0,0,0,0,0,0,0,0,0,0,0,0,0,0,0,0,0,0,0,0,378,528,78,0,0,0,0,0,0,0,0,0,0,0,0,0,0,0,0,0,0,0,0,0,0,0,0,0,0,0,0,0,0,0,0,0,0,0,0,0,0,0,0,0,0,0,0,0,0,0,0,0,0,0,0,0,0,0,0,0,0,0,0,0,0,0,0,0,0,0,0,0,0,0,0,0,0,0,0,0,0,0,0,0,0,0,0,0,0,0,0,0,0,0,0,0,0,0,0,0,0,0,0,0,0,0,0,0,0,0,0,0,0,0,0,0,0,0,0,0,0,0,0,0,0,0,0,0,0,0,0,0,0,0,0,0,0,0
32,"SATU MARE",LAZURI,137960,1,FINAL,UAT,P,P_CE,"2020-09-28 05:01:29",5113,5039,2,36,36,2667,2595,0,36,36,2585,82,5563,2896,0,0,0,0,0,0,0,0,0,0,0,0,0,0,0,0,0,0,0,0,0,0,0,0,0,0,0,0,0,0,0,0,0,0,0,0,0,0,0,0,0,0,0,0,0,0,0,0,0,0,0,0,0,0,0,0,0,0,0,0,0,0,0,0,0,0,0,0,0,0,0,0,0,0,0,0,0,0,0,0,0,0,0,0,0,0,0,0,0,0,0,0,0,2303,224,58,0,0,0,0,0,0,0,0,0,0,0,0,0,0,0,0,0,0,0,0,0,0,0,0,0,0,0,0,0,0,0,0,0,0,0,0,0,0,0,0,0,0,0,0,0,0,0,0,0,0,0,0,0,0,0,0,0,0,0,0,0,0,0,0,0,0,0,0,0,0,0,0,0,0,0,0,0,0,0,0,0,0,0,0,0,0,0,0,0,0,0,0,0,0,0,0,0,0,0,0,0,0,0,0,0,0,0,0,0,0,0,0,0,0,0,0,0,0,0,0,0,0,0,0,0,0,0,0,0,0,0,0
32,"SATU MARE","MEDIEŞU AURIT",138084,1,FINAL,UAT,P,P_CE,"2020-09-28 11:18:36",5579,5360,2,131,86,3043,2825,1,131,86,2935,108,6047,3004,0,0,0,0,0,0,0,0,0,0,0,0,0,0,0,0,0,0,0,0,0,0,0,0,0,0,0,0,0,0,0,0,0,0,0,0,0,0,0,0,0,0,0,0,0,0,0,0,0,0,0,0,0,0,0,0,0,0,0,0,0,0,0,0,0,0,0,0,0,0,0,0,0,0,0,0,0,0,0,0,0,0,0,0,0,0,0,0,0,0,0,0,0,0,0,0,1983,108,630,214,0,0,0,0,0,0,0,0,0,0,0,0,0,0,0,0,0,0,0,0,0,0,0,0,0,0,0,0,0,0,0,0,0,0,0,0,0,0,0,0,0,0,0,0,0,0,0,0,0,0,0,0,0,0,0,0,0,0,0,0,0,0,0,0,0,0,0,0,0,0,0,0,0,0,0,0,0,0,0,0,0,0,0,0,0,0,0,0,0,0,0,0,0,0,0,0,0,0,0,0,0,0,0,0,0,0,0,0,0,0,0,0,0,0,0,0,0,0,0,0,0,0,0,0,0,0,0,0
32,"SATU MARE",MICULA,138164,1,FINAL,UAT,P,P_CE,"2020-09-28 07:13:24",3222,3175,3,13,31,1451,1407,0,13,31,1375,76,3501,2050,0,0,0,0,0,0,0,0,0,0,0,0,0,0,0,0,0,0,0,0,0,0,0,0,0,0,0,0,0,0,0,0,0,0,0,0,0,0,0,0,0,0,0,0,0,0,0,0,0,0,0,0,0,0,0,0,0,0,0,0,0,0,0,0,0,0,0,0,0,0,0,0,0,0,0,0,0,0,0,0,0,0,0,0,0,0,0,0,0,0,0,0,0,0,0,0,0,0,0,0,412,748,215,0,0,0,0,0,0,0,0,0,0,0,0,0,0,0,0,0,0,0,0,0,0,0,0,0,0,0,0,0,0,0,0,0,0,0,0,0,0,0,0,0,0,0,0,0,0,0,0,0,0,0,0,0,0,0,0,0,0,0,0,0,0,0,0,0,0,0,0,0,0,0,0,0,0,0,0,0,0,0,0,0,0,0,0,0,0,0,0,0,0,0,0,0,0,0,0,0,0,0,0,0,0,0,0,0,0,0,0,0,0,0,0,0,0,0,0,0,0,0,0,0,0,0,0,0
32,"SATU MARE",MOFTIN,138208,1,FINAL,UAT,P,P_CE,"2020-09-28 07:49:03",3583,3471,5,61,46,1882,1774,1,61,46,1735,147,3882,2000,0,0,0,0,0,0,0,0,0,0,0,0,0,0,0,0,0,0,0,0,0,0,0,0,0,0,0,0,0,0,0,0,0,0,0,0,0,0,0,0,0,0,0,0,0,0,0,0,0,0,0,0,0,0,0,0,0,0,0,0,0,0,0,0,0,0,0,0,0,0,0,0,0,0,0,0,0,0,0,0,0,0,0,0,0,0,0,0,0,0,0,0,0,0,0,0,0,0,0,0,0,0,0,1185,550,0,0,0,0,0,0,0,0,0,0,0,0,0,0,0,0,0,0,0,0,0,0,0,0,0,0,0,0,0,0,0,0,0,0,0,0,0,0,0,0,0,0,0,0,0,0,0,0,0,0,0,0,0,0,0,0,0,0,0,0,0,0,0,0,0,0,0,0,0,0,0,0,0,0,0,0,0,0,0,0,0,0,0,0,0,0,0,0,0,0,0,0,0,0,0,0,0,0,0,0,0,0,0,0,0,0,0,0,0,0,0,0,0,0,0,0,0,0,0,0,0,0,0
32,"SATU MARE","MUNICIPIUL CAREI",136526,2,FINAL,UAT,P,P_CE,"2020-10-01 15:27:34",20585,20335,39,157,54,7029,6816,3,157,53,6839,190,22453,15424,0,0,0,0,0,0,0,0,0,0,0,0,0,0,0,0,0,0,0,0,0,0,0,0,0,0,0,0,0,0,0,0,0,0,0,0,0,0,0,0,0,0,0,0,0,0,0,0,0,0,0,0,0,0,0,0,0,0,0,0,0,0,0,0,0,0,0,0,0,0,0,0,0,0,0,0,0,0,0,0,0,0,0,0,0,0,0,0,0,0,0,0,0,0,0,0,0,0,0,0,0,0,0,0,0,488,614,4814,203,292,428,0,0,0,0,0,0,0,0,0,0,0,0,0,0,0,0,0,0,0,0,0,0,0,0,0,0,0,0,0,0,0,0,0,0,0,0,0,0,0,0,0,0,0,0,0,0,0,0,0,0,0,0,0,0,0,0,0,0,0,0,0,0,0,0,0,0,0,0,0,0,0,0,0,0,0,0,0,0,0,0,0,0,0,0,0,0,0,0,0,0,0,0,0,0,0,0,0,0,0,0,0,0,0,0,0,0,0,0,0,0,0,0,0,0,0,0,0
32,"SATU MARE","MUNICIPIUL SATU MARE",136483,2,FINAL,UAT,P,P_CE,"2020-10-01 13:13:01",99949,98668,278,683,320,36860,35877,10,664,309,36327,506,108974,72136,0,0,0,0,0,0,0,0,0,0,0,0,0,0,0,0,0,0,0,0,0,0,0,0,0,0,0,0,0,0,0,0,0,0,0,0,0,0,0,0,0,0,0,0,0,0,0,0,0,0,0,0,0,0,0,0,0,0,0,0,0,0,0,0,0,0,0,0,0,0,0,0,0,0,0,0,0,0,0,0,0,0,0,0,0,0,0,0,0,0,0,0,0,0,0,0,0,0,0,0,0,0,0,0,0,0,0,0,0,0,0,3732,1093,4528,1234,18869,698,6036,137,0,0,0,0,0,0,0,0,0,0,0,0,0,0,0,0,0,0,0,0,0,0,0,0,0,0,0,0,0,0,0,0,0,0,0,0,0,0,0,0,0,0,0,0,0,0,0,0,0,0,0,0,0,0,0,0,0,0,0,0,0,0,0,0,0,0,0,0,0,0,0,0,0,0,0,0,0,0,0,0,0,0,0,0,0,0,0,0,0,0,0,0,0,0,0,0,0,0,0,0,0,0,0,0,0,0,0,0,0
32,"SATU MARE",ODOREU,138280,2,FINAL,UAT,P,P_CE,"2020-10-01 15:30:53",4901,4814,8,29,50,2317,2238,1,29,49,2244,73,5369,3052,0,0,0,0,0,0,0,0,0,0,0,0,0,0,0,0,0,0,0,0,0,0,0,0,0,0,0,0,0,0,0,0,0,0,0,0,0,0,0,0,0,0,0,0,0,0,0,0,0,0,0,0,0,0,0,0,0,0,0,0,0,0,0,0,0,0,0,0,0,0,0,0,0,0,0,0,0,0,0,0,0,0,0,0,0,0,0,0,0,0,0,0,0,0,0,0,0,0,0,0,0,0,0,0,0,0,0,0,0,0,0,0,0,0,0,0,0,0,0,1830,205,209,0,0,0,0,0,0,0,0,0,0,0,0,0,0,0,0,0,0,0,0,0,0,0,0,0,0,0,0,0,0,0,0,0,0,0,0,0,0,0,0,0,0,0,0,0,0,0,0,0,0,0,0,0,0,0,0,0,0,0,0,0,0,0,0,0,0,0,0,0,0,0,0,0,0,0,0,0,0,0,0,0,0,0,0,0,0,0,0,0,0,0,0,0,0,0,0,0,0,0,0,0,0,0,0,0,0
32,"SATU MARE","ORAŞ ARDUD",136848,1,FINAL,UAT,P,P_CE,"2020-09-28 10:38:38",5906,5819,9,57,21,2555,2476,1,57,21,2447,108,6400,3845,0,0,0,0,0,0,0,0,0,0,0,0,0,0,0,0,0,0,0,0,0,0,0,0,0,0,0,0,0,0,0,0,0,0,0,0,0,0,0,0,0,0,0,0,0,0,0,0,0,0,0,0,0,0,0,0,0,0,0,0,0,0,0,0,0,0,0,0,0,0,0,0,0,0,0,0,0,0,0,0,0,0,0,0,0,0,0,0,0,0,0,0,0,0,0,0,0,0,0,0,0,0,0,0,0,0,0,0,0,0,0,0,0,0,0,0,0,0,0,0,0,0,56,1341,172,768,110,0,0,0,0,0,0,0,0,0,0,0,0,0,0,0,0,0,0,0,0,0,0,0,0,0,0,0,0,0,0,0,0,0,0,0,0,0,0,0,0,0,0,0,0,0,0,0,0,0,0,0,0,0,0,0,0,0,0,0,0,0,0,0,0,0,0,0,0,0,0,0,0,0,0,0,0,0,0,0,0,0,0,0,0,0,0,0,0,0,0,0,0,0,0,0,0,0,0,0,0,0
32,"SATU MARE","ORAŞ LIVADA",138039,1,FINAL,UAT,P,P_CE,"2020-09-28 05:17:19",5772,5673,7,53,39,2618,2525,1,53,39,2541,77,6284,3666,0,0,0,0,0,0,0,0,0,0,0,0,0,0,0,0,0,0,0,0,0,0,0,0,0,0,0,0,0,0,0,0,0,0,0,0,0,0,0,0,0,0,0,0,0,0,0,0,0,0,0,0,0,0,0,0,0,0,0,0,0,0,0,0,0,0,0,0,0,0,0,0,0,0,0,0,0,0,0,0,0,0,0,0,0,0,0,0,0,0,0,0,0,0,0,0,0,0,0,0,0,0,0,0,0,0,0,0,0,0,0,0,0,0,0,0,0,0,0,0,0,0,0,0,0,0,0,462,1905,174,0,0,0,0,0,0,0,0,0,0,0,0,0,0,0,0,0,0,0,0,0,0,0,0,0,0,0,0,0,0,0,0,0,0,0,0,0,0,0,0,0,0,0,0,0,0,0,0,0,0,0,0,0,0,0,0,0,0,0,0,0,0,0,0,0,0,0,0,0,0,0,0,0,0,0,0,0,0,0,0,0,0,0,0,0,0,0,0,0,0,0,0,0,0,0,0,0,0
32,"SATU MARE","ORAŞ NEGREŞTI-OAŞ",136599,1,FINAL,UAT,P,P_CE,"2020-09-28 10:02:28",14063,13934,14,92,23,4832,4717,0,92,23,4705,127,15396,10564,0,0,0,0,0,0,0,0,0,0,0,0,0,0,0,0,0,0,0,0,0,0,0,0,0,0,0,0,0,0,0,0,0,0,0,0,0,0,0,0,0,0,0,0,0,0,0,0,0,0,0,0,0,0,0,0,0,0,0,0,0,0,0,0,0,0,0,0,0,0,0,0,0,0,0,0,0,0,0,0,0,0,0,0,0,0,0,0,0,0,0,0,0,0,0,0,0,0,0,0,0,0,0,0,0,0,0,0,0,0,0,0,0,0,0,0,0,0,0,0,0,0,0,0,0,0,0,0,0,0,3487,82,831,305,0,0,0,0,0,0,0,0,0,0,0,0,0,0,0,0,0,0,0,0,0,0,0,0,0,0,0,0,0,0,0,0,0,0,0,0,0,0,0,0,0,0,0,0,0,0,0,0,0,0,0,0,0,0,0,0,0,0,0,0,0,0,0,0,0,0,0,0,0,0,0,0,0,0,0,0,0,0,0,0,0,0,0,0,0,0,0,0,0,0,0,0,0,0
32,"SATU MARE","ORAŞ TĂŞNAD",136642,1,FINAL,UAT,P,P_CE,"2020-09-28 11:47:59",7578,7361,2,97,118,4249,4034,0,97,118,4117,132,8350,4101,0,0,0,0,0,0,0,0,0,0,0,0,0,0,0,0,0,0,0,0,0,0,0,0,0,0,0,0,0,0,0,0,0,0,0,0,0,0,0,0,0,0,0,0,0,0,0,0,0,0,0,0,0,0,0,0,0,0,0,0,0,0,0,0,0,0,0,0,0,0,0,0,0,0,0,0,0,0,0,0,0,0,0,0,0,0,0,0,0,0,0,0,0,0,0,0,0,0,0,0,0,0,0,0,0,0,0,0,0,0,0,0,0,0,0,0,0,0,0,0,0,0,0,0,0,0,0,0,0,0,0,0,0,0,894,1045,1453,643,82,0,0,0,0,0,0,0,0,0,0,0,0,0,0,0,0,0,0,0,0,0,0,0,0,0,0,0,0,0,0,0,0,0,0,0,0,0,0,0,0,0,0,0,0,0,0,0,0,0,0,0,0,0,0,0,0,0,0,0,0,0,0,0,0,0,0,0,0,0,0,0,0,0,0,0,0,0,0,0,0,0,0,0,0,0,0,0,0,0
32,"SATU MARE","ORAŞU NOU",138351,1,FINAL,UAT,P,P_CE,"2020-09-28 09:55:49",3129,2984,7,53,85,1718,1577,4,53,84,1647,71,3525,1807,0,0,0,0,0,0,0,0,0,0,0,0,0,0,0,0,0,0,0,0,0,0,0,0,0,0,0,0,0,0,0,0,0,0,0,0,0,0,0,0,0,0,0,0,0,0,0,0,0,0,0,0,0,0,0,0,0,0,0,0,0,0,0,0,0,0,0,0,0,0,0,0,0,0,0,0,0,0,0,0,0,0,0,0,0,0,0,0,0,0,0,0,0,0,0,0,0,0,0,0,0,0,0,0,0,0,0,0,0,0,0,0,0,0,0,0,0,0,0,0,0,0,0,0,0,0,0,0,0,0,0,0,0,0,0,0,0,0,0,116,1188,100,243,0,0,0,0,0,0,0,0,0,0,0,0,0,0,0,0,0,0,0,0,0,0,0,0,0,0,0,0,0,0,0,0,0,0,0,0,0,0,0,0,0,0,0,0,0,0,0,0,0,0,0,0,0,0,0,0,0,0,0,0,0,0,0,0,0,0,0,0,0,0,0,0,0,0,0,0,0,0,0,0,0,0,0,0,0
32,"SATU MARE",PĂULEŞTI,138431,1,FINAL,UAT,P,P_CE,"2020-09-28 11:14:18",4864,4753,7,85,19,2676,2571,1,85,19,2598,78,5237,2561,0,0,0,0,0,0,0,0,0,0,0,0,0,0,0,0,0,0,0,0,0,0,0,0,0,0,0,0,0,0,0,0,0,0,0,0,0,0,0,0,0,0,0,0,0,0,0,0,0,0,0,0,0,0,0,0,0,0,0,0,0,0,0,0,0,0,0,0,0,0,0,0,0,0,0,0,0,0,0,0,0,0,0,0,0,0,0,0,0,0,0,0,0,0,0,0,0,0,0,0,0,0,0,0,0,0,0,0,0,0,0,0,0,0,0,0,0,0,0,0,0,0,0,0,0,0,0,0,0,0,0,0,0,0,0,0,0,0,0,0,0,0,0,818,1315,15,331,31,51,37,0,0,0,0,0,0,0,0,0,0,0,0,0,0,0,0,0,0,0,0,0,0,0,0,0,0,0,0,0,0,0,0,0,0,0,0,0,0,0,0,0,0,0,0,0,0,0,0,0,0,0,0,0,0,0,0,0,0,0,0,0,0,0,0,0,0,0,0,0,0,0,0,0,0,0,0,0,0
32,"SATU MARE",PETREŞTI,138501,1,FINAL,UAT,P,P_CE,"2020-09-28 04:40:02",1649,1603,3,16,27,720,675,2,16,27,685,35,1791,1071,0,0,0,0,0,0,0,0,0,0,0,0,0,0,0,0,0,0,0,0,0,0,0,0,0,0,0,0,0,0,0,0,0,0,0,0,0,0,0,0,0,0,0,0,0,0,0,0,0,0,0,0,0,0,0,0,0,0,0,0,0,0,0,0,0,0,0,0,0,0,0,0,0,0,0,0,0,0,0,0,0,0,0,0,0,0,0,0,0,0,0,0,0,0,0,0,0,0,0,0,0,0,0,0,0,0,0,0,0,0,0,0,0,0,0,0,0,0,0,0,0,0,0,0,0,0,0,0,0,0,0,0,0,0,0,0,0,0,0,0,0,0,0,0,0,0,0,0,0,0,608,77,0,0,0,0,0,0,0,0,0,0,0,0,0,0,0,0,0,0,0,0,0,0,0,0,0,0,0,0,0,0,0,0,0,0,0,0,0,0,0,0,0,0,0,0,0,0,0,0,0,0,0,0,0,0,0,0,0,0,0,0,0,0,0,0,0,0,0,0,0,0,0,0,0,0,0,0
32,"SATU MARE",PIR,138538,1,FINAL,UAT,P,P_CE,"2020-09-28 17:46:15",1241,1214,1,18,8,726,700,0,18,8,690,36,1353,627,0,0,0,0,0,0,0,0,0,0,0,0,0,0,0,0,0,0,0,0,0,0,0,0,0,0,0,0,0,0,0,0,0,0,0,0,0,0,0,0,0,0,0,0,0,0,0,0,0,0,0,0,0,0,0,0,0,0,0,0,0,0,0,0,0,0,0,0,0,0,0,0,0,0,0,0,0,0,0,0,0,0,0,0,0,0,0,0,0,0,0,0,0,0,0,0,0,0,0,0,0,0,0,0,0,0,0,0,0,0,0,0,0,0,0,0,0,0,0,0,0,0,0,0,0,0,0,0,0,0,0,0,0,0,0,0,0,0,0,0,0,0,0,0,0,0,0,0,0,0,0,0,129,346,141,64,10,0,0,0,0,0,0,0,0,0,0,0,0,0,0,0,0,0,0,0,0,0,0,0,0,0,0,0,0,0,0,0,0,0,0,0,0,0,0,0,0,0,0,0,0,0,0,0,0,0,0,0,0,0,0,0,0,0,0,0,0,0,0,0,0,0,0,0,0,0,0,0
32,"SATU MARE",PIŞCOLT,138574,1,FINAL,UAT,P,P_CE,"2020-09-28 11:37:10",2478,2437,1,31,9,1408,1368,0,31,9,1344,64,2730,1322,0,0,0,0,0,0,0,0,0,0,0,0,0,0,0,0,0,0,0,0,0,0,0,0,0,0,0,0,0,0,0,0,0,0,0,0,0,0,0,0,0,0,0,0,0,0,0,0,0,0,0,0,0,0,0,0,0,0,0,0,0,0,0,0,0,0,0,0,0,0,0,0,0,0,0,0,0,0,0,0,0,0,0,0,0,0,0,0,0,0,0,0,0,0,0,0,0,0,0,0,0,0,0,0,0,0,0,0,0,0,0,0,0,0,0,0,0,0,0,0,0,0,0,0,0,0,0,0,0,0,0,0,0,0,0,0,0,0,0,0,0,0,0,0,0,0,0,0,0,0,0,0,0,0,0,0,0,178,130,1036,0,0,0,0,0,0,0,0,0,0,0,0,0,0,0,0,0,0,0,0,0,0,0,0,0,0,0,0,0,0,0,0,0,0,0,0,0,0,0,0,0,0,0,0,0,0,0,0,0,0,0,0,0,0,0,0,0,0,0,0,0,0,0,0,0,0,0,0
32,"SATU MARE",POMI,138618,1,FINAL,UAT,P,P_CE,"2020-09-28 09:00:40",1728,1486,2,181,59,1171,929,2,181,59,1129,42,1636,465,0,0,0,0,0,0,0,0,0,0,0,0,0,0,0,0,0,0,0,0,0,0,0,0,0,0,0,0,0,0,0,0,0,0,0,0,0,0,0,0,0,0,0,0,0,0,0,0,0,0,0,0,0,0,0,0,0,0,0,0,0,0,0,0,0,0,0,0,0,0,0,0,0,0,0,0,0,0,0,0,0,0,0,0,0,0,0,0,0,0,0,0,0,0,0,0,0,0,0,0,0,0,0,0,0,0,0,0,0,0,0,0,0,0,0,0,0,0,0,0,0,0,0,0,0,0,0,0,0,0,0,0,0,0,0,0,0,0,0,0,0,0,0,0,0,0,0,0,0,0,0,0,0,0,0,0,0,0,0,0,396,93,611,29,0,0,0,0,0,0,0,0,0,0,0,0,0,0,0,0,0,0,0,0,0,0,0,0,0,0,0,0,0,0,0,0,0,0,0,0,0,0,0,0,0,0,0,0,0,0,0,0,0,0,0,0,0,0,0,0,0,0,0,0,0,0,0,0
32,"SATU MARE",PORUMBEŞTI,180028,1,FINAL,UAT,P,P_CE,"2020-09-28 02:34:59",2078,2039,5,8,26,1112,1076,2,8,26,1046,66,2273,1161,0,0,0,0,0,0,0,0,0,0,0,0,0,0,0,0,0,0,0,0,0,0,0,0,0,0,0,0,0,0,0,0,0,0,0,0,0,0,0,0,0,0,0,0,0,0,0,0,0,0,0,0,0,0,0,0,0,0,0,0,0,0,0,0,0,0,0,0,0,0,0,0,0,0,0,0,0,0,0,0,0,0,0,0,0,0,0,0,0,0,0,0,0,0,0,0,0,0,0,0,0,0,0,0,0,0,0,0,0,0,0,0,0,0,0,0,0,0,0,0,0,0,0,0,0,0,0,0,0,0,0,0,0,0,0,0,0,0,0,0,0,0,0,0,0,0,0,0,0,0,0,0,0,0,0,0,0,0,0,0,0,0,0,0,847,199,0,0,0,0,0,0,0,0,0,0,0,0,0,0,0,0,0,0,0,0,0,0,0,0,0,0,0,0,0,0,0,0,0,0,0,0,0,0,0,0,0,0,0,0,0,0,0,0,0,0,0,0,0,0,0,0,0,0,0,0,0,0
32,"SATU MARE",RACŞA,180091,2,FINAL,UAT,P,P_CE,"2020-10-01 15:32:49",2504,2403,0,24,77,1223,1122,0,24,77,1168,55,2687,1464,0,0,0,0,0,0,0,0,0,0,0,0,0,0,0,0,0,0,0,0,0,0,0,0,0,0,0,0,0,0,0,0,0,0,0,0,0,0,0,0,0,0,0,0,0,0,0,0,0,0,0,0,0,0,0,0,0,0,0,0,0,0,0,0,0,0,0,0,0,0,0,0,0,0,0,0,0,0,0,0,0,0,0,0,0,0,0,0,0,0,0,0,0,0,0,0,0,0,0,0,0,0,0,0,0,0,0,0,0,0,0,0,0,0,0,0,0,0,0,0,0,0,0,0,0,0,0,0,0,0,0,0,0,0,0,0,0,0,0,0,0,0,0,0,0,0,0,0,0,0,0,0,0,0,0,0,0,0,0,0,0,0,0,0,0,0,769,275,124,0,0,0,0,0,0,0,0,0,0,0,0,0,0,0,0,0,0,0,0,0,0,0,0,0,0,0,0,0,0,0,0,0,0,0,0,0,0,0,0,0,0,0,0,0,0,0,0,0,0,0,0,0,0,0,0,0,0,0
32,"SATU MARE",SĂCĂŞENI,138770,1,FINAL,UAT,P,P_CE,"2020-09-28 05:22:51",985,942,1,17,25,581,539,0,17,25,550,31,1028,447,0,0,0,0,0,0,0,0,0,0,0,0,0,0,0,0,0,0,0,0,0,0,0,0,0,0,0,0,0,0,0,0,0,0,0,0,0,0,0,0,0,0,0,0,0,0,0,0,0,0,0,0,0,0,0,0,0,0,0,0,0,0,0,0,0,0,0,0,0,0,0,0,0,0,0,0,0,0,0,0,0,0,0,0,0,0,0,0,0,0,0,0,0,0,0,0,0,0,0,0,0,0,0,0,0,0,0,0,0,0,0,0,0,0,0,0,0,0,0,0,0,0,0,0,0,0,0,0,0,0,0,0,0,0,0,0,0,0,0,0,0,0,0,0,0,0,0,0,0,0,0,0,0,0,0,0,0,0,0,0,0,0,0,0,0,0,0,0,0,61,286,114,89,0,0,0,0,0,0,0,0,0,0,0,0,0,0,0,0,0,0,0,0,0,0,0,0,0,0,0,0,0,0,0,0,0,0,0,0,0,0,0,0,0,0,0,0,0,0,0,0,0,0,0,0,0,0,0
32,"SATU MARE",SANISLĂU,138663,1,FINAL,UAT,P,P_CE,"2020-09-28 12:00:52",3016,2971,3,25,17,1464,1422,0,25,17,1396,68,3308,1844,0,0,0,0,0,0,0,0,0,0,0,0,0,0,0,0,0,0,0,0,0,0,0,0,0,0,0,0,0,0,0,0,0,0,0,0,0,0,0,0,0,0,0,0,0,0,0,0,0,0,0,0,0,0,0,0,0,0,0,0,0,0,0,0,0,0,0,0,0,0,0,0,0,0,0,0,0,0,0,0,0,0,0,0,0,0,0,0,0,0,0,0,0,0,0,0,0,0,0,0,0,0,0,0,0,0,0,0,0,0,0,0,0,0,0,0,0,0,0,0,0,0,0,0,0,0,0,0,0,0,0,0,0,0,0,0,0,0,0,0,0,0,0,0,0,0,0,0,0,0,0,0,0,0,0,0,0,0,0,0,0,0,0,0,0,0,0,0,0,0,0,0,0,180,117,1045,54,0,0,0,0,0,0,0,0,0,0,0,0,0,0,0,0,0,0,0,0,0,0,0,0,0,0,0,0,0,0,0,0,0,0,0,0,0,0,0,0,0,0,0,0,0,0,0,0,0,0,0
32,"SATU MARE",SANTĂU,138734,1,FINAL,UAT,P,P_CE,"2020-09-28 04:58:24",2022,1926,2,42,52,1180,1086,0,42,52,1146,34,2193,1013,0,0,0,0,0,0,0,0,0,0,0,0,0,0,0,0,0,0,0,0,0,0,0,0,0,0,0,0,0,0,0,0,0,0,0,0,0,0,0,0,0,0,0,0,0,0,0,0,0,0,0,0,0,0,0,0,0,0,0,0,0,0,0,0,0,0,0,0,0,0,0,0,0,0,0,0,0,0,0,0,0,0,0,0,0,0,0,0,0,0,0,0,0,0,0,0,0,0,0,0,0,0,0,0,0,0,0,0,0,0,0,0,0,0,0,0,0,0,0,0,0,0,0,0,0,0,0,0,0,0,0,0,0,0,0,0,0,0,0,0,0,0,0,0,0,0,0,0,0,0,0,0,0,0,0,0,0,0,0,0,0,0,0,0,0,0,0,0,0,0,0,0,0,0,0,0,0,86,1060,0,0,0,0,0,0,0,0,0,0,0,0,0,0,0,0,0,0,0,0,0,0,0,0,0,0,0,0,0,0,0,0,0,0,0,0,0,0,0,0,0,0,0,0,0,0,0,0,0
32,"SATU MARE",SĂUCA,138805,1,FINAL,UAT,P,P_CE,"2020-09-28 09:13:06",1141,1093,1,36,11,767,720,0,36,11,713,54,1188,421,0,0,0,0,0,0,0,0,0,0,0,0,0,0,0,0,0,0,0,0,0,0,0,0,0,0,0,0,0,0,0,0,0,0,0,0,0,0,0,0,0,0,0,0,0,0,0,0,0,0,0,0,0,0,0,0,0,0,0,0,0,0,0,0,0,0,0,0,0,0,0,0,0,0,0,0,0,0,0,0,0,0,0,0,0,0,0,0,0,0,0,0,0,0,0,0,0,0,0,0,0,0,0,0,0,0,0,0,0,0,0,0,0,0,0,0,0,0,0,0,0,0,0,0,0,0,0,0,0,0,0,0,0,0,0,0,0,0,0,0,0,0,0,0,0,0,0,0,0,0,0,0,0,0,0,0,0,0,0,0,0,0,0,0,0,0,0,0,0,0,0,0,0,0,0,0,0,0,0,88,254,189,130,27,17,8,0,0,0,0,0,0,0,0,0,0,0,0,0,0,0,0,0,0,0,0,0,0,0,0,0,0,0,0,0,0,0,0,0,0,0,0,0,0,0,0,0,0
32,"SATU MARE",SOCOND,138869,1,FINAL,UAT,P,P_CE,"2020-09-28 06:42:30",2089,1953,2,88,46,1365,1231,0,88,46,1330,35,2185,820,0,0,0,0,0,0,0,0,0,0,0,0,0,0,0,0,0,0,0,0,0,0,0,0,0,0,0,0,0,0,0,0,0,0,0,0,0,0,0,0,0,0,0,0,0,0,0,0,0,0,0,0,0,0,0,0,0,0,0,0,0,0,0,0,0,0,0,0,0,0,0,0,0,0,0,0,0,0,0,0,0,0,0,0,0,0,0,0,0,0,0,0,0,0,0,0,0,0,0,0,0,0,0,0,0,0,0,0,0,0,0,0,0,0,0,0,0,0,0,0,0,0,0,0,0,0,0,0,0,0,0,0,0,0,0,0,0,0,0,0,0,0,0,0,0,0,0,0,0,0,0,0,0,0,0,0,0,0,0,0,0,0,0,0,0,0,0,0,0,0,0,0,0,0,0,0,0,0,0,0,0,0,0,0,0,0,385,21,913,11,0,0,0,0,0,0,0,0,0,0,0,0,0,0,0,0,0,0,0,0,0,0,0,0,0,0,0,0,0,0,0,0,0,0,0,0,0,0
32,"SATU MARE",SUPUR,138921,1,FINAL,UAT,P,P_CE,"2020-09-28 10:02:35",3272,3184,2,85,1,1800,1713,1,85,1,1721,79,3561,1761,0,0,0,0,0,0,0,0,0,0,0,0,0,0,0,0,0,0,0,0,0,0,0,0,0,0,0,0,0,0,0,0,0,0,0,0,0,0,0,0,0,0,0,0,0,0,0,0,0,0,0,0,0,0,0,0,0,0,0,0,0,0,0,0,0,0,0,0,0,0,0,0,0,0,0,0,0,0,0,0,0,0,0,0,0,0,0,0,0,0,0,0,0,0,0,0,0,0,0,0,0,0,0,0,0,0,0,0,0,0,0,0,0,0,0,0,0,0,0,0,0,0,0,0,0,0,0,0,0,0,0,0,0,0,0,0,0,0,0,0,0,0,0,0,0,0,0,0,0,0,0,0,0,0,0,0,0,0,0,0,0,0,0,0,0,0,0,0,0,0,0,0,0,0,0,0,0,0,0,0,0,0,0,0,0,0,0,0,0,0,991,730,0,0,0,0,0,0,0,0,0,0,0,0,0,0,0,0,0,0,0,0,0,0,0,0,0,0,0,0,0,0,0,0,0,0,0,0
32,"SATU MARE","TARNA MARE",139009,1,FINAL,UAT,P,P_CE,"2020-09-28 05:13:02",3143,3088,2,24,29,1307,1253,1,24,29,1254,53,3410,2103,0,0,0,0,0,0,0,0,0,0,0,0,0,0,0,0,0,0,0,0,0,0,0,0,0,0,0,0,0,0,0,0,0,0,0,0,0,0,0,0,0,0,0,0,0,0,0,0,0,0,0,0,0,0,0,0,0,0,0,0,0,0,0,0,0,0,0,0,0,0,0,0,0,0,0,0,0,0,0,0,0,0,0,0,0,0,0,0,0,0,0,0,0,0,0,0,0,0,0,0,0,0,0,0,0,0,0,0,0,0,0,0,0,0,0,0,0,0,0,0,0,0,0,0,0,0,0,0,0,0,0,0,0,0,0,0,0,0,0,0,0,0,0,0,0,0,0,0,0,0,0,0,0,0,0,0,0,0,0,0,0,0,0,0,0,0,0,0,0,0,0,0,0,0,0,0,0,0,0,0,0,0,0,0,0,0,0,0,0,0,0,0,95,161,40,958,0,0,0,0,0,0,0,0,0,0,0,0,0,0,0,0,0,0,0,0,0,0,0,0,0,0,0,0,0,0,0,0
32,"SATU MARE",TÂRŞOLŢ,139143,1,FINAL,UAT,P,P_CE,"2020-09-28 03:31:52",2532,2496,0,5,31,751,715,0,5,31,732,19,2752,2001,0,0,0,0,0,0,0,0,0,0,0,0,0,0,0,0,0,0,0,0,0,0,0,0,0,0,0,0,0,0,0,0,0,0,0,0,0,0,0,0,0,0,0,0,0,0,0,0,0,0,0,0,0,0,0,0,0,0,0,0,0,0,0,0,0,0,0,0,0,0,0,0,0,0,0,0,0,0,0,0,0,0,0,0,0,0,0,0,0,0,0,0,0,0,0,0,0,0,0,0,0,0,0,0,0,0,0,0,0,0,0,0,0,0,0,0,0,0,0,0,0,0,0,0,0,0,0,0,0,0,0,0,0,0,0,0,0,0,0,0,0,0,0,0,0,0,0,0,0,0,0,0,0,0,0,0,0,0,0,0,0,0,0,0,0,0,0,0,0,0,0,0,0,0,0,0,0,0,0,0,0,0,0,0,0,0,0,0,0,0,0,0,0,0,0,0,415,317,0,0,0,0,0,0,0,0,0,0,0,0,0,0,0,0,0,0,0,0,0,0,0,0,0,0,0,0,0,0
32,"SATU MARE",TEREBEŞTI,139054,1,FINAL,UAT,P,P_CE,"2020-09-28 09:16:38",1483,1387,0,40,56,976,880,0,40,56,921,55,1603,627,0,0,0,0,0,0,0,0,0,0,0,0,0,0,0,0,0,0,0,0,0,0,0,0,0,0,0,0,0,0,0,0,0,0,0,0,0,0,0,0,0,0,0,0,0,0,0,0,0,0,0,0,0,0,0,0,0,0,0,0,0,0,0,0,0,0,0,0,0,0,0,0,0,0,0,0,0,0,0,0,0,0,0,0,0,0,0,0,0,0,0,0,0,0,0,0,0,0,0,0,0,0,0,0,0,0,0,0,0,0,0,0,0,0,0,0,0,0,0,0,0,0,0,0,0,0,0,0,0,0,0,0,0,0,0,0,0,0,0,0,0,0,0,0,0,0,0,0,0,0,0,0,0,0,0,0,0,0,0,0,0,0,0,0,0,0,0,0,0,0,0,0,0,0,0,0,0,0,0,0,0,0,0,0,0,0,0,0,0,0,0,0,0,0,0,0,0,0,188,733,0,0,0,0,0,0,0,0,0,0,0,0,0,0,0,0,0,0,0,0,0,0,0,0,0,0,0,0
32,"SATU MARE",TIREAM,139107,1,FINAL,UAT,P,P_CE,"2020-09-28 04:44:05",1922,1852,2,33,35,1019,950,1,33,35,956,63,2085,1066,0,0,0,0,0,0,0,0,0,0,0,0,0,0,0,0,0,0,0,0,0,0,0,0,0,0,0,0,0,0,0,0,0,0,0,0,0,0,0,0,0,0,0,0,0,0,0,0,0,0,0,0,0,0,0,0,0,0,0,0,0,0,0,0,0,0,0,0,0,0,0,0,0,0,0,0,0,0,0,0,0,0,0,0,0,0,0,0,0,0,0,0,0,0,0,0,0,0,0,0,0,0,0,0,0,0,0,0,0,0,0,0,0,0,0,0,0,0,0,0,0,0,0,0,0,0,0,0,0,0,0,0,0,0,0,0,0,0,0,0,0,0,0,0,0,0,0,0,0,0,0,0,0,0,0,0,0,0,0,0,0,0,0,0,0,0,0,0,0,0,0,0,0,0,0,0,0,0,0,0,0,0,0,0,0,0,0,0,0,0,0,0,0,0,0,0,0,0,0,0,38,52,262,586,18,0,0,0,0,0,0,0,0,0,0,0,0,0,0,0,0,0,0,0,0,0,0,0
32,"SATU MARE",TURŢ,139170,1,FINAL,UAT,P,P_CE,"2020-09-28 06:47:38",6461,6403,0,30,28,2314,2256,0,30,28,2222,86,7120,4812,0,0,0,0,0,0,0,0,0,0,0,0,0,0,0,0,0,0,0,0,0,0,0,0,0,0,0,0,0,0,0,0,0,0,0,0,0,0,0,0,0,0,0,0,0,0,0,0,0,0,0,0,0,0,0,0,0,0,0,0,0,0,0,0,0,0,0,0,0,0,0,0,0,0,0,0,0,0,0,0,0,0,0,0,0,0,0,0,0,0,0,0,0,0,0,0,0,0,0,0,0,0,0,0,0,0,0,0,0,0,0,0,0,0,0,0,0,0,0,0,0,0,0,0,0,0,0,0,0,0,0,0,0,0,0,0,0,0,0,0,0,0,0,0,0,0,0,0,0,0,0,0,0,0,0,0,0,0,0,0,0,0,0,0,0,0,0,0,0,0,0,0,0,0,0,0,0,0,0,0,0,0,0,0,0,0,0,0,0,0,0,0,0,0,0,0,0,0,0,0,0,0,0,0,0,231,1230,761,0,0,0,0,0,0,0,0,0,0,0,0,0,0,0,0,0,0,0,0
32,"SATU MARE",TURULUNG,139214,2,FINAL,UAT,P,P_CE,"2020-10-01 14:31:47",3464,3408,3,33,20,1592,1538,1,33,20,1501,91,3754,2162,0,0,0,0,0,0,0,0,0,0,0,0,0,0,0,0,0,0,0,0,0,0,0,0,0,0,0,0,0,0,0,0,0,0,0,0,0,0,0,0,0,0,0,0,0,0,0,0,0,0,0,0,0,0,0,0,0,0,0,0,0,0,0,0,0,0,0,0,0,0,0,0,0,0,0,0,0,0,0,0,0,0,0,0,0,0,0,0,0,0,0,0,0,0,0,0,0,0,0,0,0,0,0,0,0,0,0,0,0,0,0,0,0,0,0,0,0,0,0,0,0,0,0,0,0,0,0,0,0,0,0,0,0,0,0,0,0,0,0,0,0,0,0,0,0,0,0,0,0,0,0,0,0,0,0,0,0,0,0,0,0,0,0,0,0,0,0,0,0,0,0,0,0,0,0,0,0,0,0,0,0,0,0,0,0,0,0,0,0,0,0,0,0,0,0,0,0,0,0,0,0,0,0,0,0,0,0,0,135,698,88,580,0,0,0,0,0,0,0,0,0,0,0,0,0,0,0,0
32,"SATU MARE",URZICENI,139250,1,FINAL,UAT,P,P_CE,"2020-09-28 05:19:41",1261,1213,12,15,21,752,715,1,15,21,740,12,1362,610,0,0,0,0,0,0,0,0,0,0,0,0,0,0,0,0,0,0,0,0,0,0,0,0,0,0,0,0,0,0,0,0,0,0,0,0,0,0,0,0,0,0,0,0,0,0,0,0,0,0,0,0,0,0,0,0,0,0,0,0,0,0,0,0,0,0,0,0,0,0,0,0,0,0,0,0,0,0,0,0,0,0,0,0,0,0,0,0,0,0,0,0,0,0,0,0,0,0,0,0,0,0,0,0,0,0,0,0,0,0,0,0,0,0,0,0,0,0,0,0,0,0,0,0,0,0,0,0,0,0,0,0,0,0,0,0,0,0,0,0,0,0,0,0,0,0,0,0,0,0,0,0,0,0,0,0,0,0,0,0,0,0,0,0,0,0,0,0,0,0,0,0,0,0,0,0,0,0,0,0,0,0,0,0,0,0,0,0,0,0,0,0,0,0,0,0,0,0,0,0,0,0,0,0,0,0,0,0,0,0,0,0,315,425,0,0,0,0,0,0,0,0,0,0,0,0,0,0
32,"SATU MARE","VALEA VINULUI",139287,2,FINAL,UAT,P,P_CE,"2020-10-01 15:35:35",1624,1531,2,35,56,1017,926,0,35,56,979,38,1798,781,0,0,0,0,0,0,0,0,0,0,0,0,0,0,0,0,0,0,0,0,0,0,0,0,0,0,0,0,0,0,0,0,0,0,0,0,0,0,0,0,0,0,0,0,0,0,0,0,0,0,0,0,0,0,0,0,0,0,0,0,0,0,0,0,0,0,0,0,0,0,0,0,0,0,0,0,0,0,0,0,0,0,0,0,0,0,0,0,0,0,0,0,0,0,0,0,0,0,0,0,0,0,0,0,0,0,0,0,0,0,0,0,0,0,0,0,0,0,0,0,0,0,0,0,0,0,0,0,0,0,0,0,0,0,0,0,0,0,0,0,0,0,0,0,0,0,0,0,0,0,0,0,0,0,0,0,0,0,0,0,0,0,0,0,0,0,0,0,0,0,0,0,0,0,0,0,0,0,0,0,0,0,0,0,0,0,0,0,0,0,0,0,0,0,0,0,0,0,0,0,0,0,0,0,0,0,0,0,0,0,0,0,0,0,337,516,54,72,0,0,0,0,0,0,0,0,0,0
32,"SATU MARE",VAMA,139330,1,FINAL,UAT,P,P_CE,"2020-09-28 07:12:29",3344,3339,0,5,0,1296,1291,0,5,0,1227,69,3647,2351,0,0,0,0,0,0,0,0,0,0,0,0,0,0,0,0,0,0,0,0,0,0,0,0,0,0,0,0,0,0,0,0,0,0,0,0,0,0,0,0,0,0,0,0,0,0,0,0,0,0,0,0,0,0,0,0,0,0,0,0,0,0,0,0,0,0,0,0,0,0,0,0,0,0,0,0,0,0,0,0,0,0,0,0,0,0,0,0,0,0,0,0,0,0,0,0,0,0,0,0,0,0,0,0,0,0,0,0,0,0,0,0,0,0,0,0,0,0,0,0,0,0,0,0,0,0,0,0,0,0,0,0,0,0,0,0,0,0,0,0,0,0,0,0,0,0,0,0,0,0,0,0,0,0,0,0,0,0,0,0,0,0,0,0,0,0,0,0,0,0,0,0,0,0,0,0,0,0,0,0,0,0,0,0,0,0,0,0,0,0,0,0,0,0,0,0,0,0,0,0,0,0,0,0,0,0,0,0,0,0,0,0,0,0,0,0,0,0,150,1077,0,0,0,0,0,0,0,0
32,"SATU MARE",VETIŞ,139358,1,FINAL,UAT,P,P_CE,"2020-09-28 07:52:32",4483,4427,6,39,11,1995,1944,1,39,11,1941,54,4897,2902,0,0,0,0,0,0,0,0,0,0,0,0,0,0,0,0,0,0,0,0,0,0,0,0,0,0,0,0,0,0,0,0,0,0,0,0,0,0,0,0,0,0,0,0,0,0,0,0,0,0,0,0,0,0,0,0,0,0,0,0,0,0,0,0,0,0,0,0,0,0,0,0,0,0,0,0,0,0,0,0,0,0,0,0,0,0,0,0,0,0,0,0,0,0,0,0,0,0,0,0,0,0,0,0,0,0,0,0,0,0,0,0,0,0,0,0,0,0,0,0,0,0,0,0,0,0,0,0,0,0,0,0,0,0,0,0,0,0,0,0,0,0,0,0,0,0,0,0,0,0,0,0,0,0,0,0,0,0,0,0,0,0,0,0,0,0,0,0,0,0,0,0,0,0,0,0,0,0,0,0,0,0,0,0,0,0,0,0,0,0,0,0,0,0,0,0,0,0,0,0,0,0,0,0,0,0,0,0,0,0,0,0,0,0,0,0,0,0,0,0,930,103,908,0,0,0,0,0
32,"SATU MARE","VIILE SATU MARE",139394,1,FINAL,UAT,P,P_CE,"2020-09-28 07:48:48",3150,2969,11,71,99,1915,1744,1,71,99,1816,99,3362,1447,0,0,0,0,0,0,0,0,0,0,0,0,0,0,0,0,0,0,0,0,0,0,0,0,0,0,0,0,0,0,0,0,0,0,0,0,0,0,0,0,0,0,0,0,0,0,0,0,0,0,0,0,0,0,0,0,0,0,0,0,0,0,0,0,0,0,0,0,0,0,0,0,0,0,0,0,0,0,0,0,0,0,0,0,0,0,0,0,0,0,0,0,0,0,0,0,0,0,0,0,0,0,0,0,0,0,0,0,0,0,0,0,0,0,0,0,0,0,0,0,0,0,0,0,0,0,0,0,0,0,0,0,0,0,0,0,0,0,0,0,0,0,0,0,0,0,0,0,0,0,0,0,0,0,0,0,0,0,0,0,0,0,0,0,0,0,0,0,0,0,0,0,0,0,0,0,0,0,0,0,0,0,0,0,0,0,0,0,0,0,0,0,0,0,0,0,0,0,0,0,0,0,0,0,0,0,0,0,0,0,0,0,0,0,0,0,0,0,0,0,0,0,0,1132,37,382,116,149
