county_nce,county_name,uat_name,uat_siruta,report_version,report_stage_code,report_type_scope_code,report_type_category_code,report_type_code,created_at,a,a1,a2,a3,a4,b,b1,b2,b3,b4,c,d,e,f,g1.1,g1.2,g1.3,g4,"PARTIDUL PRO ROMÂNIA-voturi","PARTIDUL PRO ROMÂNIA-mandate-faza-1","PARTIDUL PRO ROMÂNIA-mandate-faza-2","PARTIDUL SOCIAL DEMOCRAT-voturi","PARTIDUL SOCIAL DEMOCRAT-mandate-faza-1","PARTIDUL SOCIAL DEMOCRAT-mandate-faza-2","PARTIDUL NAȚIONAL LIBERAL-voturi","PARTIDUL NAȚIONAL LIBERAL-mandate-faza-1","PARTIDUL NAȚIONAL LIBERAL-mandate-faza-2","ALIANȚA USR PLUS-voturi","ALIANȚA USR PLUS-mandate-faza-1","ALIANȚA USR PLUS-mandate-faza-2","PARTIDUL ALTERNATIVA PENTRU DEMNITATE NATIONALĂ-voturi","PARTIDUL ALTERNATIVA PENTRU DEMNITATE NATIONALĂ-mandate-faza-1","PARTIDUL ALTERNATIVA PENTRU DEMNITATE NATIONALĂ-mandate-faza-2","PARTIDUL ALIANŢA LIBERALILOR ŞI DEMOCRAŢILOR – ALDE-voturi","PARTIDUL ALIANŢA LIBERALILOR ŞI DEMOCRAŢILOR – ALDE-mandate-faza-1","PARTIDUL ALIANŢA LIBERALILOR ŞI DEMOCRAŢILOR – ALDE-mandate-faza-2","PARTIDUL MIȘCAREA POPULARĂ-voturi","PARTIDUL MIȘCAREA POPULARĂ-mandate-faza-1","PARTIDUL MIȘCAREA POPULARĂ-mandate-faza-2","ACHIM ŞTEFAN-DECEBAL-voturi","ACHIM ŞTEFAN-DECEBAL-mandate-faza-1","ACHIM ŞTEFAN-DECEBAL-mandate-faza-2","ASOCIAȚIA PARTIDA ROMILOR “PRO-EUROPA”-voturi","ASOCIAȚIA PARTIDA ROMILOR “PRO-EUROPA”-mandate-faza-1","ASOCIAȚIA PARTIDA ROMILOR “PRO-EUROPA”-mandate-faza-2","ASOCIAȚIA PARTIDA ROMILOR “PRO-EUROPA”-mandate-g8","ALIANȚA PENTRU UNIREA ROMÂNILOR-voturi","ALIANȚA PENTRU UNIREA ROMÂNILOR-mandate-faza-1","ALIANȚA PENTRU UNIREA ROMÂNILOR-mandate-faza-2","PARTIDUL NAȚIONAL ROMÂN-voturi","PARTIDUL NAȚIONAL ROMÂN-mandate-faza-1","PARTIDUL NAȚIONAL ROMÂN-mandate-faza-2","PARTIDUL VERDE-voturi","PARTIDUL VERDE-mandate-faza-1","PARTIDUL VERDE-mandate-faza-2","PARTIDUL PUTERII UMANISTE (SOCIAL-LIBERAL)-voturi","PARTIDUL PUTERII UMANISTE (SOCIAL-LIBERAL)-mandate-faza-1","PARTIDUL PUTERII UMANISTE (SOCIAL-LIBERAL)-mandate-faza-2","UNIUNEA DEMOCRATĂ MAGHIARĂ DIN ROMÂNIA-voturi","UNIUNEA DEMOCRATĂ MAGHIARĂ DIN ROMÂNIA-mandate-faza-1","UNIUNEA DEMOCRATĂ MAGHIARĂ DIN ROMÂNIA-mandate-faza-2","ŢUŢUIANU EMIL-voturi","ŢUŢUIANU EMIL-mandate-faza-1","ŢUŢUIANU EMIL-mandate-faza-2","BĂDILA IOAN-voturi","BĂDILA IOAN-mandate-faza-1","BĂDILA IOAN-mandate-faza-2","ŢETCU VALER-voturi","ŢETCU VALER-mandate-faza-1","ŢETCU VALER-mandate-faza-2","CÎMPEAN ADRIAN-SIMION-voturi","CÎMPEAN ADRIAN-SIMION-mandate-faza-1","CÎMPEAN ADRIAN-SIMION-mandate-faza-2","PARTIDUL NAȚIONAL ȚĂRĂNESC CREȘTIN DEMOCRAT-voturi","PARTIDUL NAȚIONAL ȚĂRĂNESC CREȘTIN DEMOCRAT-mandate-faza-1","PARTIDUL NAȚIONAL ȚĂRĂNESC CREȘTIN DEMOCRAT-mandate-faza-2","UNIUNEA DEMOCRATĂ MAGHIARĂ DIN ROMÂNIA-mandate-g8","PARTIDUL ROMÂNIA MARE-voturi","PARTIDUL ROMÂNIA MARE-mandate-faza-1","PARTIDUL ROMÂNIA MARE-mandate-faza-2","DANCIU IONELA-MARIANA-voturi","DANCIU IONELA-MARIANA-mandate-faza-1","DANCIU IONELA-MARIANA-mandate-faza-2","PARTIDUL FORȚA IDENTITĂȚII NAȚIONALE-voturi","PARTIDUL FORȚA IDENTITĂȚII NAȚIONALE-mandate-faza-1","PARTIDUL FORȚA IDENTITĂȚII NAȚIONALE-mandate-faza-2","PARTIDUL ACȚIUNEA NAȚIONALĂ ALBA-voturi","PARTIDUL ACȚIUNEA NAȚIONALĂ ALBA-mandate-faza-1","PARTIDUL ACȚIUNEA NAȚIONALĂ ALBA-mandate-faza-2","FLOREA PAUL-VICTOR-voturi","FLOREA PAUL-VICTOR-mandate-faza-1","FLOREA PAUL-VICTOR-mandate-faza-2","BUMBU NICOLAE-voturi","BUMBU NICOLAE-mandate-faza-1","BUMBU NICOLAE-mandate-faza-2","HEGHEŞ NICOLAE-FLAVIU-voturi","HEGHEŞ NICOLAE-FLAVIU-mandate-faza-1","HEGHEŞ NICOLAE-FLAVIU-mandate-faza-2","BOLOGA PETRU-RĂZVAN-voturi","BOLOGA PETRU-RĂZVAN-mandate-faza-1","BOLOGA PETRU-RĂZVAN-mandate-faza-2","KOPENETZ LORAND-MÁRTON-voturi","KOPENETZ LORAND-MÁRTON-mandate-faza-1","KOPENETZ LORAND-MÁRTON-mandate-faza-2","MÂRZAN SILVIU-voturi","MÂRZAN SILVIU-mandate-faza-1","MÂRZAN SILVIU-mandate-faza-2","CORCHEŞ DOREL-VALER-voturi","CORCHEŞ DOREL-VALER-mandate-faza-1","CORCHEŞ DOREL-VALER-mandate-faza-2","PARTIDUL POPULAR MAGHIAR DIN TRANSILVANIA-voturi","PARTIDUL POPULAR MAGHIAR DIN TRANSILVANIA-mandate-faza-1","PARTIDUL POPULAR MAGHIAR DIN TRANSILVANIA-mandate-faza-2","DARIE TICĂ-voturi","DARIE TICĂ-mandate-faza-1","DARIE TICĂ-mandate-faza-2","FURDUI DORIN-voturi","FURDUI DORIN-mandate-faza-1","FURDUI DORIN-mandate-faza-2","PARTIDUL NEAMUL ROMÂNESC-voturi","PARTIDUL NEAMUL ROMÂNESC-mandate-faza-1","PARTIDUL NEAMUL ROMÂNESC-mandate-faza-2","STĂNILĂ NICOLAE-voturi","STĂNILĂ NICOLAE-mandate-faza-1","STĂNILĂ NICOLAE-mandate-faza-2","DRĂGHICI DUMITRU-voturi","DRĂGHICI DUMITRU-mandate-faza-1","DRĂGHICI DUMITRU-mandate-faza-2","LAZEA IOSIF-voturi","LAZEA IOSIF-mandate-faza-1","LAZEA IOSIF-mandate-faza-2","CRIŞAN TEODOR-voturi","CRIŞAN TEODOR-mandate-faza-1","CRIŞAN TEODOR-mandate-faza-2","PARTIDUL PHRALIPE AL ROMILOR-voturi","PARTIDUL PHRALIPE AL ROMILOR-mandate-faza-1","PARTIDUL PHRALIPE AL ROMILOR-mandate-faza-2","ZDRÂNCU PETRU-voturi","ZDRÂNCU PETRU-mandate-faza-1","ZDRÂNCU PETRU-mandate-faza-2"
1,ALBA,ALBAC,2130,1,FINAL,UAT,CL,CL_CE,"2020-09-28 06:01:48",1657,1546,1,31,79,1051,941,0,31,79,1013,38,1820,769,50,70,81,90,22,0,0,165,1,1,655,7,0,109,1,0,62,0,1,0,0,0,0,0,0,0,0,0,0,0,0,0,0,0,0,0,0,0,0,0,0,0,0,0,0,0,0,0,0,0,0,0,0,0,0,0,0,0,0,0,0,0,0,0,0,0,0,0,0,0,0,0,0,0,0,0,0,0,0,0,0,0,0,0,0,0,0,0,0,0,0,0,0,0,0,0,0,0,0,0,0,0,0,0,0,0,0,0,0,0,0,0,0,0,0,0,0,0,0,0,0,0,0,0,0,0
1,ALBA,"ALMAŞU MARE",2309,1,FINAL,UAT,CL,CL_CE,"2020-09-28 10:32:50",1073,996,1,62,14,832,756,0,62,14,808,24,1134,302,40,56,64,85,135,1,1,109,1,0,291,3,0,101,1,0,0,0,0,17,0,0,134,1,1,21,0,0,0,0,0,0,0,0,0,0,0,0,0,0,0,0,0,0,0,0,0,0,0,0,0,0,0,0,0,0,0,0,0,0,0,0,0,0,0,0,0,0,0,0,0,0,0,0,0,0,0,0,0,0,0,0,0,0,0,0,0,0,0,0,0,0,0,0,0,0,0,0,0,0,0,0,0,0,0,0,0,0,0,0,0,0,0,0,0,0,0,0,0,0,0,0,0,0,0,0
1,ALBA,ARIEŞENI,2381,2,FINAL,UAT,CL,CL_CE,"2020-10-01 11:50:18",1510,1387,0,54,69,1283,1161,0,54,68,1248,35,1570,287,62,87,99,113,94,0,1,491,4,0,663,5,1,0,0,0,0,0,0,0,0,0,0,0,0,0,0,0,0,0,0,0,0,0,0,0,0,0,0,0,0,0,0,0,0,0,0,0,0,0,0,0,0,0,0,0,0,0,0,0,0,0,0,0,0,0,0,0,0,0,0,0,0,0,0,0,0,0,0,0,0,0,0,0,0,0,0,0,0,0,0,0,0,0,0,0,0,0,0,0,0,0,0,0,0,0,0,0,0,0,0,0,0,0,0,0,0,0,0,0,0,0,0,0,0,0
1,ALBA,"AVRAM IANCU",2577,1,FINAL,UAT,CL,CL_CE,"2020-09-28 08:28:26",1252,1153,1,26,72,875,777,0,26,72,834,41,1345,470,41,58,66,85,34,0,0,70,0,1,359,4,0,35,0,0,0,0,0,53,0,1,81,0,1,0,0,0,47,0,0,1,111,1,0,44,0,0,0,0,0,0,0,0,0,0,0,0,0,0,0,0,0,0,0,0,0,0,0,0,0,0,0,0,0,0,0,0,0,0,0,0,0,0,0,0,0,0,0,0,0,0,0,0,0,0,0,0,0,0,0,0,0,0,0,0,0,0,0,0,0,0,0,0,0,0,0,0,0,0,0,0,0,0,0,0,0,0,0,0,0,0,0,0,0,0
1,ALBA,BERGHIN,2988,1,FINAL,UAT,CL,CL_CE,"2020-09-28 04:17:32",1607,1597,0,10,0,703,693,0,10,0,680,23,1766,1062,34,47,54,61,0,0,0,75,1,0,513,8,0,0,0,0,0,0,0,0,0,0,92,1,1,0,0,0,0,0,0,0,0,0,0,0,0,0,0,0,0,0,0,0,0,0,0,0,0,0,0,0,0,0,0,0,0,0,0,0,0,0,0,0,0,0,0,0,0,0,0,0,0,0,0,0,0,0,0,0,0,0,0,0,0,0,0,0,0,0,0,0,0,0,0,0,0,0,0,0,0,0,0,0,0,0,0,0,0,0,0,0,0,0,0,0,0,0,0,0,0,0,0,0,0,0
1,ALBA,BISTRA,3039,2,FINAL,UAT,CL,CL_CE,"2020-10-01 15:15:02",3909,3831,1,40,37,2094,2016,1,40,37,2021,72,4236,2143,101,141,161,134,217,1,0,223,1,1,1303,9,1,0,0,0,0,0,0,77,0,0,50,0,0,0,0,0,0,0,0,0,0,0,0,0,0,0,71,0,0,80,0,0,0,0,0,0,0,0,0,0,0,0,0,0,0,0,0,0,0,0,0,0,0,0,0,0,0,0,0,0,0,0,0,0,0,0,0,0,0,0,0,0,0,0,0,0,0,0,0,0,0,0,0,0,0,0,0,0,0,0,0,0,0,0,0,0,0,0,0,0,0,0,0,0,0,0,0,0,0,0,0,0,0,0
1,ALBA,BLANDIANA,3397,1,FINAL,UAT,CL,CL_CE,"2020-09-28 03:43:00",906,770,1,73,62,653,520,0,72,61,629,24,847,194,31,44,50,69,0,0,0,223,3,0,406,5,1,0,0,0,0,0,0,0,0,0,0,0,0,0,0,0,0,0,0,0,0,0,0,0,0,0,0,0,0,0,0,0,0,0,0,0,0,0,0,0,0,0,0,0,0,0,0,0,0,0,0,0,0,0,0,0,0,0,0,0,0,0,0,0,0,0,0,0,0,0,0,0,0,0,0,0,0,0,0,0,0,0,0,0,0,0,0,0,0,0,0,0,0,0,0,0,0,0,0,0,0,0,0,0,0,0,0,0,0,0,0,0,0,0
1,ALBA,"BUCERDEA GRÂNOASĂ",9026,1,FINAL,UAT,CL,CL_CE,"2020-09-28 05:29:49",1819,1779,1,5,34,1170,1130,1,5,34,1103,67,2008,838,55,77,88,100,0,0,0,213,2,0,469,4,1,0,0,0,0,0,0,0,0,0,202,2,0,0,0,0,0,0,0,0,0,0,0,0,0,0,0,0,0,0,0,0,219,2,0,0,0,0,0,0,0,0,0,0,0,0,0,0,0,0,0,0,0,0,0,0,0,0,0,0,0,0,0,0,0,0,0,0,0,0,0,0,0,0,0,0,0,0,0,0,0,0,0,0,0,0,0,0,0,0,0,0,0,0,0,0,0,0,0,0,0,0,0,0,0,0,0,0,0,0,0,0,0,0
1,ALBA,BUCIUM,3459,1,FINAL,UAT,CL,CL_CE,"2020-09-28 04:24:10",1298,1209,0,35,54,780,691,0,35,54,764,16,1391,611,38,53,61,79,33,0,0,439,5,1,189,2,0,0,0,0,0,0,0,84,1,0,0,0,0,0,0,0,0,0,0,0,0,0,0,0,0,0,0,0,0,0,0,0,0,0,0,19,0,0,0,0,0,0,0,0,0,0,0,0,0,0,0,0,0,0,0,0,0,0,0,0,0,0,0,0,0,0,0,0,0,0,0,0,0,0,0,0,0,0,0,0,0,0,0,0,0,0,0,0,0,0,0,0,0,0,0,0,0,0,0,0,0,0,0,0,0,0,0,0,0,0,0,0,0,0
1,ALBA,CÂLNIC,4106,1,FINAL,UAT,CL,CL_CE,"2020-09-28 12:00:42",1567,1479,2,58,28,1089,1002,1,58,28,991,98,1623,534,49,69,79,84,13,0,0,200,2,1,276,3,0,188,2,0,0,0,0,0,0,0,171,2,0,0,0,0,47,0,0,0,0,0,0,0,0,0,0,0,0,0,0,0,0,0,0,0,0,0,96,1,0,0,0,0,0,0,0,0,0,0,0,0,0,0,0,0,0,0,0,0,0,0,0,0,0,0,0,0,0,0,0,0,0,0,0,0,0,0,0,0,0,0,0,0,0,0,0,0,0,0,0,0,0,0,0,0,0,0,0,0,0,0,0,0,0,0,0,0,0,0,0,0,0,0
1,ALBA,CENADE,3761,1,FINAL,UAT,CL,CL_CE,"2020-09-28 01:41:00",780,746,1,6,27,452,419,0,6,27,440,12,850,398,22,30,35,48,0,0,0,26,0,0,369,7,1,0,0,0,0,0,0,45,0,1,0,0,0,0,0,0,0,0,0,0,0,0,0,0,0,0,0,0,0,0,0,0,0,0,0,0,0,0,0,0,0,0,0,0,0,0,0,0,0,0,0,0,0,0,0,0,0,0,0,0,0,0,0,0,0,0,0,0,0,0,0,0,0,0,0,0,0,0,0,0,0,0,0,0,0,0,0,0,0,0,0,0,0,0,0,0,0,0,0,0,0,0,0,0,0,0,0,0,0,0,0,0,0,0
1,ALBA,CERGĂU,3805,1,FINAL,UAT,CL,CL_CE,"2020-09-28 05:01:43",1316,1237,5,23,51,945,869,2,23,51,903,42,1402,457,45,63,72,82,107,1,0,136,1,1,549,6,1,111,1,0,0,0,0,0,0,0,0,0,0,0,0,0,0,0,0,0,0,0,0,0,0,0,0,0,0,0,0,0,0,0,0,0,0,0,0,0,0,0,0,0,0,0,0,0,0,0,0,0,0,0,0,0,0,0,0,0,0,0,0,0,0,0,0,0,0,0,0,0,0,0,0,0,0,0,0,0,0,0,0,0,0,0,0,0,0,0,0,0,0,0,0,0,0,0,0,0,0,0,0,0,0,0,0,0,0,0,0,0,0,0
1,ALBA,CERU-BĂCĂINŢI,3841,1,FINAL,UAT,CL,CL_CE,"2020-09-28 06:04:16",282,214,1,61,6,245,177,1,61,6,239,6,296,51,11,16,19,26,0,0,0,14,0,1,64,2,0,0,0,0,0,0,0,0,0,0,161,6,0,0,0,0,0,0,0,0,0,0,0,0,0,0,0,0,0,0,0,0,0,0,0,0,0,0,0,0,0,0,0,0,0,0,0,0,0,0,0,0,0,0,0,0,0,0,0,0,0,0,0,0,0,0,0,0,0,0,0,0,0,0,0,0,0,0,0,0,0,0,0,0,0,0,0,0,0,0,0,0,0,0,0,0,0,0,0,0,0,0,0,0,0,0,0,0,0,0,0,0,0,0
1,ALBA,"CETATEA DE BALTĂ",3958,1,FINAL,UAT,CL,CL_CE,"2020-09-28 09:16:37",2428,2279,2,67,80,1212,1063,2,67,80,1132,80,2642,1430,56,79,90,83,0,0,0,288,3,1,608,7,0,0,0,0,0,0,0,0,0,0,49,0,0,0,0,0,0,0,0,0,0,0,0,0,0,0,0,0,0,0,0,0,102,1,0,0,0,0,0,0,0,85,1,0,0,0,0,0,0,0,0,0,0,0,0,0,0,0,0,0,0,0,0,0,0,0,0,0,0,0,0,0,0,0,0,0,0,0,0,0,0,0,0,0,0,0,0,0,0,0,0,0,0,0,0,0,0,0,0,0,0,0,0,0,0,0,0,0,0,0,0,0,0,0
1,ALBA,CIUGUD,1071,1,FINAL,UAT,CL,CL_CE,"2020-09-28 03:39:40",2680,2517,9,28,126,1823,1668,1,28,126,1772,51,2921,1098,88,124,141,132,27,0,0,195,1,0,1267,9,1,159,1,0,0,0,0,19,0,0,105,0,1,0,0,0,0,0,0,0,0,0,0,0,0,0,0,0,0,0,0,0,0,0,0,0,0,0,0,0,0,0,0,0,0,0,0,0,0,0,0,0,0,0,0,0,0,0,0,0,0,0,0,0,0,0,0,0,0,0,0,0,0,0,0,0,0,0,0,0,0,0,0,0,0,0,0,0,0,0,0,0,0,0,0,0,0,0,0,0,0,0,0,0,0,0,0,0,0,0,0,0,0,0
1,ALBA,CIURULEASA,4008,1,FINAL,UAT,CL,CL_CE,"2020-09-28 06:54:40",949,870,1,39,39,728,650,0,39,39,689,31,1040,320,34,48,55,68,5,0,0,489,7,0,72,1,0,30,0,0,0,0,0,59,0,1,14,0,0,0,0,0,0,0,0,0,20,0,0,0,0,0,0,0,0,0,0,0,0,0,0,0,0,0,0,0,0,0,0,0,0,0,0,0,0,0,0,0,0,0,0,0,0,0,0,0,0,0,0,0,0,0,0,0,0,0,0,0,0,0,0,0,0,0,0,0,0,0,0,0,0,0,0,0,0,0,0,0,0,0,0,0,0,0,0,0,0,0,0,0,0,0,0,0,0,0,0,0,0,0
1,ALBA,"CRĂCIUNELU DE JOS",4188,1,FINAL,UAT,CL,CL_CE,"2020-09-28 03:36:08",1758,1714,1,17,26,1089,1046,0,17,26,1051,38,1887,798,52,73,84,95,52,0,0,88,0,1,554,5,1,89,0,1,0,0,0,0,0,0,166,1,1,0,0,0,0,0,0,0,0,0,0,0,0,0,0,0,0,0,0,0,0,0,0,0,0,0,0,0,0,0,0,0,102,1,0,0,0,0,0,0,0,0,0,0,0,0,0,0,0,0,0,0,0,0,0,0,0,0,0,0,0,0,0,0,0,0,0,0,0,0,0,0,0,0,0,0,0,0,0,0,0,0,0,0,0,0,0,0,0,0,0,0,0,0,0,0,0,0,0,0,0,0
1,ALBA,CRICĂU,4142,1,FINAL,UAT,CL,CL_CE,"2020-09-28 06:07:15",1775,1666,3,22,84,1238,1136,0,21,81,1197,41,1842,604,59,83,95,103,23,0,0,127,1,0,390,3,1,90,0,1,0,0,0,528,5,0,15,0,0,0,0,0,0,0,0,0,24,0,0,0,0,0,0,0,0,0,0,0,0,0,0,0,0,0,0,0,0,0,0,0,0,0,0,0,0,0,0,0,0,0,0,0,0,0,0,0,0,0,0,0,0,0,0,0,0,0,0,0,0,0,0,0,0,0,0,0,0,0,0,0,0,0,0,0,0,0,0,0,0,0,0,0,0,0,0,0,0,0,0,0,0,0,0,0,0,0,0,0,0,0
1,ALBA,CUT,9019,2,FINAL,UAT,CL,CL_CE,"2020-10-01 15:30:11",1084,1059,0,13,12,736,711,0,13,12,718,18,1158,422,35,50,57,74,5,0,0,164,2,0,374,5,0,39,0,0,0,0,0,0,0,0,79,1,0,0,0,0,0,0,0,0,0,0,0,0,0,0,0,0,0,0,0,0,0,0,0,0,0,0,0,0,0,0,0,0,0,0,0,57,0,1,0,0,0,0,0,0,0,0,0,0,0,0,0,0,0,0,0,0,0,0,0,0,0,0,0,0,0,0,0,0,0,0,0,0,0,0,0,0,0,0,0,0,0,0,0,0,0,0,0,0,0,0,0,0,0,0,0,0,0,0,0,0,0,0
1,ALBA,"DAIA ROMÂNĂ",4240,1,FINAL,UAT,CL,CL_CE,"2020-09-28 02:36:24",2560,2548,0,3,9,1506,1494,0,3,9,1464,42,2810,1304,73,102,117,112,0,0,0,181,1,1,1174,10,0,0,0,0,0,0,0,0,0,0,109,0,1,0,0,0,0,0,0,0,0,0,0,0,0,0,0,0,0,0,0,0,0,0,0,0,0,0,0,0,0,0,0,0,0,0,0,0,0,0,0,0,0,0,0,0,0,0,0,0,0,0,0,0,0,0,0,0,0,0,0,0,0,0,0,0,0,0,0,0,0,0,0,0,0,0,0,0,0,0,0,0,0,0,0,0,0,0,0,0,0,0,0,0,0,0,0,0,0,0,0,0,0,0
1,ALBA,DOŞTAT,4268,1,FINAL,UAT,CL,CL_CE,"2020-09-28 03:33:32",818,778,0,23,17,555,515,0,23,17,531,24,844,289,26,37,42,59,0,0,0,55,0,1,346,5,1,0,0,0,0,0,0,94,1,0,36,0,1,0,0,0,0,0,0,0,0,0,0,0,0,0,0,0,0,0,0,0,0,0,0,0,0,0,0,0,0,0,0,0,0,0,0,0,0,0,0,0,0,0,0,0,0,0,0,0,0,0,0,0,0,0,0,0,0,0,0,0,0,0,0,0,0,0,0,0,0,0,0,0,0,0,0,0,0,0,0,0,0,0,0,0,0,0,0,0,0,0,0,0,0,0,0,0,0,0,0,0,0,0
1,ALBA,FĂRĂU,4302,1,FINAL,UAT,CL,CL_CE,"2020-09-28 04:11:55",1333,1234,0,43,56,927,828,0,43,56,855,71,1380,454,42,59,68,74,38,0,0,69,0,1,558,7,1,113,1,0,0,0,0,0,0,0,0,0,0,0,0,0,0,0,0,0,0,0,0,0,0,0,0,0,0,0,0,0,77,1,0,0,0,0,0,0,0,0,0,0,0,0,0,0,0,0,0,0,0,0,0,0,0,0,0,0,0,0,0,0,0,0,0,0,0,0,0,0,0,0,0,0,0,0,0,0,0,0,0,0,0,0,0,0,0,0,0,0,0,0,0,0,0,0,0,0,0,0,0,0,0,0,0,0,0,0,0,0,0,0
1,ALBA,"GALDA DE JOS",4366,1,FINAL,UAT,CL,CL_CE,"2020-09-28 05:24:31",3785,3684,7,56,38,2095,2001,0,56,38,2034,61,4082,1987,101,142,162,137,74,0,0,572,4,0,703,5,0,115,0,0,0,0,0,0,0,0,408,2,1,0,0,0,0,0,0,0,0,0,0,0,0,0,0,0,0,55,0,0,107,0,0,0,0,0,0,0,0,0,0,0,0,0,0,0,0,0,1,0,0,0,0,0,0,0,0,0,0,0,0,0,0,0,0,0,0,0,0,0,0,0,0,0,0,0,0,0,0,0,0,0,0,0,0,0,0,0,0,0,0,0,0,0,0,0,0,0,0,0,0,0,0,0,0,0,0,0,0,0,0,0
1,ALBA,GÂRBOVA,4482,1,FINAL,UAT,CL,CL_CE,"2020-09-28 06:51:14",1712,1654,6,27,25,1066,1014,0,27,25,1011,55,1826,759,50,70,80,89,0,0,0,412,4,1,489,5,0,0,0,0,0,0,0,0,0,0,78,0,1,0,0,0,32,0,0,0,0,0,0,0,0,0,0,0,0,0,0,0,0,0,0,0,0,0,0,0,0,0,0,0,0,0,0,0,0,0,0,0,0,0,0,0,0,0,0,0,0,0,0,0,0,0,0,0,0,0,0,0,0,0,0,0,0,0,0,0,0,0,0,0,0,0,0,0,0,0,0,0,0,0,0,0,0,0,0,0,0,0,0,0,0,0,0,0,0,0,0,0,0,0
1,ALBA,"GÂRDA DE SUS",4525,1,FINAL,UAT,CL,CL_CE,"2020-09-28 06:01:44",1244,1220,1,20,3,910,887,0,20,3,859,51,1441,531,42,60,68,78,160,2,0,147,1,1,374,4,1,0,0,0,0,0,0,99,1,0,0,0,0,0,0,0,0,0,0,0,0,0,0,0,0,0,0,0,0,0,0,0,0,0,0,0,0,0,0,0,0,0,0,0,0,0,0,0,0,0,0,79,1,0,0,0,0,0,0,0,0,0,0,0,0,0,0,0,0,0,0,0,0,0,0,0,0,0,0,0,0,0,0,0,0,0,0,0,0,0,0,0,0,0,0,0,0,0,0,0,0,0,0,0,0,0,0,0,0,0,0,0,0,0
1,ALBA,HOPÂRTA,4703,1,FINAL,UAT,CL,CL_CE,"2020-09-28 03:04:05",914,885,0,18,11,544,515,0,18,11,528,16,971,427,26,36,42,58,0,0,0,65,1,0,434,7,0,0,0,0,0,0,0,0,0,0,29,0,1,0,0,0,0,0,0,0,0,0,0,0,0,0,0,0,0,0,0,0,0,0,0,0,0,0,0,0,0,0,0,0,0,0,0,0,0,0,0,0,0,0,0,0,0,0,0,0,0,0,0,0,0,0,0,0,0,0,0,0,0,0,0,0,0,0,0,0,0,0,0,0,0,0,0,0,0,0,0,0,0,0,0,0,0,0,0,0,0,0,0,0,0,0,0,0,0,0,0,0,0,0
1,ALBA,HOREA,4767,2,FINAL,UAT,CL,CL_CE,"2020-10-01 15:43:39",1623,1544,0,52,27,1209,1130,0,52,27,1159,50,1795,586,57,81,92,98,100,1,0,302,3,0,680,6,1,0,0,0,0,0,0,0,0,0,26,0,0,0,0,0,0,0,0,0,0,0,0,0,0,0,0,0,0,0,0,0,0,0,0,0,0,0,0,0,0,0,0,0,0,0,0,51,0,0,0,0,0,0,0,0,0,0,0,0,0,0,0,0,0,0,0,0,0,0,0,0,0,0,0,0,0,0,0,0,0,0,0,0,0,0,0,0,0,0,0,0,0,0,0,0,0,0,0,0,0,0,0,0,0,0,0,0,0,0,0,0,0,0
1,ALBA,IGHIU,4927,1,FINAL,UAT,CL,CL_CE,"2020-09-28 08:00:29",5730,5633,9,40,48,3132,3043,1,40,48,3023,109,6094,2962,151,211,241,194,104,0,0,558,2,1,1587,8,0,604,3,0,0,0,0,0,0,0,170,0,1,0,0,0,0,0,0,0,0,0,0,0,0,0,0,0,0,0,0,0,0,0,0,0,0,0,0,0,0,0,0,0,0,0,0,0,0,0,0,0,0,0,0,0,0,0,0,0,0,0,0,0,0,0,0,0,0,0,0,0,0,0,0,0,0,0,0,0,0,0,0,0,0,0,0,0,0,0,0,0,0,0,0,0,0,0,0,0,0,0,0,0,0,0,0,0,0,0,0,0,0,0
1,ALBA,ÎNTREGALDE,4981,1,FINAL,UAT,CL,CL_CE,"2020-09-28 06:24:17",545,518,0,23,4,402,375,0,23,4,382,20,558,156,19,26,30,40,0,0,0,21,0,1,160,4,0,16,0,0,0,0,0,49,1,0,136,3,0,0,0,0,0,0,0,0,0,0,0,0,0,0,0,0,0,0,0,0,0,0,0,0,0,0,0,0,0,0,0,0,0,0,0,0,0,0,0,0,0,0,0,0,0,0,0,0,0,0,0,0,0,0,0,0,0,0,0,0,0,0,0,0,0,0,0,0,0,0,0,0,0,0,0,0,0,0,0,0,0,0,0,0,0,0,0,0,0,0,0,0,0,0,0,0,0,0,0,0,0,0
1,ALBA,JIDVEI,5103,1,FINAL,UAT,CL,CL_CE,"2020-09-28 07:33:01",4334,4121,1,59,153,2427,2217,0,59,151,2310,117,4633,2206,115,161,184,148,43,0,0,224,1,1,1846,12,0,0,0,0,0,0,0,0,0,0,44,0,0,0,0,0,0,0,0,0,153,1,0,0,0,0,0,0,0,0,0,0,0,0,0,0,0,0,0,0,0,0,0,0,0,0,0,0,0,0,0,0,0,0,0,0,0,0,0,0,0,0,0,0,0,0,0,0,0,0,0,0,0,0,0,0,0,0,0,0,0,0,0,0,0,0,0,0,0,0,0,0,0,0,0,0,0,0,0,0,0,0,0,0,0,0,0,0,0,0,0,0,0,0
1,ALBA,LIVEZILE,5167,1,FINAL,UAT,CL,CL_CE,"2020-09-28 09:32:17",1181,1037,0,69,75,833,689,0,69,75,802,31,1166,333,40,56,64,85,0,0,0,200,2,0,569,6,1,0,0,0,0,0,0,0,0,0,33,0,0,0,0,0,0,0,0,0,0,0,0,0,0,0,0,0,0,0,0,0,0,0,0,0,0,0,0,0,0,0,0,0,0,0,0,0,0,0,0,0,0,0,0,0,0,0,0,0,0,0,0,0,0,0,0,0,0,0,0,0,0,0,0,0,0,0,0,0,0,0,0,0,0,0,0,0,0,0,0,0,0,0,0,0,0,0,0,0,0,0,0,0,0,0,0,0,0,0,0,0,0,0
1,ALBA,"LOPADEA NOUĂ",5210,1,FINAL,UAT,CL,CL_CE,"2020-09-28 04:12:55",2274,2151,3,38,82,1747,1625,2,38,82,1708,39,2481,734,85,119,136,155,0,0,0,70,0,0,921,5,1,0,0,0,0,0,0,0,0,0,12,0,0,0,0,0,0,0,0,0,0,0,0,0,0,0,0,0,0,0,0,0,676,4,1,0,0,0,0,0,0,0,0,0,0,0,0,0,0,0,0,29,0,0,0,0,0,0,0,0,0,0,0,0,0,0,0,0,0,0,0,0,0,0,0,0,0,0,0,0,0,0,0,0,0,0,0,0,0,0,0,0,0,0,0,0,0,0,0,0,0,0,0,0,0,0,0,0,0,0,0,0,0,0
1,ALBA,"LUNCA MUREŞULUI",5309,1,FINAL,UAT,CL,CL_CE,"2020-09-28 07:35:49",2106,2032,5,33,36,1341,1271,1,33,36,1257,84,2237,896,62,87,100,105,28,0,0,133,1,0,250,2,0,27,0,0,0,0,0,293,2,1,0,0,0,0,0,0,44,0,0,0,0,0,0,0,0,0,0,0,0,0,0,0,482,4,1,0,0,0,0,0,0,0,0,0,0,0,0,0,0,0,0,0,0,0,0,0,0,0,0,0,0,0,0,0,0,0,0,0,0,0,0,0,0,0,0,0,0,0,0,0,0,0,0,0,0,0,0,0,0,0,0,0,0,0,0,0,0,0,0,0,0,0,0,0,0,0,0,0,0,0,0,0,0,0
1,ALBA,LUPŞA,5336,1,FINAL,UAT,CL,CL_CE,"2020-09-28 10:14:19",2637,2581,0,28,28,1763,1707,0,28,28,1698,65,2861,1098,84,118,135,119,83,0,0,338,2,1,462,3,1,439,3,0,58,0,0,100,0,1,126,1,0,0,0,0,0,0,0,0,92,0,1,0,0,0,0,0,0,0,0,0,0,0,0,0,0,0,0,0,0,0,0,0,0,0,0,0,0,0,0,0,0,0,0,0,0,0,0,0,0,0,0,0,0,0,0,0,0,0,0,0,0,0,0,0,0,0,0,0,0,0,0,0,0,0,0,0,0,0,0,0,0,0,0,0,0,0,0,0,0,0,0,0,0,0,0,0,0,0,0,0,0,0
1,ALBA,METEŞ,5577,1,FINAL,UAT,CL,CL_CE,"2020-09-28 05:28:31",2411,2304,4,70,33,1606,1503,0,70,33,1529,77,2559,953,76,107,122,0,82,0,0,452,3,1,729,5,1,106,0,0,0,0,0,83,0,1,38,0,0,0,0,0,0,0,0,0,0,0,0,0,0,0,0,0,0,39,0,0,0,0,0,0,0,0,0,0,0,0,0,0,0,0,0,0,0,0,0,0,0,0,0,0,0,0,0,0,0,0,0,0,0,0,0,0,0,0,0,0,0,0,0,0,0,0,0,0,0,0,0,0,0,0,0,0,0,0,0,0,0,0,0,0,0,0,0,0,0,0,0,0,0,0,0,0,0,0,0,0,0,0
1,ALBA,MIHALŢ,5700,1,FINAL,UAT,CL,CL_CE,"2020-09-28 08:14:15",2900,2725,1,104,70,1949,1775,0,104,70,1897,52,3132,1183,94,132,151,122,22,0,0,364,2,1,1080,8,1,121,0,0,0,0,0,63,0,0,147,1,0,0,0,0,0,0,0,0,18,0,0,0,0,0,0,0,0,0,0,0,0,0,0,0,0,0,0,0,0,0,0,0,0,0,0,82,0,0,0,0,0,0,0,0,0,0,0,0,0,0,0,0,0,0,0,0,0,0,0,0,0,0,0,0,0,0,0,0,0,0,0,0,0,0,0,0,0,0,0,0,0,0,0,0,0,0,0,0,0,0,0,0,0,0,0,0,0,0,0,0,0,0
1,ALBA,MIRĂSLĂU,5755,1,FINAL,UAT,CL,CL_CE,"2020-09-28 13:20:49",1736,1688,4,23,21,942,896,2,23,21,887,55,1833,891,44,62,70,75,75,1,0,238,3,0,295,3,1,67,0,1,0,0,0,15,0,0,37,0,0,0,0,0,0,0,0,0,0,0,0,0,0,0,0,0,0,0,0,0,160,2,0,0,0,0,0,0,0,0,0,0,0,0,0,0,0,0,0,0,0,0,0,0,0,0,0,0,0,0,0,0,0,0,0,0,0,0,0,0,0,0,0,0,0,0,0,0,0,0,0,0,0,0,0,0,0,0,0,0,0,0,0,0,0,0,0,0,0,0,0,0,0,0,0,0,0,0,0,0,0,0
1,ALBA,MOGOŞ,5826,1,FINAL,UAT,CL,CL_CE,"2020-09-28 12:23:06",733,668,1,41,23,481,417,0,41,23,466,15,761,280,23,32,37,51,0,0,0,122,2,0,195,3,1,63,1,0,0,0,0,49,0,1,37,0,1,0,0,0,0,0,0,0,0,0,0,0,0,0,0,0,0,0,0,0,0,0,0,0,0,0,0,0,0,0,0,0,0,0,0,0,0,0,0,0,0,0,0,0,0,0,0,0,0,0,0,0,0,0,0,0,0,0,0,0,0,0,0,0,0,0,0,0,0,0,0,0,0,0,0,0,0,0,0,0,0,0,0,0,0,0,0,0,0,0,0,0,0,0,0,0,0,0,0,0,0,0
1,ALBA,"MUNICIPIUL AIUD",1213,1,FINAL,UAT,CL,CL_CE,"2020-09-28 11:51:10",20897,20624,13,227,33,8332,8072,0,227,33,8095,234,23562,15227,404,566,647,385,218,0,0,1440,3,1,2843,7,0,1561,4,0,0,0,0,465,1,0,179,0,0,0,0,0,0,0,0,0,0,0,0,0,0,0,0,0,0,88,0,0,1019,2,1,0,0,0,0,0,0,0,0,0,0,0,0,0,0,0,0,0,0,0,282,0,0,0,0,0,0,0,0,0,0,0,0,0,0,0,0,0,0,0,0,0,0,0,0,0,0,0,0,0,0,0,0,0,0,0,0,0,0,0,0,0,0,0,0,0,0,0,0,0,0,0,0,0,0,0,0,0,0,0
1,ALBA,"MUNICIPIUL ALBA IULIA",1017,1,FINAL,UAT,CL,CL_CE,"2020-09-28 12:02:45",61908,61004,278,565,61,22418,21785,8,565,60,21921,490,68287,45862,1096,1534,1753,805,842,0,0,2612,3,1,7383,9,0,5751,7,0,0,0,0,834,0,0,748,0,0,0,0,0,0,0,0,0,869,0,0,0,0,0,361,0,0,145,0,0,0,0,0,0,0,0,0,0,0,0,0,0,0,0,0,0,0,0,0,0,0,0,0,0,0,66,0,0,947,0,0,1176,1,0,187,0,0,0,0,0,0,0,0,0,0,0,0,0,0,0,0,0,0,0,0,0,0,0,0,0,0,0,0,0,0,0,0,0,0,0,0,0,0,0,0,0,0,0,0,0,0,0
1,ALBA,"MUNICIPIUL BLAJ",1348,1,FINAL,UAT,CL,CL_CE,"2020-09-28 07:59:49",17092,16841,52,127,72,7172,6972,3,126,71,6936,226,18627,11455,346,485,554,317,119,0,0,785,2,0,4718,14,1,404,0,0,0,0,0,533,1,1,59,0,0,0,0,0,0,0,0,0,0,0,0,0,0,0,0,0,0,0,0,0,318,0,0,0,0,0,0,0,0,0,0,0,0,0,0,0,0,0,0,0,0,0,0,0,0,0,0,0,0,0,0,0,0,0,0,0,0,0,0,0,0,0,0,0,0,0,0,0,0,0,0,0,0,0,0,0,0,0,0,0,0,0,0,0,0,0,0,0,0,0,0,0,0,0,0,0,0,0,0,0,0,0
1,ALBA,"MUNICIPIUL SEBEŞ",1874,1,FINAL,UAT,CL,CL_CE,"2020-09-28 13:16:59",26421,26001,138,205,77,10812,10527,3,205,77,10429,383,29165,18353,521,730,834,415,108,0,0,2005,4,1,5883,14,0,690,0,0,0,0,0,98,0,0,225,0,0,0,0,0,0,0,0,0,291,0,0,0,0,0,443,0,0,0,0,0,0,0,0,0,0,0,0,0,0,0,0,0,0,0,0,0,0,0,0,0,0,0,0,0,0,89,0,0,14,0,0,0,0,0,0,0,0,220,0,0,363,0,0,0,0,0,0,0,0,0,0,0,0,0,0,0,0,0,0,0,0,0,0,0,0,0,0,0,0,0,0,0,0,0,0,0,0,0,0,0,0,0
1,ALBA,NOŞLAC,6048,1,FINAL,UAT,CL,CL_CE,"2020-09-28 05:40:58",1526,1490,1,28,7,773,738,0,28,7,727,46,1623,850,36,50,58,64,22,0,0,93,1,0,420,6,1,0,0,0,0,0,0,0,0,0,91,1,0,0,0,0,0,0,0,0,52,0,1,0,0,0,0,0,0,0,0,0,49,0,0,0,0,0,0,0,0,0,0,0,0,0,0,0,0,0,1,0,0,0,0,0,0,0,0,0,0,0,0,0,0,0,0,0,0,0,0,0,0,0,0,0,0,0,0,0,0,0,0,0,0,0,0,0,0,0,0,0,0,0,0,0,0,0,0,0,0,0,0,0,0,0,0,0,0,0,0,0,0,0
1,ALBA,OCOLIŞ,6119,1,FINAL,UAT,CL,CL_CE,"2020-09-28 07:02:40",539,464,1,49,25,410,336,0,49,25,396,14,515,105,19,27,31,44,38,0,1,32,0,1,285,6,0,41,0,1,0,0,0,0,0,0,0,0,0,0,0,0,0,0,0,0,0,0,0,0,0,0,0,0,0,0,0,0,0,0,0,0,0,0,0,0,0,0,0,0,0,0,0,0,0,0,0,0,0,0,0,0,0,0,0,0,0,0,0,0,0,0,0,0,0,0,0,0,0,0,0,0,0,0,0,0,0,0,0,0,0,0,0,0,0,0,0,0,0,0,0,0,0,0,0,0,0,0,0,0,0,0,0,0,0,0,0,0,0,0
1,ALBA,OHABA,6164,1,FINAL,UAT,CL,CL_CE,"2020-09-28 04:04:12",639,506,0,75,58,466,333,0,75,58,443,23,578,112,22,31,35,47,0,0,0,164,3,0,234,4,1,0,0,0,0,0,0,28,0,1,17,0,0,0,0,0,0,0,0,0,0,0,0,0,0,0,0,0,0,0,0,0,0,0,0,0,0,0,0,0,0,0,0,0,0,0,0,0,0,0,0,0,0,0,0,0,0,0,0,0,0,0,0,0,0,0,0,0,0,0,0,0,0,0,0,0,0,0,0,0,0,0,0,0,0,0,0,0,0,0,0,0,0,0,0,0,0,0,0,0,0,0,0,0,0,0,0,0,0,0,0,0,0,0
1,ALBA,"ORAŞ ABRUD",1151,1,FINAL,UAT,CL,CL_CE,"2020-09-28 09:30:19",4589,4499,1,74,15,2344,2255,0,74,15,2269,75,4947,2603,113,158,181,145,124,0,1,692,4,1,664,4,1,169,1,0,194,1,0,141,0,1,47,0,0,0,0,0,0,0,0,0,46,0,0,0,0,0,0,0,0,0,0,0,0,0,0,0,0,0,0,0,0,0,0,0,0,0,0,0,0,0,0,0,0,0,0,0,0,0,0,0,0,0,0,0,0,0,0,0,0,0,0,0,0,0,0,192,1,0,0,0,0,0,0,0,0,0,0,0,0,0,0,0,0,0,0,0,0,0,0,0,0,0,0,0,0,0,0,0,0,0,0,0,0,0
1,ALBA,"ORAŞ BAIA DE ARIEŞ",2915,2,FINAL,UAT,CL,CL_CE,"2020-10-01 10:51:01",3466,3339,0,76,51,1858,1733,0,76,49,1778,80,3698,1840,88,124,142,130,94,0,1,519,3,1,420,3,0,88,0,0,0,0,0,375,2,1,88,0,1,0,0,0,0,0,0,0,0,0,0,0,0,0,0,0,0,0,0,0,0,0,0,0,0,0,0,0,0,0,0,0,0,0,0,0,0,0,0,0,0,0,0,0,0,0,0,0,0,0,0,0,0,0,0,0,0,0,0,0,0,0,0,0,0,0,194,1,0,0,0,0,0,0,0,0,0,0,0,0,0,0,0,0,0,0,0,0,0,0,0,0,0,0,0,0,0,0,0,0,0,0
1,ALBA,"ORAŞ CÂMPENI",1455,1,FINAL,UAT,CL,CL_CE,"2020-09-28 09:51:16",6534,6317,1,155,61,4289,4073,0,155,61,4134,155,6950,2661,206,289,330,204,202,0,0,1434,7,0,1628,7,1,208,0,0,0,0,0,189,0,0,77,0,0,0,0,0,0,0,0,0,0,0,0,0,0,0,0,0,0,0,0,0,0,0,0,0,0,0,0,0,0,0,0,0,0,0,0,181,0,0,0,65,0,0,0,0,0,0,0,0,0,0,0,0,0,0,0,0,0,0,0,0,0,0,0,0,0,0,0,0,0,150,0,0,0,0,0,0,0,0,0,0,0,0,0,0,0,0,0,0,0,0,0,0,0,0,0,0,0,0,0,0,0,0
1,ALBA,"ORAŞ CUGIR",1696,1,FINAL,UAT,CL,CL_CE,"2020-09-28 10:22:55",21787,21521,33,213,20,8390,8157,0,213,20,8162,220,24389,16007,408,571,652,378,154,0,0,1989,5,0,3775,9,1,1429,3,1,0,0,0,182,0,0,256,0,0,0,0,0,0,0,0,0,183,0,0,0,0,0,0,0,0,194,0,0,0,0,0,0,0,0,0,0,0,0,0,0,0,0,0,0,0,0,0,0,0,0,0,0,0,0,0,0,0,0,0,0,0,0,0,0,0,0,0,0,0,0,0,0,0,0,0,0,0,0,0,0,0,0,0,0,0,0,0,0,0,0,0,0,0,0,0,0,0,0,0,0,0,0,0,0,0,0,0,0,0,0
1,ALBA,"ORAŞ OCNA MUREŞ",1794,1,FINAL,UAT,CL,CL_CE,"2020-09-28 10:53:02",11797,11695,12,86,4,4313,4221,2,86,4,4162,151,12985,8672,208,291,332,227,138,0,0,558,2,0,2374,10,1,165,0,0,0,0,0,0,0,0,376,1,1,0,0,0,0,0,0,0,322,1,0,0,0,0,0,0,0,0,0,0,229,1,0,0,0,0,0,0,0,0,0,0,0,0,0,0,0,0,0,0,0,0,0,0,0,0,0,0,0,0,0,0,0,0,0,0,0,0,0,0,0,0,0,0,0,0,0,0,0,0,0,0,0,0,0,0,0,0,0,0,0,0,0,0,0,0,0,0,0,0,0,0,0,0,0,0,0,0,0,0,0,0
1,ALBA,"ORAŞ TEIUŞ",8096,1,FINAL,UAT,CL,CL_CE,"2020-09-28 11:11:42",5998,5863,8,92,35,2980,2853,0,92,35,2891,89,6536,3556,144,202,231,175,151,0,1,1340,7,1,784,4,0,74,0,0,57,0,0,92,0,0,200,1,0,0,0,0,0,0,0,0,161,0,1,0,0,0,32,0,0,0,0,0,0,0,0,0,0,0,0,0,0,0,0,0,0,0,0,0,0,0,0,0,0,0,0,0,0,0,0,0,0,0,0,0,0,0,0,0,0,0,0,0,0,0,0,0,0,0,0,0,0,0,0,0,0,0,0,0,0,0,0,0,0,0,0,0,0,0,0,0,0,0,0,0,0,0,0,0,0,0,0,0,0,0
1,ALBA,"ORAŞ ZLATNA",1936,1,FINAL,UAT,CL,CL_CE,"2020-09-28 16:01:27",6779,6607,4,111,57,3650,3481,1,111,57,3518,131,7335,3686,175,246,281,225,248,1,0,702,3,0,1468,6,1,141,0,0,0,0,0,285,1,0,230,1,0,0,0,0,0,0,0,0,0,0,0,0,0,0,0,0,0,0,0,0,0,0,0,0,0,0,0,0,0,0,0,0,0,0,0,444,1,1,0,0,0,0,0,0,0,0,0,0,0,0,0,0,0,0,0,0,0,0,0,0,0,0,0,0,0,0,0,0,0,0,0,0,0,0,0,0,0,0,0,0,0,0,0,0,0,0,0,0,0,0,0,0,0,0,0,0,0,0,0,0,0,0
1,ALBA,PIANU,6217,1,FINAL,UAT,CL,CL_CE,"2020-09-28 06:01:00",2930,2815,5,42,68,1736,1628,0,42,66,1678,58,3222,1486,83,117,134,126,190,1,0,468,3,1,848,6,1,0,0,0,0,0,0,0,0,0,37,0,0,0,0,0,0,0,0,0,135,1,0,0,0,0,0,0,0,0,0,0,0,0,0,0,0,0,0,0,0,0,0,0,0,0,0,0,0,0,0,0,0,0,0,0,0,0,0,0,0,0,0,0,0,0,0,0,0,0,0,0,0,0,0,0,0,0,0,0,0,0,0,0,0,0,0,0,0,0,0,0,0,0,0,0,0,0,0,0,0,0,0,0,0,0,0,0,0,0,0,0,0,0
1,ALBA,"POIANA VADULUI",6271,1,FINAL,UAT,CL,CL_CE,"2020-09-28 08:29:22",923,859,0,41,23,649,585,0,41,23,635,14,941,292,31,44,50,70,60,0,1,223,3,0,290,4,0,0,0,0,0,0,0,62,0,1,0,0,0,0,0,0,0,0,0,0,0,0,0,0,0,0,0,0,0,0,0,0,0,0,0,0,0,0,0,0,0,0,0,0,0,0,0,0,0,0,0,0,0,0,0,0,0,0,0,0,0,0,0,0,0,0,0,0,0,0,0,0,0,0,0,0,0,0,0,0,0,0,0,0,0,0,0,0,0,0,0,0,0,0,0,0,0,0,0,0,0,0,0,0,0,0,0,0,0,0,0,0,0,0
1,ALBA,PONOR,6397,1,FINAL,UAT,CL,CL_CE,"2020-09-28 06:05:51",658,525,0,112,21,515,382,0,112,21,492,23,571,56,24,34,39,54,86,1,1,79,1,0,241,4,0,34,0,1,0,0,0,28,0,1,24,0,0,0,0,0,0,0,0,0,0,0,0,0,0,0,0,0,0,0,0,0,0,0,0,0,0,0,0,0,0,0,0,0,0,0,0,0,0,0,0,0,0,0,0,0,0,0,0,0,0,0,0,0,0,0,0,0,0,0,0,0,0,0,0,0,0,0,0,0,0,0,0,0,0,0,0,0,0,0,0,0,0,0,0,0,0,0,0,0,0,0,0,0,0,0,0,0,0,0,0,0,0,0
1,ALBA,POŞAGA,6468,1,FINAL,UAT,CL,CL_CE,"2020-09-28 03:50:52",930,842,0,70,18,685,597,0,70,18,662,23,937,252,33,46,52,73,0,0,0,113,1,1,360,4,1,156,2,0,0,0,0,0,0,0,33,0,0,0,0,0,0,0,0,0,0,0,0,0,0,0,0,0,0,0,0,0,0,0,0,0,0,0,0,0,0,0,0,0,0,0,0,0,0,0,0,0,0,0,0,0,0,0,0,0,0,0,0,0,0,0,0,0,0,0,0,0,0,0,0,0,0,0,0,0,0,0,0,0,0,0,0,0,0,0,0,0,0,0,0,0,0,0,0,0,0,0,0,0,0,0,0,0,0,0,0,0,0,0
1,ALBA,RĂDEŞTI,6547,1,FINAL,UAT,CL,CL_CE,"2020-09-28 06:20:19",1107,1030,0,42,35,776,699,0,42,35,718,58,1181,405,35,50,57,75,9,0,0,96,1,0,490,6,1,0,0,0,0,0,0,3,0,0,27,0,0,0,0,0,0,0,0,0,0,0,0,0,0,0,0,0,0,0,0,0,93,1,0,0,0,0,0,0,0,0,0,0,0,0,0,0,0,0,0,0,0,0,0,0,0,0,0,0,0,0,0,0,0,0,0,0,0,0,0,0,0,0,0,0,0,0,0,0,0,0,0,0,0,0,0,0,0,0,0,0,0,0,0,0,0,0,0,0,0,0,0,0,0,0,0,0,0,0,0,0,0,0
1,ALBA,RÂMEŢ,6627,1,FINAL,UAT,CL,CL_CE,"2020-09-28 02:55:12",539,465,0,55,19,363,289,0,55,19,337,26,497,134,16,23,26,37,1,0,0,239,6,1,80,2,0,0,0,0,0,0,0,8,0,0,9,0,0,0,0,0,0,0,0,0,0,0,0,0,0,0,0,0,0,0,0,0,0,0,0,0,0,0,0,0,0,0,0,0,0,0,0,0,0,0,0,0,0,0,0,0,0,0,0,0,0,0,0,0,0,0,0,0,0,0,0,0,0,0,0,0,0,0,0,0,0,0,0,0,0,0,0,0,0,0,0,0,0,0,0,0,0,0,0,0,0,0,0,0,0,0,0,0,0,0,0,0,0,0
1,ALBA,RIMETEA,6592,1,FINAL,UAT,CL,CL_CE,"2020-09-28 05:46:22",909,879,2,12,16,568,540,0,12,16,530,28,981,423,26,37,42,58,0,0,0,48,0,1,30,0,0,0,0,0,0,0,0,5,0,0,0,0,0,0,0,0,0,0,0,0,0,0,0,0,0,0,0,0,0,0,0,0,343,5,1,0,0,0,0,0,0,0,0,0,0,0,0,0,0,0,0,0,0,0,0,0,0,0,0,0,0,0,0,0,0,0,0,0,0,0,0,0,0,0,0,0,0,0,0,0,0,0,0,0,104,1,1,0,0,0,0,0,0,0,0,0,0,0,0,0,0,0,0,0,0,0,0,0,0,0,0,0,0,0
1,ALBA,"ROŞIA DE SECAŞ",6930,1,FINAL,UAT,CL,CL_CE,"2020-09-28 09:50:53",1250,1165,3,39,43,799,719,0,39,41,785,14,1342,543,39,54,62,70,71,1,0,400,5,1,227,3,0,11,0,0,0,0,0,0,0,0,76,1,0,0,0,0,0,0,0,0,0,0,0,0,0,0,0,0,0,0,0,0,0,0,0,0,0,0,0,0,0,0,0,0,0,0,0,0,0,0,0,0,0,0,0,0,0,0,0,0,0,0,0,0,0,0,0,0,0,0,0,0,0,0,0,0,0,0,0,0,0,0,0,0,0,0,0,0,0,0,0,0,0,0,0,0,0,0,0,0,0,0,0,0,0,0,0,0,0,0,0,0,0,0
1,ALBA,"ROŞIA MONTANĂ",6761,1,FINAL,UAT,CL,CL_CE,"2020-09-28 09:20:38",2361,2285,0,56,20,1633,1557,0,56,20,1532,101,2526,893,76,107,122,111,81,0,1,327,2,1,326,2,1,32,0,0,249,2,0,247,2,0,61,0,0,0,0,0,7,0,0,0,0,0,0,0,0,0,0,0,0,53,0,0,0,0,0,0,0,0,0,0,0,0,0,0,0,0,0,0,0,0,0,0,0,0,0,0,0,0,0,0,0,0,0,0,0,0,0,0,0,0,0,0,0,0,0,0,0,0,0,0,0,0,0,0,0,0,0,75,0,0,74,0,0,0,0,0,0,0,0,0,0,0,0,0,0,0,0,0,0,0,0,0,0,0
1,ALBA,SĂLCIUA,6976,1,FINAL,UAT,CL,CL_CE,"2020-09-28 07:56:44",1265,1176,1,23,65,804,715,1,23,65,767,37,1368,564,38,53,61,85,127,1,0,164,1,1,241,2,1,80,0,1,0,0,0,108,1,0,47,0,1,0,0,0,0,0,0,0,0,0,0,0,0,0,0,0,0,0,0,0,0,0,0,0,0,0,0,0,0,0,0,0,0,0,0,0,0,0,0,0,0,0,0,0,0,0,0,0,0,0,0,0,0,0,0,0,0,0,0,0,0,0,0,0,0,0,0,0,0,0,0,0,0,0,0,0,0,0,0,0,0,0,0,0,0,0,0,0,0,0,0,0,0,0,0,0,0,0,0,0,0,0
1,ALBA,SĂLIŞTEA,7044,1,FINAL,UAT,CL,CL_CE,"2020-09-28 13:10:50",1942,1838,2,60,42,1441,1338,1,60,42,1375,66,2081,640,68,96,110,117,238,2,0,310,2,1,669,5,1,88,0,0,0,0,0,0,0,0,70,0,0,0,0,0,0,0,0,0,0,0,0,0,0,0,0,0,0,0,0,0,0,0,0,0,0,0,0,0,0,0,0,0,0,0,0,0,0,0,0,0,0,0,0,0,0,0,0,0,0,0,0,0,0,0,0,0,0,0,0,0,0,0,0,0,0,0,0,0,0,0,0,0,0,0,0,0,0,0,0,0,0,0,0,0,0,0,0,0,0,0,0,0,0,0,0,0,0,0,0,0,0,0
1,ALBA,SÂNCEL,7348,1,FINAL,UAT,CL,CL_CE,"2020-09-28 07:29:15",2225,2157,2,21,45,1233,1167,0,21,45,1185,48,2381,1148,59,82,94,103,69,0,1,146,1,0,580,5,1,45,0,0,0,0,0,150,1,0,72,0,1,0,0,0,0,0,0,0,0,0,0,0,0,0,0,0,0,0,0,0,0,0,0,0,0,0,0,0,0,0,0,0,0,0,0,123,1,0,0,0,0,0,0,0,0,0,0,0,0,0,0,0,0,0,0,0,0,0,0,0,0,0,0,0,0,0,0,0,0,0,0,0,0,0,0,0,0,0,0,0,0,0,0,0,0,0,0,0,0,0,0,0,0,0,0,0,0,0,0,0,0,0
1,ALBA,SÂNTIMBRU,7384,1,FINAL,UAT,CL,CL_CE,"2020-09-28 07:54:51",2477,2388,0,35,54,1472,1383,0,35,54,1412,44,2673,1217,70,98,112,7,23,0,0,409,3,1,792,7,0,59,0,0,0,0,0,57,0,0,43,0,0,0,0,0,0,0,0,0,29,0,0,0,0,0,0,0,0,0,0,0,0,0,0,0,0,0,0,0,0,0,0,0,0,0,0,0,0,0,0,0,0,0,0,0,0,0,0,0,0,0,0,0,0,0,0,0,0,0,0,0,0,0,0,0,0,0,0,0,0,0,0,0,0,0,0,0,0,0,0,0,0,0,0,0,0,0,0,0,0,0,0,0,0,0,0,0,0,0,0,0,0,0
1,ALBA,SĂSCIORI,7099,1,FINAL,UAT,CL,CL_CE,"2020-09-28 07:32:14",4903,4866,1,30,6,2795,2759,0,30,6,2677,118,5350,2555,133,187,214,150,0,0,0,355,2,0,1069,7,0,132,0,0,0,0,0,108,0,0,826,5,1,0,0,0,0,0,0,0,0,0,0,0,0,0,0,0,0,0,0,0,0,0,0,0,0,0,0,0,0,0,0,0,0,0,0,0,0,0,0,0,0,0,0,0,0,0,0,0,0,0,0,0,0,0,0,0,0,0,0,0,0,0,0,0,0,0,0,0,0,0,0,0,0,0,0,0,0,0,0,0,0,7,0,0,53,0,0,127,0,0,0,0,0,0,0,0,0,0,0,0,0,0
1,ALBA,SCĂRIŞOARA,7197,1,FINAL,UAT,CL,CL_CE,"2020-09-28 07:12:50",1321,1207,0,48,66,989,875,0,48,66,921,68,1373,384,46,64,73,78,226,2,1,67,0,1,343,4,1,60,0,0,67,0,1,0,0,0,100,1,0,0,0,0,0,0,0,0,0,0,0,0,0,0,0,0,0,0,0,0,0,0,0,0,0,0,0,0,0,0,0,0,0,0,0,0,0,0,0,0,0,0,0,0,0,0,0,0,0,0,0,0,0,0,0,0,0,0,0,0,0,0,0,0,0,0,0,0,0,0,0,0,0,0,0,0,0,0,0,0,0,0,0,0,0,0,0,0,0,0,58,0,0,0,0,0,0,0,0,0,0,0
1,ALBA,ŞIBOT,7810,1,FINAL,UAT,CL,CL_CE,"2020-09-28 10:06:35",2149,2036,2,60,51,1310,1198,1,60,51,1257,53,2273,963,62,87,100,107,169,1,1,267,2,0,399,3,1,71,0,0,62,0,0,102,0,1,84,0,1,0,0,0,0,0,0,0,0,0,0,0,0,0,96,0,1,0,0,0,0,0,0,0,0,0,0,0,0,0,0,0,0,0,0,0,0,0,0,0,0,0,0,0,0,0,0,0,0,0,0,0,0,0,0,0,0,0,0,0,0,0,0,0,0,0,0,0,0,0,0,0,0,0,0,0,0,0,0,0,0,7,0,0,0,0,0,0,0,0,0,0,0,0,0,0,0,0,0,0,0,0
1,ALBA,SOHODOL,7446,1,FINAL,UAT,CL,CL_CE,"2020-09-28 06:51:19",1405,1368,0,30,7,873,836,0,30,7,826,46,1584,712,41,57,66,72,48,0,1,203,2,1,501,6,1,29,0,0,0,0,0,0,0,0,45,0,0,0,0,0,0,0,0,0,0,0,0,0,0,0,0,0,0,0,0,0,0,0,0,0,0,0,0,0,0,0,0,0,0,0,0,0,0,0,0,0,0,0,0,0,0,0,0,0,0,0,0,0,0,0,0,0,0,0,0,0,0,0,0,0,0,0,0,0,0,0,0,0,0,0,0,0,0,0,0,0,0,0,0,0,0,0,0,0,0,0,0,0,0,0,0,0,0,0,0,0,0,0
1,ALBA,ŞONA,7865,1,FINAL,UAT,CL,CL_CE,"2020-09-28 05:43:02",3617,3528,0,42,47,1894,1805,0,42,47,1802,92,3951,2057,90,126,144,121,35,0,0,221,1,1,1005,8,0,109,0,0,0,0,0,77,0,0,135,1,0,0,0,0,0,0,0,0,0,0,0,0,0,0,0,0,0,0,0,0,220,1,1,0,0,0,0,0,0,0,0,0,0,0,0,0,0,0,0,0,0,0,0,0,0,0,0,0,0,0,0,0,0,0,0,0,0,0,0,0,0,0,0,0,0,0,0,0,0,0,0,0,0,0,0,0,0,0,0,0,0,0,0,0,0,0,0,0,0,0,0,0,0,0,0,0,0,0,0,0,0,0
1,ALBA,ŞPRING,7945,1,FINAL,UAT,CL,CL_CE,"2020-09-28 08:28:59",2279,2049,2,102,126,1502,1278,0,100,124,1447,55,2241,739,72,101,115,122,0,0,0,86,0,1,695,5,1,84,0,0,0,0,0,0,0,0,19,0,0,0,0,0,0,0,0,0,563,4,0,0,0,0,0,0,0,0,0,0,0,0,0,0,0,0,0,0,0,0,0,0,0,0,0,0,0,0,0,0,0,0,0,0,0,0,0,0,0,0,0,0,0,0,0,0,0,0,0,0,0,0,0,0,0,0,0,0,0,0,0,0,0,0,0,0,0,0,0,0,0,0,0,0,0,0,0,0,0,0,0,0,0,0,0,0,0,0,0,0,0,0
1,ALBA,STREMŢ,7767,1,FINAL,UAT,CL,CL_CE,"2020-09-28 06:41:52",2152,2070,2,31,49,1397,1317,0,31,49,1350,47,2280,883,67,94,108,116,34,0,0,641,5,0,540,4,1,96,0,1,0,0,0,0,0,0,39,0,0,0,0,0,0,0,0,0,0,0,0,0,0,0,0,0,0,0,0,0,0,0,0,0,0,0,0,0,0,0,0,0,0,0,0,0,0,0,0,0,0,0,0,0,0,0,0,0,0,0,0,0,0,0,0,0,0,0,0,0,0,0,0,0,0,0,0,0,0,0,0,0,0,0,0,0,0,0,0,0,0,0,0,0,0,0,0,0,0,0,0,0,0,0,0,0,0,0,0,0,0,0
1,ALBA,ŞUGAG,8014,1,FINAL,UAT,CL,CL_CE,"2020-09-28 04:09:19",2329,2305,4,3,17,1366,1346,0,3,17,1316,40,2545,1168,65,92,105,114,53,0,0,103,0,1,947,8,0,213,1,1,0,0,0,0,0,0,0,0,0,0,0,0,0,0,0,0,0,0,0,0,0,0,0,0,0,0,0,0,0,0,0,0,0,0,0,0,0,0,0,0,0,0,0,0,0,0,0,0,0,0,0,0,0,0,0,0,0,0,0,0,0,0,0,0,0,0,0,0,0,0,0,0,0,0,0,0,0,0,0,0,0,0,0,0,0,0,0,0,0,0,0,0,0,0,0,0,0,0,0,0,0,0,0,0,0,0,0,0,0,0
1,ALBA,UNIREA,8158,1,FINAL,UAT,CL,CL_CE,"2020-09-28 10:18:35",4097,3857,2,104,134,2036,1798,0,104,134,1906,104,4347,2337,95,133,152,132,49,0,0,195,1,0,881,6,1,247,1,1,0,0,0,0,0,0,45,0,0,0,0,0,94,0,0,0,0,0,0,0,0,0,0,0,0,0,0,0,240,1,1,0,0,0,0,0,0,0,0,0,0,0,0,0,0,0,0,0,0,0,0,0,0,0,0,0,0,0,0,0,0,0,0,0,0,0,0,0,0,0,0,0,0,0,0,0,0,0,0,0,0,0,0,0,0,0,0,0,0,0,0,0,0,0,0,0,0,0,0,0,0,155,1,0,0,0,0,0,0,0
1,ALBA,"VADU MOŢILOR",8229,1,FINAL,UAT,CL,CL_CE,"2020-09-28 09:45:58",1172,1044,2,68,58,971,844,1,68,58,922,49,1220,249,46,64,73,94,198,2,0,194,2,0,458,4,1,0,0,0,0,0,0,32,0,0,40,0,0,0,0,0,0,0,0,0,0,0,0,0,0,0,0,0,0,0,0,0,0,0,0,0,0,0,0,0,0,0,0,0,0,0,0,0,0,0,0,0,0,0,0,0,0,0,0,0,0,0,0,0,0,0,0,0,0,0,0,0,0,0,0,0,0,0,0,0,0,0,0,0,0,0,0,0,0,0,0,0,0,0,0,0,0,0,0,0,0,0,0,0,0,0,0,0,0,0,0,0,0,0
1,ALBA,"VALEA LUNGĂ",8354,1,FINAL,UAT,CL,CL_CE,"2020-09-28 12:13:26",2606,2426,1,131,48,1723,1544,0,131,48,1654,69,2736,1013,82,115,132,119,51,0,0,0,0,0,690,5,1,0,0,0,0,0,0,0,0,0,44,0,0,0,0,0,0,0,0,0,869,7,0,0,0,0,0,0,0,0,0,0,0,0,0,0,0,0,0,0,0,0,0,0,0,0,0,0,0,0,0,0,0,0,0,0,0,0,0,0,0,0,0,0,0,0,0,0,0,0,0,0,0,0,0,0,0,0,0,0,0,0,0,0,0,0,0,0,0,0,0,0,0,0,0,0,0,0,0,0,0,0,0,0,0,0,0,0,0,0,0,0,0,0
1,ALBA,VIDRA,8425,1,FINAL,UAT,CL,CL_CE,"2020-09-28 11:29:50",1189,1148,0,26,15,1007,966,0,26,15,947,60,1371,364,47,66,75,82,43,0,0,293,3,1,271,3,0,98,1,0,0,0,0,83,1,0,76,0,1,0,0,0,0,0,0,0,0,0,0,0,0,0,0,0,0,0,0,0,0,0,0,0,0,0,0,0,0,0,0,0,0,0,0,83,1,0,0,0,0,0,0,0,0,0,0,0,0,0,0,0,0,0,0,0,0,0,0,0,0,0,0,0,0,0,0,0,0,0,0,0,0,0,0,0,0,0,0,0,0,0,0,0,0,0,0,0,0,0,0,0,0,0,0,0,0,0,0,0,0,0
1,ALBA,"VINŢU DE JOS",8826,1,FINAL,UAT,CL,CL_CE,"2020-09-28 09:25:02",4521,4454,7,54,6,2608,2547,1,54,6,2474,134,4892,2284,123,173,197,142,65,0,0,557,3,1,757,5,0,334,2,0,0,0,0,208,1,1,286,2,0,0,0,0,50,0,0,0,79,0,0,0,0,0,0,0,0,0,0,0,0,0,0,0,0,0,0,0,0,0,0,0,0,0,0,0,0,0,0,0,0,0,0,0,0,0,0,0,0,0,0,0,0,0,0,0,0,0,0,0,0,0,0,0,0,0,0,0,0,0,0,0,0,0,0,0,0,0,0,0,0,0,0,0,0,0,0,0,0,0,0,0,0,0,0,0,43,0,0,95,0,0
