county_nce,county_name,uat_name,uat_siruta,report_version,report_stage_code,report_type_scope_code,report_type_category_code,report_type_code,created_at,a,a1,a2,a3,a4,b,b1,b2,b3,b4,c,d,e,f,g1.1,g1.2,g1.3,g4,"PARTIDUL ALIANŢA LIBERALILOR ŞI DEMOCRAŢILOR – ALDE-voturi","PARTIDUL ALIANŢA LIBERALILOR ŞI DEMOCRAŢILOR – ALDE-mandate-faza-1","PARTIDUL ALIANŢA LIBERALILOR ŞI DEMOCRAŢILOR – ALDE-mandate-faza-2","PARTIDUL MIȘCAREA POPULARĂ-voturi","PARTIDUL MIȘCAREA POPULARĂ-mandate-faza-1","PARTIDUL MIȘCAREA POPULARĂ-mandate-faza-2","PARTIDUL PRO ROMÂNIA-voturi","PARTIDUL PRO ROMÂNIA-mandate-faza-1","PARTIDUL PRO ROMÂNIA-mandate-faza-2","PARTIDUL NAȚIONAL LIBERAL-voturi","PARTIDUL NAȚIONAL LIBERAL-mandate-faza-1","PARTIDUL NAȚIONAL LIBERAL-mandate-faza-2","UNIUNEA SALVAȚI ROMÂNIA-voturi","UNIUNEA SALVAȚI ROMÂNIA-mandate-faza-1","UNIUNEA SALVAȚI ROMÂNIA-mandate-faza-2","ALIANȚA ELECTORALĂ COALIȚIA PENTRU MARAMUREȘ CMM-voturi","ALIANȚA ELECTORALĂ COALIȚIA PENTRU MARAMUREȘ CMM-mandate-faza-1","ALIANȚA ELECTORALĂ COALIȚIA PENTRU MARAMUREȘ CMM-mandate-faza-2","BIRŞE MIHAI-voturi","BIRŞE MIHAI-mandate-faza-1","BIRŞE MIHAI-mandate-faza-2","UNIUNEA DEMOCRATĂ MAGHIARĂ DIN ROMÂNIA-voturi","UNIUNEA DEMOCRATĂ MAGHIARĂ DIN ROMÂNIA-mandate-faza-1","UNIUNEA DEMOCRATĂ MAGHIARĂ DIN ROMÂNIA-mandate-faza-2","UNIUNEA DEMOCRATĂ MAGHIARĂ DIN ROMÂNIA-mandate-g8","PARTIDUL ROMÂNIA MARE-voturi","PARTIDUL ROMÂNIA MARE-mandate-faza-1","PARTIDUL ROMÂNIA MARE-mandate-faza-2","PARTIDUL ALTERNATIVA DREAPTĂ-voturi","PARTIDUL ALTERNATIVA DREAPTĂ-mandate-faza-1","PARTIDUL ALTERNATIVA DREAPTĂ-mandate-faza-2","PARTIDUL NAȚIONAL ȚĂRĂNESC MANIU MIHALACHE-voturi","PARTIDUL NAȚIONAL ȚĂRĂNESC MANIU MIHALACHE-mandate-faza-1","PARTIDUL NAȚIONAL ȚĂRĂNESC MANIU MIHALACHE-mandate-faza-2","PARTIDUL ECOLOGIST ROMÂN-voturi","PARTIDUL ECOLOGIST ROMÂN-mandate-faza-1","PARTIDUL ECOLOGIST ROMÂN-mandate-faza-2","PARTIDUL LIBERTATE, UNITATE ȘI SOLIDARITATE-voturi","PARTIDUL LIBERTATE, UNITATE ȘI SOLIDARITATE-mandate-faza-1","PARTIDUL LIBERTATE, UNITATE ȘI SOLIDARITATE-mandate-faza-2","ALIANȚA USR PLUS-voturi","ALIANȚA USR PLUS-mandate-faza-1","ALIANȚA USR PLUS-mandate-faza-2","UNIUNEA UCRAINENILOR DIN ROMÂNIA-voturi","UNIUNEA UCRAINENILOR DIN ROMÂNIA-mandate-faza-1","UNIUNEA UCRAINENILOR DIN ROMÂNIA-mandate-faza-2","ALIANȚA NAȚIONAL ȚĂRĂNISTĂ-voturi","ALIANȚA NAȚIONAL ȚĂRĂNISTĂ-mandate-faza-1","ALIANȚA NAȚIONAL ȚĂRĂNISTĂ-mandate-faza-2","UNIUNEA CULTURALĂ A RUTENILOR DIN ROMÂNIA-voturi","UNIUNEA CULTURALĂ A RUTENILOR DIN ROMÂNIA-mandate-faza-1","UNIUNEA CULTURALĂ A RUTENILOR DIN ROMÂNIA-mandate-faza-2","MOLDOVAN VASILE-CONSTANTIN-voturi","MOLDOVAN VASILE-CONSTANTIN-mandate-faza-1","MOLDOVAN VASILE-CONSTANTIN-mandate-faza-2","PARTIDUL ROMÂNIA NOASTRĂ-voturi","PARTIDUL ROMÂNIA NOASTRĂ-mandate-faza-1","PARTIDUL ROMÂNIA NOASTRĂ-mandate-faza-2","ALIANȚA ELECTORALĂ ALIANȚA MAGHIARĂ DIN TRANSILVANIA-voturi","ALIANȚA ELECTORALĂ ALIANȚA MAGHIARĂ DIN TRANSILVANIA-mandate-faza-1","ALIANȚA ELECTORALĂ ALIANȚA MAGHIARĂ DIN TRANSILVANIA-mandate-faza-2","FRENŢIU ZAMFIR-DORIN-voturi","FRENŢIU ZAMFIR-DORIN-mandate-faza-1","FRENŢIU ZAMFIR-DORIN-mandate-faza-2","PETRUŞ ADRIAN-MIRON-voturi","PETRUŞ ADRIAN-MIRON-mandate-faza-1","PETRUŞ ADRIAN-MIRON-mandate-faza-2","HORJ VASILE-voturi","HORJ VASILE-mandate-faza-1","HORJ VASILE-mandate-faza-2","FALCA OLIVIAN-SERGIU-voturi","FALCA OLIVIAN-SERGIU-mandate-faza-1","FALCA OLIVIAN-SERGIU-mandate-faza-2","ASOCIAȚIA PARTIDA ROMILOR “PRO-EUROPA”-voturi","ASOCIAȚIA PARTIDA ROMILOR “PRO-EUROPA”-mandate-faza-1","ASOCIAȚIA PARTIDA ROMILOR “PRO-EUROPA”-mandate-faza-2","PARTIDUL RE:START ROMÂNIA-voturi","PARTIDUL RE:START ROMÂNIA-mandate-faza-1","PARTIDUL RE:START ROMÂNIA-mandate-faza-2","ORZAC IOAN-voturi","ORZAC IOAN-mandate-faza-1","ORZAC IOAN-mandate-faza-2","PARTIDUL VERDE-voturi","PARTIDUL VERDE-mandate-faza-1","PARTIDUL VERDE-mandate-faza-2","GOIA MĂRIOARA-voturi","GOIA MĂRIOARA-mandate-faza-1","GOIA MĂRIOARA-mandate-faza-2","DRAGOŞ DANIEL VASILE-voturi","DRAGOŞ DANIEL VASILE-mandate-faza-1","DRAGOŞ DANIEL VASILE-mandate-faza-2","POP MARIUS-IOAN-voturi","POP MARIUS-IOAN-mandate-faza-1","POP MARIUS-IOAN-mandate-faza-2","UNIUNEA ARMENILOR DIN ROMÂNIA-voturi","UNIUNEA ARMENILOR DIN ROMÂNIA-mandate-faza-1","UNIUNEA ARMENILOR DIN ROMÂNIA-mandate-faza-2","PARTIDUL SOCIAL DEMOCRAT INDEPENDENT-voturi","PARTIDUL SOCIAL DEMOCRAT INDEPENDENT-mandate-faza-1","PARTIDUL SOCIAL DEMOCRAT INDEPENDENT-mandate-faza-2","ALIANȚA PENTRU UNIREA ROMÂNILOR-voturi","ALIANȚA PENTRU UNIREA ROMÂNILOR-mandate-faza-1","ALIANȚA PENTRU UNIREA ROMÂNILOR-mandate-faza-2","COVACI DENIS-MIHAI-voturi","COVACI DENIS-MIHAI-mandate-faza-1","COVACI DENIS-MIHAI-mandate-faza-2","MATEI DUMITRU-voturi","MATEI DUMITRU-mandate-faza-1","MATEI DUMITRU-mandate-faza-2","MIHALIK INGEBORG-voturi","MIHALIK INGEBORG-mandate-faza-1","MIHALIK INGEBORG-mandate-faza-2","SILAGHI FLORIN-TEODOR-voturi","SILAGHI FLORIN-TEODOR-mandate-faza-1","SILAGHI FLORIN-TEODOR-mandate-faza-2","STAN DUMITRU-voturi","STAN DUMITRU-mandate-faza-1","STAN DUMITRU-mandate-faza-2","DRAGOŞ VASILE-voturi","DRAGOŞ VASILE-mandate-faza-1","DRAGOŞ VASILE-mandate-faza-2","HRIHOR DUMITRU-VALENTIN-voturi","HRIHOR DUMITRU-VALENTIN-mandate-faza-1","HRIHOR DUMITRU-VALENTIN-mandate-faza-2","CHERECHEŞ GHEORGHE-voturi","CHERECHEŞ GHEORGHE-mandate-faza-1","CHERECHEŞ GHEORGHE-mandate-faza-2","IERIMA DORINA-voturi","IERIMA DORINA-mandate-faza-1","IERIMA DORINA-mandate-faza-2","FORUMUL DEMOCRAT AL GERMANILOR DIN ROMÂNIA-voturi","FORUMUL DEMOCRAT AL GERMANILOR DIN ROMÂNIA-mandate-faza-1","FORUMUL DEMOCRAT AL GERMANILOR DIN ROMÂNIA-mandate-faza-2","MIHALCA IOAN-voturi","MIHALCA IOAN-mandate-faza-1","MIHALCA IOAN-mandate-faza-2","ŢARIUC GAVRILĂ-voturi","ŢARIUC GAVRILĂ-mandate-faza-1","ŢARIUC GAVRILĂ-mandate-faza-2","SAUCIUC VASILE-voturi","SAUCIUC VASILE-mandate-faza-1","SAUCIUC VASILE-mandate-faza-2","BILEAC MARIANA-voturi","BILEAC MARIANA-mandate-faza-1","BILEAC MARIANA-mandate-faza-2","TĂLPĂŞAN VASILE-GRIGORE-voturi","TĂLPĂŞAN VASILE-GRIGORE-mandate-faza-1","TĂLPĂŞAN VASILE-GRIGORE-mandate-faza-2","CIOCOTIŞAN GAVRIL-COSTEL-voturi","CIOCOTIŞAN GAVRIL-COSTEL-mandate-faza-1","CIOCOTIŞAN GAVRIL-COSTEL-mandate-faza-2","CHIŞE NICOLAE-voturi","CHIŞE NICOLAE-mandate-faza-1","CHIŞE NICOLAE-mandate-faza-2","BLOCUL UNITĂȚII NAȚIONALE-voturi","BLOCUL UNITĂȚII NAȚIONALE-mandate-faza-1","BLOCUL UNITĂȚII NAȚIONALE-mandate-faza-2","BLEDEA MIHAI-voturi","BLEDEA MIHAI-mandate-faza-1","BLEDEA MIHAI-mandate-faza-2"
26,MARAMUREŞ,ARDUSAT,107001,1,FINAL,UAT,CL,CL_CE,"2020-09-28 08:46:08",2358,2163,1,124,70,1397,1203,0,124,70,1324,73,2396,999,66,92,105,111,84,0,1,358,3,0,48,0,0,284,2,1,28,0,0,499,4,0,23,0,0,0,0,0,0,0,0,0,0,0,0,0,0,0,0,0,0,0,0,0,0,0,0,0,0,0,0,0,0,0,0,0,0,0,0,0,0,0,0,0,0,0,0,0,0,0,0,0,0,0,0,0,0,0,0,0,0,0,0,0,0,0,0,0,0,0,0,0,0,0,0,0,0,0,0,0,0,0,0,0,0,0,0,0,0,0,0,0,0,0,0,0,0,0,0,0,0,0,0,0,0,0,0,0,0,0,0,0,0,0,0,0,0,0,0,0,0,0,0,0,0,0,0,0,0,0,0,0,0,0,0,0,0,0,0,0,0,0,0,0
26,MARAMUREŞ,ARINIŞ,107047,1,FINAL,UAT,CL,CL_CE,"2020-09-28 05:06:04",933,859,0,51,23,667,593,0,51,23,633,34,997,330,31,44,50,68,58,0,1,134,1,1,21,0,0,39,0,0,0,0,0,277,4,0,0,0,0,46,0,0,1,58,0,1,0,0,0,0,0,0,0,0,0,0,0,0,0,0,0,0,0,0,0,0,0,0,0,0,0,0,0,0,0,0,0,0,0,0,0,0,0,0,0,0,0,0,0,0,0,0,0,0,0,0,0,0,0,0,0,0,0,0,0,0,0,0,0,0,0,0,0,0,0,0,0,0,0,0,0,0,0,0,0,0,0,0,0,0,0,0,0,0,0,0,0,0,0,0,0,0,0,0,0,0,0,0,0,0,0,0,0,0,0,0,0,0,0,0,0,0,0,0,0,0,0,0,0,0,0,0,0,0,0,0,0,0
26,MARAMUREŞ,"ASUAJU DE SUS",107083,3,FINAL,UAT,CL,CL_CE,"2020-10-02 18:59:57",1065,955,0,63,47,723,613,0,63,47,693,30,1097,374,34,48,55,74,0,0,0,44,0,1,22,0,0,150,2,0,180,2,0,297,4,0,0,0,0,0,0,0,0,0,0,0,0,0,0,0,0,0,0,0,0,0,0,0,0,0,0,0,0,0,0,0,0,0,0,0,0,0,0,0,0,0,0,0,0,0,0,0,0,0,0,0,0,0,0,0,0,0,0,0,0,0,0,0,0,0,0,0,0,0,0,0,0,0,0,0,0,0,0,0,0,0,0,0,0,0,0,0,0,0,0,0,0,0,0,0,0,0,0,0,0,0,0,0,0,0,0,0,0,0,0,0,0,0,0,0,0,0,0,0,0,0,0,0,0,0,0,0,0,0,0,0,0,0,0,0,0,0,0,0,0,0,0,0
26,MARAMUREŞ,"BĂIŢA DE SUB CODRU",107118,1,FINAL,UAT,CL,CL_CE,"2020-09-28 08:30:26",1531,1399,0,97,35,1104,972,0,97,35,1057,47,1600,496,52,73,84,89,0,0,0,85,0,1,94,1,0,63,0,1,90,1,0,451,5,0,0,0,0,0,0,0,0,91,1,0,106,1,0,31,0,0,14,0,0,32,0,0,0,0,0,0,0,0,0,0,0,0,0,0,0,0,0,0,0,0,0,0,0,0,0,0,0,0,0,0,0,0,0,0,0,0,0,0,0,0,0,0,0,0,0,0,0,0,0,0,0,0,0,0,0,0,0,0,0,0,0,0,0,0,0,0,0,0,0,0,0,0,0,0,0,0,0,0,0,0,0,0,0,0,0,0,0,0,0,0,0,0,0,0,0,0,0,0,0,0,0,0,0,0,0,0,0,0,0,0,0,0,0,0,0,0,0,0,0,0,0,0
26,MARAMUREŞ,BĂIUŢ,107154,1,FINAL,UAT,CL,CL_CE,"2020-09-28 07:08:04",1953,1899,0,28,26,1040,986,0,28,26,995,45,2096,1056,49,69,79,0,35,0,0,63,0,1,120,1,0,269,3,0,111,1,0,134,1,1,0,0,0,177,2,0,0,0,0,0,0,0,0,0,0,0,86,0,1,0,0,0,0,0,0,0,0,0,0,0,0,0,0,0,0,0,0,0,0,0,0,0,0,0,0,0,0,0,0,0,0,0,0,0,0,0,0,0,0,0,0,0,0,0,0,0,0,0,0,0,0,0,0,0,0,0,0,0,0,0,0,0,0,0,0,0,0,0,0,0,0,0,0,0,0,0,0,0,0,0,0,0,0,0,0,0,0,0,0,0,0,0,0,0,0,0,0,0,0,0,0,0,0,0,0,0,0,0,0,0,0,0,0,0,0,0,0,0,0,0,0,0
26,MARAMUREŞ,BÂRSANA,107314,4,FINAL,UAT,CL,CL_CE,"2020-10-03 12:10:22",3832,3772,2,23,35,2029,1970,1,23,35,1885,144,4195,2166,94,131,150,130,105,0,1,155,1,0,87,0,0,286,2,0,42,0,0,1150,8,1,0,0,0,0,0,0,0,0,0,0,0,0,0,60,0,0,0,0,0,0,0,0,0,0,0,0,0,0,0,0,0,0,0,0,0,0,0,0,0,0,0,0,0,0,0,0,0,0,0,0,0,0,0,0,0,0,0,0,0,0,0,0,0,0,0,0,0,0,0,0,0,0,0,0,0,0,0,0,0,0,0,0,0,0,0,0,0,0,0,0,0,0,0,0,0,0,0,0,0,0,0,0,0,0,0,0,0,0,0,0,0,0,0,0,0,0,0,0,0,0,0,0,0,0,0,0,0,0,0,0,0,0,0,0,0,0,0,0,0,0,0,0
26,MARAMUREŞ,BĂSEŞTI,107190,1,FINAL,UAT,CL,CL_CE,"2020-09-28 05:57:39",1243,1051,0,162,30,873,681,0,162,30,824,49,1195,322,41,57,65,87,103,1,0,65,0,1,49,0,1,290,3,0,95,1,0,80,0,1,0,0,0,0,0,0,0,0,0,0,0,0,0,33,0,0,65,0,1,44,0,0,0,0,0,0,0,0,0,0,0,0,0,0,0,0,0,0,0,0,0,0,0,0,0,0,0,0,0,0,0,0,0,0,0,0,0,0,0,0,0,0,0,0,0,0,0,0,0,0,0,0,0,0,0,0,0,0,0,0,0,0,0,0,0,0,0,0,0,0,0,0,0,0,0,0,0,0,0,0,0,0,0,0,0,0,0,0,0,0,0,0,0,0,0,0,0,0,0,0,0,0,0,0,0,0,0,0,0,0,0,0,0,0,0,0,0,0,0,0,0,0
26,MARAMUREŞ,BICAZ,107234,3,FINAL,UAT,CL,CL_CE,"2020-10-02 19:35:55",838,784,1,16,37,546,493,0,16,37,515,31,899,353,25,36,41,57,0,0,0,41,0,1,0,0,0,141,2,0,0,0,0,221,3,1,0,0,0,0,0,0,0,0,0,0,0,0,0,0,0,0,0,0,0,0,0,0,112,1,1,0,0,0,0,0,0,0,0,0,0,0,0,0,0,0,0,0,0,0,0,0,0,0,0,0,0,0,0,0,0,0,0,0,0,0,0,0,0,0,0,0,0,0,0,0,0,0,0,0,0,0,0,0,0,0,0,0,0,0,0,0,0,0,0,0,0,0,0,0,0,0,0,0,0,0,0,0,0,0,0,0,0,0,0,0,0,0,0,0,0,0,0,0,0,0,0,0,0,0,0,0,0,0,0,0,0,0,0,0,0,0,0,0,0,0,0,0
26,MARAMUREŞ,BISTRA,107270,3,FINAL,UAT,CL,CL_CE,"2020-10-02 19:39:39",3265,3245,1,19,0,1390,1371,0,19,0,1267,123,3596,2206,63,88,101,86,0,0,0,37,0,0,46,0,0,544,6,0,0,0,0,239,2,1,0,0,0,0,0,0,0,0,0,0,0,0,0,0,0,0,24,0,0,0,0,0,0,0,0,158,1,1,42,0,0,177,2,0,0,0,0,0,0,0,0,0,0,0,0,0,0,0,0,0,0,0,0,0,0,0,0,0,0,0,0,0,0,0,0,0,0,0,0,0,0,0,0,0,0,0,0,0,0,0,0,0,0,0,0,0,0,0,0,0,0,0,0,0,0,0,0,0,0,0,0,0,0,0,0,0,0,0,0,0,0,0,0,0,0,0,0,0,0,0,0,0,0,0,0,0,0,0,0,0,0,0,0,0,0,0,0,0,0,0,0,0
26,MARAMUREŞ,"BOCICOIU MARE",107350,1,FINAL,UAT,CL,CL_CE,"2020-09-28 08:14:08",3709,3681,5,15,8,1434,1410,1,15,8,1328,106,3995,2561,66,92,106,99,0,0,0,98,0,1,92,0,1,162,1,1,104,1,0,395,3,1,0,0,0,0,0,0,0,0,0,0,0,0,0,0,0,0,37,0,0,0,0,0,0,0,0,275,2,1,75,0,1,0,0,0,90,0,0,0,0,0,0,0,0,0,0,0,0,0,0,0,0,0,0,0,0,0,0,0,0,0,0,0,0,0,0,0,0,0,0,0,0,0,0,0,0,0,0,0,0,0,0,0,0,0,0,0,0,0,0,0,0,0,0,0,0,0,0,0,0,0,0,0,0,0,0,0,0,0,0,0,0,0,0,0,0,0,0,0,0,0,0,0,0,0,0,0,0,0,0,0,0,0,0,0,0,0,0,0,0,0,0,0
26,MARAMUREŞ,"BOGDAN VODĂ",107403,1,FINAL,UAT,CL,CL_CE,"2020-09-28 07:03:30",2554,2423,2,29,100,1282,1152,1,29,100,1166,116,2797,1515,58,81,93,0,0,0,0,77,0,1,114,1,0,746,7,1,41,0,0,148,1,0,0,0,0,0,0,0,0,0,0,0,0,0,0,0,0,0,0,0,0,40,0,0,0,0,0,0,0,0,0,0,0,0,0,0,0,0,0,0,0,0,0,0,0,0,0,0,0,0,0,0,0,0,0,0,0,0,0,0,0,0,0,0,0,0,0,0,0,0,0,0,0,0,0,0,0,0,0,0,0,0,0,0,0,0,0,0,0,0,0,0,0,0,0,0,0,0,0,0,0,0,0,0,0,0,0,0,0,0,0,0,0,0,0,0,0,0,0,0,0,0,0,0,0,0,0,0,0,0,0,0,0,0,0,0,0,0,0,0,0,0,0,0
26,MARAMUREŞ,"BOIU MARE",107430,1,FINAL,UAT,CL,CL_CE,"2020-09-28 03:37:01",1059,929,0,94,36,812,682,0,94,36,773,38,1095,283,38,54,61,82,0,0,0,92,1,0,58,0,1,256,3,0,0,0,0,336,4,0,0,0,0,0,0,0,0,0,0,0,0,0,0,0,0,0,0,0,0,0,0,0,0,0,0,0,0,0,0,0,0,0,0,0,0,0,0,31,0,0,0,0,0,0,0,0,0,0,0,0,0,0,0,0,0,0,0,0,0,0,0,0,0,0,0,0,0,0,0,0,0,0,0,0,0,0,0,0,0,0,0,0,0,0,0,0,0,0,0,0,0,0,0,0,0,0,0,0,0,0,0,0,0,0,0,0,0,0,0,0,0,0,0,0,0,0,0,0,0,0,0,0,0,0,0,0,0,0,0,0,0,0,0,0,0,0,0,0,0,0,0,0
26,MARAMUREŞ,BOTIZA,107485,1,FINAL,UAT,CL,CL_CE,"2020-09-28 03:45:06",2194,2094,2,30,68,1238,1141,0,30,67,1172,66,2297,1059,58,82,93,106,0,0,0,75,0,1,114,1,0,182,1,1,63,0,0,738,6,1,0,0,0,0,0,0,0,0,0,0,0,0,0,0,0,0,0,0,0,0,0,0,0,0,0,0,0,0,0,0,0,0,0,0,0,0,0,0,0,0,0,0,0,0,0,0,0,0,0,0,0,0,0,0,0,0,0,0,0,0,0,0,0,0,0,0,0,0,0,0,0,0,0,0,0,0,0,0,0,0,0,0,0,0,0,0,0,0,0,0,0,0,0,0,0,0,0,0,0,0,0,0,0,0,0,0,0,0,0,0,0,0,0,0,0,0,0,0,0,0,0,0,0,0,0,0,0,0,0,0,0,0,0,0,0,0,0,0,0,0,0,0
26,MARAMUREŞ,BUDEŞTI,107519,1,FINAL,UAT,CL,CL_CE,"2020-09-28 06:35:18",2499,2444,0,28,27,1640,1585,0,28,27,1546,94,2696,1056,77,108,123,140,0,0,0,313,2,0,178,1,0,522,3,1,108,0,1,315,2,0,0,0,0,0,0,0,0,0,0,0,0,0,0,0,0,0,0,0,0,110,0,1,0,0,0,0,0,0,0,0,0,0,0,0,0,0,0,0,0,0,0,0,0,0,0,0,0,0,0,0,0,0,0,0,0,0,0,0,0,0,0,0,0,0,0,0,0,0,0,0,0,0,0,0,0,0,0,0,0,0,0,0,0,0,0,0,0,0,0,0,0,0,0,0,0,0,0,0,0,0,0,0,0,0,0,0,0,0,0,0,0,0,0,0,0,0,0,0,0,0,0,0,0,0,0,0,0,0,0,0,0,0,0,0,0,0,0,0,0,0,0,0
26,MARAMUREŞ,CĂLINEŞTI,107546,1,FINAL,UAT,CL,CL_CE,"2020-09-28 06:54:51",2692,2605,1,37,49,1613,1529,0,35,49,1528,85,2896,1283,76,106,122,108,94,0,1,522,4,1,131,1,0,519,4,1,62,0,0,147,1,0,0,0,0,0,0,0,0,53,0,0,0,0,0,0,0,0,0,0,0,0,0,0,0,0,0,0,0,0,0,0,0,0,0,0,0,0,0,0,0,0,0,0,0,0,0,0,0,0,0,0,0,0,0,0,0,0,0,0,0,0,0,0,0,0,0,0,0,0,0,0,0,0,0,0,0,0,0,0,0,0,0,0,0,0,0,0,0,0,0,0,0,0,0,0,0,0,0,0,0,0,0,0,0,0,0,0,0,0,0,0,0,0,0,0,0,0,0,0,0,0,0,0,0,0,0,0,0,0,0,0,0,0,0,0,0,0,0,0,0,0,0,0
26,MARAMUREŞ,"CÂMPULUNG LA TISA",107715,1,FINAL,UAT,CL,CL_CE,"2020-09-28 11:03:37",2084,2072,2,3,7,1039,1027,2,3,7,969,70,2297,1258,48,67,77,76,0,0,0,24,0,0,34,0,0,237,3,0,0,0,0,70,0,0,0,0,0,445,5,1,0,0,0,0,0,0,0,0,0,0,68,0,1,0,0,0,0,0,0,0,0,0,0,0,0,0,0,0,0,0,0,0,0,0,91,1,0,0,0,0,0,0,0,0,0,0,0,0,0,0,0,0,0,0,0,0,0,0,0,0,0,0,0,0,0,0,0,0,0,0,0,0,0,0,0,0,0,0,0,0,0,0,0,0,0,0,0,0,0,0,0,0,0,0,0,0,0,0,0,0,0,0,0,0,0,0,0,0,0,0,0,0,0,0,0,0,0,0,0,0,0,0,0,0,0,0,0,0,0,0,0,0,0,0,0,0
26,MARAMUREŞ,CERNEŞTI,107582,1,FINAL,UAT,CL,CL_CE,"2020-09-28 05:47:58",3036,2938,0,57,41,1949,1851,0,57,41,1842,107,3193,1244,92,128,147,122,67,0,0,91,0,0,89,0,0,496,4,0,541,4,0,448,3,1,0,0,0,0,0,0,0,0,0,0,0,0,0,0,0,0,110,0,1,0,0,0,0,0,0,0,0,0,0,0,0,0,0,0,0,0,0,0,0,0,0,0,0,0,0,0,0,0,0,0,0,0,0,0,0,0,0,0,0,0,0,0,0,0,0,0,0,0,0,0,0,0,0,0,0,0,0,0,0,0,0,0,0,0,0,0,0,0,0,0,0,0,0,0,0,0,0,0,0,0,0,0,0,0,0,0,0,0,0,0,0,0,0,0,0,0,0,0,0,0,0,0,0,0,0,0,0,0,0,0,0,0,0,0,0,0,0,0,0,0,0,0
26,MARAMUREŞ,CICÂRLĂU,107662,1,FINAL,UAT,CL,CL_CE,"2020-09-28 04:38:34",3602,3527,3,60,12,1750,1678,0,60,12,1669,81,3895,2145,83,116,133,117,0,0,0,204,1,1,115,0,1,301,2,1,59,0,0,623,5,1,0,0,0,0,0,0,0,0,0,0,0,0,0,0,0,0,28,0,0,0,0,0,0,0,0,0,0,0,0,0,0,0,0,0,0,0,0,0,0,0,0,0,0,186,1,0,92,0,0,17,0,0,44,0,0,0,0,0,0,0,0,0,0,0,0,0,0,0,0,0,0,0,0,0,0,0,0,0,0,0,0,0,0,0,0,0,0,0,0,0,0,0,0,0,0,0,0,0,0,0,0,0,0,0,0,0,0,0,0,0,0,0,0,0,0,0,0,0,0,0,0,0,0,0,0,0,0,0,0,0,0,0,0,0,0,0,0,0,0,0,0,0
26,MARAMUREŞ,COAŞ,179837,1,FINAL,UAT,CL,CL_CE,"2020-09-28 05:45:10",1288,1186,2,52,48,985,883,2,52,48,899,86,1301,316,44,62,71,95,86,0,1,242,2,1,39,0,0,272,2,1,71,0,1,92,0,1,0,0,0,0,0,0,0,0,0,0,0,0,0,45,0,0,52,0,0,0,0,0,0,0,0,0,0,0,0,0,0,0,0,0,0,0,0,0,0,0,0,0,0,0,0,0,0,0,0,0,0,0,0,0,0,0,0,0,0,0,0,0,0,0,0,0,0,0,0,0,0,0,0,0,0,0,0,0,0,0,0,0,0,0,0,0,0,0,0,0,0,0,0,0,0,0,0,0,0,0,0,0,0,0,0,0,0,0,0,0,0,0,0,0,0,0,0,0,0,0,0,0,0,0,0,0,0,0,0,0,0,0,0,0,0,0,0,0,0,0,0,0
26,MARAMUREŞ,COLTĂU,179846,1,FINAL,UAT,CL,CL_CE,"2020-09-29 12:33:12",2265,2153,1,55,56,1609,1498,0,55,56,1457,152,2397,788,72,101,116,128,0,0,0,148,1,0,0,0,0,253,1,1,0,0,0,48,0,0,0,0,0,745,5,1,0,0,0,0,0,0,0,0,0,0,0,0,0,0,0,0,0,0,0,0,0,0,0,0,0,0,0,0,0,0,0,0,0,0,0,0,0,0,0,0,0,0,0,0,0,0,0,0,0,263,2,0,0,0,0,0,0,0,0,0,0,0,0,0,0,0,0,0,0,0,0,0,0,0,0,0,0,0,0,0,0,0,0,0,0,0,0,0,0,0,0,0,0,0,0,0,0,0,0,0,0,0,0,0,0,0,0,0,0,0,0,0,0,0,0,0,0,0,0,0,0,0,0,0,0,0,0,0,0,0,0,0,0,0,0,0
26,MARAMUREŞ,COPALNIC-MĂNĂŞTUR,107733,1,FINAL,UAT,CL,CL_CE,"2020-09-28 12:11:18",4674,4594,4,76,0,2643,2567,0,76,0,2497,146,5087,2415,124,174,199,154,0,0,0,377,2,0,136,0,1,1116,7,0,398,2,1,294,1,1,0,0,0,0,0,0,0,0,0,0,0,0,0,0,0,0,0,0,0,57,0,0,0,0,0,0,0,0,0,0,0,0,0,0,0,0,0,0,0,0,0,0,0,0,0,0,0,0,0,0,0,0,0,0,0,27,0,0,10,0,0,82,0,0,0,0,0,0,0,0,0,0,0,0,0,0,0,0,0,0,0,0,0,0,0,0,0,0,0,0,0,0,0,0,0,0,0,0,0,0,0,0,0,0,0,0,0,0,0,0,0,0,0,0,0,0,0,0,0,0,0,0,0,0,0,0,0,0,0,0,0,0,0,0,0,0,0,0,0,0,0,0
26,MARAMUREŞ,COROIENI,107868,1,FINAL,UAT,CL,CL_CE,"2020-09-28 04:58:52",1767,1696,1,33,37,1057,990,0,33,34,1023,33,1994,934,51,71,81,83,0,0,0,120,1,0,0,0,0,619,7,1,0,0,0,181,2,0,0,0,0,0,0,0,0,0,0,0,0,0,0,0,0,0,0,0,0,0,0,0,66,0,0,0,0,0,0,0,0,0,0,0,0,0,0,37,0,0,0,0,0,0,0,0,0,0,0,0,0,0,0,0,0,0,0,0,0,0,0,0,0,0,0,0,0,0,0,0,0,0,0,0,0,0,0,0,0,0,0,0,0,0,0,0,0,0,0,0,0,0,0,0,0,0,0,0,0,0,0,0,0,0,0,0,0,0,0,0,0,0,0,0,0,0,0,0,0,0,0,0,0,0,0,0,0,0,0,0,0,0,0,0,0,0,0,0,0,0,0,0
26,MARAMUREŞ,CUPŞENI,107920,1,FINAL,UAT,CL,CL_CE,"2020-09-28 05:01:54",2822,2773,1,29,19,1750,1702,0,29,19,1675,75,3095,1345,83,117,134,116,0,0,0,177,1,0,121,1,0,576,4,1,46,0,0,646,5,1,0,0,0,0,0,0,0,68,0,0,0,0,0,0,0,0,41,0,0,0,0,0,0,0,0,0,0,0,0,0,0,0,0,0,0,0,0,0,0,0,0,0,0,0,0,0,0,0,0,0,0,0,0,0,0,0,0,0,0,0,0,0,0,0,0,0,0,0,0,0,0,0,0,0,0,0,0,0,0,0,0,0,0,0,0,0,0,0,0,0,0,0,0,0,0,0,0,0,0,0,0,0,0,0,0,0,0,0,0,0,0,0,0,0,0,0,0,0,0,0,0,0,0,0,0,0,0,0,0,0,0,0,0,0,0,0,0,0,0,0,0,0
26,MARAMUREŞ,DESEŞTI,107975,1,FINAL,UAT,CL,CL_CE,"2020-09-28 07:41:40",2042,1942,0,46,54,1359,1259,0,46,54,1291,68,2196,837,64,90,103,110,88,0,1,155,1,0,15,0,0,514,4,1,197,1,1,263,2,0,0,0,0,0,0,0,0,0,0,0,0,0,0,0,0,0,31,0,0,0,0,0,0,0,0,0,0,0,0,0,0,0,0,0,0,0,0,0,0,0,0,0,0,0,0,0,0,0,0,0,0,0,0,0,0,0,0,0,0,0,0,0,0,0,28,0,0,0,0,0,0,0,0,0,0,0,0,0,0,0,0,0,0,0,0,0,0,0,0,0,0,0,0,0,0,0,0,0,0,0,0,0,0,0,0,0,0,0,0,0,0,0,0,0,0,0,0,0,0,0,0,0,0,0,0,0,0,0,0,0,0,0,0,0,0,0,0,0,0,0,0,0
26,MARAMUREŞ,DUMBRĂVIŢA,108035,3,FINAL,UAT,CL,CL_CE,"2020-10-02 19:44:33",3739,3635,3,31,70,2217,2116,0,31,70,2125,92,4093,1876,106,148,170,159,172,1,0,407,2,1,58,0,0,1091,6,1,152,0,1,245,1,0,0,0,0,0,0,0,0,0,0,0,0,0,0,0,0,0,0,0,0,0,0,0,0,0,0,0,0,0,0,0,0,0,0,0,0,0,0,0,0,0,0,0,0,0,0,0,0,0,0,0,0,0,0,0,0,0,0,0,0,0,0,0,0,0,0,0,0,0,0,0,0,0,0,0,0,0,0,0,0,0,0,0,0,0,0,0,0,0,0,0,0,0,0,0,0,0,0,0,0,0,0,0,0,0,0,0,0,0,0,0,0,0,0,0,0,0,0,0,0,0,0,0,0,0,0,0,0,0,0,0,0,0,0,0,0,0,0,0,0,0,0,0
26,MARAMUREŞ,FĂRCAŞA,108106,1,FINAL,UAT,CL,CL_CE,"2020-09-28 06:07:26",3418,3254,4,87,73,1967,1803,4,87,73,1842,125,3595,1628,92,128,147,141,116,0,1,617,4,0,103,0,1,486,3,0,111,0,1,409,2,1,0,0,0,0,0,0,0,0,0,0,0,0,0,0,0,0,0,0,0,0,0,0,0,0,0,0,0,0,0,0,0,0,0,0,0,0,0,0,0,0,0,0,0,0,0,0,0,0,0,0,0,0,0,0,0,0,0,0,0,0,0,0,0,0,0,0,0,0,0,0,0,0,0,0,0,0,0,0,0,0,0,0,0,0,0,0,0,0,0,0,0,0,0,0,0,0,0,0,0,0,0,0,0,0,0,0,0,0,0,0,0,0,0,0,0,0,0,0,0,0,0,0,0,0,0,0,0,0,0,0,0,0,0,0,0,0,0,0,0,0,0,0
26,MARAMUREŞ,GÂRDANI,179855,1,FINAL,UAT,CL,CL_CE,"2020-09-28 06:35:01",1183,1145,1,13,24,724,687,0,13,24,680,44,1298,574,34,47,54,71,0,0,0,101,1,1,58,0,1,230,3,0,0,0,0,147,2,0,0,0,0,0,0,0,0,0,0,0,0,0,0,0,0,0,0,0,0,0,0,0,52,0,1,0,0,0,0,0,0,0,0,0,0,0,0,0,0,0,0,0,0,0,0,0,0,0,0,0,0,0,0,0,0,0,0,0,0,0,0,0,0,0,0,0,0,33,0,0,59,0,0,0,0,0,0,0,0,0,0,0,0,0,0,0,0,0,0,0,0,0,0,0,0,0,0,0,0,0,0,0,0,0,0,0,0,0,0,0,0,0,0,0,0,0,0,0,0,0,0,0,0,0,0,0,0,0,0,0,0,0,0,0,0,0,0,0,0,0,0,0
26,MARAMUREŞ,GIULEŞTI,108151,1,FINAL,UAT,CL,CL_CE,"2020-09-29 09:47:13",2901,2770,0,57,74,1896,1765,0,57,74,1814,82,2896,1000,90,126,145,127,92,0,1,128,1,0,57,0,0,1245,9,1,188,1,0,104,0,0,0,0,0,0,0,0,0,0,0,0,0,0,0,0,0,0,0,0,0,0,0,0,0,0,0,0,0,0,0,0,0,0,0,0,0,0,0,0,0,0,0,0,0,0,0,0,0,0,0,0,0,0,0,0,0,0,0,0,0,0,0,0,0,0,0,0,0,0,0,0,0,0,0,0,0,0,0,0,0,0,0,0,0,0,0,0,0,0,0,0,0,0,0,0,0,0,0,0,0,0,0,0,0,0,0,0,0,0,0,0,0,0,0,0,0,0,0,0,0,0,0,0,0,0,0,0,0,0,0,0,0,0,0,0,0,0,0,0,0,0,0,0
26,MARAMUREŞ,GROŞI,106363,1,FINAL,UAT,CL,CL_CE,"2020-09-28 10:32:43",2607,2579,5,17,6,1435,1411,1,17,6,1396,39,2796,1361,69,97,111,99,0,0,0,169,1,1,45,0,0,659,6,0,81,0,1,296,2,1,0,0,0,0,0,0,0,52,0,0,0,0,0,0,0,0,94,0,1,0,0,0,0,0,0,0,0,0,0,0,0,0,0,0,0,0,0,0,0,0,0,0,0,0,0,0,0,0,0,0,0,0,0,0,0,0,0,0,0,0,0,0,0,0,0,0,0,0,0,0,0,0,0,0,0,0,0,0,0,0,0,0,0,0,0,0,0,0,0,0,0,0,0,0,0,0,0,0,0,0,0,0,0,0,0,0,0,0,0,0,0,0,0,0,0,0,0,0,0,0,0,0,0,0,0,0,0,0,0,0,0,0,0,0,0,0,0,0,0,0,0,0
26,MARAMUREŞ,"GROŞII ŢIBLEŞULUI",179622,1,FINAL,UAT,CL,CL_CE,"2020-09-28 08:02:53",1736,1699,0,29,8,1081,1044,0,29,8,1038,43,1897,816,51,72,83,94,0,0,0,154,1,1,0,0,0,666,7,0,94,1,0,124,1,0,0,0,0,0,0,0,0,0,0,0,0,0,0,0,0,0,0,0,0,0,0,0,0,0,0,0,0,0,0,0,0,0,0,0,0,0,0,0,0,0,0,0,0,0,0,0,0,0,0,0,0,0,0,0,0,0,0,0,0,0,0,0,0,0,0,0,0,0,0,0,0,0,0,0,0,0,0,0,0,0,0,0,0,0,0,0,0,0,0,0,0,0,0,0,0,0,0,0,0,0,0,0,0,0,0,0,0,0,0,0,0,0,0,0,0,0,0,0,0,0,0,0,0,0,0,0,0,0,0,0,0,0,0,0,0,0,0,0,0,0,0,0
26,MARAMUREŞ,IEUD,108204,1,FINAL,UAT,CL,CL_CE,"2020-09-28 08:46:41",3582,3504,2,32,44,1432,1356,0,32,44,1335,97,3896,2464,66,93,106,100,0,0,0,304,3,0,0,0,0,258,2,1,35,0,0,738,7,0,0,0,0,0,0,0,0,0,0,0,0,0,0,0,0,0,0,0,0,0,0,0,0,0,0,0,0,0,0,0,0,0,0,0,0,0,0,0,0,0,0,0,0,0,0,0,0,0,0,0,0,0,0,0,0,0,0,0,0,0,0,0,0,0,0,0,0,0,0,0,0,0,0,0,0,0,0,0,0,0,0,0,0,0,0,0,0,0,0,0,0,0,0,0,0,0,0,0,0,0,0,0,0,0,0,0,0,0,0,0,0,0,0,0,0,0,0,0,0,0,0,0,0,0,0,0,0,0,0,0,0,0,0,0,0,0,0,0,0,0,0,0
26,MARAMUREŞ,LĂPUŞ,108222,1,FINAL,UAT,CL,CL_CE,"2020-09-28 07:24:37",2966,2917,3,10,36,1702,1656,0,10,36,1641,61,3300,1598,82,114,131,126,82,0,0,361,2,1,0,0,0,587,4,1,211,1,1,400,3,0,0,0,0,0,0,0,0,0,0,0,0,0,0,0,0,0,0,0,0,0,0,0,0,0,0,0,0,0,0,0,0,0,0,0,0,0,0,0,0,0,0,0,0,0,0,0,0,0,0,0,0,0,0,0,0,0,0,0,0,0,0,0,0,0,0,0,0,0,0,0,0,0,0,0,0,0,0,0,0,0,0,0,0,0,0,0,0,0,0,0,0,0,0,0,0,0,0,0,0,0,0,0,0,0,0,0,0,0,0,0,0,0,0,0,0,0,0,0,0,0,0,0,0,0,0,0,0,0,0,0,0,0,0,0,0,0,0,0,0,0,0,0
26,MARAMUREŞ,LEORDINA,108240,1,FINAL,UAT,CL,CL_CE,"2020-09-28 06:45:27",2000,1923,2,33,42,1167,1092,0,33,42,1074,93,2197,1019,53,75,85,91,0,0,0,31,0,0,38,0,0,200,2,0,683,7,1,122,1,0,0,0,0,0,0,0,0,0,0,0,0,0,0,0,0,0,0,0,0,0,0,0,0,0,0,0,0,0,0,0,0,0,0,0,0,0,0,0,0,0,0,0,0,0,0,0,0,0,0,0,0,0,0,0,0,0,0,0,0,0,0,0,0,0,0,0,0,0,0,0,0,0,0,0,0,0,0,0,0,0,0,0,0,0,0,0,0,0,0,0,0,0,0,0,0,0,0,0,0,0,0,0,0,0,0,0,0,0,0,0,0,0,0,0,0,0,0,0,0,0,0,0,0,0,0,0,0,0,0,0,0,0,0,0,0,0,0,0,0,0,0,0
26,MARAMUREŞ,"MIREŞU MARE",108268,4,FINAL,UAT,CL,CL_CE,"2020-10-03 11:01:30",3934,3785,0,92,57,2391,2242,0,92,57,2291,100,4292,1734,114,160,183,161,0,0,0,670,4,0,97,0,0,872,5,0,0,0,0,426,2,1,0,0,0,0,0,0,0,0,0,0,0,0,0,0,0,0,130,0,1,0,0,0,44,0,0,0,0,0,0,0,0,0,0,0,0,0,0,0,0,0,0,0,0,0,0,0,0,0,0,0,0,0,0,0,0,0,0,0,0,0,0,0,0,0,0,0,0,0,0,0,0,0,0,52,0,0,0,0,0,0,0,0,0,0,0,0,0,0,0,0,0,0,0,0,0,0,0,0,0,0,0,0,0,0,0,0,0,0,0,0,0,0,0,0,0,0,0,0,0,0,0,0,0,0,0,0,0,0,0,0,0,0,0,0,0,0,0,0,0,0,0,0
26,MARAMUREŞ,MOISEI,108348,1,FINAL,UAT,CL,CL_CE,"2020-09-28 11:27:27",7741,7661,7,51,22,4014,3940,1,51,22,3819,195,8495,4481,190,267,305,248,0,0,0,270,1,0,265,1,0,1186,4,1,204,0,1,974,3,1,0,0,0,0,0,0,0,0,0,0,68,0,0,199,0,1,357,1,0,30,0,0,0,0,0,0,0,0,0,0,0,0,0,0,0,0,0,0,0,0,0,0,0,0,0,0,0,0,0,0,0,0,0,0,0,0,0,0,0,0,0,0,0,0,266,1,0,0,0,0,0,0,0,0,0,0,0,0,0,0,0,0,0,0,0,0,0,0,0,0,0,0,0,0,0,0,0,0,0,0,0,0,0,0,0,0,0,0,0,0,0,0,0,0,0,0,0,0,0,0,0,0,0,0,0,0,0,0,0,0,0,0,0,0,0,0,0,0,0,0,0,0
26,MARAMUREŞ,"MUNICIPIUL BAIA MARE",106318,4,FINAL,UAT,CL,CL_CE,"2020-10-03 13:52:42",119547,118094,424,941,88,42243,41209,8,941,85,40817,1400,132139,89922,2040,2857,3265,1473,876,0,0,4501,3,0,1180,0,0,10319,7,0,0,0,0,9973,6,1,0,0,0,2996,2,0,0,587,0,0,0,0,0,0,0,0,720,0,0,0,0,0,6109,4,0,0,0,0,0,0,0,0,0,0,0,0,0,0,0,0,0,0,0,0,0,0,0,0,0,0,0,0,0,0,0,0,0,0,0,0,0,0,0,0,809,0,0,0,0,0,0,0,0,0,0,0,128,0,0,1232,0,0,487,0,0,575,0,0,325,0,0,0,0,0,0,0,0,0,0,0,0,0,0,0,0,0,0,0,0,0,0,0,0,0,0,0,0,0,0,0,0,0,0,0,0,0,0,0,0,0,0,0,0,0,0,0,0,0,0,0,0,0
26,MARAMUREŞ,"MUNICIPIUL SIGHETU MARMAŢIEI",106559,1,FINAL,UAT,CL,CL_CE,"2020-09-30 10:21:29",36060,35685,65,260,50,12230,11918,4,260,48,11709,521,39198,26968,585,819,936,528,340,0,0,939,1,1,814,1,1,3755,7,0,0,0,0,2591,4,1,0,0,0,791,1,0,0,0,0,0,0,0,0,354,0,0,290,0,0,0,0,0,1148,2,0,180,0,0,0,0,0,0,0,0,0,0,0,0,0,0,0,0,0,0,0,0,0,0,0,0,0,0,0,0,0,0,0,0,0,0,0,0,0,0,152,0,0,0,0,0,0,0,0,0,0,0,0,0,0,0,0,0,0,0,0,0,0,0,0,0,0,355,0,0,0,0,0,0,0,0,0,0,0,0,0,0,0,0,0,0,0,0,0,0,0,0,0,0,0,0,0,0,0,0,0,0,0,0,0,0,0,0,0,0,0,0,0,0,0,0,0,0
26,MARAMUREŞ,"OARŢA DE JOS",108366,1,FINAL,UAT,CL,CL_CE,"2020-09-28 03:06:29",1002,878,0,74,50,710,586,0,74,50,683,27,1097,387,34,47,54,68,112,1,1,176,2,1,30,0,0,150,2,0,0,0,0,66,0,1,0,0,0,0,0,0,0,12,0,0,0,0,0,0,0,0,29,0,0,0,0,0,72,1,0,0,0,0,0,0,0,0,0,0,0,0,0,0,0,0,0,0,0,0,0,0,0,0,0,0,0,0,0,0,0,0,0,0,0,0,0,0,0,0,0,0,0,0,0,0,0,0,0,0,0,0,0,0,0,0,0,0,0,0,0,0,0,0,0,0,0,0,0,0,36,0,0,0,0,0,0,0,0,0,0,0,0,0,0,0,0,0,0,0,0,0,0,0,0,0,0,0,0,0,0,0,0,0,0,0,0,0,0,0,0,0,0,0,0,0,0,0
26,MARAMUREŞ,"OCNA ŞUGATAG",108400,1,FINAL,UAT,CL,CL_CE,"2020-09-28 07:46:07",3556,3440,10,69,37,2116,2005,5,69,37,2024,92,3895,1779,101,141,161,127,82,0,0,436,3,0,185,1,1,239,1,1,92,0,0,497,3,1,0,0,0,0,0,0,0,0,0,0,0,0,0,66,0,0,305,2,0,0,0,0,0,0,0,0,0,0,0,0,0,0,0,0,0,0,0,0,0,0,0,0,0,0,0,0,0,0,0,0,0,0,0,0,0,0,0,0,0,0,0,0,0,0,66,0,0,0,0,0,0,0,0,0,0,0,0,0,0,0,0,0,0,0,0,0,0,0,0,0,0,0,0,0,0,0,0,43,0,0,13,0,0,0,0,0,0,0,0,0,0,0,0,0,0,0,0,0,0,0,0,0,0,0,0,0,0,0,0,0,0,0,0,0,0,0,0,0,0,0,0,0
26,MARAMUREŞ,ONCEŞTI,179864,1,FINAL,UAT,CL,CL_CE,"2020-09-28 04:23:32",1294,1258,1,26,9,813,777,1,26,9,758,55,1400,587,37,53,60,63,100,1,1,89,1,0,32,0,0,82,1,0,66,1,0,363,5,1,0,0,0,0,0,0,0,0,0,0,0,0,0,0,0,0,26,0,0,0,0,0,0,0,0,0,0,0,0,0,0,0,0,0,0,0,0,0,0,0,0,0,0,0,0,0,0,0,0,0,0,0,0,0,0,0,0,0,0,0,0,0,0,0,0,0,0,0,0,0,0,0,0,0,0,0,0,0,0,0,0,0,0,0,0,0,0,0,0,0,0,0,0,0,0,0,0,0,0,0,0,0,0,0,0,0,0,0,0,0,0,0,0,0,0,0,0,0,0,0,0,0,0,0,0,0,0,0,0,0,0,0,0,0,0,0,0,0,0,0,0,0
26,MARAMUREŞ,"ORAŞ BAIA SPRIE",106684,1,FINAL,UAT,CL,CL_CE,"2020-09-28 09:11:15",13245,13101,14,96,34,5703,5571,2,96,34,5490,213,19587,12287,274,384,439,248,532,2,0,432,1,1,153,0,0,1507,6,0,225,0,0,406,0,0,0,0,0,594,2,1,0,0,0,0,0,0,0,0,0,0,193,0,0,95,0,0,0,0,0,0,0,0,0,0,0,0,0,0,0,0,0,0,0,0,0,0,0,0,0,0,0,0,0,0,0,0,0,0,0,0,0,0,305,1,0,0,0,0,509,2,0,0,0,0,0,0,0,0,0,0,0,0,0,0,0,0,0,0,0,0,0,0,0,0,0,0,0,0,0,0,0,0,0,0,0,0,0,345,1,0,194,0,0,0,0,0,0,0,0,0,0,0,0,0,0,0,0,0,0,0,0,0,0,0,0,0,0,0,0,0,0,0,0,0,0,0
26,MARAMUREŞ,"ORAŞ BORŞA",106746,3,FINAL,UAT,CL,CL_CE,"2020-10-02 18:26:42",23456,23227,43,162,24,7837,7645,6,162,24,7461,369,25685,17855,373,522,596,355,310,0,0,292,0,0,381,1,0,1710,4,1,678,1,1,2988,8,0,0,0,0,0,0,0,0,113,0,0,0,0,0,0,0,0,0,0,0,0,0,0,0,0,0,0,0,0,0,0,0,0,0,0,0,0,0,0,0,0,0,0,0,0,0,0,0,0,0,0,0,0,0,0,0,0,0,0,0,0,0,0,0,0,989,2,1,0,0,0,0,0,0,0,0,0,0,0,0,0,0,0,0,0,0,0,0,0,0,0,0,0,0,0,0,0,0,0,0,0,0,0,0,0,0,0,0,0,0,0,0,0,0,0,0,0,0,0,0,0,0,0,0,0,0,0,0,0,0,0,0,0,0,0,0,0,0,0,0,0,0,0
26,MARAMUREŞ,"ORAŞ CAVNIC",106782,3,FINAL,UAT,CL,CL_CE,"2020-10-02 18:50:12",4290,4153,7,34,96,2206,2080,1,31,94,2113,93,4690,2484,105,147,169,127,0,0,0,634,4,1,0,0,0,776,6,0,0,0,0,134,0,0,0,0,0,74,0,0,0,0,0,0,0,0,0,0,0,0,0,0,0,0,0,0,359,2,1,0,0,0,0,0,0,0,0,0,0,0,0,0,0,0,0,0,0,0,0,0,0,0,0,0,0,0,0,0,0,0,0,0,0,0,0,0,0,0,0,0,0,0,0,0,0,0,0,0,0,0,0,0,0,0,0,0,136,1,0,0,0,0,0,0,0,0,0,0,0,0,0,0,0,0,0,0,0,0,0,0,0,0,0,0,0,0,0,0,0,0,0,0,0,0,0,0,0,0,0,0,0,0,0,0,0,0,0,0,0,0,0,0,0,0,0,0
26,MARAMUREŞ,"ORAŞ DRAGOMIREŞTI",108017,1,FINAL,UAT,CL,CL_CE,"2020-09-28 08:13:37",2572,2470,0,43,59,1382,1280,0,43,59,1267,115,2700,1318,63,88,101,91,100,1,0,247,2,1,24,0,0,118,1,0,90,0,1,495,5,0,0,0,0,0,0,0,0,140,1,1,0,0,0,0,0,0,53,0,0,0,0,0,0,0,0,0,0,0,0,0,0,0,0,0,0,0,0,0,0,0,0,0,0,0,0,0,0,0,0,0,0,0,0,0,0,0,0,0,0,0,0,0,0,0,0,0,0,0,0,0,0,0,0,0,0,0,0,0,0,0,0,0,0,0,0,0,0,0,0,0,0,0,0,0,0,0,0,0,0,0,0,0,0,0,0,0,0,0,0,0,0,0,0,0,0,0,0,0,0,0,0,0,0,0,0,0,0,0,0,0,0,0,0,0,0,0,0,0,0,0,0,0
26,MARAMUREŞ,"ORAŞ SĂLIŞTEA DE SUS",108892,1,FINAL,UAT,CL,CL_CE,"2020-09-28 12:14:59",4199,4168,0,19,12,1780,1749,0,19,12,1620,160,4696,2916,81,113,129,108,0,0,0,261,2,0,84,0,1,373,3,1,0,0,0,583,5,0,0,0,0,0,0,0,0,0,0,0,0,0,0,0,0,0,172,1,1,0,0,0,0,0,0,0,0,0,0,0,0,0,0,0,0,0,0,0,0,0,0,0,0,0,0,0,0,0,0,0,0,0,0,0,0,0,0,0,0,0,0,0,0,0,0,0,0,0,0,0,0,0,0,0,0,0,0,0,0,0,0,0,0,0,0,0,0,0,0,0,0,0,0,0,0,0,0,0,0,0,0,0,0,0,0,0,0,0,0,147,1,0,0,0,0,0,0,0,0,0,0,0,0,0,0,0,0,0,0,0,0,0,0,0,0,0,0,0,0,0,0,0
26,MARAMUREŞ,"ORAŞ SEINI",108963,1,FINAL,UAT,CL,CL_CE,"2020-09-28 07:35:21",8047,7811,7,125,104,4320,4094,0,125,101,4140,180,8693,4373,207,289,331,249,0,0,0,625,2,1,78,0,0,827,3,0,0,0,0,2069,8,0,0,0,0,228,0,0,1,0,0,0,0,0,0,0,0,0,135,0,0,0,0,0,178,0,0,0,0,0,0,0,0,0,0,0,0,0,0,0,0,0,0,0,0,0,0,0,0,0,0,0,0,0,0,0,0,0,0,0,0,0,0,0,0,0,0,0,0,0,0,0,0,0,0,0,0,0,0,0,0,0,0,0,0,0,0,0,0,0,0,0,0,0,0,0,0,0,0,0,0,0,0,0,0,0,0,0,0,0,0,0,0,0,0,0,0,0,0,0,0,0,0,0,0,0,0,0,0,0,0,0,0,0,0,0,0,0,0,0,0,0,0,0
26,MARAMUREŞ,"ORAŞ ŞOMCUTA MARE",109176,1,FINAL,UAT,CL,CL_CE,"2020-09-28 06:52:25",6402,6219,8,142,33,3960,3785,0,142,33,3642,305,6982,3035,182,254,291,231,217,0,1,163,0,0,248,1,0,1002,4,0,217,0,1,1795,7,1,0,0,0,0,0,0,0,0,0,0,0,0,0,0,0,0,0,0,0,0,0,0,0,0,0,0,0,0,0,0,0,0,0,0,0,0,0,0,0,0,0,0,0,0,0,0,0,0,0,0,0,0,0,0,0,0,0,0,0,0,0,0,0,0,0,0,0,0,0,0,0,0,0,0,0,0,0,0,0,0,0,0,0,0,0,0,0,0,0,0,0,0,0,0,0,0,0,0,0,0,0,0,0,0,0,0,0,0,0,0,0,0,0,0,0,0,0,0,0,0,0,0,0,0,0,0,0,0,0,0,0,0,0,0,0,0,0,0,0,0,0,0
26,MARAMUREŞ,"ORAŞ TÂRGU LĂPUŞ",106817,1,FINAL,UAT,CL,CL_CE,"2020-09-28 08:34:03",10750,10557,34,135,24,4877,4716,2,135,24,4649,210,11792,6927,232,325,371,273,0,0,0,557,2,0,237,0,1,1747,6,0,243,0,1,994,3,1,0,0,0,327,1,0,0,0,0,0,0,0,0,0,0,0,247,0,1,297,1,0,0,0,0,0,0,0,0,0,0,0,0,0,0,0,0,0,0,0,0,0,0,0,0,0,0,0,0,0,0,0,0,0,0,0,0,0,0,0,0,0,0,0,0,0,0,0,0,0,0,0,0,0,0,0,0,0,0,0,0,0,0,0,0,0,0,0,0,0,0,0,0,0,0,0,0,0,0,0,0,0,0,0,0,0,0,0,0,0,0,0,0,0,0,0,0,0,0,0,0,0,0,0,0,0,0,0,0,0,0,0,0,0,0,0,0,0,0,0,0,0
26,MARAMUREŞ,"ORAŞ TĂUŢII-MĂGHERĂUŞ",106461,1,FINAL,UAT,CL,CL_CE,"2020-09-28 06:34:01",7398,7218,21,145,14,4246,4085,2,145,14,4138,107,7994,3748,206,289,331,242,0,0,0,331,1,0,78,0,0,1635,6,1,0,0,0,1242,5,0,0,0,0,221,0,0,1,88,0,0,0,0,0,0,0,0,209,0,1,0,0,0,246,0,0,0,0,0,0,0,0,0,0,0,0,0,0,0,0,0,0,0,0,0,0,0,0,0,0,0,0,0,0,0,0,0,0,0,0,0,0,0,0,0,0,0,0,0,0,0,0,0,0,0,0,0,0,0,0,0,0,0,88,0,0,0,0,0,0,0,0,0,0,0,0,0,0,0,0,0,0,0,0,0,0,0,0,0,0,0,0,0,0,0,0,0,0,0,0,0,0,0,0,0,0,0,0,0,0,0,0,0,0,0,0,0,0,0,0,0,0,0
26,MARAMUREŞ,"ORAŞ ULMENI",109265,1,FINAL,UAT,CL,CL_CE,"2020-09-28 05:47:26",5830,5565,8,119,138,3670,3413,0,119,138,3579,91,6288,2618,178,250,286,223,0,0,0,2048,9,0,189,0,1,475,2,0,0,0,0,222,0,0,0,0,0,645,2,1,0,0,0,0,0,0,0,0,0,0,0,0,0,0,0,0,0,0,0,0,0,0,0,0,0,0,0,0,0,0,0,0,0,0,0,0,0,0,0,0,0,0,0,0,0,0,0,0,0,0,0,0,0,0,0,0,0,0,0,0,0,0,0,0,0,0,0,0,0,0,0,0,0,0,0,0,0,0,0,0,0,0,0,0,0,0,0,0,0,0,0,0,0,0,0,0,0,0,0,0,0,0,0,0,0,0,0,0,0,0,0,0,0,0,0,0,0,0,0,0,0,0,0,0,0,0,0,0,0,0,0,0,0,0,0,0
26,MARAMUREŞ,"ORAŞ VIŞEU DE SUS",106979,1,FINAL,UAT,CL,CL_CE,"2020-09-28 10:10:56",14822,14697,44,79,2,4901,4818,2,79,2,4641,260,16187,11263,232,324,371,244,0,0,0,99,0,0,720,2,1,2622,10,1,212,0,0,524,2,0,0,0,0,0,0,0,0,0,0,0,0,0,0,0,0,0,0,0,0,0,0,0,0,0,0,109,0,0,0,0,0,0,0,0,0,0,0,0,0,0,0,0,0,0,0,0,0,0,0,0,0,0,0,0,0,59,0,0,0,0,0,0,0,0,0,0,0,0,0,0,0,0,0,0,0,0,0,0,0,0,0,0,0,0,0,0,0,0,0,0,0,0,0,0,0,0,0,0,0,0,0,0,0,0,0,0,0,0,0,0,0,0,296,1,0,0,0,0,0,0,0,0,0,0,0,0,0,0,0,0,0,0,0,0,0,0,0,0,0,0,0,0
26,MARAMUREŞ,PETROVA,108455,1,FINAL,UAT,CL,CL_CE,"2020-09-28 05:23:06",2023,1968,2,29,24,1193,1139,1,29,24,1119,74,2200,1007,55,78,89,55,0,0,0,322,3,0,105,1,0,433,4,1,28,0,0,174,1,1,0,0,0,0,0,0,0,0,0,0,0,0,0,0,0,0,7,0,0,0,0,0,0,0,0,0,0,0,0,0,0,0,0,0,0,0,0,0,0,0,0,0,0,0,0,0,0,0,0,0,0,0,0,0,0,0,0,0,0,0,0,0,0,0,0,0,0,0,0,0,0,0,0,0,0,0,0,0,0,0,0,0,0,0,0,0,0,0,0,0,0,0,0,0,0,0,0,0,0,0,0,0,0,0,0,0,0,0,0,0,0,0,0,0,0,50,0,0,0,0,0,0,0,0,0,0,0,0,0,0,0,0,0,0,0,0,0,0,0,0,0,0
26,MARAMUREŞ,"POIENILE DE SUB MUNTE",108473,1,FINAL,UAT,CL,CL_CE,"2020-09-28 14:47:58",7511,7486,3,22,0,3362,3338,2,22,0,2920,441,8293,4932,146,204,233,166,0,0,0,562,3,0,146,0,1,541,3,0,607,3,1,475,2,1,0,0,0,0,0,0,0,64,0,0,0,0,0,0,0,0,0,0,0,0,0,0,0,0,0,491,2,1,0,0,0,0,0,0,0,0,0,0,0,0,0,0,0,0,0,0,0,0,0,0,0,0,0,0,0,0,0,0,0,0,0,0,0,0,0,0,0,0,0,0,0,0,0,0,0,0,0,0,0,0,0,0,0,0,0,0,0,0,0,0,0,0,0,0,0,0,0,0,0,0,0,0,0,0,0,0,0,0,0,0,0,0,0,0,0,0,0,0,34,0,0,0,0,0,0,0,0,0,0,0,0,0,0,0,0,0,0,0,0,0,0,0
26,MARAMUREŞ,"POIENILE IZEI",179604,1,FINAL,UAT,CL,CL_CE,"2020-09-28 08:59:06",828,688,0,90,50,710,570,0,90,50,690,20,798,88,34,48,55,72,71,0,1,74,1,0,59,0,1,69,0,1,153,2,0,40,0,0,0,0,0,0,0,0,0,51,0,0,0,0,0,0,0,0,55,0,1,0,0,0,0,0,0,0,0,0,62,0,1,0,0,0,0,0,0,0,0,0,0,0,0,0,0,0,0,0,0,0,0,0,0,0,0,0,0,0,0,0,0,0,0,0,0,0,0,0,0,0,0,0,0,0,0,0,0,0,0,0,0,0,56,0,1,0,0,0,0,0,0,0,0,0,0,0,0,0,0,0,0,0,0,0,0,0,0,0,0,0,0,0,0,0,0,0,0,0,0,0,0,0,0,0,0,0,0,0,0,0,0,0,0,0,0,0,0,0,0,0,0,0
26,MARAMUREŞ,RECEA,106407,1,FINAL,UAT,CL,CL_CE,"2020-09-28 06:37:07",5597,5439,6,128,24,3390,3236,2,128,24,3269,121,6009,2619,163,228,261,203,85,0,0,265,1,0,216,1,0,1299,6,0,0,0,0,979,4,1,0,0,0,130,0,0,0,0,0,0,0,0,0,0,0,0,0,0,0,0,0,0,295,1,1,0,0,0,0,0,0,0,0,0,0,0,0,0,0,0,0,0,0,0,0,0,0,0,0,0,0,0,0,0,0,0,0,0,0,0,0,0,0,0,0,0,0,0,0,0,0,0,0,0,0,0,0,0,0,0,0,0,0,0,0,0,0,0,0,0,0,0,0,0,0,0,0,0,0,0,0,0,0,0,0,0,0,0,0,0,0,0,0,0,0,0,0,0,0,0,0,0,0,0,0,0,0,0,0,0,0,0,0,0,0,0,0,0,0,0,0,0
26,MARAMUREŞ,"REMETEA CHIOARULUI",108491,1,FINAL,UAT,CL,CL_CE,"2020-09-28 07:13:04",2280,2151,2,104,23,1504,1376,1,104,23,1443,61,2493,989,72,101,115,124,0,0,0,869,7,0,69,0,0,185,1,0,0,0,0,216,1,1,0,0,0,104,0,0,1,0,0,0,0,0,0,0,0,0,0,0,0,0,0,0,0,0,0,0,0,0,0,0,0,0,0,0,0,0,0,0,0,0,0,0,0,0,0,0,0,0,0,0,0,0,0,0,0,0,0,0,0,0,0,0,0,0,0,0,0,0,0,0,0,0,0,0,0,0,0,0,0,0,0,0,0,0,0,0,0,0,0,0,0,0,0,0,0,0,0,0,0,0,0,0,0,0,0,0,0,0,0,0,0,0,0,0,0,0,0,0,0,0,0,0,0,0,0,0,0,0,0,0,0,0,0,0,0,0,0,0,0,0,0,0
26,MARAMUREŞ,REMEŢI,108552,4,FINAL,UAT,CL,CL_CE,"2020-10-03 12:01:50",2657,2614,2,35,6,1221,1179,1,35,6,1114,107,2895,1674,55,77,89,85,0,0,0,69,0,1,109,1,0,229,2,1,0,0,0,125,1,0,0,0,0,0,0,0,0,0,0,0,0,0,0,9,0,0,107,1,0,0,0,0,133,1,1,333,3,1,0,0,0,0,0,0,0,0,0,0,0,0,0,0,0,0,0,0,0,0,0,0,0,0,0,0,0,0,0,0,0,0,0,0,0,0,0,0,0,0,0,0,0,0,0,0,0,0,0,0,0,0,0,0,0,0,0,0,0,0,0,0,0,0,0,0,0,0,0,0,0,0,0,0,0,0,0,0,0,0,0,0,0,0,0,0,0,0,0,0,0,0,0,0,0,0,0,0,0,0,0,0,0,0,0,0,0,0,0,0,0,0,0,0
26,MARAMUREŞ,REPEDEA,108598,5,FINAL,UAT,CL,CL_CE,"2020-10-03 14:55:41",3682,3659,0,20,3,1765,1742,0,20,3,1603,162,4096,2331,80,112,128,123,0,0,0,364,2,1,84,0,1,157,1,0,0,0,0,558,4,1,0,0,0,0,0,0,0,0,0,0,0,0,0,0,0,0,0,0,0,185,1,0,0,0,0,129,1,0,0,0,0,0,0,0,0,0,0,0,0,0,0,0,0,0,0,0,0,0,0,0,0,0,0,0,0,0,0,0,0,0,0,0,0,0,0,0,0,0,0,0,0,0,0,0,0,0,0,0,0,0,0,0,0,0,0,0,0,0,0,0,0,0,0,0,0,0,0,0,0,0,0,0,0,0,0,0,0,0,0,0,0,0,0,0,0,0,0,0,0,0,0,126,1,0,0,0,0,0,0,0,0,0,0,0,0,0,0,0,0,0,0,0
26,MARAMUREŞ,"RONA DE JOS",108614,1,FINAL,UAT,CL,CL_CE,"2020-09-28 10:50:53",1707,1627,1,8,71,1088,1008,1,8,71,1015,73,1898,810,50,71,81,88,0,0,0,128,1,0,40,0,0,314,3,1,91,1,0,367,4,0,0,0,0,0,0,0,0,0,0,0,0,0,0,0,0,0,75,0,1,0,0,0,0,0,0,0,0,0,0,0,0,0,0,0,0,0,0,0,0,0,0,0,0,0,0,0,0,0,0,0,0,0,0,0,0,0,0,0,0,0,0,0,0,0,0,0,0,0,0,0,0,0,0,0,0,0,0,0,0,0,0,0,0,0,0,0,0,0,0,0,0,0,0,0,0,0,0,0,0,0,0,0,0,0,0,0,0,0,0,0,0,0,0,0,0,0,0,0,0,0,0,0,0,0,0,0,0,0,0,0,0,0,0,0,0,0,0,0,0,0,0,0
26,MARAMUREŞ,"RONA DE SUS",108632,1,FINAL,UAT,CL,CL_CE,"2020-09-28 06:17:05",3760,3693,1,15,51,1797,1731,0,15,51,1610,187,4096,2299,80,112,128,112,69,0,0,203,1,1,57,0,0,308,2,1,285,2,0,183,1,1,0,0,0,0,0,0,0,0,0,0,0,0,0,0,0,0,157,1,0,0,0,0,0,0,0,330,2,1,18,0,0,0,0,0,0,0,0,0,0,0,0,0,0,0,0,0,0,0,0,0,0,0,0,0,0,0,0,0,0,0,0,0,0,0,0,0,0,0,0,0,0,0,0,0,0,0,0,0,0,0,0,0,0,0,0,0,0,0,0,0,0,0,0,0,0,0,0,0,0,0,0,0,0,0,0,0,0,0,0,0,0,0,0,0,0,0,0,0,0,0,0,0,0,0,0,0,0,0,0,0,0,0,0,0,0,0,0,0,0,0,0,0
26,MARAMUREŞ,ROZAVLEA,108669,1,FINAL,UAT,CL,CL_CE,"2020-09-28 13:07:17",2806,2685,1,70,50,1531,1411,0,70,50,1484,47,2997,1466,74,103,118,114,0,0,0,138,1,0,232,2,0,761,6,1,130,1,0,122,1,0,0,0,0,0,0,0,0,0,0,0,0,0,0,0,0,0,101,0,1,0,0,0,0,0,0,0,0,0,0,0,0,0,0,0,0,0,0,0,0,0,0,0,0,0,0,0,0,0,0,0,0,0,0,0,0,0,0,0,0,0,0,0,0,0,0,0,0,0,0,0,0,0,0,0,0,0,0,0,0,0,0,0,0,0,0,0,0,0,0,0,0,0,0,0,0,0,0,0,0,0,0,0,0,0,0,0,0,0,0,0,0,0,0,0,0,0,0,0,0,0,0,0,0,0,0,0,0,0,0,0,0,0,0,0,0,0,0,0,0,0,0,0
26,MARAMUREŞ,RUSCOVA,108696,1,FINAL,UAT,CL,CL_CE,"2020-09-28 11:16:01",4368,4321,0,29,18,1496,1449,0,29,18,1350,127,4796,3319,67,94,108,84,0,0,0,102,1,0,29,0,0,664,7,1,55,0,0,152,1,1,0,0,0,0,0,0,0,0,0,0,0,0,0,0,0,0,0,0,0,0,0,0,0,0,0,217,2,1,0,0,0,0,0,0,0,0,0,0,0,0,0,0,0,0,0,0,0,0,0,0,0,0,0,0,0,0,0,0,0,0,0,0,0,0,0,0,0,0,0,0,0,0,0,0,0,0,0,0,0,0,0,0,0,0,0,0,0,0,0,0,0,0,0,0,0,0,0,0,0,0,0,0,0,0,0,0,0,0,0,0,0,0,0,0,0,0,0,0,0,0,0,0,0,0,131,1,0,0,0,0,0,0,0,0,0,0,0,0,0,0,0,0
26,MARAMUREŞ,SĂCĂLĂŞENI,108794,1,FINAL,UAT,CL,CL_CE,"2020-09-28 07:22:09",2044,1939,1,71,33,1271,1167,0,71,33,1234,37,2196,925,61,86,98,0,365,3,0,109,0,1,80,0,1,408,3,1,0,0,0,272,2,0,0,0,0,0,0,0,0,0,0,0,0,0,0,0,0,0,0,0,0,0,0,0,0,0,0,0,0,0,0,0,0,0,0,0,0,0,0,0,0,0,0,0,0,0,0,0,0,0,0,0,0,0,0,0,0,0,0,0,0,0,0,0,0,0,0,0,0,0,0,0,0,0,0,0,0,0,0,0,0,0,0,0,0,0,0,0,0,0,0,0,0,0,0,0,0,0,0,0,0,0,0,0,0,0,0,0,0,0,0,0,0,0,0,0,0,0,0,0,0,0,0,0,0,0,0,0,0,0,0,0,0,0,0,0,0,0,0,0,0,0,0,0
26,MARAMUREŞ,SĂCEL,108874,1,FINAL,UAT,CL,CL_CE,"2020-09-28 15:19:58",2849,2757,1,29,62,1600,1509,0,29,62,1475,125,3097,1497,73,103,118,113,149,1,0,351,3,0,231,2,0,358,3,0,0,0,0,287,2,1,0,0,0,0,0,0,0,0,0,0,0,0,0,0,0,0,99,0,1,0,0,0,0,0,0,0,0,0,0,0,0,0,0,0,0,0,0,0,0,0,0,0,0,0,0,0,0,0,0,0,0,0,0,0,0,0,0,0,0,0,0,0,0,0,0,0,0,0,0,0,0,0,0,0,0,0,0,0,0,0,0,0,0,0,0,0,0,0,0,0,0,0,0,0,0,0,0,0,0,0,0,0,0,0,0,0,0,0,0,0,0,0,0,0,0,0,0,0,0,0,0,0,0,0,0,0,0,0,0,0,0,0,0,0,0,0,0,0,0,0,0,0
26,MARAMUREŞ,SĂLSIG,108918,4,FINAL,UAT,CL,CL_CE,"2020-10-02 19:23:02",1377,1231,2,96,48,1005,860,1,96,48,948,57,1400,395,47,66,75,86,0,0,0,415,4,1,0,0,0,131,1,0,0,0,0,309,3,1,0,0,0,0,0,0,0,0,0,0,0,0,0,0,0,0,0,0,0,0,0,0,93,1,0,0,0,0,0,0,0,0,0,0,0,0,0,0,0,0,0,0,0,0,0,0,0,0,0,0,0,0,0,0,0,0,0,0,0,0,0,0,0,0,0,0,0,0,0,0,0,0,0,0,0,0,0,0,0,0,0,0,0,0,0,0,0,0,0,0,0,0,0,0,0,0,0,0,0,0,0,0,0,0,0,0,0,0,0,0,0,0,0,0,0,0,0,0,0,0,0,0,0,0,0,0,0,0,0,0,0,0,0,0,0,0,0,0,0,0,0,0
26,MARAMUREŞ,SĂPÂNŢA,108945,4,FINAL,UAT,CL,CL_CE,"2020-10-03 11:52:45",2694,2640,0,9,45,1571,1517,0,9,45,1508,63,2900,1329,75,105,120,116,391,3,0,191,1,1,0,0,0,764,6,1,0,0,0,162,1,0,0,0,0,0,0,0,0,0,0,0,0,0,0,0,0,0,0,0,0,0,0,0,0,0,0,0,0,0,0,0,0,0,0,0,0,0,0,0,0,0,0,0,0,0,0,0,0,0,0,0,0,0,0,0,0,0,0,0,0,0,0,0,0,0,0,0,0,0,0,0,0,0,0,0,0,0,0,0,0,0,0,0,0,0,0,0,0,0,0,0,0,0,0,0,0,0,0,0,0,0,0,0,0,0,0,0,0,0,0,0,0,0,0,0,0,0,0,0,0,0,0,0,0,0,0,0,0,0,0,0,0,0,0,0,0,0,0,0,0,0,0,0
26,MARAMUREŞ,SARASĂU,106620,1,FINAL,UAT,CL,CL_CE,"2020-09-28 07:12:37",2286,2279,3,4,0,1073,1067,2,4,0,1014,59,2397,1324,50,70,81,92,0,0,0,137,1,0,80,0,1,180,1,1,56,0,1,329,3,1,0,0,0,0,0,0,0,0,0,0,0,0,0,0,0,0,232,2,0,0,0,0,0,0,0,0,0,0,0,0,0,0,0,0,0,0,0,0,0,0,0,0,0,0,0,0,0,0,0,0,0,0,0,0,0,0,0,0,0,0,0,0,0,0,0,0,0,0,0,0,0,0,0,0,0,0,0,0,0,0,0,0,0,0,0,0,0,0,0,0,0,0,0,0,0,0,0,0,0,0,0,0,0,0,0,0,0,0,0,0,0,0,0,0,0,0,0,0,0,0,0,0,0,0,0,0,0,0,0,0,0,0,0,0,0,0,0,0,0,0,0,0
26,MARAMUREŞ,SATULUNG,108712,3,FINAL,UAT,CL,CL_CE,"2020-10-02 19:27:20",4877,4563,8,201,105,3231,2922,3,201,105,3003,228,5192,1961,150,210,240,173,71,0,0,634,3,1,82,0,0,712,4,0,139,0,0,1260,7,0,0,0,0,0,0,0,0,0,0,0,0,0,0,0,0,0,0,0,0,18,0,0,0,0,0,0,0,0,0,0,0,0,0,0,0,0,0,0,0,0,0,0,0,0,0,0,0,0,0,0,0,0,0,0,0,0,0,0,0,0,0,0,0,0,0,0,0,0,0,0,0,0,0,0,0,0,0,0,0,0,0,0,0,0,0,0,0,0,0,0,0,0,0,0,0,0,0,0,0,0,0,0,0,0,0,0,0,0,0,0,0,0,0,0,0,0,0,0,0,0,0,0,0,0,0,0,0,87,0,0,0,0,0,0,0,0,0,0,0,0,0,0
26,MARAMUREŞ,ŞIEU,179613,3,FINAL,UAT,CL,CL_CE,"2020-10-02 19:01:13",2008,1873,1,75,59,1314,1179,1,75,59,1266,48,2197,883,63,88,101,115,90,0,1,115,1,0,65,0,1,244,2,0,279,2,0,278,2,0,0,0,0,0,0,0,0,0,0,0,0,0,0,0,0,0,195,1,1,0,0,0,0,0,0,0,0,0,0,0,0,0,0,0,0,0,0,0,0,0,0,0,0,0,0,0,0,0,0,0,0,0,0,0,0,0,0,0,0,0,0,0,0,0,0,0,0,0,0,0,0,0,0,0,0,0,0,0,0,0,0,0,0,0,0,0,0,0,0,0,0,0,0,0,0,0,0,0,0,0,0,0,0,0,0,0,0,0,0,0,0,0,0,0,0,0,0,0,0,0,0,0,0,0,0,0,0,0,0,0,0,0,0,0,0,0,0,0,0,0,0,0
26,MARAMUREŞ,ŞIŞEŞTI,109096,1,FINAL,UAT,CL,CL_CE,"2020-09-28 08:36:24",4534,4466,8,47,13,2671,2610,1,47,13,2547,124,4992,2321,127,178,203,160,0,0,0,247,1,1,74,0,0,1192,7,0,404,2,1,204,1,0,0,0,0,0,0,0,0,0,0,0,0,0,0,0,0,0,0,0,0,235,1,1,0,0,0,0,0,0,0,0,0,0,0,0,0,0,0,0,0,0,0,0,0,0,0,0,0,0,0,0,0,0,0,0,0,0,0,0,0,0,0,0,0,0,0,0,0,0,0,0,0,0,0,0,0,0,0,0,0,0,0,0,61,0,0,0,0,0,0,0,0,0,0,0,0,0,0,0,0,0,0,0,0,0,0,0,0,0,0,0,0,0,0,0,0,0,0,0,0,0,0,0,0,0,0,0,0,0,0,0,130,0,0,0,0,0,0,0,0,0,0,0
26,MARAMUREŞ,STRÂMTURA,109005,1,FINAL,UAT,CL,CL_CE,"2020-09-28 06:40:08",2996,2963,2,26,5,1328,1297,0,26,5,1203,123,3295,1967,60,84,96,88,0,0,0,173,1,1,128,1,0,541,6,0,0,0,0,224,2,1,0,0,0,0,0,0,0,79,0,1,0,0,0,0,0,0,58,0,0,0,0,0,0,0,0,0,0,0,0,0,0,0,0,0,0,0,0,0,0,0,0,0,0,0,0,0,0,0,0,0,0,0,0,0,0,0,0,0,0,0,0,0,0,0,0,0,0,0,0,0,0,0,0,0,0,0,0,0,0,0,0,0,0,0,0,0,0,0,0,0,0,0,0,0,0,0,0,0,0,0,0,0,0,0,0,0,0,0,0,0,0,0,0,0,0,0,0,0,0,0,0,0,0,0,0,0,0,0,0,0,0,0,0,0,0,0,0,0,0,0,0,0
26,MARAMUREŞ,"SUCIU DE SUS",109041,1,FINAL,UAT,CL,CL_CE,"2020-09-28 06:12:44",3186,3105,1,50,30,2010,1930,0,50,30,1892,118,3495,1485,94,132,151,145,0,0,0,102,0,1,0,0,0,641,4,1,0,0,0,1035,7,0,0,0,0,0,0,0,0,0,0,0,0,0,0,0,0,0,0,0,0,0,0,0,0,0,0,0,0,0,0,0,0,0,0,0,0,0,0,0,0,0,0,0,0,0,0,0,0,0,0,0,0,0,0,0,0,0,0,0,0,0,0,0,0,0,0,0,0,0,0,0,0,0,0,0,0,0,0,0,0,0,0,0,0,0,0,0,0,0,0,0,0,0,0,0,0,0,0,0,0,0,0,0,0,0,0,0,0,0,0,0,0,0,0,0,0,0,0,0,0,0,0,0,0,0,0,0,0,0,0,0,0,0,0,114,0,0,0,0,0,0,0,0
26,MARAMUREŞ,"VADU IZEI",106648,1,FINAL,UAT,CL,CL_CE,"2020-09-28 04:39:57",2435,2390,1,18,26,1331,1287,0,18,26,1247,84,2696,1365,62,87,99,103,0,0,0,160,1,1,0,0,0,364,3,1,0,0,0,522,5,0,0,0,0,0,0,0,0,0,0,0,0,0,0,0,0,0,0,0,0,0,0,0,56,0,0,0,0,0,0,0,0,0,0,0,0,0,0,0,0,0,0,0,0,0,0,0,0,0,0,0,0,0,0,0,0,0,0,0,0,0,0,0,0,0,0,0,0,0,0,0,0,0,0,0,0,0,0,0,0,0,0,0,0,0,0,0,0,0,0,0,0,0,0,0,0,0,0,0,0,0,0,0,0,0,0,0,0,0,0,0,0,0,0,0,0,0,0,0,0,0,0,0,0,0,0,0,0,0,0,0,0,0,0,0,0,0,55,0,0,90,0,0
26,MARAMUREŞ,"VALEA CHIOARULUI",109354,1,FINAL,UAT,CL,CL_CE,"2020-09-28 08:49:49",1892,1621,2,226,43,1417,1147,1,226,43,1382,35,1892,475,69,96,110,114,0,0,0,159,1,1,144,1,0,258,2,0,68,0,0,701,6,0,0,0,0,0,0,0,0,0,0,0,0,0,0,0,0,0,0,0,0,0,0,0,0,0,0,0,0,0,0,0,0,0,0,0,0,0,0,0,0,0,0,0,0,0,0,0,0,0,0,0,0,0,0,0,0,0,0,0,0,0,0,0,0,0,0,0,0,0,0,0,0,0,0,0,0,0,0,0,0,0,0,0,52,0,0,0,0,0,0,0,0,0,0,0,0,0,0,0,0,0,0,0,0,0,0,0,0,0,0,0,0,0,0,0,0,0,0,0,0,0,0,0,0,0,0,0,0,0,0,0,0,0,0,0,0,0,0,0,0,0,0,0
26,MARAMUREŞ,"VIMA MICĂ",109425,1,FINAL,UAT,CL,CL_CE,"2020-09-28 03:55:32",1248,1174,0,58,16,840,766,0,58,16,799,41,1292,452,39,55,63,86,119,1,0,61,0,1,108,1,0,187,2,0,44,0,1,167,1,1,0,0,0,0,0,0,0,0,0,0,0,0,0,0,0,0,88,1,0,0,0,0,0,0,0,0,0,0,0,0,0,0,0,0,0,0,0,25,0,0,0,0,0,0,0,0,0,0,0,0,0,0,0,0,0,0,0,0,0,0,0,0,0,0,0,0,0,0,0,0,0,0,0,0,0,0,0,0,0,0,0,0,0,0,0,0,0,0,0,0,0,0,0,0,0,0,0,0,0,0,0,0,0,0,0,0,0,0,0,0,0,0,0,0,0,0,0,0,0,0,0,0,0,0,0,0,0,0,0,0,0,0,0,0,0,0,0,0,0,0,0,0
26,MARAMUREŞ,"VIŞEU DE JOS",109504,1,FINAL,UAT,CL,CL_CE,"2020-09-28 05:29:46",4244,4137,4,32,71,2135,2031,1,32,71,2017,118,4696,2561,100,141,161,132,33,0,0,117,0,1,283,2,0,1066,8,0,0,0,0,163,1,0,0,0,0,0,0,0,0,0,0,0,0,0,0,0,0,0,0,0,0,0,0,0,355,2,1,0,0,0,0,0,0,0,0,0,0,0,0,0,0,0,0,0,0,0,0,0,0,0,0,0,0,0,0,0,0,0,0,0,0,0,0,0,0,0,0,0,0,0,0,0,0,0,0,0,0,0,0,0,0,0,0,0,0,0,0,0,0,0,0,0,0,0,0,0,0,0,0,0,0,0,0,0,0,0,0,0,0,0,0,0,0,0,0,0,0,0,0,0,0,0,0,0,0,0,0,0,0,0,0,0,0,0,0,0,0,0,0,0,0,0,0,0
