county_nce,county_name,uat_name,uat_siruta,report_version,report_stage_code,report_type_scope_code,report_type_category_code,report_type_code,created_at,a,a1,a2,a3,a4,b,b1,b2,b3,b4,c,d,e,f,g1.1,g1.2,g1.3,g4,"PARTIDUL SOCIAL DEMOCRAT-voturi","PARTIDUL SOCIAL DEMOCRAT-mandate-faza-1","PARTIDUL SOCIAL DEMOCRAT-mandate-faza-2","PARTIDUL NAȚIONAL LIBERAL-voturi","PARTIDUL NAȚIONAL LIBERAL-mandate-faza-1","PARTIDUL NAȚIONAL LIBERAL-mandate-faza-2","PARTIDUL PRO ROMÂNIA-voturi","PARTIDUL PRO ROMÂNIA-mandate-faza-1","PARTIDUL PRO ROMÂNIA-mandate-faza-2","ALIANȚA USR PLUS-voturi","ALIANȚA USR PLUS-mandate-faza-1","ALIANȚA USR PLUS-mandate-faza-2","PARTIDUL MIȘCAREA POPULARĂ-voturi","PARTIDUL MIȘCAREA POPULARĂ-mandate-faza-1","PARTIDUL MIȘCAREA POPULARĂ-mandate-faza-2","PARTIDUL VERDE-voturi","PARTIDUL VERDE-mandate-faza-1","PARTIDUL VERDE-mandate-faza-2","ALIANȚA PENTRU UNIREA ROMÂNILOR-voturi","ALIANȚA PENTRU UNIREA ROMÂNILOR-mandate-faza-1","ALIANȚA PENTRU UNIREA ROMÂNILOR-mandate-faza-2","PARTIDUL ALIANŢA LIBERALILOR ŞI DEMOCRAŢILOR – ALDE-voturi","PARTIDUL ALIANŢA LIBERALILOR ŞI DEMOCRAŢILOR – ALDE-mandate-faza-1","PARTIDUL ALIANŢA LIBERALILOR ŞI DEMOCRAŢILOR – ALDE-mandate-faza-2","PARTIDUL ECOLOGIST ROMÂN-voturi","PARTIDUL ECOLOGIST ROMÂN-mandate-faza-1","PARTIDUL ECOLOGIST ROMÂN-mandate-faza-2","PARTIDUL PUTERII UMANISTE (SOCIAL-LIBERAL)-voturi","PARTIDUL PUTERII UMANISTE (SOCIAL-LIBERAL)-mandate-faza-1","PARTIDUL PUTERII UMANISTE (SOCIAL-LIBERAL)-mandate-faza-2","BALAN MARCEL-voturi","BALAN MARCEL-mandate-faza-1","BALAN MARCEL-mandate-faza-2","BORDEI MIHAI-voturi","BORDEI MIHAI-mandate-faza-1","BORDEI MIHAI-mandate-faza-2","PASCARU RADU-voturi","PASCARU RADU-mandate-faza-1","PASCARU RADU-mandate-faza-2","MĂZĂRIANU IOAN-voturi","MĂZĂRIANU IOAN-mandate-faza-1","MĂZĂRIANU IOAN-mandate-faza-2","PARTIDUL SOCIALIST ROMÂN-voturi","PARTIDUL SOCIALIST ROMÂN-mandate-faza-1","PARTIDUL SOCIALIST ROMÂN-mandate-faza-2","UNIUNEA SALVAȚI ROMÂNIA-voturi","UNIUNEA SALVAȚI ROMÂNIA-mandate-faza-1","UNIUNEA SALVAȚI ROMÂNIA-mandate-faza-2","JBANCA FLORIN-voturi","JBANCA FLORIN-mandate-faza-1","JBANCA FLORIN-mandate-faza-2","PETRESCU DRAGOMIR-voturi","PETRESCU DRAGOMIR-mandate-faza-1","PETRESCU DRAGOMIR-mandate-faza-2","GHEORGHIU CRISTINEL VASILE-voturi","GHEORGHIU CRISTINEL VASILE-mandate-faza-1","GHEORGHIU CRISTINEL VASILE-mandate-faza-2","CHIRILĂ CONSTANTIN-voturi","CHIRILĂ CONSTANTIN-mandate-faza-1","CHIRILĂ CONSTANTIN-mandate-faza-2","CIOBANU CONSTANTIN-voturi","CIOBANU CONSTANTIN-mandate-faza-1","CIOBANU CONSTANTIN-mandate-faza-2","CORFU IOAN-voturi","CORFU IOAN-mandate-faza-1","CORFU IOAN-mandate-faza-2","PARTIDUL ÎMPREUNĂ PENTRU MOLDOVA-voturi","PARTIDUL ÎMPREUNĂ PENTRU MOLDOVA-mandate-faza-1","PARTIDUL ÎMPREUNĂ PENTRU MOLDOVA-mandate-faza-2","CHIHAIA OCTAVIAN-voturi","CHIHAIA OCTAVIAN-mandate-faza-1","CHIHAIA OCTAVIAN-mandate-faza-2","PARTIDUL ROMÂNIA NOASTRĂ-voturi","PARTIDUL ROMÂNIA NOASTRĂ-mandate-faza-1","PARTIDUL ROMÂNIA NOASTRĂ-mandate-faza-2","CIUCANU MARIO-DORO-voturi","CIUCANU MARIO-DORO-mandate-faza-1","CIUCANU MARIO-DORO-mandate-faza-2","PRICOP GHEORGHE-voturi","PRICOP GHEORGHE-mandate-faza-1","PRICOP GHEORGHE-mandate-faza-2","ICHIM CONSTANTIN-SORIN-voturi","ICHIM CONSTANTIN-SORIN-mandate-faza-1","ICHIM CONSTANTIN-SORIN-mandate-faza-2","GHIUŢĂ DORU-voturi","GHIUŢĂ DORU-mandate-faza-1","GHIUŢĂ DORU-mandate-faza-2","PARTIDUL ALTERNATIVA PENTRU DEMNITATE NATIONALĂ-voturi","PARTIDUL ALTERNATIVA PENTRU DEMNITATE NATIONALĂ-mandate-faza-1","PARTIDUL ALTERNATIVA PENTRU DEMNITATE NATIONALĂ-mandate-faza-2","PARTIDUL ADER LA DEMOCRAŢIE, EDUCAŢIE ŞI RECONSTRUCŢIE-voturi","PARTIDUL ADER LA DEMOCRAŢIE, EDUCAŢIE ŞI RECONSTRUCŢIE-mandate-faza-1","PARTIDUL ADER LA DEMOCRAŢIE, EDUCAŢIE ŞI RECONSTRUCŢIE-mandate-faza-2","ALIANȚA ELECTORALĂ ""ALIANȚA PENTRU PIATRA NEAMȚ 2020""-voturi","ALIANȚA ELECTORALĂ ""ALIANȚA PENTRU PIATRA NEAMȚ 2020""-mandate-faza-1","ALIANȚA ELECTORALĂ ""ALIANȚA PENTRU PIATRA NEAMȚ 2020""-mandate-faza-2","POPESCU VASILE-voturi","POPESCU VASILE-mandate-faza-1","POPESCU VASILE-mandate-faza-2","UNIUNEA ARMENILOR DIN ROMÂNIA-voturi","UNIUNEA ARMENILOR DIN ROMÂNIA-mandate-faza-1","UNIUNEA ARMENILOR DIN ROMÂNIA-mandate-faza-2","ALIANȚA ELECTORALĂ ""ALIANȚA PENTRU ROMAN 2020""-voturi","ALIANȚA ELECTORALĂ ""ALIANȚA PENTRU ROMAN 2020""-mandate-faza-1","ALIANȚA ELECTORALĂ ""ALIANȚA PENTRU ROMAN 2020""-mandate-faza-2","AILINCĂI MIHAI-voturi","AILINCĂI MIHAI-mandate-faza-1","AILINCĂI MIHAI-mandate-faza-2","BUDACĂ NECULAI-voturi","BUDACĂ NECULAI-mandate-faza-1","BUDACĂ NECULAI-mandate-faza-2","PARTIDUL LIBERTATE, UNITATE ȘI SOLIDARITATE-voturi","PARTIDUL LIBERTATE, UNITATE ȘI SOLIDARITATE-mandate-faza-1","PARTIDUL LIBERTATE, UNITATE ȘI SOLIDARITATE-mandate-faza-2","ALIANȚA ELECTORALĂ ""ALIANȚA PENTRU BICAZ 2020""-voturi","ALIANȚA ELECTORALĂ ""ALIANȚA PENTRU BICAZ 2020""-mandate-faza-1","ALIANȚA ELECTORALĂ ""ALIANȚA PENTRU BICAZ 2020""-mandate-faza-2","MATEI NECULAI-VICTOR-voturi","MATEI NECULAI-VICTOR-mandate-faza-1","MATEI NECULAI-VICTOR-mandate-faza-2","ALIANȚA ELECTORALĂ ""ALIANȚA PENTRU ROZNOV 2020""-voturi","ALIANȚA ELECTORALĂ ""ALIANȚA PENTRU ROZNOV 2020""-mandate-faza-1","ALIANȚA ELECTORALĂ ""ALIANȚA PENTRU ROZNOV 2020""-mandate-faza-2","BĂDÎNGĂ CRISTINEL-AUREL-voturi","BĂDÎNGĂ CRISTINEL-AUREL-mandate-faza-1","BĂDÎNGĂ CRISTINEL-AUREL-mandate-faza-2","ALIANȚA ELECTORALĂ ""ALIANȚA PENTRU TÂRGU NEAMȚ 2020""-voturi","ALIANȚA ELECTORALĂ ""ALIANȚA PENTRU TÂRGU NEAMȚ 2020""-mandate-faza-1","ALIANȚA ELECTORALĂ ""ALIANȚA PENTRU TÂRGU NEAMȚ 2020""-mandate-faza-2","PEIU VLAD-PANTILIMON-voturi","PEIU VLAD-PANTILIMON-mandate-faza-1","PEIU VLAD-PANTILIMON-mandate-faza-2","ANGHELUŢĂ IOAN VLAD-voturi","ANGHELUŢĂ IOAN VLAD-mandate-faza-1","ANGHELUŢĂ IOAN VLAD-mandate-faza-2","ARNĂUTU DECEBAL-voturi","ARNĂUTU DECEBAL-mandate-faza-1","ARNĂUTU DECEBAL-mandate-faza-2","VRÎNCEANU MARIA-voturi","VRÎNCEANU MARIA-mandate-faza-1","VRÎNCEANU MARIA-mandate-faza-2","UNIUNEA NAȚIONALĂ PENTRU PROGRESUL ROMÂNIEI-voturi","UNIUNEA NAȚIONALĂ PENTRU PROGRESUL ROMÂNIEI-mandate-faza-1","UNIUNEA NAȚIONALĂ PENTRU PROGRESUL ROMÂNIEI-mandate-faza-2","ALMAŞANU MIHAI-voturi","ALMAŞANU MIHAI-mandate-faza-1","ALMAŞANU MIHAI-mandate-faza-2","PARTIDUL RE:START ROMÂNIA-voturi","PARTIDUL RE:START ROMÂNIA-mandate-faza-1","PARTIDUL RE:START ROMÂNIA-mandate-faza-2","FILIP CONSTANTIN-voturi","FILIP CONSTANTIN-mandate-faza-1","FILIP CONSTANTIN-mandate-faza-2","COBZARU LAURA-voturi","COBZARU LAURA-mandate-faza-1","COBZARU LAURA-mandate-faza-2","BLAJ EUGEN-voturi","BLAJ EUGEN-mandate-faza-1","BLAJ EUGEN-mandate-faza-2","SIMON GHEORGHE-voturi","SIMON GHEORGHE-mandate-faza-1","SIMON GHEORGHE-mandate-faza-2","LOZINCĂ VASILE-voturi","LOZINCĂ VASILE-mandate-faza-1","LOZINCĂ VASILE-mandate-faza-2","BENCHEA ROMICĂ-voturi","BENCHEA ROMICĂ-mandate-faza-1","BENCHEA ROMICĂ-mandate-faza-2","DUMITRAŞCU ELENA-voturi","DUMITRAŞCU ELENA-mandate-faza-1","DUMITRAŞCU ELENA-mandate-faza-2","ZAIŢ PANTILIMON-voturi","ZAIŢ PANTILIMON-mandate-faza-1","ZAIŢ PANTILIMON-mandate-faza-2","ROGOJÎNARU VASILE-voturi","ROGOJÎNARU VASILE-mandate-faza-1","ROGOJÎNARU VASILE-mandate-faza-2","BICIUŞCĂ GEORGE-EMILIAN-voturi","BICIUŞCĂ GEORGE-EMILIAN-mandate-faza-1","BICIUŞCĂ GEORGE-EMILIAN-mandate-faza-2"
29,NEAMŢ,AGAPIA,121108,1,FINAL,UAT,CL,CL_CE,"2020-09-28 09:14:56",3605,3513,2,22,68,1961,1871,0,22,68,1841,110,4003,2052,92,128,147,137,1264,9,0,391,2,1,126,0,1,60,0,0,0,0,0,0,0,0,0,0,0,0,0,0,0,0,0,0,0,0,0,0,0,0,0,0,0,0,0,0,0,0,0,0,0,0,0,0,0,0,0,0,0,0,0,0,0,0,0,0,0,0,0,0,0,0,0,0,0,0,0,0,0,0,0,0,0,0,0,0,0,0,0,0,0,0,0,0,0,0,0,0,0,0,0,0,0,0,0,0,0,0,0,0,0,0,0,0,0,0,0,0,0,0,0,0,0,0,0,0,0,0,0,0,0,0,0,0,0,0,0,0,0,0,0,0,0,0,0,0,0,0,0,0,0,0,0,0,0,0,0,0,0,0,0,0,0,0,0,0,0,0,0,0,0,0,0,0,0,0,0,0,0,0,0,0,0,0,0,0
29,NEAMŢ,"ALEXANDRU CEL BUN",124938,1,FINAL,UAT,CL,CL_CE,"2020-09-28 09:53:28",5128,5035,10,40,43,2309,2224,2,40,43,2203,106,5595,3286,110,154,176,136,712,5,0,941,6,1,0,0,0,215,1,1,175,1,0,52,0,0,108,0,0,0,0,0,0,0,0,0,0,0,0,0,0,0,0,0,0,0,0,0,0,0,0,0,0,0,0,0,0,0,0,0,0,0,0,0,0,0,0,0,0,0,0,0,0,0,0,0,0,0,0,0,0,0,0,0,0,0,0,0,0,0,0,0,0,0,0,0,0,0,0,0,0,0,0,0,0,0,0,0,0,0,0,0,0,0,0,0,0,0,0,0,0,0,0,0,0,0,0,0,0,0,0,0,0,0,0,0,0,0,0,0,0,0,0,0,0,0,0,0,0,0,0,0,0,0,0,0,0,0,0,0,0,0,0,0,0,0,0,0,0,0,0,0,0,0,0,0,0,0,0,0,0,0,0,0,0,0,0,0
29,NEAMŢ,BAHNA,121153,1,FINAL,UAT,CL,CL_CE,"2020-09-28 05:46:07",2791,2574,0,51,166,1717,1526,0,48,143,1530,140,2900,1230,76,107,122,113,758,6,1,711,6,0,0,0,0,0,0,0,23,0,0,0,0,0,16,0,0,22,0,0,0,0,0,0,0,0,0,0,0,0,0,0,0,0,0,0,0,0,0,0,0,0,0,0,0,0,0,0,0,0,0,0,0,0,0,0,0,0,0,0,0,0,0,0,0,0,0,0,0,0,0,0,0,0,0,0,0,0,0,0,0,0,0,0,0,0,0,0,0,0,0,0,0,0,0,0,0,0,0,0,0,0,0,0,0,0,0,0,0,0,0,0,0,0,0,0,0,0,0,0,0,0,0,0,0,0,0,0,0,0,0,0,0,0,0,0,0,0,0,0,0,0,0,0,0,0,0,0,0,0,0,0,0,0,0,0,0,0,0,0,0,0,0,0,0,0,0,0,0,0,0,0,0,0,0,0
29,NEAMŢ,BĂLŢĂTEŞTI,121242,1,FINAL,UAT,CL,CL_CE,"2020-09-28 06:36:35",3478,3442,0,21,15,1612,1576,0,21,15,1485,127,3900,2288,74,103,118,109,304,2,1,457,4,0,310,2,1,67,0,0,96,0,1,0,0,0,0,0,0,0,0,0,251,2,0,0,0,0,0,0,0,0,0,0,0,0,0,0,0,0,0,0,0,0,0,0,0,0,0,0,0,0,0,0,0,0,0,0,0,0,0,0,0,0,0,0,0,0,0,0,0,0,0,0,0,0,0,0,0,0,0,0,0,0,0,0,0,0,0,0,0,0,0,0,0,0,0,0,0,0,0,0,0,0,0,0,0,0,0,0,0,0,0,0,0,0,0,0,0,0,0,0,0,0,0,0,0,0,0,0,0,0,0,0,0,0,0,0,0,0,0,0,0,0,0,0,0,0,0,0,0,0,0,0,0,0,0,0,0,0,0,0,0,0,0,0,0,0,0,0,0,0,0,0,0,0,0,0
29,NEAMŢ,BÂRGĂUANI,121466,1,FINAL,UAT,CL,CL_CE,"2020-09-28 10:07:40",3070,3001,2,42,25,1701,1633,1,42,25,1601,100,3400,1699,80,112,128,120,725,6,0,518,4,0,174,1,1,41,0,0,143,1,0,0,0,0,0,0,0,0,0,0,0,0,0,0,0,0,0,0,0,0,0,0,0,0,0,0,0,0,0,0,0,0,0,0,0,0,0,0,0,0,0,0,0,0,0,0,0,0,0,0,0,0,0,0,0,0,0,0,0,0,0,0,0,0,0,0,0,0,0,0,0,0,0,0,0,0,0,0,0,0,0,0,0,0,0,0,0,0,0,0,0,0,0,0,0,0,0,0,0,0,0,0,0,0,0,0,0,0,0,0,0,0,0,0,0,0,0,0,0,0,0,0,0,0,0,0,0,0,0,0,0,0,0,0,0,0,0,0,0,0,0,0,0,0,0,0,0,0,0,0,0,0,0,0,0,0,0,0,0,0,0,0,0,0,0,0
29,NEAMŢ,BICAZ-CHEI,121297,1,FINAL,UAT,CL,CL_CE,"2020-09-28 04:10:13",3689,3671,0,11,7,2000,1982,0,11,7,1871,129,4100,2100,93,130,149,140,431,3,0,1066,7,1,329,2,0,0,0,0,0,0,0,0,0,0,0,0,0,0,0,0,0,0,0,45,0,0,0,0,0,0,0,0,0,0,0,0,0,0,0,0,0,0,0,0,0,0,0,0,0,0,0,0,0,0,0,0,0,0,0,0,0,0,0,0,0,0,0,0,0,0,0,0,0,0,0,0,0,0,0,0,0,0,0,0,0,0,0,0,0,0,0,0,0,0,0,0,0,0,0,0,0,0,0,0,0,0,0,0,0,0,0,0,0,0,0,0,0,0,0,0,0,0,0,0,0,0,0,0,0,0,0,0,0,0,0,0,0,0,0,0,0,0,0,0,0,0,0,0,0,0,0,0,0,0,0,0,0,0,0,0,0,0,0,0,0,0,0,0,0,0,0,0,0,0,0,0
29,NEAMŢ,"BICAZU ARDELEAN",121340,1,FINAL,UAT,CL,CL_CE,"2020-09-28 06:04:42",3136,3070,1,26,39,1420,1354,1,26,39,1304,116,3500,2080,65,91,104,96,169,1,1,772,8,0,49,0,0,314,3,0,0,0,0,0,0,0,0,0,0,0,0,0,0,0,0,0,0,0,0,0,0,0,0,0,0,0,0,0,0,0,0,0,0,0,0,0,0,0,0,0,0,0,0,0,0,0,0,0,0,0,0,0,0,0,0,0,0,0,0,0,0,0,0,0,0,0,0,0,0,0,0,0,0,0,0,0,0,0,0,0,0,0,0,0,0,0,0,0,0,0,0,0,0,0,0,0,0,0,0,0,0,0,0,0,0,0,0,0,0,0,0,0,0,0,0,0,0,0,0,0,0,0,0,0,0,0,0,0,0,0,0,0,0,0,0,0,0,0,0,0,0,0,0,0,0,0,0,0,0,0,0,0,0,0,0,0,0,0,0,0,0,0,0,0,0,0,0,0
29,NEAMŢ,BIRA,121386,1,FINAL,UAT,CL,CL_CE,"2020-09-28 05:59:14",1624,1590,1,29,4,835,801,1,29,4,790,45,1800,965,39,55,63,65,481,7,1,195,3,0,30,0,0,0,0,0,0,0,0,0,0,0,0,0,0,38,0,0,0,0,0,0,0,0,46,0,0,0,0,0,0,0,0,0,0,0,0,0,0,0,0,0,0,0,0,0,0,0,0,0,0,0,0,0,0,0,0,0,0,0,0,0,0,0,0,0,0,0,0,0,0,0,0,0,0,0,0,0,0,0,0,0,0,0,0,0,0,0,0,0,0,0,0,0,0,0,0,0,0,0,0,0,0,0,0,0,0,0,0,0,0,0,0,0,0,0,0,0,0,0,0,0,0,0,0,0,0,0,0,0,0,0,0,0,0,0,0,0,0,0,0,0,0,0,0,0,0,0,0,0,0,0,0,0,0,0,0,0,0,0,0,0,0,0,0,0,0,0,0,0,0,0,0,0
29,NEAMŢ,BODEŞTI,121607,1,FINAL,UAT,CL,CL_CE,"2020-09-28 06:50:27",3934,3872,4,34,24,2007,1948,1,34,24,1894,113,4299,2292,94,132,151,137,1196,8,1,455,3,0,56,0,0,50,0,0,137,1,0,0,0,0,0,0,0,0,0,0,0,0,0,0,0,0,0,0,0,0,0,0,0,0,0,0,0,0,0,0,0,0,0,0,0,0,0,0,0,0,0,0,0,0,0,0,0,0,0,0,0,0,0,0,0,0,0,0,0,0,0,0,0,0,0,0,0,0,0,0,0,0,0,0,0,0,0,0,0,0,0,0,0,0,0,0,0,0,0,0,0,0,0,0,0,0,0,0,0,0,0,0,0,0,0,0,0,0,0,0,0,0,0,0,0,0,0,0,0,0,0,0,0,0,0,0,0,0,0,0,0,0,0,0,0,0,0,0,0,0,0,0,0,0,0,0,0,0,0,0,0,0,0,0,0,0,0,0,0,0,0,0,0,0,0,0
29,NEAMŢ,BOGHICEA,125178,1,FINAL,UAT,CL,CL_CE,"2020-09-28 05:41:12",1991,1955,1,26,9,1142,1106,1,26,9,1072,70,2200,1058,53,75,85,94,544,5,1,320,3,0,0,0,0,176,1,1,0,0,0,0,0,0,0,0,0,32,0,0,0,0,0,0,0,0,0,0,0,0,0,0,0,0,0,0,0,0,0,0,0,0,0,0,0,0,0,0,0,0,0,0,0,0,0,0,0,0,0,0,0,0,0,0,0,0,0,0,0,0,0,0,0,0,0,0,0,0,0,0,0,0,0,0,0,0,0,0,0,0,0,0,0,0,0,0,0,0,0,0,0,0,0,0,0,0,0,0,0,0,0,0,0,0,0,0,0,0,0,0,0,0,0,0,0,0,0,0,0,0,0,0,0,0,0,0,0,0,0,0,0,0,0,0,0,0,0,0,0,0,0,0,0,0,0,0,0,0,0,0,0,0,0,0,0,0,0,0,0,0,0,0,0,0,0,0
29,NEAMŢ,BORCA,121652,1,FINAL,UAT,CL,CL_CE,"2020-09-28 05:23:56",5220,5188,1,27,4,2844,2813,0,27,4,2664,180,5600,2726,133,186,213,166,1245,7,0,706,4,0,254,1,1,71,0,0,0,0,0,0,0,0,288,1,1,100,0,0,0,0,0,0,0,0,0,0,0,0,0,0,0,0,0,0,0,0,0,0,0,0,0,0,0,0,0,0,0,0,0,0,0,0,0,0,0,0,0,0,0,0,0,0,0,0,0,0,0,0,0,0,0,0,0,0,0,0,0,0,0,0,0,0,0,0,0,0,0,0,0,0,0,0,0,0,0,0,0,0,0,0,0,0,0,0,0,0,0,0,0,0,0,0,0,0,0,0,0,0,0,0,0,0,0,0,0,0,0,0,0,0,0,0,0,0,0,0,0,0,0,0,0,0,0,0,0,0,0,0,0,0,0,0,0,0,0,0,0,0,0,0,0,0,0,0,0,0,0,0,0,0,0,0,0,0
29,NEAMŢ,BORLEŞTI,121732,1,FINAL,UAT,CL,CL_CE,"2020-09-28 06:42:16",7704,7609,6,88,1,3330,3240,1,88,1,3181,149,8400,5070,159,222,254,176,1413,8,0,1229,6,1,0,0,0,111,0,0,109,0,0,0,0,0,120,0,0,92,0,0,0,0,0,107,0,0,0,0,0,0,0,0,0,0,0,0,0,0,0,0,0,0,0,0,0,0,0,0,0,0,0,0,0,0,0,0,0,0,0,0,0,0,0,0,0,0,0,0,0,0,0,0,0,0,0,0,0,0,0,0,0,0,0,0,0,0,0,0,0,0,0,0,0,0,0,0,0,0,0,0,0,0,0,0,0,0,0,0,0,0,0,0,0,0,0,0,0,0,0,0,0,0,0,0,0,0,0,0,0,0,0,0,0,0,0,0,0,0,0,0,0,0,0,0,0,0,0,0,0,0,0,0,0,0,0,0,0,0,0,0,0,0,0,0,0,0,0,0,0,0,0,0,0,0,0,0
29,NEAMŢ,BOTEŞTI,121796,3,FINAL,UAT,CL,CL_CE,"2020-10-01 09:38:18",4192,4165,3,24,0,1684,1659,1,24,0,1581,103,4594,2910,79,110,126,105,703,6,1,493,4,0,0,0,0,291,2,1,94,0,1,0,0,0,0,0,0,0,0,0,0,0,0,0,0,0,0,0,0,0,0,0,0,0,0,0,0,0,0,0,0,0,0,0,0,0,0,0,0,0,0,0,0,0,0,0,0,0,0,0,0,0,0,0,0,0,0,0,0,0,0,0,0,0,0,0,0,0,0,0,0,0,0,0,0,0,0,0,0,0,0,0,0,0,0,0,0,0,0,0,0,0,0,0,0,0,0,0,0,0,0,0,0,0,0,0,0,0,0,0,0,0,0,0,0,0,0,0,0,0,0,0,0,0,0,0,0,0,0,0,0,0,0,0,0,0,0,0,0,0,0,0,0,0,0,0,0,0,0,0,0,0,0,0,0,0,0,0,0,0,0,0,0,0,0,0
29,NEAMŢ,BOZIENI,121876,1,FINAL,UAT,CL,CL_CE,"2020-09-28 04:45:01",2227,2206,0,19,2,1184,1163,0,19,2,1095,89,2500,1316,54,76,87,99,391,3,1,484,4,1,0,0,0,92,0,1,0,0,0,0,0,0,0,0,0,128,1,0,0,0,0,0,0,0,0,0,0,0,0,0,0,0,0,0,0,0,0,0,0,0,0,0,0,0,0,0,0,0,0,0,0,0,0,0,0,0,0,0,0,0,0,0,0,0,0,0,0,0,0,0,0,0,0,0,0,0,0,0,0,0,0,0,0,0,0,0,0,0,0,0,0,0,0,0,0,0,0,0,0,0,0,0,0,0,0,0,0,0,0,0,0,0,0,0,0,0,0,0,0,0,0,0,0,0,0,0,0,0,0,0,0,0,0,0,0,0,0,0,0,0,0,0,0,0,0,0,0,0,0,0,0,0,0,0,0,0,0,0,0,0,0,0,0,0,0,0,0,0,0,0,0,0,0,0
29,NEAMŢ,BRUSTURI,121938,1,FINAL,UAT,CL,CL_CE,"2020-09-28 06:04:06",3251,3191,2,39,19,1666,1607,1,39,19,1581,85,3600,1934,79,110,126,117,742,6,1,507,4,0,51,0,0,136,1,0,0,0,0,0,0,0,0,0,0,145,1,0,0,0,0,0,0,0,0,0,0,0,0,0,0,0,0,0,0,0,0,0,0,0,0,0,0,0,0,0,0,0,0,0,0,0,0,0,0,0,0,0,0,0,0,0,0,0,0,0,0,0,0,0,0,0,0,0,0,0,0,0,0,0,0,0,0,0,0,0,0,0,0,0,0,0,0,0,0,0,0,0,0,0,0,0,0,0,0,0,0,0,0,0,0,0,0,0,0,0,0,0,0,0,0,0,0,0,0,0,0,0,0,0,0,0,0,0,0,0,0,0,0,0,0,0,0,0,0,0,0,0,0,0,0,0,0,0,0,0,0,0,0,0,0,0,0,0,0,0,0,0,0,0,0,0,0,0
29,NEAMŢ,CÂNDEŞTI,122061,1,FINAL,UAT,CL,CL_CE,"2020-09-28 05:12:06",3383,3344,0,32,7,1746,1707,0,32,7,1610,136,3800,2054,80,112,128,120,669,5,0,576,4,1,45,0,0,215,1,1,105,0,1,0,0,0,0,0,0,0,0,0,0,0,0,0,0,0,0,0,0,0,0,0,0,0,0,0,0,0,0,0,0,0,0,0,0,0,0,0,0,0,0,0,0,0,0,0,0,0,0,0,0,0,0,0,0,0,0,0,0,0,0,0,0,0,0,0,0,0,0,0,0,0,0,0,0,0,0,0,0,0,0,0,0,0,0,0,0,0,0,0,0,0,0,0,0,0,0,0,0,0,0,0,0,0,0,0,0,0,0,0,0,0,0,0,0,0,0,0,0,0,0,0,0,0,0,0,0,0,0,0,0,0,0,0,0,0,0,0,0,0,0,0,0,0,0,0,0,0,0,0,0,0,0,0,0,0,0,0,0,0,0,0,0,0,0,0
29,NEAMŢ,CEAHLĂU,122025,1,FINAL,UAT,CL,CL_CE,"2020-09-28 04:50:46",2051,2002,1,14,34,1074,1026,0,14,34,1028,46,2200,1126,51,71,82,89,212,2,0,772,8,1,0,0,0,0,0,0,0,0,0,0,0,0,0,0,0,44,0,0,0,0,0,0,0,0,0,0,0,0,0,0,0,0,0,0,0,0,0,0,0,0,0,0,0,0,0,0,0,0,0,0,0,0,0,0,0,0,0,0,0,0,0,0,0,0,0,0,0,0,0,0,0,0,0,0,0,0,0,0,0,0,0,0,0,0,0,0,0,0,0,0,0,0,0,0,0,0,0,0,0,0,0,0,0,0,0,0,0,0,0,0,0,0,0,0,0,0,0,0,0,0,0,0,0,0,0,0,0,0,0,0,0,0,0,0,0,0,0,0,0,0,0,0,0,0,0,0,0,0,0,0,0,0,0,0,0,0,0,0,0,0,0,0,0,0,0,0,0,0,0,0,0,0,0,0
29,NEAMŢ,CORDUN,120888,1,FINAL,UAT,CL,CL_CE,"2020-09-28 06:59:34",6814,6642,12,24,136,3203,3042,3,22,136,3020,183,7406,4203,151,211,241,201,330,1,1,1557,7,1,0,0,0,943,4,1,0,0,0,0,0,0,0,0,0,0,0,0,0,0,0,0,0,0,0,0,0,190,0,0,0,0,0,0,0,0,0,0,0,0,0,0,0,0,0,0,0,0,0,0,0,0,0,0,0,0,0,0,0,0,0,0,0,0,0,0,0,0,0,0,0,0,0,0,0,0,0,0,0,0,0,0,0,0,0,0,0,0,0,0,0,0,0,0,0,0,0,0,0,0,0,0,0,0,0,0,0,0,0,0,0,0,0,0,0,0,0,0,0,0,0,0,0,0,0,0,0,0,0,0,0,0,0,0,0,0,0,0,0,0,0,0,0,0,0,0,0,0,0,0,0,0,0,0,0,0,0,0,0,0,0,0,0,0,0,0,0,0,0,0,0,0,0,0
29,NEAMŢ,COSTIŞA,122132,1,FINAL,UAT,CL,CL_CE,"2020-09-28 05:35:18",2972,2912,3,30,27,1544,1487,0,30,27,1476,68,3300,1756,73,103,118,101,778,7,1,325,3,0,210,2,0,25,0,0,67,0,0,0,0,0,0,0,0,56,0,0,0,0,0,0,0,0,0,0,0,0,0,0,15,0,0,0,0,0,0,0,0,0,0,0,0,0,0,0,0,0,0,0,0,0,0,0,0,0,0,0,0,0,0,0,0,0,0,0,0,0,0,0,0,0,0,0,0,0,0,0,0,0,0,0,0,0,0,0,0,0,0,0,0,0,0,0,0,0,0,0,0,0,0,0,0,0,0,0,0,0,0,0,0,0,0,0,0,0,0,0,0,0,0,0,0,0,0,0,0,0,0,0,0,0,0,0,0,0,0,0,0,0,0,0,0,0,0,0,0,0,0,0,0,0,0,0,0,0,0,0,0,0,0,0,0,0,0,0,0,0,0,0,0,0,0,0
29,NEAMŢ,CRĂCĂOANI,122187,1,FINAL,UAT,CL,CL_CE,"2020-09-28 05:27:21",3509,3474,2,26,7,1998,1965,0,26,7,1845,153,3900,1902,92,129,147,131,590,4,0,493,3,1,523,3,1,57,0,0,99,0,1,0,0,0,0,0,0,0,0,0,0,0,0,0,0,0,0,0,0,0,0,0,0,0,0,83,0,0,0,0,0,0,0,0,0,0,0,0,0,0,0,0,0,0,0,0,0,0,0,0,0,0,0,0,0,0,0,0,0,0,0,0,0,0,0,0,0,0,0,0,0,0,0,0,0,0,0,0,0,0,0,0,0,0,0,0,0,0,0,0,0,0,0,0,0,0,0,0,0,0,0,0,0,0,0,0,0,0,0,0,0,0,0,0,0,0,0,0,0,0,0,0,0,0,0,0,0,0,0,0,0,0,0,0,0,0,0,0,0,0,0,0,0,0,0,0,0,0,0,0,0,0,0,0,0,0,0,0,0,0,0,0,0,0,0,0
29,NEAMŢ,DĂMUC,122249,1,FINAL,UAT,CL,CL_CE,"2020-09-28 15:23:58",2484,2405,1,47,31,1525,1447,0,47,31,1417,80,2700,897,70,99,113,125,503,4,0,881,7,0,0,0,0,0,0,0,33,0,0,0,0,0,0,0,0,0,0,0,0,0,0,0,0,0,0,0,0,0,0,0,0,0,0,0,0,0,0,0,0,0,0,0,0,0,0,0,0,0,0,0,0,0,0,0,0,0,0,0,0,0,0,0,0,0,0,0,0,0,0,0,0,0,0,0,0,0,0,0,0,0,0,0,0,0,0,0,0,0,0,0,0,0,0,0,0,0,0,0,0,0,0,0,0,0,0,0,0,0,0,0,0,0,0,0,0,0,0,0,0,0,0,0,0,0,0,0,0,0,0,0,0,0,0,0,0,0,0,0,0,0,0,0,0,0,0,0,0,0,0,0,0,0,0,0,0,0,0,0,0,0,0,0,0,0,0,0,0,0,0,0,0,0,0,0
29,NEAMŢ,DOBRENI,122285,1,FINAL,UAT,CL,CL_CE,"2020-09-28 05:52:44",1556,1491,5,56,4,931,870,1,56,4,885,46,1700,769,44,61,70,74,545,7,1,175,2,0,26,0,0,97,1,0,42,0,0,0,0,0,0,0,0,0,0,0,0,0,0,0,0,0,0,0,0,0,0,0,0,0,0,0,0,0,0,0,0,0,0,0,0,0,0,0,0,0,0,0,0,0,0,0,0,0,0,0,0,0,0,0,0,0,0,0,0,0,0,0,0,0,0,0,0,0,0,0,0,0,0,0,0,0,0,0,0,0,0,0,0,0,0,0,0,0,0,0,0,0,0,0,0,0,0,0,0,0,0,0,0,0,0,0,0,0,0,0,0,0,0,0,0,0,0,0,0,0,0,0,0,0,0,0,0,0,0,0,0,0,0,0,0,0,0,0,0,0,0,0,0,0,0,0,0,0,0,0,0,0,0,0,0,0,0,0,0,0,0,0,0,0,0,0
29,NEAMŢ,DOCHIA,125098,1,FINAL,UAT,CL,CL_CE,"2020-09-28 05:57:01",2022,2007,3,12,0,1055,1043,0,12,0,974,81,2300,1245,48,68,77,88,557,6,0,369,4,0,48,0,1,0,0,0,0,0,0,0,0,0,0,0,0,0,0,0,0,0,0,0,0,0,0,0,0,0,0,0,0,0,0,0,0,0,0,0,0,0,0,0,0,0,0,0,0,0,0,0,0,0,0,0,0,0,0,0,0,0,0,0,0,0,0,0,0,0,0,0,0,0,0,0,0,0,0,0,0,0,0,0,0,0,0,0,0,0,0,0,0,0,0,0,0,0,0,0,0,0,0,0,0,0,0,0,0,0,0,0,0,0,0,0,0,0,0,0,0,0,0,0,0,0,0,0,0,0,0,0,0,0,0,0,0,0,0,0,0,0,0,0,0,0,0,0,0,0,0,0,0,0,0,0,0,0,0,0,0,0,0,0,0,0,0,0,0,0,0,0,0,0,0,0
29,NEAMŢ,DOLJEŞTI,122347,1,FINAL,UAT,CL,CL_CE,"2020-09-28 05:34:35",6034,6001,1,28,4,2202,2170,0,28,4,2034,168,6700,4498,101,142,162,126,660,5,0,787,6,0,0,0,0,140,0,0,161,1,1,0,0,0,0,0,0,286,2,0,0,0,0,0,0,0,0,0,0,0,0,0,0,0,0,0,0,0,0,0,0,0,0,0,0,0,0,0,0,0,0,0,0,0,0,0,0,0,0,0,0,0,0,0,0,0,0,0,0,0,0,0,0,0,0,0,0,0,0,0,0,0,0,0,0,0,0,0,0,0,0,0,0,0,0,0,0,0,0,0,0,0,0,0,0,0,0,0,0,0,0,0,0,0,0,0,0,0,0,0,0,0,0,0,0,0,0,0,0,0,0,0,0,0,0,0,0,0,0,0,0,0,0,0,0,0,0,0,0,0,0,0,0,0,0,0,0,0,0,0,0,0,0,0,0,0,0,0,0,0,0,0,0,0,0,0
29,NEAMŢ,DRĂGĂNEŞTI,125132,1,FINAL,UAT,CL,CL_CE,"2020-09-28 04:23:48",1286,1226,1,43,16,770,711,0,43,16,721,48,1400,630,36,50,57,65,289,4,0,432,6,1,0,0,0,0,0,0,0,0,0,0,0,0,0,0,0,0,0,0,0,0,0,0,0,0,0,0,0,0,0,0,0,0,0,0,0,0,0,0,0,0,0,0,0,0,0,0,0,0,0,0,0,0,0,0,0,0,0,0,0,0,0,0,0,0,0,0,0,0,0,0,0,0,0,0,0,0,0,0,0,0,0,0,0,0,0,0,0,0,0,0,0,0,0,0,0,0,0,0,0,0,0,0,0,0,0,0,0,0,0,0,0,0,0,0,0,0,0,0,0,0,0,0,0,0,0,0,0,0,0,0,0,0,0,0,0,0,0,0,0,0,0,0,0,0,0,0,0,0,0,0,0,0,0,0,0,0,0,0,0,0,0,0,0,0,0,0,0,0,0,0,0,0,0,0
29,NEAMŢ,DRAGOMIREŞTI,122392,1,FINAL,UAT,CL,CL_CE,"2020-09-28 06:15:29",1777,1697,1,46,33,1034,955,0,46,33,943,91,1900,866,47,66,75,85,131,1,0,603,7,0,63,0,1,0,0,0,58,0,1,0,0,0,0,0,0,88,1,0,0,0,0,0,0,0,0,0,0,0,0,0,0,0,0,0,0,0,0,0,0,0,0,0,0,0,0,0,0,0,0,0,0,0,0,0,0,0,0,0,0,0,0,0,0,0,0,0,0,0,0,0,0,0,0,0,0,0,0,0,0,0,0,0,0,0,0,0,0,0,0,0,0,0,0,0,0,0,0,0,0,0,0,0,0,0,0,0,0,0,0,0,0,0,0,0,0,0,0,0,0,0,0,0,0,0,0,0,0,0,0,0,0,0,0,0,0,0,0,0,0,0,0,0,0,0,0,0,0,0,0,0,0,0,0,0,0,0,0,0,0,0,0,0,0,0,0,0,0,0,0,0,0,0,0,0
29,NEAMŢ,DULCEŞTI,122463,1,FINAL,UAT,CL,CL_CE,"2020-09-28 06:58:43",2227,2103,2,43,79,1447,1327,0,43,77,1356,91,2400,953,67,94,108,123,433,3,1,354,2,1,0,0,0,39,0,0,184,1,0,0,0,0,0,0,0,319,2,1,0,0,0,0,0,0,0,0,0,0,0,0,0,0,0,0,0,0,27,0,0,0,0,0,0,0,0,0,0,0,0,0,0,0,0,0,0,0,0,0,0,0,0,0,0,0,0,0,0,0,0,0,0,0,0,0,0,0,0,0,0,0,0,0,0,0,0,0,0,0,0,0,0,0,0,0,0,0,0,0,0,0,0,0,0,0,0,0,0,0,0,0,0,0,0,0,0,0,0,0,0,0,0,0,0,0,0,0,0,0,0,0,0,0,0,0,0,0,0,0,0,0,0,0,0,0,0,0,0,0,0,0,0,0,0,0,0,0,0,0,0,0,0,0,0,0,0,0,0,0,0,0,0,0,0,0
29,NEAMŢ,"DUMBRAVA ROŞIE",120771,1,FINAL,UAT,CL,CL_CE,"2020-09-28 08:06:00",7151,7105,13,32,1,2980,2946,1,32,1,2748,232,7900,4920,137,192,219,180,397,2,0,1353,7,1,224,1,0,0,0,0,216,1,0,0,0,0,0,0,0,249,1,0,0,0,0,42,0,0,0,0,0,0,0,0,0,0,0,0,0,0,0,0,0,267,1,1,0,0,0,0,0,0,0,0,0,0,0,0,0,0,0,0,0,0,0,0,0,0,0,0,0,0,0,0,0,0,0,0,0,0,0,0,0,0,0,0,0,0,0,0,0,0,0,0,0,0,0,0,0,0,0,0,0,0,0,0,0,0,0,0,0,0,0,0,0,0,0,0,0,0,0,0,0,0,0,0,0,0,0,0,0,0,0,0,0,0,0,0,0,0,0,0,0,0,0,0,0,0,0,0,0,0,0,0,0,0,0,0,0,0,0,0,0,0,0,0,0,0,0,0,0,0,0,0,0,0,0,0
29,NEAMŢ,FARCAŞA,122551,1,FINAL,UAT,CL,CL_CE,"2020-09-28 09:20:56",2544,2518,0,18,8,1372,1346,0,18,8,1293,79,2800,1428,64,90,103,87,292,3,1,514,5,1,154,1,1,15,0,0,54,0,0,0,0,0,61,0,0,0,0,0,0,0,0,0,0,0,0,0,0,0,0,0,0,0,0,0,0,0,0,0,0,0,0,0,74,0,0,98,1,0,31,0,0,0,0,0,0,0,0,0,0,0,0,0,0,0,0,0,0,0,0,0,0,0,0,0,0,0,0,0,0,0,0,0,0,0,0,0,0,0,0,0,0,0,0,0,0,0,0,0,0,0,0,0,0,0,0,0,0,0,0,0,0,0,0,0,0,0,0,0,0,0,0,0,0,0,0,0,0,0,0,0,0,0,0,0,0,0,0,0,0,0,0,0,0,0,0,0,0,0,0,0,0,0,0,0,0,0,0,0,0,0,0,0,0,0,0,0,0,0,0,0,0,0,0,0
29,NEAMŢ,FĂUREI,122613,2,FINAL,UAT,CL,CL_CE,"2020-10-01 10:08:02",1729,1720,2,7,0,923,916,0,7,0,866,57,1901,978,43,60,69,78,268,3,1,263,3,0,257,3,0,0,0,0,0,0,0,0,0,0,0,0,0,78,1,0,0,0,0,0,0,0,0,0,0,0,0,0,0,0,0,0,0,0,0,0,0,0,0,0,0,0,0,0,0,0,0,0,0,0,0,0,0,0,0,0,0,0,0,0,0,0,0,0,0,0,0,0,0,0,0,0,0,0,0,0,0,0,0,0,0,0,0,0,0,0,0,0,0,0,0,0,0,0,0,0,0,0,0,0,0,0,0,0,0,0,0,0,0,0,0,0,0,0,0,0,0,0,0,0,0,0,0,0,0,0,0,0,0,0,0,0,0,0,0,0,0,0,0,0,0,0,0,0,0,0,0,0,0,0,0,0,0,0,0,0,0,0,0,0,0,0,0,0,0,0,0,0,0,0,0,0
29,NEAMŢ,GÂDINŢI,125150,1,FINAL,UAT,CL,CL_CE,"2020-09-28 04:37:43",2040,2035,0,5,0,912,907,0,5,0,823,89,2300,1388,41,57,65,74,445,6,0,337,4,1,0,0,0,0,0,0,0,0,0,0,0,0,0,0,0,41,0,0,0,0,0,0,0,0,0,0,0,0,0,0,0,0,0,0,0,0,0,0,0,0,0,0,0,0,0,0,0,0,0,0,0,0,0,0,0,0,0,0,0,0,0,0,0,0,0,0,0,0,0,0,0,0,0,0,0,0,0,0,0,0,0,0,0,0,0,0,0,0,0,0,0,0,0,0,0,0,0,0,0,0,0,0,0,0,0,0,0,0,0,0,0,0,0,0,0,0,0,0,0,0,0,0,0,0,0,0,0,0,0,0,0,0,0,0,0,0,0,0,0,0,0,0,0,0,0,0,0,0,0,0,0,0,0,0,0,0,0,0,0,0,0,0,0,0,0,0,0,0,0,0,0,0,0,0
29,NEAMŢ,GÂRCINA,122828,1,FINAL,UAT,CL,CL_CE,"2020-09-28 08:18:56",3998,3943,5,34,16,1998,1947,1,34,16,1857,141,4400,2402,92,129,148,118,627,5,0,225,1,1,79,0,0,0,0,0,682,5,1,49,0,0,0,0,0,57,0,0,0,0,0,34,0,0,0,0,0,0,0,0,0,0,0,0,0,0,0,0,0,0,0,0,0,0,0,0,0,0,0,0,0,33,0,0,39,0,0,32,0,0,0,0,0,0,0,0,0,0,0,0,0,0,0,0,0,0,0,0,0,0,0,0,0,0,0,0,0,0,0,0,0,0,0,0,0,0,0,0,0,0,0,0,0,0,0,0,0,0,0,0,0,0,0,0,0,0,0,0,0,0,0,0,0,0,0,0,0,0,0,0,0,0,0,0,0,0,0,0,0,0,0,0,0,0,0,0,0,0,0,0,0,0,0,0,0,0,0,0,0,0,0,0,0,0,0,0,0,0,0,0,0,0,0,0
29,NEAMŢ,GHERĂEŞTI,122668,1,FINAL,UAT,CL,CL_CE,"2020-09-28 04:53:33",5478,5438,2,22,16,2174,2136,0,22,16,2089,85,6100,3562,104,146,167,139,389,2,1,785,5,1,130,0,1,587,4,0,198,1,0,0,0,0,0,0,0,0,0,0,0,0,0,0,0,0,0,0,0,0,0,0,0,0,0,0,0,0,0,0,0,0,0,0,0,0,0,0,0,0,0,0,0,0,0,0,0,0,0,0,0,0,0,0,0,0,0,0,0,0,0,0,0,0,0,0,0,0,0,0,0,0,0,0,0,0,0,0,0,0,0,0,0,0,0,0,0,0,0,0,0,0,0,0,0,0,0,0,0,0,0,0,0,0,0,0,0,0,0,0,0,0,0,0,0,0,0,0,0,0,0,0,0,0,0,0,0,0,0,0,0,0,0,0,0,0,0,0,0,0,0,0,0,0,0,0,0,0,0,0,0,0,0,0,0,0,0,0,0,0,0,0,0,0,0,0
29,NEAMŢ,GHINDĂOANI,125114,1,FINAL,UAT,CL,CL_CE,"2020-09-28 03:12:34",1611,1599,1,2,9,832,820,1,2,9,768,64,1800,968,38,53,61,68,407,5,1,239,3,0,0,0,0,56,0,1,49,0,1,0,0,0,0,0,0,17,0,0,0,0,0,0,0,0,0,0,0,0,0,0,0,0,0,0,0,0,0,0,0,0,0,0,0,0,0,0,0,0,0,0,0,0,0,0,0,0,0,0,0,0,0,0,0,0,0,0,0,0,0,0,0,0,0,0,0,0,0,0,0,0,0,0,0,0,0,0,0,0,0,0,0,0,0,0,0,0,0,0,0,0,0,0,0,0,0,0,0,0,0,0,0,0,0,0,0,0,0,0,0,0,0,0,0,0,0,0,0,0,0,0,0,0,0,0,0,0,0,0,0,0,0,0,0,0,0,0,0,0,0,0,0,0,0,0,0,0,0,0,0,0,0,0,0,0,0,0,0,0,0,0,0,0,0,0
29,NEAMŢ,GIROV,122702,2,FINAL,UAT,CL,CL_CE,"2020-10-01 19:02:03",4319,4259,3,56,1,2233,2175,1,56,1,2096,133,4700,2471,104,146,167,121,837,6,1,471,3,1,85,0,0,83,0,0,343,2,1,0,0,0,0,0,0,176,1,0,0,0,0,30,0,0,0,0,0,0,0,0,0,0,0,0,0,0,0,0,0,0,0,0,0,0,0,0,0,0,0,0,0,0,0,0,0,0,0,0,0,0,53,0,0,18,0,0,0,0,0,0,0,0,0,0,0,0,0,0,0,0,0,0,0,0,0,0,0,0,0,0,0,0,0,0,0,0,0,0,0,0,0,0,0,0,0,0,0,0,0,0,0,0,0,0,0,0,0,0,0,0,0,0,0,0,0,0,0,0,0,0,0,0,0,0,0,0,0,0,0,0,0,0,0,0,0,0,0,0,0,0,0,0,0,0,0,0,0,0,0,0,0,0,0,0,0,0,0,0,0,0,0,0,0,0
29,NEAMŢ,GRINŢIEŞ,122864,1,FINAL,UAT,CL,CL_CE,"2020-09-28 09:31:48",2029,1990,0,11,28,1159,1120,0,11,28,1047,81,2300,1169,52,73,83,95,291,3,0,432,4,0,251,2,1,0,0,0,73,0,1,0,0,0,0,0,0,0,0,0,0,0,0,0,0,0,0,0,0,0,0,0,0,0,0,0,0,0,0,0,0,0,0,0,0,0,0,0,0,0,0,0,0,0,0,0,0,0,0,0,0,0,0,0,0,0,0,0,0,0,0,0,0,0,0,0,0,0,0,0,0,0,0,0,0,0,0,0,0,0,0,0,0,0,0,0,0,0,0,0,0,0,0,0,0,0,0,0,0,0,0,0,0,0,0,0,0,0,0,0,0,0,0,0,0,0,0,0,0,0,0,0,0,0,0,0,0,0,0,0,0,0,0,0,0,0,0,0,0,0,0,0,0,0,0,0,0,0,0,0,0,0,0,0,0,0,0,0,0,0,0,0,0,0,0,0
29,NEAMŢ,GRUMĂZEŞTI,122908,1,FINAL,UAT,CL,CL_CE,"2020-09-28 05:00:14",4324,4283,1,28,12,2241,2201,0,28,12,2127,114,4700,2459,106,148,170,130,1401,10,1,554,4,0,85,0,0,24,0,0,46,0,0,0,0,0,0,0,0,17,0,0,0,0,0,0,0,0,0,0,0,0,0,0,0,0,0,0,0,0,0,0,0,0,0,0,0,0,0,0,0,0,0,0,0,0,0,0,0,0,0,0,0,0,0,0,0,0,0,0,0,0,0,0,0,0,0,0,0,0,0,0,0,0,0,0,0,0,0,0,0,0,0,0,0,0,0,0,0,0,0,0,0,0,0,0,0,0,0,0,0,0,0,0,0,0,0,0,0,0,0,0,0,0,0,0,0,0,0,0,0,0,0,0,0,0,0,0,0,0,0,0,0,0,0,0,0,0,0,0,0,0,0,0,0,0,0,0,0,0,0,0,0,0,0,0,0,0,0,0,0,0,0,0,0,0,0,0
29,NEAMŢ,HANGU,122953,1,FINAL,UAT,CL,CL_CE,"2020-09-28 13:14:04",3263,3164,3,43,53,1586,1490,0,43,53,1489,96,3500,1915,74,104,119,104,678,6,0,489,4,1,54,0,0,197,1,1,0,0,0,0,0,0,0,0,0,71,0,0,0,0,0,0,0,0,0,0,0,0,0,0,0,0,0,0,0,0,0,0,0,0,0,0,0,0,0,0,0,0,0,0,0,0,0,0,0,0,0,0,0,0,0,0,0,0,0,0,0,0,0,0,0,0,0,0,0,0,0,0,0,0,0,0,0,0,0,0,0,0,0,0,0,0,0,0,0,0,0,0,0,0,0,0,0,0,0,0,0,0,0,0,0,0,0,0,0,0,0,0,0,0,0,0,0,0,0,0,0,0,0,0,0,0,0,0,0,0,0,0,0,0,0,0,0,0,0,0,0,0,0,0,0,0,0,0,0,0,0,0,0,0,0,0,0,0,0,0,0,0,0,0,0,0,0,0
29,NEAMŢ,HORIA,120922,1,FINAL,UAT,CL,CL_CE,"2020-09-28 06:20:22",6100,6071,5,17,7,2303,2279,0,17,7,2162,141,6700,4397,108,151,172,0,697,5,1,820,6,0,106,0,0,235,1,1,90,0,0,0,0,0,0,0,0,0,0,0,0,0,0,0,0,0,0,0,0,0,0,0,0,0,0,0,0,0,0,0,0,0,0,0,0,0,0,0,0,0,0,0,0,0,0,0,0,0,0,0,0,0,0,0,0,0,0,0,33,0,0,137,1,0,44,0,0,0,0,0,0,0,0,0,0,0,0,0,0,0,0,0,0,0,0,0,0,0,0,0,0,0,0,0,0,0,0,0,0,0,0,0,0,0,0,0,0,0,0,0,0,0,0,0,0,0,0,0,0,0,0,0,0,0,0,0,0,0,0,0,0,0,0,0,0,0,0,0,0,0,0,0,0,0,0,0,0,0,0,0,0,0,0,0,0,0,0,0,0,0,0,0,0,0,0,0
29,NEAMŢ,ICUŞEŞTI,123013,1,FINAL,UAT,CL,CL_CE,"2020-09-28 09:24:38",3737,3686,2,31,18,1788,1739,0,31,18,1646,142,4100,2312,82,115,131,121,558,4,1,578,4,1,257,2,0,63,0,0,83,0,1,0,0,0,0,0,0,0,0,0,0,0,0,0,0,0,0,0,0,0,0,0,0,0,0,0,0,0,0,0,0,0,0,0,0,0,0,0,0,0,0,0,0,0,0,0,0,0,0,0,0,0,0,0,0,0,0,0,0,0,0,0,0,0,0,0,0,107,0,0,0,0,0,0,0,0,0,0,0,0,0,0,0,0,0,0,0,0,0,0,0,0,0,0,0,0,0,0,0,0,0,0,0,0,0,0,0,0,0,0,0,0,0,0,0,0,0,0,0,0,0,0,0,0,0,0,0,0,0,0,0,0,0,0,0,0,0,0,0,0,0,0,0,0,0,0,0,0,0,0,0,0,0,0,0,0,0,0,0,0,0,0,0,0,0,0
29,NEAMŢ,"ION CREANGĂ",123102,1,FINAL,UAT,CL,CL_CE,"2020-09-28 09:02:45",4697,4644,2,37,14,2529,2478,0,37,14,2352,177,5200,2671,117,164,188,148,906,6,0,479,3,0,425,2,1,411,2,1,53,0,0,0,0,0,0,0,0,58,0,0,0,0,0,0,0,0,0,0,0,0,0,0,0,0,0,0,0,0,0,0,0,0,0,0,0,0,0,0,0,0,0,0,0,0,0,0,0,0,0,0,0,0,0,0,0,0,0,0,0,0,0,0,0,0,0,0,0,0,0,0,20,0,0,0,0,0,0,0,0,0,0,0,0,0,0,0,0,0,0,0,0,0,0,0,0,0,0,0,0,0,0,0,0,0,0,0,0,0,0,0,0,0,0,0,0,0,0,0,0,0,0,0,0,0,0,0,0,0,0,0,0,0,0,0,0,0,0,0,0,0,0,0,0,0,0,0,0,0,0,0,0,0,0,0,0,0,0,0,0,0,0,0,0,0,0,0
29,NEAMŢ,MĂRGINENI,123175,1,FINAL,UAT,CL,CL_CE,"2020-09-28 05:51:38",3012,2934,0,29,49,1689,1611,0,29,49,1581,98,3300,1511,79,110,126,109,960,8,1,464,4,0,0,0,0,72,0,0,50,0,0,0,0,0,0,0,0,35,0,0,0,0,0,0,0,0,0,0,0,0,0,0,0,0,0,0,0,0,0,0,0,0,0,0,0,0,0,0,0,0,0,0,0,0,0,0,0,0,0,0,0,0,0,0,0,0,0,0,0,0,0,0,0,0,0,0,0,0,0,0,0,0,0,0,0,0,0,0,0,0,0,0,0,0,0,0,0,0,0,0,0,0,0,0,0,0,0,0,0,0,0,0,0,0,0,0,0,0,0,0,0,0,0,0,0,0,0,0,0,0,0,0,0,0,0,0,0,0,0,0,0,0,0,0,0,0,0,0,0,0,0,0,0,0,0,0,0,0,0,0,0,0,0,0,0,0,0,0,0,0,0,0,0,0,0,0
29,NEAMŢ,MOLDOVENI,123228,1,FINAL,UAT,CL,CL_CE,"2020-09-28 02:46:23",1741,1714,2,8,17,770,745,0,8,17,708,62,1900,1130,35,49,56,64,128,2,0,506,7,1,0,0,0,0,0,0,0,0,0,0,0,0,0,0,0,74,1,0,0,0,0,0,0,0,0,0,0,0,0,0,0,0,0,0,0,0,0,0,0,0,0,0,0,0,0,0,0,0,0,0,0,0,0,0,0,0,0,0,0,0,0,0,0,0,0,0,0,0,0,0,0,0,0,0,0,0,0,0,0,0,0,0,0,0,0,0,0,0,0,0,0,0,0,0,0,0,0,0,0,0,0,0,0,0,0,0,0,0,0,0,0,0,0,0,0,0,0,0,0,0,0,0,0,0,0,0,0,0,0,0,0,0,0,0,0,0,0,0,0,0,0,0,0,0,0,0,0,0,0,0,0,0,0,0,0,0,0,0,0,0,0,0,0,0,0,0,0,0,0,0,0,0,0,0
29,NEAMŢ,"MUNICIPIUL PIATRA-NEAMŢ",120726,1,FINAL,UAT,CL,CL_CE,"2020-09-28 16:08:48",95156,94211,131,741,73,30719,29899,6,741,73,29146,1553,104202,73499,1457,2040,2331,1177,0,0,0,8188,6,1,2612,2,0,3953,3,0,4592,3,1,0,0,0,772,0,0,1601,1,1,0,0,0,0,0,0,0,0,0,0,0,0,0,0,0,0,0,0,0,0,0,0,0,0,0,0,0,0,0,0,0,0,0,0,0,0,0,0,0,0,0,0,226,0,0,0,0,0,0,0,0,0,0,0,0,0,0,0,0,0,0,0,0,229,0,0,209,0,0,6131,5,0,633,0,0,0,0,0,0,0,0,0,0,0,0,0,0,0,0,0,0,0,0,0,0,0,0,0,0,0,0,0,0,0,0,0,0,0,0,0,0,0,0,0,0,0,0,0,0,0,0,0,0,0,0,0,0,0,0,0,0,0,0,0,0,0,0,0,0,0,0,0,0,0,0,0,0,0,0,0,0,0,0,0,0,0
29,NEAMŢ,"MUNICIPIUL ROMAN",120860,1,FINAL,UAT,CL,CL_CE,"2020-09-28 15:11:40",58144,57669,55,385,35,17776,17356,0,385,35,16966,785,63791,45950,848,1187,1357,734,0,0,0,5912,8,0,904,1,0,2958,4,0,771,0,0,0,0,0,0,0,0,438,0,0,0,0,0,0,0,0,0,0,0,0,0,0,0,0,0,0,0,0,0,0,0,0,0,0,0,0,0,0,0,0,0,0,0,0,0,0,0,0,0,0,0,0,1423,1,1,0,0,0,0,0,0,0,0,0,0,0,0,0,0,0,0,0,0,0,0,0,0,0,0,0,0,0,0,0,0,325,0,0,4235,5,1,0,0,0,0,0,0,0,0,0,0,0,0,0,0,0,0,0,0,0,0,0,0,0,0,0,0,0,0,0,0,0,0,0,0,0,0,0,0,0,0,0,0,0,0,0,0,0,0,0,0,0,0,0,0,0,0,0,0,0,0,0,0,0,0,0,0,0,0,0,0,0,0,0,0,0
29,NEAMŢ,NEGREŞTI,125169,1,FINAL,UAT,CL,CL_CE,"2020-09-28 04:30:41",1560,1492,0,48,20,888,820,0,48,20,826,62,1700,812,41,57,66,72,196,2,1,318,4,1,117,1,1,15,0,0,67,0,1,0,0,0,0,0,0,14,0,0,0,0,0,0,0,0,0,0,0,0,0,0,0,0,0,0,0,0,0,0,0,0,0,0,0,0,0,0,0,0,0,0,0,0,0,0,0,0,0,0,0,0,0,0,0,0,0,0,0,0,0,0,0,0,0,0,0,0,0,0,0,0,0,0,0,0,0,0,0,0,0,0,0,0,0,0,0,0,0,0,0,41,0,0,58,0,0,0,0,0,0,0,0,0,0,0,0,0,0,0,0,0,0,0,0,0,0,0,0,0,0,0,0,0,0,0,0,0,0,0,0,0,0,0,0,0,0,0,0,0,0,0,0,0,0,0,0,0,0,0,0,0,0,0,0,0,0,0,0,0,0,0,0,0,0,0
29,NEAMŢ,ONICENI,123255,1,FINAL,UAT,CL,CL_CE,"2020-09-28 05:43:33",2543,2512,0,22,9,1516,1485,0,22,9,1426,90,2800,1284,71,99,114,107,1193,11,0,200,1,1,0,0,0,0,0,0,0,0,0,0,0,0,0,0,0,33,0,0,0,0,0,0,0,0,0,0,0,0,0,0,0,0,0,0,0,0,0,0,0,0,0,0,0,0,0,0,0,0,0,0,0,0,0,0,0,0,0,0,0,0,0,0,0,0,0,0,0,0,0,0,0,0,0,0,0,0,0,0,0,0,0,0,0,0,0,0,0,0,0,0,0,0,0,0,0,0,0,0,0,0,0,0,0,0,0,0,0,0,0,0,0,0,0,0,0,0,0,0,0,0,0,0,0,0,0,0,0,0,0,0,0,0,0,0,0,0,0,0,0,0,0,0,0,0,0,0,0,0,0,0,0,0,0,0,0,0,0,0,0,0,0,0,0,0,0,0,0,0,0,0,0,0,0,0
29,NEAMŢ,"ORAŞ BICAZ",120968,1,FINAL,UAT,CL,CL_CE,"2020-09-28 08:32:21",7086,6973,5,82,26,3024,2916,0,82,26,2838,186,7800,4776,141,198,227,166,0,0,0,957,5,1,221,1,0,0,0,0,133,0,0,0,0,0,0,0,0,69,0,0,0,0,0,0,0,0,0,0,0,0,0,0,0,0,0,0,0,0,0,0,0,253,1,0,0,0,0,0,0,0,0,0,0,0,0,0,0,0,0,0,0,0,0,0,0,0,0,0,0,0,0,0,0,0,0,0,0,0,0,0,0,0,0,0,0,0,0,0,0,0,0,0,0,0,0,0,0,0,0,0,0,0,0,0,0,0,0,273,1,1,800,4,1,132,0,0,0,0,0,0,0,0,0,0,0,0,0,0,0,0,0,0,0,0,0,0,0,0,0,0,0,0,0,0,0,0,0,0,0,0,0,0,0,0,0,0,0,0,0,0,0,0,0,0,0,0,0,0,0,0,0,0,0,0,0,0
29,NEAMŢ,"ORAŞ ROZNOV",124117,1,FINAL,UAT,CL,CL_CE,"2020-09-28 11:47:51",8480,8327,3,112,38,4185,4036,0,112,37,3864,316,9200,5020,193,270,309,213,0,0,0,1394,6,1,851,3,1,233,0,0,202,0,1,0,0,0,0,0,0,260,1,0,0,0,0,0,0,0,0,0,0,0,0,0,0,0,0,0,0,0,0,0,0,0,0,0,0,0,0,0,0,0,0,0,0,0,0,0,0,0,0,0,0,0,0,0,0,0,0,0,0,0,0,0,0,0,0,0,0,0,0,0,0,0,0,0,0,0,0,0,0,0,0,0,0,0,0,0,0,0,0,0,0,0,0,0,0,0,0,0,0,0,0,0,0,0,0,0,705,3,0,219,1,0,0,0,0,0,0,0,0,0,0,0,0,0,0,0,0,0,0,0,0,0,0,0,0,0,0,0,0,0,0,0,0,0,0,0,0,0,0,0,0,0,0,0,0,0,0,0,0,0,0,0,0,0,0,0
29,NEAMŢ,"ORAŞ TÂRGU-NEAMŢ",121055,1,FINAL,UAT,CL,CL_CE,"2020-09-28 11:32:56",18722,18554,15,125,28,7753,7597,3,125,28,7392,359,20489,12738,369,517,591,310,0,0,0,1480,4,1,306,0,0,287,0,0,404,1,1,0,0,0,101,0,0,386,1,0,0,0,0,0,0,0,0,0,0,0,0,0,0,0,0,0,0,0,0,0,0,0,0,0,0,0,0,0,0,0,0,0,0,0,0,0,0,0,0,0,0,0,0,0,0,0,0,0,0,0,0,0,0,0,0,0,0,0,0,0,0,0,0,0,0,0,0,0,0,0,0,0,0,0,0,0,0,0,0,0,0,0,0,0,0,0,0,0,0,0,0,0,0,0,0,0,0,0,0,0,0,0,3165,10,0,261,0,0,276,0,0,260,0,0,466,1,0,0,0,0,0,0,0,0,0,0,0,0,0,0,0,0,0,0,0,0,0,0,0,0,0,0,0,0,0,0,0,0,0,0,0,0,0,0,0,0
29,NEAMŢ,PÂNCEŞTI,125141,1,FINAL,UAT,CL,CL_CE,"2020-09-28 06:05:48",1212,1168,0,14,30,717,673,0,14,30,675,42,1305,588,33,47,54,72,490,6,1,65,0,1,0,0,0,93,1,0,0,0,0,0,0,0,0,0,0,27,0,0,0,0,0,0,0,0,0,0,0,0,0,0,0,0,0,0,0,0,0,0,0,0,0,0,0,0,0,0,0,0,0,0,0,0,0,0,0,0,0,0,0,0,0,0,0,0,0,0,0,0,0,0,0,0,0,0,0,0,0,0,0,0,0,0,0,0,0,0,0,0,0,0,0,0,0,0,0,0,0,0,0,0,0,0,0,0,0,0,0,0,0,0,0,0,0,0,0,0,0,0,0,0,0,0,0,0,0,0,0,0,0,0,0,0,0,0,0,0,0,0,0,0,0,0,0,0,0,0,0,0,0,0,0,0,0,0,0,0,0,0,0,0,0,0,0,0,0,0,0,0,0,0,0,0,0,0
29,NEAMŢ,PÂNGĂRAŢI,123601,1,FINAL,UAT,CL,CL_CE,"2020-09-28 05:31:42",4517,4456,9,32,20,2390,2339,0,32,19,2273,117,4900,2510,113,159,181,151,452,2,1,1028,6,1,0,0,0,500,3,0,118,0,1,0,0,0,0,0,0,175,1,0,0,0,0,0,0,0,0,0,0,0,0,0,0,0,0,0,0,0,0,0,0,0,0,0,0,0,0,0,0,0,0,0,0,0,0,0,0,0,0,0,0,0,0,0,0,0,0,0,0,0,0,0,0,0,0,0,0,0,0,0,0,0,0,0,0,0,0,0,0,0,0,0,0,0,0,0,0,0,0,0,0,0,0,0,0,0,0,0,0,0,0,0,0,0,0,0,0,0,0,0,0,0,0,0,0,0,0,0,0,0,0,0,0,0,0,0,0,0,0,0,0,0,0,0,0,0,0,0,0,0,0,0,0,0,0,0,0,0,0,0,0,0,0,0,0,0,0,0,0,0,0,0,0,0,0,0
29,NEAMŢ,PĂSTRĂVENI,123371,1,FINAL,UAT,CL,CL_CE,"2020-09-28 05:09:38",3037,3016,0,21,0,1653,1632,0,21,0,1534,119,3400,1747,76,107,122,110,853,7,1,245,2,0,164,1,0,61,0,0,86,0,1,0,0,0,0,0,0,85,0,1,0,0,0,0,0,0,0,0,0,0,0,0,0,0,0,0,0,0,0,0,0,0,0,0,0,0,0,0,0,0,0,0,0,0,0,0,0,0,0,0,0,0,0,0,0,0,0,0,0,0,0,0,0,0,0,0,0,0,0,0,0,0,0,0,0,0,0,0,0,0,0,0,0,0,0,0,0,0,0,0,0,0,0,0,0,0,0,0,0,0,0,0,0,0,0,0,0,0,0,0,0,0,0,0,0,0,0,0,0,0,0,0,0,0,0,0,0,40,0,0,0,0,0,0,0,0,0,0,0,0,0,0,0,0,0,0,0,0,0,0,0,0,0,0,0,0,0,0,0,0,0,0,0,0,0,0
29,NEAMŢ,PETRICANI,123424,1,FINAL,UAT,CL,CL_CE,"2020-09-28 07:52:42",4715,4694,0,21,0,2246,2225,0,21,0,2111,135,5200,2953,105,147,168,134,1443,10,1,320,2,0,92,0,0,0,0,0,127,0,1,0,0,0,0,0,0,129,0,1,0,0,0,0,0,0,0,0,0,0,0,0,0,0,0,0,0,0,0,0,0,0,0,0,0,0,0,0,0,0,0,0,0,0,0,0,0,0,0,0,0,0,0,0,0,0,0,0,0,0,0,0,0,0,0,0,0,0,0,0,0,0,0,0,0,0,0,0,0,0,0,0,0,0,0,0,0,0,0,0,0,0,0,0,0,0,0,0,0,0,0,0,0,0,0,0,0,0,0,0,0,0,0,0,0,0,0,0,0,0,0,0,0,0,0,0,0,0,0,0,0,0,0,0,0,0,0,0,0,0,0,0,0,0,0,0,0,0,0,0,0,0,0,0,0,0,0,0,0,0,0,0,0,0,0,0
29,NEAMŢ,"PIATRA ŞOIMULUI",123479,1,FINAL,UAT,CL,CL_CE,"2020-09-28 03:31:45",6967,6881,2,52,32,3097,3012,1,52,32,2926,171,7600,4503,146,204,234,189,1563,8,0,1056,5,1,0,0,0,226,1,0,81,0,0,0,0,0,0,0,0,0,0,0,0,0,0,0,0,0,0,0,0,0,0,0,0,0,0,0,0,0,0,0,0,0,0,0,0,0,0,0,0,0,0,0,0,0,0,0,0,0,0,0,0,0,0,0,0,0,0,0,0,0,0,0,0,0,0,0,0,0,0,0,0,0,0,0,0,0,0,0,0,0,0,0,0,0,0,0,0,0,0,0,0,0,0,0,0,0,0,0,0,0,0,0,0,0,0,0,0,0,0,0,0,0,0,0,0,0,0,0,0,0,0,0,0,0,0,0,0,0,0,0,0,0,0,0,0,0,0,0,0,0,0,0,0,0,0,0,0,0,0,0,0,0,0,0,0,0,0,0,0,0,0,0,0,0,0,0
29,NEAMŢ,PIPIRIG,123521,1,FINAL,UAT,CL,CL_CE,"2020-09-28 05:06:45",7232,7195,2,29,6,3502,3467,0,29,6,3302,200,7900,4398,165,231,264,209,2287,10,1,658,3,0,201,0,1,156,0,0,0,0,0,0,0,0,0,0,0,0,0,0,0,0,0,0,0,0,0,0,0,0,0,0,0,0,0,0,0,0,0,0,0,0,0,0,0,0,0,0,0,0,0,0,0,0,0,0,0,0,0,0,0,0,0,0,0,0,0,0,0,0,0,0,0,0,0,0,0,0,0,0,0,0,0,0,0,0,0,0,0,0,0,0,0,0,0,0,0,0,0,0,0,0,0,0,0,0,0,0,0,0,0,0,0,0,0,0,0,0,0,0,0,0,0,0,0,0,0,0,0,0,0,0,0,0,0,0,0,0,0,0,0,0,0,0,0,0,0,0,0,0,0,0,0,0,0,0,0,0,0,0,0,0,0,0,0,0,0,0,0,0,0,0,0,0,0,0
29,NEAMŢ,PODOLENI,123674,1,FINAL,UAT,CL,CL_CE,"2020-09-28 04:08:11",4645,4607,1,19,18,2234,2196,1,19,18,2128,106,5100,2866,106,148,170,128,978,7,1,946,7,0,0,0,0,59,0,0,80,0,0,0,0,0,0,0,0,0,0,0,0,0,0,0,0,0,0,0,0,0,0,0,0,0,0,0,0,0,0,0,0,0,0,0,0,0,0,0,0,0,0,0,0,0,0,0,0,0,0,0,0,0,0,0,0,0,0,0,0,0,0,0,0,0,0,0,0,0,0,0,0,0,0,28,0,0,0,0,0,0,0,0,0,0,0,0,0,0,0,0,0,0,0,0,0,0,0,0,0,0,0,0,0,0,0,0,0,0,0,0,0,0,0,0,0,0,0,0,0,0,0,0,0,0,0,0,0,0,0,0,37,0,0,0,0,0,0,0,0,0,0,0,0,0,0,0,0,0,0,0,0,0,0,0,0,0,0,0,0,0,0,0,0,0,0,0
29,NEAMŢ,"POIANA TEIULUI",123790,1,FINAL,UAT,CL,CL_CE,"2020-09-28 09:42:30",4140,4086,3,24,27,2029,1976,2,24,27,1924,105,4600,2571,96,134,153,139,1048,7,1,317,2,0,443,3,0,0,0,0,0,0,0,0,0,0,0,0,0,0,0,0,0,0,0,39,0,0,0,0,0,0,0,0,0,0,0,0,0,0,0,0,0,0,0,0,0,0,0,0,0,0,0,0,0,0,0,0,0,0,0,0,0,0,0,0,0,0,0,0,0,0,0,0,0,0,0,0,0,0,0,0,0,0,0,0,0,0,0,0,0,0,0,0,0,0,0,0,0,0,0,0,0,0,0,0,0,0,0,0,0,0,0,0,0,0,0,0,0,0,0,0,0,0,0,0,0,0,0,0,0,0,0,0,0,0,0,0,0,0,0,0,0,0,0,77,0,0,0,0,0,0,0,0,0,0,0,0,0,0,0,0,0,0,0,0,0,0,0,0,0,0,0,0,0,0,0,0
29,NEAMŢ,POIENARI,123709,1,FINAL,UAT,CL,CL_CE,"2020-09-28 04:56:05",1257,1231,0,3,23,746,720,0,3,23,695,51,1400,654,34,48,55,59,500,8,1,83,1,0,0,0,0,39,0,0,73,1,0,0,0,0,0,0,0,0,0,0,0,0,0,0,0,0,0,0,0,0,0,0,0,0,0,0,0,0,0,0,0,0,0,0,0,0,0,0,0,0,0,0,0,0,0,0,0,0,0,0,0,0,0,0,0,0,0,0,0,0,0,0,0,0,0,0,0,0,0,0,0,0,0,0,0,0,0,0,0,0,0,0,0,0,0,0,0,0,0,0,0,0,0,0,0,0,0,0,0,0,0,0,0,0,0,0,0,0,0,0,0,0,0,0,0,0,0,0,0,0,0,0,0,0,0,0,0,0,0,0,0,0,0,0,0,0,0,0,0,0,0,0,0,0,0,0,0,0,0,0,0,0,0,0,0,0,0,0,0,0,0,0,0,0,0,0
29,NEAMŢ,RĂUCEŞTI,123914,1,FINAL,UAT,CL,CL_CE,"2020-09-28 06:37:19",6776,6632,2,101,41,3580,3437,1,101,41,3415,164,7400,3821,170,239,273,197,1036,5,0,1422,7,0,125,0,0,206,0,0,239,1,0,0,0,0,0,0,0,90,0,0,266,1,1,0,0,0,0,0,0,0,0,0,0,0,0,0,0,0,0,0,0,0,0,0,0,0,0,0,0,0,0,0,0,0,0,0,0,0,0,0,0,0,0,0,0,0,0,0,0,0,0,0,0,0,0,0,0,0,0,0,0,0,0,0,0,0,0,0,0,0,0,0,0,0,0,0,0,0,0,0,0,0,0,0,0,0,0,0,0,0,0,0,0,0,0,0,0,0,0,0,0,0,0,0,0,0,0,0,0,0,0,0,0,0,0,0,0,0,0,0,0,0,0,0,0,0,31,0,0,0,0,0,0,0,0,0,0,0,0,0,0,0,0,0,0,0,0,0,0,0,0,0,0,0,0,0
29,NEAMŢ,RĂZBOIENI,123969,1,FINAL,UAT,CL,CL_CE,"2020-09-28 05:16:35",1727,1633,0,11,83,1092,998,0,11,83,1029,58,1895,808,51,72,82,87,526,6,0,100,1,0,168,1,1,164,1,1,38,0,0,0,0,0,0,0,0,33,0,0,0,0,0,0,0,0,0,0,0,0,0,0,0,0,0,0,0,0,0,0,0,0,0,0,0,0,0,0,0,0,0,0,0,0,0,0,0,0,0,0,0,0,0,0,0,0,0,0,0,0,0,0,0,0,0,0,0,0,0,0,0,0,0,0,0,0,0,0,0,0,0,0,0,0,0,0,0,0,0,0,0,0,0,0,0,0,0,0,0,0,0,0,0,0,0,0,0,0,0,0,0,0,0,0,0,0,0,0,0,0,0,0,0,0,0,0,0,0,0,0,0,0,0,0,0,0,0,0,0,0,0,0,0,0,0,0,0,0,0,0,0,0,0,0,0,0,0,0,0,0,0,0,0,0,0,0
29,NEAMŢ,REDIU,124028,1,FINAL,UAT,CL,CL_CE,"2020-09-28 04:53:25",4449,4329,5,84,31,2229,2112,2,84,31,2093,132,4800,2573,104,146,167,128,998,7,1,662,5,0,59,0,0,101,0,0,273,2,0,0,0,0,0,0,0,0,0,0,0,0,0,0,0,0,0,0,0,0,0,0,0,0,0,0,0,0,0,0,0,0,0,0,0,0,0,0,0,0,0,0,0,0,0,0,0,0,0,0,0,0,0,0,0,0,0,0,0,0,0,0,0,0,0,0,0,0,0,0,0,0,0,0,0,0,0,0,0,0,0,0,0,0,0,0,0,0,0,0,0,0,0,0,0,0,0,0,0,0,0,0,0,0,0,0,0,0,0,0,0,0,0,0,0,0,0,0,0,0,0,0,0,0,0,0,0,0,0,0,0,0,0,0,0,0,0,0,0,0,0,0,0,0,0,0,0,0,0,0,0,0,0,0,0,0,0,0,0,0,0,0,0,0,0,0
29,NEAMŢ,ROMÂNI,124073,1,FINAL,UAT,CL,CL_CE,"2020-09-28 04:57:49",3100,3063,1,32,4,1715,1679,0,32,4,1596,119,3800,2085,79,111,127,120,718,5,1,598,4,1,157,1,0,0,0,0,98,0,1,0,0,0,0,0,0,25,0,0,0,0,0,0,0,0,0,0,0,0,0,0,0,0,0,0,0,0,0,0,0,0,0,0,0,0,0,0,0,0,0,0,0,0,0,0,0,0,0,0,0,0,0,0,0,0,0,0,0,0,0,0,0,0,0,0,0,0,0,0,0,0,0,0,0,0,0,0,0,0,0,0,0,0,0,0,0,0,0,0,0,0,0,0,0,0,0,0,0,0,0,0,0,0,0,0,0,0,0,0,0,0,0,0,0,0,0,0,0,0,0,0,0,0,0,0,0,0,0,0,0,0,0,0,0,0,0,0,0,0,0,0,0,0,0,0,0,0,0,0,0,0,0,0,0,0,0,0,0,0,0,0,0,0,0,0
29,NEAMŢ,RUGINOASA,125105,1,FINAL,UAT,CL,CL_CE,"2020-09-28 03:03:48",1704,1546,2,40,116,1090,936,0,40,114,1025,65,1700,610,51,71,82,93,185,1,1,571,6,0,269,2,1,0,0,0,0,0,0,0,0,0,0,0,0,0,0,0,0,0,0,0,0,0,0,0,0,0,0,0,0,0,0,0,0,0,0,0,0,0,0,0,0,0,0,0,0,0,0,0,0,0,0,0,0,0,0,0,0,0,0,0,0,0,0,0,0,0,0,0,0,0,0,0,0,0,0,0,0,0,0,0,0,0,0,0,0,0,0,0,0,0,0,0,0,0,0,0,0,0,0,0,0,0,0,0,0,0,0,0,0,0,0,0,0,0,0,0,0,0,0,0,0,0,0,0,0,0,0,0,0,0,0,0,0,0,0,0,0,0,0,0,0,0,0,0,0,0,0,0,0,0,0,0,0,0,0,0,0,0,0,0,0,0,0,0,0,0,0,0,0,0,0,0
29,NEAMŢ,SĂBĂOANI,124206,1,FINAL,UAT,CL,CL_CE,"2020-09-28 06:28:12",9609,9515,2,47,45,3559,3467,0,47,45,3379,180,10600,7041,168,236,270,193,949,4,1,462,2,0,0,0,0,1194,6,0,681,3,1,0,0,0,0,0,0,0,0,0,0,0,0,0,0,0,0,0,0,0,0,0,0,0,0,0,0,0,0,0,0,0,0,0,0,0,0,0,0,0,0,0,0,0,0,0,0,0,0,0,0,0,0,0,0,0,0,0,39,0,0,0,0,0,0,0,0,0,0,0,0,0,0,0,0,0,0,0,0,0,0,0,0,0,0,0,0,0,0,0,0,0,0,0,0,0,0,0,0,0,0,0,0,0,0,0,0,0,0,0,0,0,0,0,0,0,0,0,0,0,0,0,0,0,0,0,0,0,0,0,0,0,0,0,0,0,0,0,0,29,0,0,25,0,0,0,0,0,0,0,0,0,0,0,0,0,0,0,0,0,0,0,0,0,0,0
29,NEAMŢ,SAGNA,124153,1,FINAL,UAT,CL,CL_CE,"2020-09-28 04:02:20",4321,4293,4,21,3,1864,1840,0,21,3,1744,120,4800,2936,87,122,139,112,769,6,1,672,6,0,0,0,0,0,0,0,136,1,0,0,0,0,0,0,0,54,0,0,0,0,0,0,0,0,0,0,0,0,0,0,0,0,0,0,0,0,0,0,0,0,0,0,0,0,0,0,0,0,0,0,0,0,0,0,0,0,0,0,0,0,0,0,0,0,0,0,0,0,0,0,0,0,0,0,0,0,0,0,0,0,0,0,0,0,0,0,0,0,0,0,0,0,0,0,0,0,0,0,0,0,0,0,0,0,0,0,0,0,0,0,0,0,0,0,0,0,0,0,0,0,0,0,0,0,0,0,0,0,0,0,0,0,0,0,0,0,0,0,0,0,0,0,0,0,0,0,0,0,0,0,0,0,0,113,1,0,0,0,0,0,0,0,0,0,0,0,0,0,0,0,0,0,0,0
29,NEAMŢ,SĂVINEŞTI,120824,1,FINAL,UAT,CL,CL_CE,"2020-09-28 04:27:49",6081,6003,6,43,29,2480,2412,1,43,24,2367,113,6700,4220,118,165,189,153,1038,6,1,770,5,0,200,1,0,72,0,0,140,0,1,0,0,0,0,0,0,147,0,1,0,0,0,0,0,0,0,0,0,0,0,0,0,0,0,0,0,0,0,0,0,0,0,0,0,0,0,0,0,0,0,0,0,0,0,0,0,0,0,0,0,0,0,0,0,0,0,0,0,0,0,0,0,0,0,0,0,0,0,0,0,0,0,0,0,0,0,0,0,0,0,0,0,0,0,0,0,0,0,0,0,0,0,0,0,0,0,0,0,0,0,0,0,0,0,0,0,0,0,0,0,0,0,0,0,0,0,0,0,0,0,0,0,0,0,0,0,0,0,0,0,0,0,0,0,0,0,0,0,0,0,0,0,0,0,0,0,0,0,0,0,0,0,0,0,0,0,0,0,0,0,0,0,0,0,0
29,NEAMŢ,SECUIENI,124233,1,FINAL,UAT,CL,CL_CE,"2020-09-28 04:35:19",2642,2603,2,14,23,1170,1133,0,14,23,1073,97,2900,1730,53,75,85,80,337,4,0,558,7,0,0,0,0,147,2,0,0,0,0,0,0,0,0,0,0,0,0,0,0,0,0,0,0,0,0,0,0,0,0,0,0,0,0,0,0,0,0,0,0,0,0,0,0,0,0,0,0,0,0,0,0,0,0,0,0,0,0,0,0,0,0,0,0,0,0,0,0,0,0,0,0,0,0,0,0,0,0,0,0,0,0,0,0,0,0,0,0,0,0,0,0,0,0,0,0,0,0,0,0,0,0,0,0,0,0,0,0,0,0,0,0,0,0,0,0,0,0,0,0,0,0,0,0,0,0,0,0,0,0,0,0,0,0,0,0,0,0,0,0,0,0,0,0,0,0,0,0,0,0,0,0,0,0,0,0,0,31,0,0,0,0,0,0,0,0,0,0,0,0,0,0,0,0,0
29,NEAMŢ,STĂNIŢA,124331,1,FINAL,UAT,CL,CL_CE,"2020-09-28 05:20:26",1634,1585,0,26,23,774,725,0,26,23,726,48,1794,1020,36,50,58,64,522,8,0,183,2,1,0,0,0,21,0,0,0,0,0,0,0,0,0,0,0,0,0,0,0,0,0,0,0,0,0,0,0,0,0,0,0,0,0,0,0,0,0,0,0,0,0,0,0,0,0,0,0,0,0,0,0,0,0,0,0,0,0,0,0,0,0,0,0,0,0,0,0,0,0,0,0,0,0,0,0,0,0,0,0,0,0,0,0,0,0,0,0,0,0,0,0,0,0,0,0,0,0,0,0,0,0,0,0,0,0,0,0,0,0,0,0,0,0,0,0,0,0,0,0,0,0,0,0,0,0,0,0,0,0,0,0,0,0,0,0,0,0,0,0,0,0,0,0,0,0,0,0,0,0,0,0,0,0,0,0,0,0,0,0,0,0,0,0,0,0,0,0,0,0,0,0,0,0,0
29,NEAMŢ,"ŞTEFAN CEL MARE",124411,1,FINAL,UAT,CL,CL_CE,"2020-09-28 03:29:17",2582,2543,0,35,4,1393,1354,0,35,4,1288,105,2800,1407,64,90,103,85,424,4,1,584,6,1,63,0,0,62,0,0,109,1,0,0,0,0,0,0,0,46,0,0,0,0,0,0,0,0,0,0,0,0,0,0,0,0,0,0,0,0,0,0,0,0,0,0,0,0,0,0,0,0,0,0,0,0,0,0,0,0,0,0,0,0,0,0,0,0,0,0,0,0,0,0,0,0,0,0,0,0,0,0,0,0,0,0,0,0,0,0,0,0,0,0,0,0,0,0,0,0,0,0,0,0,0,0,0,0,0,0,0,0,0,0,0,0,0,0,0,0,0,0,0,0,0,0,0,0,0,0,0,0,0,0,0,0,0,0,0,0,0,0,0,0,0,0,0,0,0,0,0,0,0,0,0,0,0,0,0,0,0,0,0,0,0,0,0,0,0,0,0,0,0,0,0,0,0,0
29,NEAMŢ,TĂMĂŞENI,124634,1,FINAL,UAT,CL,CL_CE,"2020-09-28 05:07:33",7905,7872,3,29,1,2786,2756,0,29,1,2637,149,8689,5903,131,184,210,175,386,2,0,1447,8,1,0,0,0,648,3,1,0,0,0,0,0,0,0,0,0,0,0,0,0,0,0,0,0,0,0,0,0,0,0,0,0,0,0,0,0,0,0,0,0,0,0,0,0,0,0,0,0,0,0,0,0,0,0,0,0,0,0,0,0,0,0,0,0,0,0,0,0,0,0,0,0,0,0,0,0,0,0,0,0,0,0,0,0,0,0,0,0,0,0,0,0,0,0,0,0,0,0,0,0,0,0,0,0,0,0,0,0,0,0,0,0,0,0,0,0,0,0,0,0,0,0,0,0,0,0,0,0,0,0,0,0,0,0,0,0,0,0,0,0,0,0,0,0,0,0,0,0,0,0,0,0,0,0,0,0,0,0,0,0,156,0,0,0,0,0,0,0,0,0,0,0,0,0,0
29,NEAMŢ,TARCĂU,124493,1,FINAL,UAT,CL,CL_CE,"2020-09-28 04:58:38",2873,2821,2,24,26,1583,1533,0,24,26,1530,53,3202,1619,76,107,122,102,406,3,1,516,5,0,47,0,0,57,0,0,51,0,0,0,0,0,0,0,0,404,3,1,0,0,0,0,0,0,0,0,0,0,0,0,0,0,0,0,0,0,0,0,0,0,0,0,0,0,0,0,0,0,0,0,0,0,0,0,0,0,0,0,0,0,0,0,0,0,0,0,0,0,0,0,0,0,0,0,0,0,0,0,0,0,0,0,0,0,0,0,0,0,0,0,0,0,0,0,0,0,0,0,0,0,0,0,0,0,0,0,0,0,0,0,0,0,0,0,0,0,0,0,0,0,0,0,0,0,0,0,0,0,0,0,0,0,0,0,0,0,0,0,0,0,0,0,0,0,0,0,0,0,0,0,0,0,0,0,0,0,0,0,0,0,0,0,49,0,0,0,0,0,0,0,0,0,0,0
29,NEAMŢ,TAŞCA,124563,1,FINAL,UAT,CL,CL_CE,"2020-09-28 09:15:48",2245,2182,2,21,40,1288,1226,1,21,40,1217,71,2398,1110,60,85,97,103,520,5,0,298,2,1,181,1,1,0,0,0,30,0,0,0,0,0,0,0,0,143,1,0,0,0,0,0,0,0,0,0,0,0,0,0,0,0,0,0,0,0,0,0,0,0,0,0,0,0,0,0,0,0,0,0,0,0,0,0,0,0,0,0,0,0,0,0,0,0,0,0,0,0,0,0,0,0,0,0,0,0,0,0,0,0,0,0,0,0,0,0,0,0,0,0,0,0,0,0,0,0,0,0,0,0,0,0,0,0,0,0,0,0,0,0,0,0,0,0,0,0,0,0,0,0,0,0,0,0,0,0,0,0,0,0,0,0,0,0,0,0,0,0,0,0,0,0,0,0,0,0,0,0,0,0,0,0,0,0,0,0,0,0,0,0,0,0,0,0,0,45,0,0,0,0,0,0,0,0
29,NEAMŢ,TAZLĂU,124616,1,FINAL,UAT,CL,CL_CE,"2020-09-28 06:39:16",2272,2241,3,8,20,1259,1230,1,8,20,1156,103,2495,1236,57,80,92,105,414,3,1,323,3,0,0,0,0,419,3,1,0,0,0,0,0,0,0,0,0,0,0,0,0,0,0,0,0,0,0,0,0,0,0,0,0,0,0,0,0,0,0,0,0,0,0,0,0,0,0,0,0,0,0,0,0,0,0,0,0,0,0,0,0,0,0,0,0,0,0,0,0,0,0,0,0,0,0,0,0,0,0,0,0,0,0,0,0,0,0,0,0,0,0,0,0,0,0,0,0,0,0,0,0,0,0,0,0,0,0,0,0,0,0,0,0,0,0,0,0,0,0,0,0,0,0,0,0,0,0,0,0,0,0,0,0,0,0,0,0,0,0,0,0,0,0,0,0,0,0,0,0,0,0,0,0,0,0,0,0,0,0,0,0,0,0,0,0,0,0,0,0,0,0,0,0,0,0,0
29,NEAMŢ,ŢIBUCANI,124803,1,FINAL,UAT,CL,CL_CE,"2020-09-28 05:59:01",3240,3171,1,41,27,1988,1920,0,41,27,1833,155,3600,1612,91,128,146,136,654,4,1,434,3,0,120,0,1,58,0,0,105,0,1,0,0,0,0,0,0,462,3,0,0,0,0,0,0,0,0,0,0,0,0,0,0,0,0,0,0,0,0,0,0,0,0,0,0,0,0,0,0,0,0,0,0,0,0,0,0,0,0,0,0,0,0,0,0,0,0,0,0,0,0,0,0,0,0,0,0,0,0,0,0,0,0,0,0,0,0,0,0,0,0,0,0,0,0,0,0,0,0,0,0,0,0,0,0,0,0,0,0,0,0,0,0,0,0,0,0,0,0,0,0,0,0,0,0,0,0,0,0,0,0,0,0,0,0,0,0,0,0,0,0,0,0,0,0,0,0,0,0,0,0,0,0,0,0,0,0,0,0,0,0,0,0,0,0,0,0,0,0,0,0,0,0,0,0,0
29,NEAMŢ,TIMIŞEŞTI,124661,1,FINAL,UAT,CL,CL_CE,"2020-09-28 06:36:15",3337,3305,1,31,0,1578,1547,0,31,0,1484,94,3700,2122,74,103,118,114,444,3,1,693,6,0,0,0,0,234,2,0,0,0,0,0,0,0,0,0,0,113,0,1,0,0,0,0,0,0,0,0,0,0,0,0,0,0,0,0,0,0,0,0,0,0,0,0,0,0,0,0,0,0,0,0,0,0,0,0,0,0,0,0,0,0,0,0,0,0,0,0,0,0,0,0,0,0,0,0,0,0,0,0,0,0,0,0,0,0,0,0,0,0,0,0,0,0,0,0,0,0,0,0,0,0,0,0,0,0,0,0,0,0,0,0,0,0,0,0,0,0,0,0,0,0,0,0,0,0,0,0,0,0,0,0,0,0,0,0,0,0,0,0,0,0,0,0,0,0,0,0,0,0,0,0,0,0,0,0,0,0,0,0,0,0,0,0,0,0,0,0,0,0,0,0,0,0,0,0
29,NEAMŢ,TRIFEŞTI,124723,1,FINAL,UAT,CL,CL_CE,"2020-09-28 05:57:39",4295,4247,2,41,5,1871,1825,0,41,5,1785,86,4600,2729,89,124,142,115,350,3,0,1081,9,0,57,0,0,297,2,1,0,0,0,0,0,0,0,0,0,0,0,0,0,0,0,0,0,0,0,0,0,0,0,0,0,0,0,0,0,0,0,0,0,0,0,0,0,0,0,0,0,0,0,0,0,0,0,0,0,0,0,0,0,0,0,0,0,0,0,0,0,0,0,0,0,0,0,0,0,0,0,0,0,0,0,0,0,0,0,0,0,0,0,0,0,0,0,0,0,0,0,0,0,0,0,0,0,0,0,0,0,0,0,0,0,0,0,0,0,0,0,0,0,0,0,0,0,0,0,0,0,0,0,0,0,0,0,0,0,0,0,0,0,0,0,0,0,0,0,0,0,0,0,0,0,0,0,0,0,0,0,0,0,0,0,0,0,0,0,0,0,0,0,0,0,0,0,0
29,NEAMŢ,TUPILAŢI,124750,1,FINAL,UAT,CL,CL_CE,"2020-09-28 03:20:27",1811,1775,2,30,4,1024,990,0,30,4,905,119,2002,978,45,63,72,82,522,6,0,161,1,1,0,0,0,0,0,0,57,0,1,0,0,0,0,0,0,165,2,0,0,0,0,0,0,0,0,0,0,0,0,0,0,0,0,0,0,0,0,0,0,0,0,0,0,0,0,0,0,0,0,0,0,0,0,0,0,0,0,0,0,0,0,0,0,0,0,0,0,0,0,0,0,0,0,0,0,0,0,0,0,0,0,0,0,0,0,0,0,0,0,0,0,0,0,0,0,0,0,0,0,0,0,0,0,0,0,0,0,0,0,0,0,0,0,0,0,0,0,0,0,0,0,0,0,0,0,0,0,0,0,0,0,0,0,0,0,0,0,0,0,0,0,0,0,0,0,0,0,0,0,0,0,0,0,0,0,0,0,0,0,0,0,0,0,0,0,0,0,0,0,0,0,0,0,0
29,NEAMŢ,URECHENI,124849,1,FINAL,UAT,CL,CL_CE,"2020-09-28 03:35:16",3279,3205,0,36,38,1572,1498,0,36,38,1486,86,3700,2125,74,104,118,108,1054,9,1,209,1,1,151,1,0,0,0,0,72,0,0,0,0,0,0,0,0,0,0,0,0,0,0,0,0,0,0,0,0,0,0,0,0,0,0,0,0,0,0,0,0,0,0,0,0,0,0,0,0,0,0,0,0,0,0,0,0,0,0,0,0,0,0,0,0,0,0,0,0,0,0,0,0,0,0,0,0,0,0,0,0,0,0,0,0,0,0,0,0,0,0,0,0,0,0,0,0,0,0,0,0,0,0,0,0,0,0,0,0,0,0,0,0,0,0,0,0,0,0,0,0,0,0,0,0,0,0,0,0,0,0,0,0,0,0,0,0,0,0,0,0,0,0,0,0,0,0,0,0,0,0,0,0,0,0,0,0,0,0,0,0,0,0,0,0,0,0,0,0,0,0,0,0,0,0,0
29,NEAMŢ,"VALEA URSULUI",124885,3,FINAL,UAT,CL,CL_CE,"2020-10-01 10:01:53",3113,3049,0,30,34,1490,1426,0,30,34,1413,77,3400,1910,70,98,113,99,1202,12,0,95,0,1,43,0,0,0,0,0,0,0,0,0,0,0,0,0,0,54,0,0,0,0,0,0,0,0,0,0,0,0,0,0,0,0,0,0,0,0,0,0,0,0,0,0,0,0,0,0,0,0,0,0,0,0,0,0,0,0,0,0,0,0,0,0,0,0,0,0,0,0,0,0,0,0,0,0,0,0,0,0,0,0,0,0,0,0,0,0,0,0,0,0,0,0,0,0,0,0,0,0,0,0,0,0,0,0,0,0,0,0,0,0,0,0,0,0,0,0,0,0,0,0,0,0,0,0,0,0,0,0,0,0,0,0,0,0,0,0,0,0,0,0,0,0,0,0,0,0,0,0,0,0,0,0,0,0,0,0,0,0,0,0,0,0,0,0,0,0,0,0,19,0,0,0,0,0
29,NEAMŢ,VĂLENI,125123,1,FINAL,UAT,CL,CL_CE,"2020-09-28 06:50:47",1153,1146,1,6,0,669,663,0,6,0,618,51,1300,631,30,43,49,52,361,6,1,149,2,1,28,0,0,69,1,0,0,0,0,0,0,0,0,0,0,0,0,0,0,0,0,0,0,0,0,0,0,0,0,0,0,0,0,0,0,0,0,0,0,0,0,0,0,0,0,0,0,0,0,0,0,0,0,0,0,0,0,0,0,0,0,0,0,0,0,0,0,0,0,0,0,0,0,0,0,0,0,0,0,0,0,0,0,0,0,0,0,0,0,0,0,0,0,0,0,0,0,0,0,0,0,0,0,0,0,0,0,0,0,0,0,0,0,0,0,0,0,0,0,0,0,0,0,0,0,0,0,0,0,0,0,0,0,0,0,0,0,0,0,0,0,0,0,0,0,0,0,0,0,0,0,0,0,0,0,0,0,0,0,0,0,0,0,0,0,0,0,0,0,0,0,11,0,0
29,NEAMŢ,VÂNĂTORI-NEAMŢ,125016,1,FINAL,UAT,CL,CL_CE,"2020-09-28 04:34:56",6940,6881,8,41,10,3071,3019,1,41,10,2862,209,7700,4618,143,200,228,0,1903,10,1,733,4,0,89,0,0,137,0,0,0,0,0,0,0,0,0,0,0,0,0,0,0,0,0,0,0,0,0,0,0,0,0,0,0,0,0,0,0,0,0,0,0,0,0,0,0,0,0,0,0,0,0,0,0,0,0,0,0,0,0,0,0,0,0,0,0,0,0,0,0,0,0,0,0,0,0,0,0,0,0,0,0,0,0,0,0,0,0,0,0,0,0,0,0,0,0,0,0,0,0,0,0,0,0,0,0,0,0,0,0,0,0,0,0,0,0,0,0,0,0,0,0,0,0,0,0,0,0,0,0,0,0,0,0,0,0,0,0,0,0,0,0,0,0,0,0,0,0,0,0,0,0,0,0,0,0,0,0,0,0,0,0,0,0,0,0,0,0,0,0,0,0,0,0,0,0,0
29,NEAMŢ,ZĂNEŞTI,125061,1,FINAL,UAT,CL,CL_CE,"2020-09-28 06:22:32",5080,5021,2,31,26,2442,2385,0,31,26,2284,158,5600,3158,114,159,182,146,1142,7,1,450,3,0,470,3,0,85,0,0,0,0,0,0,0,0,0,0,0,137,0,1,0,0,0,0,0,0,0,0,0,0,0,0,0,0,0,0,0,0,0,0,0,0,0,0,0,0,0,0,0,0,0,0,0,0,0,0,0,0,0,0,0,0,0,0,0,0,0,0,0,0,0,0,0,0,0,0,0,0,0,0,0,0,0,0,0,0,0,0,0,0,0,0,0,0,0,0,0,0,0,0,0,0,0,0,0,0,0,0,0,0,0,0,0,0,0,0,0,0,0,0,0,0,0,0,0,0,0,0,0,0,0,0,0,0,0,0,0,0,0,0,0,0,0,0,0,0,0,0,0,0,0,0,0,0,0,0,0,0,0,0,0,0,0,0,0,0,0,0,0,0,0,0,0,0,0,0
