county_nce,county_name,uat_name,uat_siruta,report_version,report_stage_code,report_type_scope_code,report_type_category_code,report_type_code,created_at,a,a1,a2,a3,a4,b,b1,b2,b3,b4,c,d,e,f,g1.1,g1.2,g1.3,g4,"PARTIDUL PRO ROMÂNIA-voturi","PARTIDUL PRO ROMÂNIA-mandate-faza-1","PARTIDUL PRO ROMÂNIA-mandate-faza-2","PARTIDUL MIȘCAREA POPULARĂ-voturi","PARTIDUL MIȘCAREA POPULARĂ-mandate-faza-1","PARTIDUL MIȘCAREA POPULARĂ-mandate-faza-2","PARTIDUL SOCIAL DEMOCRAT-voturi","PARTIDUL SOCIAL DEMOCRAT-mandate-faza-1","PARTIDUL SOCIAL DEMOCRAT-mandate-faza-2","PARTIDUL NAȚIONAL LIBERAL-voturi","PARTIDUL NAȚIONAL LIBERAL-mandate-faza-1","PARTIDUL NAȚIONAL LIBERAL-mandate-faza-2","ALIANȚA USR PLUS-voturi","ALIANȚA USR PLUS-mandate-faza-1","ALIANȚA USR PLUS-mandate-faza-2","PARTIDUL NOUA ROMÂNIE-voturi","PARTIDUL NOUA ROMÂNIE-mandate-faza-1","PARTIDUL NOUA ROMÂNIE-mandate-faza-2","PARTIDUL ALIANŢA LIBERALILOR ŞI DEMOCRAŢILOR – ALDE-voturi","PARTIDUL ALIANŢA LIBERALILOR ŞI DEMOCRAŢILOR – ALDE-mandate-faza-1","PARTIDUL ALIANŢA LIBERALILOR ŞI DEMOCRAŢILOR – ALDE-mandate-faza-2","PARTIDUL VERDE-voturi","PARTIDUL VERDE-mandate-faza-1","PARTIDUL VERDE-mandate-faza-2","PARTIDUL ALTERNATIVA PENTRU DEMNITATE NATIONALĂ-voturi","PARTIDUL ALTERNATIVA PENTRU DEMNITATE NATIONALĂ-mandate-faza-1","PARTIDUL ALTERNATIVA PENTRU DEMNITATE NATIONALĂ-mandate-faza-2","PARTIDUL ECOLOGIST ROMÂN-voturi","PARTIDUL ECOLOGIST ROMÂN-mandate-faza-1","PARTIDUL ECOLOGIST ROMÂN-mandate-faza-2","AMARANDEI GHEORGHE-voturi","AMARANDEI GHEORGHE-mandate-faza-1","AMARANDEI GHEORGHE-mandate-faza-2","PARTIDUL ALTERNATIVA DREAPTĂ-voturi","PARTIDUL ALTERNATIVA DREAPTĂ-mandate-faza-1","PARTIDUL ALTERNATIVA DREAPTĂ-mandate-faza-2","NECULCEA VASILE-voturi","NECULCEA VASILE-mandate-faza-1","NECULCEA VASILE-mandate-faza-2","GÎRLEANU IULIAN-voturi","GÎRLEANU IULIAN-mandate-faza-1","GÎRLEANU IULIAN-mandate-faza-2","PARTIDUL ÎMPREUNĂ PENTRU MOLDOVA-voturi","PARTIDUL ÎMPREUNĂ PENTRU MOLDOVA-mandate-faza-1","PARTIDUL ÎMPREUNĂ PENTRU MOLDOVA-mandate-faza-2","PARTIDUL NAȚIONAL ȚĂRĂNESC CREȘTIN DEMOCRAT-voturi","PARTIDUL NAȚIONAL ȚĂRĂNESC CREȘTIN DEMOCRAT-mandate-faza-1","PARTIDUL NAȚIONAL ȚĂRĂNESC CREȘTIN DEMOCRAT-mandate-faza-2","PARTIDUL NAȚIONAL LIBERAL-mandate-g9","PARTIDUL SOCIAL DEMOCRAT-mandate-g9","ALIANȚA PENTRU UNITATEA RROMILOR-voturi","ALIANȚA PENTRU UNITATEA RROMILOR-mandate-faza-1","ALIANȚA PENTRU UNITATEA RROMILOR-mandate-faza-2","AIGNATOAE MIHAI-voturi","AIGNATOAE MIHAI-mandate-faza-1","AIGNATOAE MIHAI-mandate-faza-2","ALIANȚA PENTRU UNIREA ROMÂNILOR-voturi","ALIANȚA PENTRU UNIREA ROMÂNILOR-mandate-faza-1","ALIANȚA PENTRU UNIREA ROMÂNILOR-mandate-faza-2","PARTIDUL PUTERII UMANISTE (SOCIAL-LIBERAL)-voturi","PARTIDUL PUTERII UMANISTE (SOCIAL-LIBERAL)-mandate-faza-1","PARTIDUL PUTERII UMANISTE (SOCIAL-LIBERAL)-mandate-faza-2","""ALIANȚA USR PENTRU MOLDOVA""-voturi","""ALIANȚA USR PENTRU MOLDOVA""-mandate-faza-1","""ALIANȚA USR PENTRU MOLDOVA""-mandate-faza-2","COMUNITATEA RUȘILOR LIPOVENI DIN ROMÂNIA-voturi","COMUNITATEA RUȘILOR LIPOVENI DIN ROMÂNIA-mandate-faza-1","COMUNITATEA RUȘILOR LIPOVENI DIN ROMÂNIA-mandate-faza-2","AMARANDEI MIHAI-voturi","AMARANDEI MIHAI-mandate-faza-1","AMARANDEI MIHAI-mandate-faza-2","AFRĂSINEI CONSTANTIN-CRISTINEL-voturi","AFRĂSINEI CONSTANTIN-CRISTINEL-mandate-faza-1","AFRĂSINEI CONSTANTIN-CRISTINEL-mandate-faza-2","LOZBĂ DUMITRU-voturi","LOZBĂ DUMITRU-mandate-faza-1","LOZBĂ DUMITRU-mandate-faza-2","ŢUŢUIANU NECULAI-voturi","ŢUŢUIANU NECULAI-mandate-faza-1","ŢUŢUIANU NECULAI-mandate-faza-2","PARTIDUL NEAMUL ROMÂNESC-voturi","PARTIDUL NEAMUL ROMÂNESC-mandate-faza-1","PARTIDUL NEAMUL ROMÂNESC-mandate-faza-2","BĂLTEANU STELIAN-voturi","BĂLTEANU STELIAN-mandate-faza-1","BĂLTEANU STELIAN-mandate-faza-2","APOSTOL ALIN-GHIOCEL-voturi","APOSTOL ALIN-GHIOCEL-mandate-faza-1","APOSTOL ALIN-GHIOCEL-mandate-faza-2","CIOBANU VASILE-voturi","CIOBANU VASILE-mandate-faza-1","CIOBANU VASILE-mandate-faza-2","ASOCIAȚIA PARTIDA ROMILOR “PRO-EUROPA”-voturi","ASOCIAȚIA PARTIDA ROMILOR “PRO-EUROPA”-mandate-faza-1","ASOCIAȚIA PARTIDA ROMILOR “PRO-EUROPA”-mandate-faza-2","MĂRIUŢA DĂNUŢ-voturi","MĂRIUŢA DĂNUŢ-mandate-faza-1","MĂRIUŢA DĂNUŢ-mandate-faza-2","UNIUNEA ARMENILOR DIN ROMÂNIA-voturi","UNIUNEA ARMENILOR DIN ROMÂNIA-mandate-faza-1","UNIUNEA ARMENILOR DIN ROMÂNIA-mandate-faza-2","PARTIDUL RE:START ROMÂNIA-voturi","PARTIDUL RE:START ROMÂNIA-mandate-faza-1","PARTIDUL RE:START ROMÂNIA-mandate-faza-2","PARTIDUL PRO IAȘI-voturi","PARTIDUL PRO IAȘI-mandate-faza-1","PARTIDUL PRO IAȘI-mandate-faza-2","ZAMFIR BOGDAN-MIHAIL-voturi","ZAMFIR BOGDAN-MIHAIL-mandate-faza-1","ZAMFIR BOGDAN-MIHAIL-mandate-faza-2","RĂUŢ DĂNUŢ-voturi","RĂUŢ DĂNUŢ-mandate-faza-1","RĂUŢ DĂNUŢ-mandate-faza-2","SOFIAN GABRIEL-voturi","SOFIAN GABRIEL-mandate-faza-1","SOFIAN GABRIEL-mandate-faza-2","IFTIME ALIDA-ELENA-voturi","IFTIME ALIDA-ELENA-mandate-faza-1","IFTIME ALIDA-ELENA-mandate-faza-2","PARTIDUL FORȚA IDENTITĂȚII NAȚIONALE-voturi","PARTIDUL FORȚA IDENTITĂȚII NAȚIONALE-mandate-faza-1","PARTIDUL FORȚA IDENTITĂȚII NAȚIONALE-mandate-faza-2","OPREA IONEL-voturi","OPREA IONEL-mandate-faza-1","OPREA IONEL-mandate-faza-2","POPOVICI ANDREI-FLORIN-voturi","POPOVICI ANDREI-FLORIN-mandate-faza-1","POPOVICI ANDREI-FLORIN-mandate-faza-2","BUTUC IOAN-voturi","BUTUC IOAN-mandate-faza-1","BUTUC IOAN-mandate-faza-2","PIPIRIG VASILE-voturi","PIPIRIG VASILE-mandate-faza-1","PIPIRIG VASILE-mandate-faza-2","PARTIDUL NAȚIONAL ȚĂRĂNESC MANIU MIHALACHE-voturi","PARTIDUL NAȚIONAL ȚĂRĂNESC MANIU MIHALACHE-mandate-faza-1","PARTIDUL NAȚIONAL ȚĂRĂNESC MANIU MIHALACHE-mandate-faza-2","LADAN DAN-EUGEN-voturi","LADAN DAN-EUGEN-mandate-faza-1","LADAN DAN-EUGEN-mandate-faza-2","AMARANDEI DANIEL-voturi","AMARANDEI DANIEL-mandate-faza-1","AMARANDEI DANIEL-mandate-faza-2","HULUB GHEORGHIŢĂ-voturi","HULUB GHEORGHIŢĂ-mandate-faza-1","HULUB GHEORGHIŢĂ-mandate-faza-2","ARSENI COSTEL-voturi","ARSENI COSTEL-mandate-faza-1","ARSENI COSTEL-mandate-faza-2","COMUNITATEA RUȘILOR LIPOVENI DIN ROMÂNIA-mandate-g8","HORDILĂ GHEORGHE-voturi","HORDILĂ GHEORGHE-mandate-faza-1","HORDILĂ GHEORGHE-mandate-faza-2","UNIUNEA SALVAȚI ROMÂNIA-voturi","UNIUNEA SALVAȚI ROMÂNIA-mandate-faza-1","UNIUNEA SALVAȚI ROMÂNIA-mandate-faza-2","PARTIDUL LIBERTATE, UNITATE ȘI SOLIDARITATE-voturi","PARTIDUL LIBERTATE, UNITATE ȘI SOLIDARITATE-mandate-faza-1","PARTIDUL LIBERTATE, UNITATE ȘI SOLIDARITATE-mandate-faza-2","DOBÎRCIANU GHEORGHE-voturi","DOBÎRCIANU GHEORGHE-mandate-faza-1","DOBÎRCIANU GHEORGHE-mandate-faza-2","BÂRJOIANU CIPRIAN-voturi","BÂRJOIANU CIPRIAN-mandate-faza-1","BÂRJOIANU CIPRIAN-mandate-faza-2","MIRON SERGIU-voturi","MIRON SERGIU-mandate-faza-1","MIRON SERGIU-mandate-faza-2","CURELARIU IONUŢ-LUCIAN-voturi","CURELARIU IONUŢ-LUCIAN-mandate-faza-1","CURELARIU IONUŢ-LUCIAN-mandate-faza-2","ZARA CIOCÎRLEA BRISCAN-voturi","ZARA CIOCÎRLEA BRISCAN-mandate-faza-1","ZARA CIOCÎRLEA BRISCAN-mandate-faza-2","MATEI TIBERIU-voturi","MATEI TIBERIU-mandate-faza-1","MATEI TIBERIU-mandate-faza-2","AGAFIŢEI PETREA-voturi","AGAFIŢEI PETREA-mandate-faza-1","AGAFIŢEI PETREA-mandate-faza-2"
24,IAŞI,"ALEXANDRU I. CUZA",95612,1,FINAL,UAT,CL,CL_CE,"2020-09-28 06:24:13",2318,2289,0,16,13,1275,1246,0,16,13,1170,105,2500,1225,58,81,93,98,174,1,1,185,1,1,259,2,0,469,4,1,26,0,0,57,0,0,0,0,0,0,0,0,0,0,0,0,0,0,0,0,0,0,0,0,0,0,0,0,0,0,0,0,0,0,0,0,0,0,0,0,0,0,0,0,0,0,0,0,0,0,0,0,0,0,0,0,0,0,0,0,0,0,0,0,0,0,0,0,0,0,0,0,0,0,0,0,0,0,0,0,0,0,0,0,0,0,0,0,0,0,0,0,0,0,0,0,0,0,0,0,0,0,0,0,0,0,0,0,0,0,0,0,0,0,0,0,0,0,0,0,0,0,0,0,0,0,0,0,0,0,0,0,0,0,0,0,0,0,0,0,0,0,0,0,0,0,0,0,0,0,0,0,0,0,0,0,0,0,0,0,0,0,0,0,0,0,0,0
24,IAŞI,ANDRIEŞENI,95667,1,FINAL,UAT,CL,CL_CE,"2020-09-28 05:37:57",3240,3187,0,33,20,1663,1610,0,33,20,1511,152,3420,1757,75,105,120,106,50,0,0,413,3,1,397,3,1,382,3,0,67,0,0,0,0,0,187,1,1,15,0,0,0,0,0,0,0,0,0,0,0,0,0,0,0,0,0,0,0,0,0,0,0,0,0,0,0,0,0,0,0,0,0,0,0,0,0,0,0,0,0,0,0,0,0,0,0,0,0,0,0,0,0,0,0,0,0,0,0,0,0,0,0,0,0,0,0,0,0,0,0,0,0,0,0,0,0,0,0,0,0,0,0,0,0,0,0,0,0,0,0,0,0,0,0,0,0,0,0,0,0,0,0,0,0,0,0,0,0,0,0,0,0,0,0,0,0,0,0,0,0,0,0,0,0,0,0,0,0,0,0,0,0,0,0,0,0,0,0,0,0,0,0,0,0,0,0,0,0,0,0,0,0,0,0,0,0,0
24,IAŞI,ARONEANU,95747,1,FINAL,UAT,CL,CL_CE,"2020-09-28 06:34:09",3487,3371,4,71,41,1965,1851,2,71,41,1862,102,3700,1730,93,130,148,141,93,0,1,169,1,0,372,2,1,860,6,0,343,2,0,0,0,0,25,0,0,0,0,0,0,0,0,0,0,0,0,0,0,0,0,0,0,0,0,0,0,0,0,0,0,0,0,0,0,0,0,0,0,0,0,0,0,0,0,0,0,0,0,0,0,0,0,0,0,0,0,0,0,0,0,0,0,0,0,0,0,0,0,0,0,0,0,0,0,0,0,0,0,0,0,0,0,0,0,0,0,0,0,0,0,0,0,0,0,0,0,0,0,0,0,0,0,0,0,0,0,0,0,0,0,0,0,0,0,0,0,0,0,0,0,0,0,0,0,0,0,0,0,0,0,0,0,0,0,0,0,0,0,0,0,0,0,0,0,0,0,0,0,0,0,0,0,0,0,0,0,0,0,0,0,0,0,0,0,0
24,IAŞI,BALŞ,100273,1,FINAL,UAT,CL,CL_CE,"2020-09-28 04:44:15",2838,2777,0,9,52,1554,1497,0,9,48,1455,99,3000,1445,72,101,116,105,0,0,0,38,0,0,643,6,0,731,6,1,43,0,0,0,0,0,0,0,0,0,0,0,0,0,0,0,0,0,0,0,0,0,0,0,0,0,0,0,0,0,0,0,0,0,0,0,0,0,0,0,0,0,0,0,0,0,0,0,0,0,0,0,0,0,0,0,0,0,0,0,0,0,0,0,0,0,0,0,0,0,0,0,0,0,0,0,0,0,0,0,0,0,0,0,0,0,0,0,0,0,0,0,0,0,0,0,0,0,0,0,0,0,0,0,0,0,0,0,0,0,0,0,0,0,0,0,0,0,0,0,0,0,0,0,0,0,0,0,0,0,0,0,0,0,0,0,0,0,0,0,0,0,0,0,0,0,0,0,0,0,0,0,0,0,0,0,0,0,0,0,0,0,0,0,0,0,0,0
24,IAŞI,BĂLŢAŢI,95792,1,FINAL,UAT,CL,CL_CE,"2020-09-28 06:28:59",4653,4447,16,58,132,2611,2406,15,58,132,2466,120,4905,2300,123,172,197,142,63,0,0,90,0,0,1259,8,1,881,6,0,80,0,0,0,0,0,0,0,0,0,0,0,93,0,0,0,0,0,0,0,0,0,0,0,0,0,0,0,0,0,0,0,0,0,0,0,0,0,0,0,0,0,0,0,0,0,0,0,0,0,0,0,0,0,0,0,0,0,0,0,0,0,0,0,0,0,0,0,0,0,0,0,0,0,0,0,0,0,0,0,0,0,0,0,0,0,0,0,0,0,0,0,0,0,0,0,0,0,0,0,0,0,0,0,0,0,0,0,0,0,0,0,0,0,0,0,0,0,0,0,0,0,0,0,0,0,0,0,0,0,0,0,0,0,0,0,0,0,0,0,0,0,0,0,0,0,0,0,0,0,0,0,0,0,0,0,0,0,0,0,0,0,0,0,0,0,0,0
24,IAŞI,BÂRNOVA,95088,1,FINAL,UAT,CL,CL_CE,"2020-09-28 10:40:31",5754,5679,12,61,2,2860,2796,1,61,2,2732,128,6204,3340,136,191,218,162,122,0,0,126,0,0,228,1,1,1218,7,1,519,3,0,0,0,0,0,0,0,325,2,0,0,0,0,44,0,0,150,0,0,0,0,0,0,0,0,0,0,0,0,0,0,0,0,0,0,0,0,0,0,0,0,0,0,0,0,0,0,0,0,0,0,0,0,0,0,0,0,0,0,0,0,0,0,0,0,0,0,0,0,0,0,0,0,0,0,0,0,0,0,0,0,0,0,0,0,0,0,0,0,0,0,0,0,0,0,0,0,0,0,0,0,0,0,0,0,0,0,0,0,0,0,0,0,0,0,0,0,0,0,0,0,0,0,0,0,0,0,0,0,0,0,0,0,0,0,0,0,0,0,0,0,0,0,0,0,0,0,0,0,0,0,0,0,0,0,0,0,0,0,0,0,0,0,0,0,0
24,IAŞI,BELCEŞTI,95872,1,FINAL,UAT,CL,CL_CE,"2020-09-28 08:24:07",8432,8372,5,47,8,3750,3695,0,47,8,3307,443,9200,5450,165,231,264,172,162,0,0,191,1,0,1480,8,1,936,5,0,329,1,1,0,0,0,108,0,0,55,0,0,0,0,0,0,0,0,0,0,0,18,0,0,28,0,0,0,0,0,0,0,0,0,0,0,0,0,0,0,0,0,0,0,0,0,0,0,0,0,0,0,0,0,0,0,0,0,0,0,0,0,0,0,0,0,0,0,0,0,0,0,0,0,0,0,0,0,0,0,0,0,0,0,0,0,0,0,0,0,0,0,0,0,0,0,0,0,0,0,0,0,0,0,0,0,0,0,0,0,0,0,0,0,0,0,0,0,0,0,0,0,0,0,0,0,0,0,0,0,0,0,0,0,0,0,0,0,0,0,0,0,0,0,0,0,0,0,0,0,0,0,0,0,0,0,0,0,0,0,0,0,0,0,0,0,0,0
24,IAŞI,BIVOLARI,95943,1,FINAL,UAT,CL,CL_CE,"2020-09-28 03:24:39",3341,3321,1,13,6,1199,1180,0,13,6,1119,75,3600,2406,55,78,89,79,0,0,0,69,0,1,603,7,1,358,4,0,0,0,0,0,0,0,54,0,0,35,0,0,0,0,0,0,0,0,0,0,0,0,0,0,0,0,0,0,0,0,0,0,0,0,0,0,0,0,0,0,0,0,0,0,0,0,0,0,0,0,0,0,0,0,0,0,0,0,0,0,0,0,0,0,0,0,0,0,0,0,0,0,0,0,0,0,0,0,0,0,0,0,0,0,0,0,0,0,0,0,0,0,0,0,0,0,0,0,0,0,0,0,0,0,0,0,0,0,0,0,0,0,0,0,0,0,0,0,0,0,0,0,0,0,0,0,0,0,0,0,0,0,0,0,0,0,0,0,0,0,0,0,0,0,0,0,0,0,0,0,0,0,0,0,0,0,0,0,0,0,0,0,0,0,0,0,0,0
24,IAŞI,BRĂEŞTI,96058,1,FINAL,UAT,CL,CL_CE,"2020-09-28 07:05:23",2607,2468,1,32,106,1417,1280,0,32,105,1335,82,2700,1283,66,93,106,99,37,0,0,119,1,0,144,1,0,1035,10,1,0,0,0,0,0,0,0,0,0,0,0,0,0,0,0,0,0,0,0,0,0,0,0,0,0,0,0,0,0,0,0,0,0,0,0,0,0,0,0,0,0,0,0,0,0,0,0,0,0,0,0,0,0,0,0,0,0,0,0,0,0,0,0,0,0,0,0,0,0,0,0,0,0,0,0,0,0,0,0,0,0,0,0,0,0,0,0,0,0,0,0,0,0,0,0,0,0,0,0,0,0,0,0,0,0,0,0,0,0,0,0,0,0,0,0,0,0,0,0,0,0,0,0,0,0,0,0,0,0,0,0,0,0,0,0,0,0,0,0,0,0,0,0,0,0,0,0,0,0,0,0,0,0,0,0,0,0,0,0,0,0,0,0,0,0,0,0,0
24,IAŞI,BUTEA,96110,1,FINAL,UAT,CL,CL_CE,"2020-09-28 11:57:11",3574,3500,0,31,43,1407,1333,0,31,43,1310,97,3900,2493,65,91,104,93,14,0,0,57,0,0,855,9,0,267,2,1,0,0,0,0,0,0,0,0,0,29,0,0,0,0,0,0,0,0,0,0,0,0,0,0,0,0,0,88,0,1,0,0,0,0,0,0,0,0,0,0,0,0,0,0,0,0,0,0,0,0,0,0,0,0,0,0,0,0,0,0,0,0,0,0,0,0,0,0,0,0,0,0,0,0,0,0,0,0,0,0,0,0,0,0,0,0,0,0,0,0,0,0,0,0,0,0,0,0,0,0,0,0,0,0,0,0,0,0,0,0,0,0,0,0,0,0,0,0,0,0,0,0,0,0,0,0,0,0,0,0,0,0,0,0,0,0,0,0,0,0,0,0,0,0,0,0,0,0,0,0,0,0,0,0,0,0,0,0,0,0,0,0,0,0,0,0,0,0
24,IAŞI,CEPLENIŢA,96147,1,FINAL,UAT,CL,CL_CE,"2020-09-28 07:06:28",3389,3355,1,24,9,1581,1548,0,24,9,1443,138,3600,2019,72,101,115,111,124,1,0,140,1,0,446,4,0,567,5,0,166,1,1,0,0,0,0,0,0,0,0,0,0,0,0,0,0,0,0,0,0,0,0,0,0,0,0,0,0,0,0,0,0,0,0,0,0,0,0,0,0,0,0,0,0,0,0,0,0,0,0,0,0,0,0,0,0,0,0,0,0,0,0,0,0,0,0,0,0,0,0,0,0,0,0,0,0,0,0,0,0,0,0,0,0,0,0,0,0,0,0,0,0,0,0,0,0,0,0,0,0,0,0,0,0,0,0,0,0,0,0,0,0,0,0,0,0,0,0,0,0,0,0,0,0,0,0,0,0,0,0,0,0,0,0,0,0,0,0,0,0,0,0,0,0,0,0,0,0,0,0,0,0,0,0,0,0,0,0,0,0,0,0,0,0,0,0,0
24,IAŞI,CIOHORĂNI,100362,1,FINAL,UAT,CL,CL_CE,"2020-09-28 03:21:39",1518,1507,1,4,6,742,732,0,4,6,700,42,1600,858,35,49,56,63,82,1,0,88,1,1,442,7,0,88,1,0,0,0,0,0,0,0,0,0,0,0,0,0,0,0,0,0,0,0,0,0,0,0,0,0,0,0,0,0,0,0,0,0,0,0,0,0,0,0,0,0,0,0,0,0,0,0,0,0,0,0,0,0,0,0,0,0,0,0,0,0,0,0,0,0,0,0,0,0,0,0,0,0,0,0,0,0,0,0,0,0,0,0,0,0,0,0,0,0,0,0,0,0,0,0,0,0,0,0,0,0,0,0,0,0,0,0,0,0,0,0,0,0,0,0,0,0,0,0,0,0,0,0,0,0,0,0,0,0,0,0,0,0,0,0,0,0,0,0,0,0,0,0,0,0,0,0,0,0,0,0,0,0,0,0,0,0,0,0,0,0,0,0,0,0,0,0,0,0
24,IAŞI,CIORTEŞTI,96192,1,FINAL,UAT,CL,CL_CE,"2020-09-28 06:05:02",2941,2893,0,32,16,1746,1698,0,32,16,1578,168,3302,1556,78,110,126,115,0,0,0,220,1,1,360,3,0,924,8,0,51,0,0,0,0,0,23,0,0,0,0,0,0,0,0,0,0,0,0,0,0,0,0,0,0,0,0,0,0,0,0,0,0,0,0,0,0,0,0,0,0,0,0,0,0,0,0,0,0,0,0,0,0,0,0,0,0,0,0,0,0,0,0,0,0,0,0,0,0,0,0,0,0,0,0,0,0,0,0,0,0,0,0,0,0,0,0,0,0,0,0,0,0,0,0,0,0,0,0,0,0,0,0,0,0,0,0,0,0,0,0,0,0,0,0,0,0,0,0,0,0,0,0,0,0,0,0,0,0,0,0,0,0,0,0,0,0,0,0,0,0,0,0,0,0,0,0,0,0,0,0,0,0,0,0,0,0,0,0,0,0,0,0,0,0,0,0,0
24,IAŞI,CIUREA,96254,1,FINAL,UAT,CL,CL_CE,"2020-09-28 12:43:43",13538,13429,25,69,15,5412,5328,0,69,15,5180,230,14899,9489,259,362,414,0,126,0,0,257,0,0,2423,9,0,756,2,1,1195,4,1,0,0,0,96,0,0,121,0,0,0,0,0,0,0,0,0,0,0,0,0,0,0,0,0,0,0,0,185,0,0,21,0,0,0,0,0,0,0,0,0,0,0,0,0,0,0,0,0,0,0,0,0,0,0,0,0,0,0,0,0,0,0,0,0,0,0,0,0,0,0,0,0,0,0,0,0,0,0,0,0,0,0,0,0,0,0,0,0,0,0,0,0,0,0,0,0,0,0,0,0,0,0,0,0,0,0,0,0,0,0,0,0,0,0,0,0,0,0,0,0,0,0,0,0,0,0,0,0,0,0,0,0,0,0,0,0,0,0,0,0,0,0,0,0,0,0,0,0,0,0,0,0,0,0,0,0,0,0,0,0,0,0,0,0,0
24,IAŞI,"COARNELE CAPREI",96334,1,FINAL,UAT,CL,CL_CE,"2020-09-28 05:43:44",2282,2112,0,55,115,1527,1357,0,55,115,1454,73,2400,873,72,101,116,0,0,0,0,14,0,0,689,5,0,751,5,1,0,0,0,0,0,0,0,0,0,0,0,0,0,0,0,0,0,0,0,0,0,0,0,0,0,0,0,0,0,0,0,0,0,0,0,0,0,0,0,0,0,0,0,0,0,0,0,0,0,0,0,0,0,0,0,0,0,0,0,0,0,0,0,0,0,0,0,0,0,0,0,0,0,0,0,0,0,0,0,0,0,0,0,0,0,0,0,0,0,0,0,0,0,0,0,0,0,0,0,0,0,0,0,0,0,0,0,0,0,0,0,0,0,0,0,0,0,0,0,0,0,0,0,0,0,0,0,0,0,0,0,0,0,0,0,0,0,0,0,0,0,0,0,0,0,0,0,0,0,0,0,0,0,0,0,0,0,0,0,0,0,0,0,0,0,0,0,0
24,IAŞI,COMARNA,96370,1,FINAL,UAT,CL,CL_CE,"2020-09-28 10:06:17",5772,5631,0,74,67,1985,1844,0,74,67,1852,133,6200,4215,92,129,148,110,25,0,0,120,1,0,589,5,0,949,8,1,118,0,0,0,0,0,24,0,0,22,0,0,0,0,0,0,0,0,0,0,0,0,0,0,0,0,0,0,0,0,5,0,0,0,0,0,0,0,0,0,0,0,0,0,0,0,0,0,0,0,0,0,0,0,0,0,0,0,0,0,0,0,0,0,0,0,0,0,0,0,0,0,0,0,0,0,0,0,0,0,0,0,0,0,0,0,0,0,0,0,0,0,0,0,0,0,0,0,0,0,0,0,0,0,0,0,0,0,0,0,0,0,0,0,0,0,0,0,0,0,0,0,0,0,0,0,0,0,0,0,0,0,0,0,0,0,0,0,0,0,0,0,0,0,0,0,0,0,0,0,0,0,0,0,0,0,0,0,0,0,0,0,0,0,0,0,0,0
24,IAŞI,COSTEŞTI,100282,1,FINAL,UAT,CL,CL_CE,"2020-09-28 02:38:58",1435,1418,2,15,0,897,881,1,15,0,857,40,1500,603,42,59,68,76,0,0,0,20,0,0,703,9,0,134,1,1,0,0,0,0,0,0,0,0,0,0,0,0,0,0,0,0,0,0,0,0,0,0,0,0,0,0,0,0,0,0,0,0,0,0,0,0,0,0,0,0,0,0,0,0,0,0,0,0,0,0,0,0,0,0,0,0,0,0,0,0,0,0,0,0,0,0,0,0,0,0,0,0,0,0,0,0,0,0,0,0,0,0,0,0,0,0,0,0,0,0,0,0,0,0,0,0,0,0,0,0,0,0,0,0,0,0,0,0,0,0,0,0,0,0,0,0,0,0,0,0,0,0,0,0,0,0,0,0,0,0,0,0,0,0,0,0,0,0,0,0,0,0,0,0,0,0,0,0,0,0,0,0,0,0,0,0,0,0,0,0,0,0,0,0,0,0,0,0
24,IAŞI,COSTULENI,96423,1,FINAL,UAT,CL,CL_CE,"2020-09-28 03:10:19",6309,6278,0,31,0,1723,1692,0,31,0,1588,135,6900,5177,79,111,127,101,29,0,0,116,1,0,444,4,0,965,9,1,0,0,0,0,0,0,34,0,0,0,0,0,0,0,0,0,0,0,0,0,0,0,0,0,0,0,0,0,0,0,0,0,0,0,0,0,0,0,0,0,0,0,0,0,0,0,0,0,0,0,0,0,0,0,0,0,0,0,0,0,0,0,0,0,0,0,0,0,0,0,0,0,0,0,0,0,0,0,0,0,0,0,0,0,0,0,0,0,0,0,0,0,0,0,0,0,0,0,0,0,0,0,0,0,0,0,0,0,0,0,0,0,0,0,0,0,0,0,0,0,0,0,0,0,0,0,0,0,0,0,0,0,0,0,0,0,0,0,0,0,0,0,0,0,0,0,0,0,0,0,0,0,0,0,0,0,0,0,0,0,0,0,0,0,0,0,0,0
24,IAŞI,COTNARI,96478,1,FINAL,UAT,CL,CL_CE,"2020-09-28 06:34:47",6032,5984,1,40,7,2830,2783,0,40,7,2578,248,6500,3674,128,180,206,171,210,1,0,245,1,0,1174,6,1,590,3,1,359,2,0,0,0,0,0,0,0,0,0,0,0,0,0,0,0,0,0,0,0,0,0,0,0,0,0,0,0,0,0,0,0,0,0,0,0,0,0,0,0,0,0,0,0,0,0,0,0,0,0,0,0,0,0,0,0,0,0,0,0,0,0,0,0,0,0,0,0,0,0,0,0,0,0,0,0,0,0,0,0,0,0,0,0,0,0,0,0,0,0,0,0,0,0,0,0,0,0,0,0,0,0,0,0,0,0,0,0,0,0,0,0,0,0,0,0,0,0,0,0,0,0,0,0,0,0,0,0,0,0,0,0,0,0,0,0,0,0,0,0,0,0,0,0,0,0,0,0,0,0,0,0,0,0,0,0,0,0,0,0,0,0,0,0,0,0,0
24,IAŞI,COZMEŞTI,96593,1,FINAL,UAT,CL,CL_CE,"2020-09-28 04:37:59",2246,2178,0,40,28,1256,1188,0,40,28,1143,113,2400,1144,57,80,91,99,45,0,0,295,2,1,551,5,0,190,1,1,0,0,0,0,0,0,0,0,0,62,0,1,0,0,0,0,0,0,0,0,0,0,0,0,0,0,0,0,0,0,0,0,0,0,0,0,0,0,0,0,0,0,0,0,0,0,0,0,0,0,0,0,0,0,0,0,0,0,0,0,0,0,0,0,0,0,0,0,0,0,0,0,0,0,0,0,0,0,0,0,0,0,0,0,0,0,0,0,0,0,0,0,0,0,0,0,0,0,0,0,0,0,0,0,0,0,0,0,0,0,0,0,0,0,0,0,0,0,0,0,0,0,0,0,0,0,0,0,0,0,0,0,0,0,0,0,0,0,0,0,0,0,0,0,0,0,0,0,0,0,0,0,0,0,0,0,0,0,0,0,0,0,0,0,0,0,0,0
24,IAŞI,CRISTEŞTI,96637,1,FINAL,UAT,CL,CL_CE,"2020-09-28 07:13:36",3300,3219,0,42,39,1946,1865,0,42,39,1832,109,3500,1559,91,128,146,0,108,0,1,35,0,0,586,4,0,1044,7,1,20,0,0,0,0,0,27,0,0,0,0,0,0,0,0,12,0,0,0,0,0,0,0,0,0,0,0,0,0,0,0,0,0,0,0,0,0,0,0,0,0,0,0,0,0,0,0,0,0,0,0,0,0,0,0,0,0,0,0,0,0,0,0,0,0,0,0,0,0,0,0,0,0,0,0,0,0,0,0,0,0,0,0,0,0,0,0,0,0,0,0,0,0,0,0,0,0,0,0,0,0,0,0,0,0,0,0,0,0,0,0,0,0,0,0,0,0,0,0,0,0,0,0,0,0,0,0,0,0,0,0,0,0,0,0,0,0,0,0,0,0,0,0,0,0,0,0,0,0,0,0,0,0,0,0,0,0,0,0,0,0,0,0,0,0,0,0,0
24,IAŞI,CUCUTENI,96664,1,FINAL,UAT,CL,CL_CE,"2020-09-28 04:19:07",1116,1055,1,23,37,659,598,1,23,37,602,57,1200,541,30,42,48,66,0,0,0,199,3,0,354,5,0,49,0,1,0,0,0,0,0,0,0,0,0,0,0,0,0,0,0,0,0,0,0,0,0,0,0,0,0,0,0,0,0,0,0,0,0,0,0,0,0,0,0,0,0,0,0,0,0,0,0,0,0,0,0,0,0,0,0,0,0,0,0,0,0,0,0,0,0,0,0,0,0,0,0,0,0,0,0,0,0,0,0,0,0,0,0,0,0,0,0,0,0,0,0,0,0,0,0,0,0,0,0,0,0,0,0,0,0,0,0,0,0,0,0,0,0,0,0,0,0,0,0,0,0,0,0,0,0,0,0,0,0,0,0,0,0,0,0,0,0,0,0,0,0,0,0,0,0,0,0,0,0,0,0,0,0,0,0,0,0,0,0,0,0,0,0,0,0,0,0,0
24,IAŞI,DAGÂŢA,96717,1,FINAL,UAT,CL,CL_CE,"2020-09-28 07:47:37",3633,3589,0,38,6,1855,1811,0,38,6,1700,155,3900,2045,85,119,136,115,67,0,0,55,0,0,528,4,1,972,8,0,30,0,0,0,0,0,0,0,0,0,0,0,0,0,0,0,0,0,0,0,0,0,0,0,0,0,0,0,0,0,0,0,0,0,0,0,0,0,48,0,0,0,0,0,0,0,0,0,0,0,0,0,0,0,0,0,0,0,0,0,0,0,0,0,0,0,0,0,0,0,0,0,0,0,0,0,0,0,0,0,0,0,0,0,0,0,0,0,0,0,0,0,0,0,0,0,0,0,0,0,0,0,0,0,0,0,0,0,0,0,0,0,0,0,0,0,0,0,0,0,0,0,0,0,0,0,0,0,0,0,0,0,0,0,0,0,0,0,0,0,0,0,0,0,0,0,0,0,0,0,0,0,0,0,0,0,0,0,0,0,0,0,0,0,0,0,0,0
24,IAŞI,DELENI,96815,1,FINAL,UAT,CL,CL_CE,"2020-09-28 03:37:26",7895,7854,2,37,2,2873,2834,0,37,2,2562,311,8600,5727,128,179,204,145,0,0,0,167,1,0,466,3,0,1837,12,1,56,0,0,0,0,0,0,0,0,0,0,0,0,0,0,0,0,0,0,0,0,0,0,0,0,0,0,0,0,0,0,0,0,0,0,0,0,0,0,0,0,36,0,0,0,0,0,0,0,0,0,0,0,0,0,0,0,0,0,0,0,0,0,0,0,0,0,0,0,0,0,0,0,0,0,0,0,0,0,0,0,0,0,0,0,0,0,0,0,0,0,0,0,0,0,0,0,0,0,0,0,0,0,0,0,0,0,0,0,0,0,0,0,0,0,0,0,0,0,0,0,0,0,0,0,0,0,0,0,0,0,0,0,0,0,0,0,0,0,0,0,0,0,0,0,0,0,0,0,0,0,0,0,0,0,0,0,0,0,0,0,0,0,0,0,0,0,0
24,IAŞI,DOBROVĂŢ,96888,1,FINAL,UAT,CL,CL_CE,"2020-09-28 04:33:20",1883,1817,3,16,47,958,895,0,16,47,853,105,2000,1042,42,59,68,77,0,0,0,99,1,0,174,2,0,503,6,1,0,0,0,0,0,0,0,0,0,77,1,0,0,0,0,0,0,0,0,0,0,0,0,0,0,0,0,0,0,0,0,0,0,0,0,0,0,0,0,0,0,0,0,0,0,0,0,0,0,0,0,0,0,0,0,0,0,0,0,0,0,0,0,0,0,0,0,0,0,0,0,0,0,0,0,0,0,0,0,0,0,0,0,0,0,0,0,0,0,0,0,0,0,0,0,0,0,0,0,0,0,0,0,0,0,0,0,0,0,0,0,0,0,0,0,0,0,0,0,0,0,0,0,0,0,0,0,0,0,0,0,0,0,0,0,0,0,0,0,0,0,0,0,0,0,0,0,0,0,0,0,0,0,0,0,0,0,0,0,0,0,0,0,0,0,0,0,0
24,IAŞI,DOLHEŞTI,96904,1,FINAL,UAT,CL,CL_CE,"2020-09-28 08:26:46",2195,2138,1,16,40,1253,1197,0,16,40,1168,85,2300,1047,58,81,93,103,0,0,0,66,0,1,507,4,1,467,4,0,101,0,1,0,0,0,27,0,0,0,0,0,0,0,0,0,0,0,0,0,0,0,0,0,0,0,0,0,0,0,0,0,0,0,0,0,0,0,0,0,0,0,0,0,0,0,0,0,0,0,0,0,0,0,0,0,0,0,0,0,0,0,0,0,0,0,0,0,0,0,0,0,0,0,0,0,0,0,0,0,0,0,0,0,0,0,0,0,0,0,0,0,0,0,0,0,0,0,0,0,0,0,0,0,0,0,0,0,0,0,0,0,0,0,0,0,0,0,0,0,0,0,0,0,0,0,0,0,0,0,0,0,0,0,0,0,0,0,0,0,0,0,0,0,0,0,0,0,0,0,0,0,0,0,0,0,0,0,0,0,0,0,0,0,0,0,0,0
24,IAŞI,DRĂGUŞENI,100308,1,FINAL,UAT,CL,CL_CE,"2020-09-28 05:49:22",1186,1159,0,2,25,587,560,0,2,25,525,62,1200,613,26,36,42,58,0,0,0,50,0,1,278,4,1,94,1,0,0,0,0,0,0,0,0,0,0,103,1,1,0,0,0,0,0,0,0,0,0,0,0,0,0,0,0,0,0,0,0,0,0,0,0,0,0,0,0,0,0,0,0,0,0,0,0,0,0,0,0,0,0,0,0,0,0,0,0,0,0,0,0,0,0,0,0,0,0,0,0,0,0,0,0,0,0,0,0,0,0,0,0,0,0,0,0,0,0,0,0,0,0,0,0,0,0,0,0,0,0,0,0,0,0,0,0,0,0,0,0,0,0,0,0,0,0,0,0,0,0,0,0,0,0,0,0,0,0,0,0,0,0,0,0,0,0,0,0,0,0,0,0,0,0,0,0,0,0,0,0,0,0,0,0,0,0,0,0,0,0,0,0,0,0,0,0,0
24,IAŞI,DUMEŞTI,96940,1,FINAL,UAT,CL,CL_CE,"2020-09-28 08:49:05",3945,3895,2,40,8,2199,2151,0,40,8,1997,202,4200,2001,99,139,159,127,253,1,1,314,2,1,363,2,1,562,4,0,61,0,0,0,0,0,248,1,1,29,0,0,0,0,0,0,0,0,0,0,0,0,0,0,0,0,0,0,0,0,0,0,0,0,0,0,0,0,0,0,0,0,0,0,167,1,0,0,0,0,0,0,0,0,0,0,0,0,0,0,0,0,0,0,0,0,0,0,0,0,0,0,0,0,0,0,0,0,0,0,0,0,0,0,0,0,0,0,0,0,0,0,0,0,0,0,0,0,0,0,0,0,0,0,0,0,0,0,0,0,0,0,0,0,0,0,0,0,0,0,0,0,0,0,0,0,0,0,0,0,0,0,0,0,0,0,0,0,0,0,0,0,0,0,0,0,0,0,0,0,0,0,0,0,0,0,0,0,0,0,0,0,0,0,0,0,0,0
24,IAŞI,ERBICENI,97009,1,FINAL,UAT,CL,CL_CE,"2020-09-28 05:42:03",4441,4406,2,31,2,2071,2037,1,31,2,1867,204,4800,2729,93,130,149,117,94,0,1,73,0,0,1158,9,1,321,2,1,0,0,0,0,0,0,0,0,0,0,0,0,0,0,0,0,0,0,0,0,0,0,0,0,0,0,0,0,0,0,188,1,0,0,0,0,0,0,0,0,0,0,0,0,0,0,0,33,0,0,0,0,0,0,0,0,0,0,0,0,0,0,0,0,0,0,0,0,0,0,0,0,0,0,0,0,0,0,0,0,0,0,0,0,0,0,0,0,0,0,0,0,0,0,0,0,0,0,0,0,0,0,0,0,0,0,0,0,0,0,0,0,0,0,0,0,0,0,0,0,0,0,0,0,0,0,0,0,0,0,0,0,0,0,0,0,0,0,0,0,0,0,0,0,0,0,0,0,0,0,0,0,0,0,0,0,0,0,0,0,0,0,0,0,0,0,0,0
24,IAŞI,FÂNTÂNELE,100317,1,FINAL,UAT,CL,CL_CE,"2020-09-28 08:27:46",1585,1525,0,7,53,915,855,0,7,53,817,98,1600,685,40,57,65,0,0,0,0,41,0,1,474,6,0,95,1,0,0,0,0,0,0,0,0,0,0,0,0,0,0,0,0,0,0,0,0,0,0,0,0,0,0,0,0,0,0,0,0,0,0,0,0,0,0,0,0,0,0,0,0,0,0,0,0,0,0,0,207,2,1,0,0,0,0,0,0,0,0,0,0,0,0,0,0,0,0,0,0,0,0,0,0,0,0,0,0,0,0,0,0,0,0,0,0,0,0,0,0,0,0,0,0,0,0,0,0,0,0,0,0,0,0,0,0,0,0,0,0,0,0,0,0,0,0,0,0,0,0,0,0,0,0,0,0,0,0,0,0,0,0,0,0,0,0,0,0,0,0,0,0,0,0,0,0,0,0,0,0,0,0,0,0,0,0,0,0,0,0,0,0,0,0,0,0,0
24,IAŞI,FOCURI,97063,1,FINAL,UAT,CL,CL_CE,"2020-09-28 05:40:17",2997,2985,0,12,0,1527,1515,0,12,0,1402,125,3200,1673,70,98,112,102,0,0,0,38,0,0,720,7,0,421,4,0,33,0,0,0,0,0,0,0,0,0,0,0,0,0,0,0,0,0,0,0,0,0,0,0,0,0,0,0,0,0,0,0,0,0,0,0,0,0,0,0,0,0,0,0,0,0,0,0,0,0,0,0,0,190,1,1,0,0,0,0,0,0,0,0,0,0,0,0,0,0,0,0,0,0,0,0,0,0,0,0,0,0,0,0,0,0,0,0,0,0,0,0,0,0,0,0,0,0,0,0,0,0,0,0,0,0,0,0,0,0,0,0,0,0,0,0,0,0,0,0,0,0,0,0,0,0,0,0,0,0,0,0,0,0,0,0,0,0,0,0,0,0,0,0,0,0,0,0,0,0,0,0,0,0,0,0,0,0,0,0,0,0,0,0,0,0,0,0
24,IAŞI,GOLĂIEŞTI,97090,1,FINAL,UAT,CL,CL_CE,"2020-09-28 08:01:49",3107,3034,1,57,15,1908,1836,0,57,15,1761,147,3300,1392,88,123,140,115,61,0,0,62,0,0,548,5,0,796,7,0,0,0,0,0,0,0,77,0,0,163,1,0,0,0,0,0,0,0,0,0,0,0,0,0,0,0,0,0,0,0,0,0,0,0,0,0,0,0,0,0,0,0,0,0,0,0,0,0,0,0,0,0,0,0,0,0,54,0,0,0,0,0,0,0,0,0,0,0,0,0,0,0,0,0,0,0,0,0,0,0,0,0,0,0,0,0,0,0,0,0,0,0,0,0,0,0,0,0,0,0,0,0,0,0,0,0,0,0,0,0,0,0,0,0,0,0,0,0,0,0,0,0,0,0,0,0,0,0,0,0,0,0,0,0,0,0,0,0,0,0,0,0,0,0,0,0,0,0,0,0,0,0,0,0,0,0,0,0,0,0,0,0,0,0,0,0,0,0
24,IAŞI,GORBAN,97189,1,FINAL,UAT,CL,CL_CE,"2020-09-28 03:09:41",2425,2398,2,24,1,1232,1207,0,24,1,1145,87,2600,1366,57,80,91,99,0,0,0,113,1,0,504,5,0,343,3,1,132,1,0,0,0,0,0,0,0,53,0,0,0,0,0,0,0,0,0,0,0,0,0,0,0,0,0,0,0,0,0,0,0,0,0,0,0,0,0,0,0,0,0,0,0,0,0,0,0,0,0,0,0,0,0,0,0,0,0,0,0,0,0,0,0,0,0,0,0,0,0,0,0,0,0,0,0,0,0,0,0,0,0,0,0,0,0,0,0,0,0,0,0,0,0,0,0,0,0,0,0,0,0,0,0,0,0,0,0,0,0,0,0,0,0,0,0,0,0,0,0,0,0,0,0,0,0,0,0,0,0,0,0,0,0,0,0,0,0,0,0,0,0,0,0,0,0,0,0,0,0,0,0,0,0,0,0,0,0,0,0,0,0,0,0,0,0,0
24,IAŞI,GRAJDURI,97241,1,FINAL,UAT,CL,CL_CE,"2020-09-28 05:41:29",8323,8288,1,33,1,1279,1244,1,33,1,1182,97,9100,7821,59,82,94,66,96,1,0,137,2,0,565,8,1,139,2,0,7,0,0,0,0,0,53,0,0,46,0,0,0,0,0,64,0,1,0,0,0,0,0,0,0,0,0,0,0,0,0,0,0,0,0,0,0,0,0,0,0,0,0,0,0,0,0,0,0,0,0,0,0,0,0,0,0,0,0,30,0,0,45,0,0,0,0,0,0,0,0,0,0,0,0,0,0,0,0,0,0,0,0,0,0,0,0,0,0,0,0,0,0,0,0,0,0,0,0,0,0,0,0,0,0,0,0,0,0,0,0,0,0,0,0,0,0,0,0,0,0,0,0,0,0,0,0,0,0,0,0,0,0,0,0,0,0,0,0,0,0,0,0,0,0,0,0,0,0,0,0,0,0,0,0,0,0,0,0,0,0,0,0,0,0,0,0,0
24,IAŞI,GROPNIŢA,97321,1,FINAL,UAT,CL,CL_CE,"2020-09-28 05:17:08",2580,2514,1,30,35,1533,1468,0,30,35,1428,105,2700,1167,71,99,114,99,0,0,0,94,0,1,255,2,0,950,9,1,40,0,0,0,0,0,0,0,0,23,0,0,0,0,0,0,0,0,0,0,0,0,0,0,0,0,0,0,0,0,0,0,0,0,0,0,0,0,0,0,0,0,0,0,0,0,0,0,0,0,0,0,0,0,0,0,0,0,0,0,0,0,0,0,0,66,0,0,0,0,0,0,0,0,0,0,0,0,0,0,0,0,0,0,0,0,0,0,0,0,0,0,0,0,0,0,0,0,0,0,0,0,0,0,0,0,0,0,0,0,0,0,0,0,0,0,0,0,0,0,0,0,0,0,0,0,0,0,0,0,0,0,0,0,0,0,0,0,0,0,0,0,0,0,0,0,0,0,0,0,0,0,0,0,0,0,0,0,0,0,0,0,0,0,0,0,0,0
24,IAŞI,GROZEŞTI,97394,1,FINAL,UAT,CL,CL_CE,"2020-09-28 07:41:04",1462,1367,1,13,81,903,809,1,13,80,847,56,1500,597,42,59,67,77,78,1,0,40,0,0,435,6,0,281,4,0,0,0,0,0,0,0,0,0,0,13,0,0,0,0,0,0,0,0,0,0,0,0,0,0,0,0,0,0,0,0,0,0,0,0,0,0,0,0,0,0,0,0,0,0,0,0,0,0,0,0,0,0,0,0,0,0,0,0,0,0,0,0,0,0,0,0,0,0,0,0,0,0,0,0,0,0,0,0,0,0,0,0,0,0,0,0,0,0,0,0,0,0,0,0,0,0,0,0,0,0,0,0,0,0,0,0,0,0,0,0,0,0,0,0,0,0,0,0,0,0,0,0,0,0,0,0,0,0,0,0,0,0,0,0,0,0,0,0,0,0,0,0,0,0,0,0,0,0,0,0,0,0,0,0,0,0,0,0,0,0,0,0,0,0,0,0,0,0
24,IAŞI,HĂLĂUCEŞTI,97438,1,FINAL,UAT,CL,CL_CE,"2020-09-28 04:18:23",4808,4748,1,17,42,1764,1706,0,17,41,1660,99,5200,3441,83,116,132,99,212,2,0,79,0,0,248,2,1,1035,10,0,0,0,0,0,0,0,54,0,0,32,0,0,0,0,0,0,0,0,0,0,0,0,0,0,0,0,0,0,0,0,0,0,0,0,0,0,0,0,0,0,0,0,0,0,0,0,0,0,0,0,0,0,0,0,0,0,0,0,0,0,0,0,0,0,0,0,0,0,0,0,0,0,0,0,0,0,0,0,0,0,0,0,0,0,0,0,0,0,0,0,0,0,0,0,0,0,0,0,0,0,0,0,0,0,0,0,0,0,0,0,0,0,0,0,0,0,0,0,0,0,0,0,0,0,0,0,0,0,0,0,0,0,0,0,0,0,0,0,0,0,0,0,0,0,0,0,0,0,0,0,0,0,0,0,0,0,0,0,0,0,0,0,0,0,0,0,0,0
24,IAŞI,HĂRMĂNEŞTI,100326,1,FINAL,UAT,CL,CL_CE,"2020-09-28 05:49:34",2000,1973,0,9,18,1061,1034,0,9,18,989,72,2200,1139,49,69,79,82,122,1,0,42,0,0,210,2,1,576,7,0,39,0,0,0,0,0,0,0,0,0,0,0,0,0,0,0,0,0,0,0,0,0,0,0,0,0,0,0,0,0,0,0,0,0,0,0,0,0,0,0,0,0,0,0,0,0,0,0,0,0,0,0,0,0,0,0,0,0,0,0,0,0,0,0,0,0,0,0,0,0,0,0,0,0,0,0,0,0,0,0,0,0,0,0,0,0,0,0,0,0,0,0,0,0,0,0,0,0,0,0,0,0,0,0,0,0,0,0,0,0,0,0,0,0,0,0,0,0,0,0,0,0,0,0,0,0,0,0,0,0,0,0,0,0,0,0,0,0,0,0,0,0,0,0,0,0,0,0,0,0,0,0,0,0,0,0,0,0,0,0,0,0,0,0,0,0,0,0
24,IAŞI,HELEŞTENI,97465,2,FINAL,UAT,CL,CL_CE,"2020-09-30 21:18:57",2046,2000,1,19,26,1156,1111,0,19,26,1087,69,2200,1044,54,76,86,98,0,0,0,120,1,0,488,4,1,352,3,1,0,0,0,0,0,0,0,0,0,70,0,1,57,0,0,0,0,0,0,0,0,0,0,0,0,0,0,0,0,0,0,0,0,0,0,0,0,0,0,0,0,0,0,0,0,0,0,0,0,0,0,0,0,0,0,0,0,0,0,0,0,0,0,0,0,0,0,0,0,0,0,0,0,0,0,0,0,0,0,0,0,0,0,0,0,0,0,0,0,0,0,0,0,0,0,0,0,0,0,0,0,0,0,0,0,0,0,0,0,0,0,0,0,0,0,0,0,0,0,0,0,0,0,0,0,0,0,0,0,0,0,0,0,0,0,0,0,0,0,0,0,0,0,0,0,0,0,0,0,0,0,0,0,0,0,0,0,0,0,0,0,0,0,0,0,0,0,0
24,IAŞI,HOLBOCA,95159,1,FINAL,UAT,CL,CL_CE,"2020-09-28 05:23:11",12583,12442,9,127,5,5656,5524,0,127,5,5357,299,13700,8044,267,374,428,294,307,1,0,109,0,0,1665,5,1,2625,8,1,413,1,0,0,0,0,49,0,0,70,0,0,0,0,0,0,0,0,0,0,0,0,0,0,0,0,0,0,0,0,68,0,0,0,0,0,0,0,0,0,0,0,0,0,0,0,0,0,0,0,0,0,0,0,0,0,0,0,0,0,0,0,0,0,0,0,0,0,51,0,0,0,0,0,0,0,0,0,0,0,0,0,0,0,0,0,0,0,0,0,0,0,0,0,0,0,0,0,0,0,0,0,0,0,0,0,0,0,0,0,0,0,0,0,0,0,0,0,0,0,0,0,0,0,0,0,0,0,0,0,0,0,0,0,0,0,0,0,0,0,0,0,0,0,0,0,0,0,0,0,0,0,0,0,0,0,0,0,0,0,0,0,0,0,0,0,0,0
24,IAŞI,HORLEŞTI,97517,1,FINAL,UAT,CL,CL_CE,"2020-09-28 05:21:45",2337,2320,5,7,5,1269,1257,0,7,5,1194,75,2500,1231,59,83,95,88,39,0,0,66,0,1,171,1,1,912,10,0,0,0,0,0,0,0,6,0,0,0,0,0,0,0,0,0,0,0,0,0,0,0,0,0,0,0,0,0,0,0,0,0,0,0,0,0,0,0,0,0,0,0,0,0,0,0,0,0,0,0,0,0,0,0,0,0,0,0,0,0,0,0,0,0,0,0,0,0,0,0,0,0,0,0,0,0,0,0,0,0,0,0,0,0,0,0,0,0,0,0,0,0,0,0,0,0,0,0,0,0,0,0,0,0,0,0,0,0,0,0,0,0,0,0,0,0,0,0,0,0,0,0,0,0,0,0,0,0,0,0,0,0,0,0,0,0,0,0,0,0,0,0,0,0,0,0,0,0,0,0,0,0,0,0,0,0,0,0,0,0,0,0,0,0,0,0,0,0
24,IAŞI,"ION NECULCE",95499,1,FINAL,UAT,CL,CL_CE,"2020-09-28 05:26:40",4727,4683,1,42,1,2445,2401,1,42,1,2309,136,5100,2655,115,161,184,153,0,0,0,154,1,0,1713,11,0,442,2,1,0,0,0,0,0,0,0,0,0,0,0,0,0,0,0,0,0,0,0,0,0,0,0,0,0,0,0,0,0,0,0,0,0,0,0,0,0,0,0,0,0,0,0,0,0,0,0,0,0,0,0,0,0,0,0,0,0,0,0,0,0,0,0,0,0,0,0,0,0,0,0,0,0,0,0,0,0,0,0,0,0,0,0,0,0,0,0,0,0,0,0,0,0,0,0,0,0,0,0,0,0,0,0,0,0,0,0,0,0,0,0,0,0,0,0,0,0,0,0,0,0,0,0,0,0,0,0,0,0,0,0,0,0,0,0,0,0,0,0,0,0,0,0,0,0,0,0,0,0,0,0,0,0,0,0,0,0,0,0,0,0,0,0,0,0,0,0,0
24,IAŞI,IPATELE,97553,1,FINAL,UAT,CL,CL_CE,"2020-09-28 04:04:38",1349,1297,1,7,44,779,728,0,7,44,736,43,1400,621,36,51,58,66,0,0,0,124,1,1,506,7,1,44,0,0,62,0,1,0,0,0,0,0,0,0,0,0,0,0,0,0,0,0,0,0,0,0,0,0,0,0,0,0,0,0,0,0,0,0,0,0,0,0,0,0,0,0,0,0,0,0,0,0,0,0,0,0,0,0,0,0,0,0,0,0,0,0,0,0,0,0,0,0,0,0,0,0,0,0,0,0,0,0,0,0,0,0,0,0,0,0,0,0,0,0,0,0,0,0,0,0,0,0,0,0,0,0,0,0,0,0,0,0,0,0,0,0,0,0,0,0,0,0,0,0,0,0,0,0,0,0,0,0,0,0,0,0,0,0,0,0,0,0,0,0,0,0,0,0,0,0,0,0,0,0,0,0,0,0,0,0,0,0,0,0,0,0,0,0,0,0,0,0
24,IAŞI,LESPEZI,97606,1,FINAL,UAT,CL,CL_CE,"2020-09-28 07:34:38",4724,4680,0,37,7,2313,2270,0,36,7,2117,196,5100,2787,105,148,169,125,226,1,1,122,0,1,405,3,0,786,6,0,110,0,0,0,0,0,223,1,1,118,0,1,94,0,0,33,0,0,0,0,0,0,0,0,0,0,0,0,0,0,0,0,0,0,0,0,0,0,0,0,0,0,0,0,0,0,0,0,0,0,0,0,0,0,0,0,0,0,0,0,0,0,0,0,0,0,0,0,0,0,0,0,0,0,0,0,0,0,0,0,0,0,0,0,0,0,0,0,0,0,0,0,0,0,0,0,0,0,0,0,0,0,0,0,0,0,0,0,0,0,0,0,0,0,0,0,0,0,0,0,0,0,0,0,0,0,0,0,0,0,0,0,0,0,0,0,0,0,0,0,0,0,0,0,0,0,0,0,0,0,0,0,0,0,0,0,0,0,0,0,0,0,0,0,0,0,0,0
24,IAŞI,LEŢCANI,97679,1,FINAL,UAT,CL,CL_CE,"2020-09-28 05:34:45",6345,6315,4,23,3,3151,3125,0,23,3,3006,145,6900,3749,150,210,240,182,100,0,0,224,1,0,819,4,1,1688,9,0,124,0,0,0,0,0,46,0,0,0,0,0,0,0,0,0,0,0,0,0,0,0,0,0,0,0,0,0,0,0,0,0,0,0,0,0,0,0,0,0,0,0,0,0,0,0,0,0,0,0,0,0,0,0,0,0,0,0,0,0,0,0,0,0,0,0,0,0,0,0,0,5,0,0,0,0,0,0,0,0,0,0,0,0,0,0,0,0,0,0,0,0,0,0,0,0,0,0,0,0,0,0,0,0,0,0,0,0,0,0,0,0,0,0,0,0,0,0,0,0,0,0,0,0,0,0,0,0,0,0,0,0,0,0,0,0,0,0,0,0,0,0,0,0,0,0,0,0,0,0,0,0,0,0,0,0,0,0,0,0,0,0,0,0,0,0,0,0
24,IAŞI,LUNGANI,97722,1,FINAL,UAT,CL,CL_CE,"2020-09-28 05:59:01",4307,4238,0,29,40,2574,2508,0,29,37,2403,171,4700,2126,120,168,192,154,0,0,0,63,0,0,1592,10,0,728,4,1,0,0,0,0,0,0,20,0,0,0,0,0,0,0,0,0,0,0,0,0,0,0,0,0,0,0,0,0,0,0,0,0,0,0,0,0,0,0,0,0,0,0,0,0,0,0,0,0,0,0,0,0,0,0,0,0,0,0,0,0,0,0,0,0,0,0,0,0,0,0,0,0,0,0,0,0,0,0,0,0,0,0,0,0,0,0,0,0,0,0,0,0,0,0,0,0,0,0,0,0,0,0,0,0,0,0,0,0,0,0,0,0,0,0,0,0,0,0,0,0,0,0,0,0,0,0,0,0,0,0,0,0,0,0,0,0,0,0,0,0,0,0,0,0,0,0,0,0,0,0,0,0,0,0,0,0,0,0,0,0,0,0,0,0,0,0,0,0
24,IAŞI,MĂDÂRJAC,97777,2,FINAL,UAT,CL,CL_CE,"2020-09-30 20:47:34",1176,1123,0,14,39,824,771,0,14,39,728,96,1300,476,36,50,58,65,0,0,0,257,3,1,259,3,1,94,1,0,0,0,0,0,0,0,8,0,0,74,1,0,0,0,0,36,0,1,0,0,0,0,0,0,0,0,0,0,0,0,0,0,0,0,0,0,0,0,0,0,0,0,0,0,0,0,0,0,0,0,0,0,0,0,0,0,0,0,0,0,0,0,0,0,0,0,0,0,0,0,0,0,0,0,0,0,0,0,0,0,0,0,0,0,0,0,0,0,0,0,0,0,0,0,0,0,0,0,0,0,0,0,0,0,0,0,0,0,0,0,0,0,0,0,0,0,0,0,0,0,0,0,0,0,0,0,0,0,0,0,0,0,0,0,0,0,0,0,0,0,0,0,0,0,0,0,0,0,0,0,0,0,0,0,0,0,0,0,0,0,0,0,0,0,0,0,0,0
24,IAŞI,MIRCEŞTI,97811,1,FINAL,UAT,CL,CL_CE,"2020-09-28 07:38:14",3134,3109,0,22,3,1495,1470,0,22,3,1414,81,3400,1905,70,98,113,97,23,0,0,41,0,0,134,1,0,577,5,1,551,5,1,0,0,0,39,0,0,49,0,0,0,0,0,0,0,0,0,0,0,0,0,0,0,0,0,0,0,0,0,0,0,0,0,0,0,0,0,0,0,0,0,0,0,0,0,0,0,0,0,0,0,0,0,0,0,0,0,0,0,0,0,0,0,0,0,0,0,0,0,0,0,0,0,0,0,0,0,0,0,0,0,0,0,0,0,0,0,0,0,0,0,0,0,0,0,0,0,0,0,0,0,0,0,0,0,0,0,0,0,0,0,0,0,0,0,0,0,0,0,0,0,0,0,0,0,0,0,0,0,0,0,0,0,0,0,0,0,0,0,0,0,0,0,0,0,0,0,0,0,0,0,0,0,0,0,0,0,0,0,0,0,0,0,0,0,0
24,IAŞI,MIRONEASA,97875,1,FINAL,UAT,CL,CL_CE,"2020-09-28 05:13:13",4384,4336,0,16,32,1713,1665,0,16,32,1589,124,4800,3087,79,111,127,106,0,0,0,189,1,1,127,1,0,1273,12,0,0,0,0,0,0,0,0,0,0,0,0,0,0,0,0,0,0,0,0,0,0,0,0,0,0,0,0,0,0,0,0,0,0,0,0,0,0,0,0,0,0,0,0,0,0,0,0,0,0,0,0,0,0,0,0,0,0,0,0,0,0,0,0,0,0,0,0,0,0,0,0,0,0,0,0,0,0,0,0,0,0,0,0,0,0,0,0,0,0,0,0,0,0,0,0,0,0,0,0,0,0,0,0,0,0,0,0,0,0,0,0,0,0,0,0,0,0,0,0,0,0,0,0,0,0,0,0,0,0,0,0,0,0,0,0,0,0,0,0,0,0,0,0,0,0,0,0,0,0,0,0,0,0,0,0,0,0,0,0,0,0,0,0,0,0,0,0,0
24,IAŞI,MIROSLAVA,97919,1,FINAL,UAT,CL,CL_CE,"2020-09-28 10:23:01",17860,17727,20,112,1,6505,6390,2,112,1,6232,273,19400,12895,311,436,498,282,156,0,0,317,1,0,674,2,1,2908,10,0,1472,5,0,0,0,0,104,0,0,191,0,0,0,0,0,188,0,0,0,0,0,0,0,0,0,0,0,0,0,0,0,0,0,0,0,0,0,0,0,0,0,0,0,0,0,0,0,0,0,0,0,0,0,0,0,0,0,0,0,0,0,0,0,0,0,0,0,0,0,0,0,0,0,0,222,0,0,0,0,0,0,0,0,0,0,0,0,0,0,0,0,0,0,0,0,0,0,0,0,0,0,0,0,0,0,0,0,0,0,0,0,0,0,0,0,0,0,0,0,0,0,0,0,0,0,0,0,0,0,0,0,0,0,0,0,0,0,0,0,0,0,0,0,0,0,0,0,0,0,0,0,0,0,0,0,0,0,0,0,0,0,0,0,0,0,0,0,0
24,IAŞI,MIROSLOVEŞTI,98051,1,FINAL,UAT,CL,CL_CE,"2020-09-28 08:48:02",3579,3460,1,39,79,2104,1985,1,39,79,2016,88,3804,1699,100,141,161,145,65,0,0,14,0,0,931,6,0,715,4,1,33,0,0,0,0,0,0,0,0,239,1,1,0,0,0,0,0,0,0,0,0,0,0,0,0,0,0,0,0,0,0,0,0,19,0,0,0,0,0,0,0,0,0,0,0,0,0,0,0,0,0,0,0,0,0,0,0,0,0,0,0,0,0,0,0,0,0,0,0,0,0,0,0,0,0,0,0,0,0,0,0,0,0,0,0,0,0,0,0,0,0,0,0,0,0,0,0,0,0,0,0,0,0,0,0,0,0,0,0,0,0,0,0,0,0,0,0,0,0,0,0,0,0,0,0,0,0,0,0,0,0,0,0,0,0,0,0,0,0,0,0,0,0,0,0,0,0,0,0,0,0,0,0,0,0,0,0,0,0,0,0,0,0,0,0,0,0,0
24,IAŞI,MOGOŞEŞTI,98113,1,FINAL,UAT,CL,CL_CE,"2020-09-28 04:54:24",4043,4013,3,25,2,2063,2035,1,25,2,1873,190,4400,2337,93,131,149,118,156,1,0,64,0,0,475,4,0,873,7,0,0,0,0,0,0,0,0,0,0,168,1,1,0,0,0,0,0,0,0,0,0,0,0,0,0,0,0,0,0,0,110,0,1,0,0,0,0,0,0,0,0,0,0,0,0,0,0,0,0,0,0,0,0,0,0,0,0,0,0,0,0,0,0,0,0,0,0,0,14,0,0,0,0,0,0,0,0,13,0,0,0,0,0,0,0,0,0,0,0,0,0,0,0,0,0,0,0,0,0,0,0,0,0,0,0,0,0,0,0,0,0,0,0,0,0,0,0,0,0,0,0,0,0,0,0,0,0,0,0,0,0,0,0,0,0,0,0,0,0,0,0,0,0,0,0,0,0,0,0,0,0,0,0,0,0,0,0,0,0,0,0,0,0,0,0,0,0,0
24,IAŞI,MOGOŞEŞTI-SIRET,98168,1,FINAL,UAT,CL,CL_CE,"2020-09-28 04:31:26",3141,3093,0,22,26,1623,1575,0,22,26,1485,124,3400,1758,74,103,118,114,103,0,1,347,3,0,370,3,0,534,4,1,131,1,0,0,0,0,0,0,0,0,0,0,0,0,0,0,0,0,0,0,0,0,0,0,0,0,0,0,0,0,0,0,0,0,0,0,0,0,0,0,0,0,0,0,0,0,0,0,0,0,0,0,0,0,0,0,0,0,0,0,0,0,0,0,0,0,0,0,0,0,0,0,0,0,0,0,0,0,0,0,0,0,0,0,0,0,0,0,0,0,0,0,0,0,0,0,0,0,0,0,0,0,0,0,0,0,0,0,0,0,0,0,0,0,0,0,0,0,0,0,0,0,0,0,0,0,0,0,0,0,0,0,0,0,0,0,0,0,0,0,0,0,0,0,0,0,0,0,0,0,0,0,0,0,0,0,0,0,0,0,0,0,0,0,0,0,0,0
24,IAŞI,MOŞNA,98202,1,FINAL,UAT,CL,CL_CE,"2020-09-28 02:19:56",7529,7521,0,7,1,712,704,0,7,1,643,69,8300,7588,32,45,51,40,30,0,0,69,1,1,71,1,1,413,10,0,0,0,0,0,0,0,0,0,0,60,1,0,0,0,0,0,0,0,0,0,0,0,0,0,0,0,0,0,0,0,0,0,0,0,0,0,0,0,0,0,0,0,0,0,0,0,0,0,0,0,0,0,0,0,0,0,0,0,0,0,0,0,0,0,0,0,0,0,0,0,0,0,0,0,0,0,0,0,0,0,0,0,0,0,0,0,0,0,0,0,0,0,0,0,0,0,0,0,0,0,0,0,0,0,0,0,0,0,0,0,0,0,0,0,0,0,0,0,0,0,0,0,0,0,0,0,0,0,0,0,0,0,0,0,0,0,0,0,0,0,0,0,0,0,0,0,0,0,0,0,0,0,0,0,0,0,0,0,0,0,0,0,0,0,0,0,0,0
24,IAŞI,MOŢCA,98220,1,FINAL,UAT,CL,CL_CE,"2020-09-28 07:04:40",4225,4184,0,17,24,2001,1960,0,17,24,1847,154,4600,2599,92,129,147,121,159,1,1,14,0,0,1126,9,0,250,2,0,0,0,0,0,0,0,150,1,0,0,0,0,0,0,0,0,0,0,0,0,0,0,0,0,0,0,0,0,0,0,0,0,0,0,0,0,0,0,0,0,0,0,0,0,0,0,0,0,0,0,0,0,0,0,0,0,0,0,0,0,0,0,0,0,0,0,0,0,0,0,0,0,0,0,0,0,0,0,0,0,132,1,0,16,0,0,0,0,0,0,0,0,0,0,0,0,0,0,0,0,0,0,0,0,0,0,0,0,0,0,0,0,0,0,0,0,0,0,0,0,0,0,0,0,0,0,0,0,0,0,0,0,0,0,0,0,0,0,0,0,0,0,0,0,0,0,0,0,0,0,0,0,0,0,0,0,0,0,0,0,0,0,0,0,0,0,0,0
24,IAŞI,MOVILENI,98257,1,FINAL,UAT,CL,CL_CE,"2020-09-28 04:42:50",2475,2463,0,4,8,1211,1199,0,4,8,1082,129,2700,1489,54,75,86,78,36,0,0,110,1,0,296,3,1,252,3,0,363,4,1,0,0,0,25,0,0,0,0,0,0,0,0,0,0,0,0,0,0,0,0,0,0,0,0,0,0,0,0,0,0,0,0,0,0,0,0,0,0,0,0,0,0,0,0,0,0,0,0,0,0,0,0,0,0,0,0,0,0,0,0,0,0,0,0,0,0,0,0,0,0,0,0,0,0,0,0,0,0,0,0,0,0,0,0,0,0,0,0,0,0,0,0,0,0,0,0,0,0,0,0,0,0,0,0,0,0,0,0,0,0,0,0,0,0,0,0,0,0,0,0,0,0,0,0,0,0,0,0,0,0,0,0,0,0,0,0,0,0,0,0,0,0,0,0,0,0,0,0,0,0,0,0,0,0,0,0,0,0,0,0,0,0,0,0,0
24,IAŞI,"MUNICIPIUL IAŞI",95060,1,FINAL,UAT,CL,CL_CE,"2020-09-28 10:15:24",322441,318354,1161,2365,561,89328,86430,12,2365,521,85373,2492,358510,268512,4268,5976,6829,2615,2930,0,0,4332,1,1,13989,5,0,27525,10,1,24785,9,0,0,0,0,1311,0,0,3199,0,0,0,0,0,842,0,0,0,0,0,330,0,0,0,0,0,0,0,0,1665,0,0,345,0,0,0,0,0,0,0,0,0,0,1209,0,0,586,0,0,0,0,0,0,0,0,0,0,0,0,0,0,0,0,0,0,0,0,0,0,0,0,0,0,0,0,0,0,0,0,0,0,0,0,0,0,396,0,0,642,0,0,553,0,0,734,0,0,0,0,0,0,0,0,0,0,0,0,0,0,0,0,0,0,0,0,0,0,0,0,0,0,0,0,0,0,0,0,0,0,0,0,0,0,0,0,0,0,0,0,0,0,0,0,0,0,0,0,0,0,0,0,0,0,0,0,0,0,0,0,0,0,0,0,0,0,0,0
24,IAŞI,"MUNICIPIUL PAŞCANI",95391,1,FINAL,UAT,CL,CL_CE,"2020-09-28 14:40:55",37672,37366,18,257,31,12871,12581,2,257,31,12295,572,42101,29231,614,860,983,548,1161,2,0,624,1,0,4490,8,0,4141,7,1,771,0,0,0,0,0,474,0,0,335,0,0,0,0,0,0,0,0,0,0,0,0,0,0,0,0,0,0,0,0,0,0,0,0,0,0,0,0,0,0,0,0,0,0,0,0,0,0,0,0,0,0,0,0,0,0,0,0,0,0,0,0,0,0,0,0,0,0,0,0,0,0,0,0,0,0,0,0,0,0,0,0,0,0,0,0,0,0,0,0,0,0,0,0,0,0,0,0,184,0,0,115,0,0,0,0,0,0,0,0,0,0,0,0,0,0,0,0,0,0,0,0,0,0,0,0,0,0,0,0,0,0,0,0,0,0,0,0,0,0,0,0,0,0,0,0,0,0,0,0,0,0,0,0,0,0,0,0,0,0,0,0,0,0,0,0,0,0
24,IAŞI,"ORAŞ HÂRLĂU",95355,1,FINAL,UAT,CL,CL_CE,"2020-09-28 07:04:07",12159,12096,1,57,5,4110,4048,0,57,5,3757,353,13309,9199,187,262,300,209,461,2,0,485,2,0,1195,5,1,1107,5,0,112,0,0,0,0,0,82,0,0,0,0,0,0,0,0,0,0,0,0,0,0,0,0,0,0,0,0,0,0,0,0,0,0,0,0,0,0,0,0,0,0,0,0,0,0,0,0,0,0,0,0,0,0,0,0,0,0,0,0,0,0,0,0,0,0,0,0,0,0,0,0,0,0,0,0,0,0,0,0,0,315,1,1,0,0,0,0,0,0,0,0,0,0,0,0,0,0,0,0,0,0,0,0,0,0,0,0,0,0,0,0,0,0,0,0,0,0,0,0,0,0,0,0,0,0,0,0,0,0,0,0,0,0,0,0,0,0,0,0,0,0,0,0,0,0,0,0,0,0,0,0,0,0,0,0,0,0,0,0,0,0,0,0,0,0,0,0,0
24,IAŞI,"ORAŞ PODU ILOAIEI",98373,1,FINAL,UAT,CL,CL_CE,"2020-09-28 07:16:15",8323,8223,3,44,53,4151,4054,0,44,53,3821,322,9400,5257,191,267,305,188,140,0,0,227,1,0,918,4,1,2061,10,1,249,0,0,0,0,0,161,0,0,0,0,0,0,0,0,0,0,0,0,0,0,0,0,0,0,0,0,0,0,0,65,0,0,0,0,0,0,0,0,0,0,0,0,0,0,0,0,0,0,0,0,0,0,0,0,0,0,0,0,0,0,0,0,0,0,0,0,0,0,0,0,0,0,0,0,0,0,0,0,0,0,0,0,0,0,0,0,0,0,0,0,0,0,0,0,0,0,0,0,0,0,0,0,0,0,0,0,0,0,0,0,0,0,0,0,0,0,0,0,0,0,0,0,0,0,0,0,0,0,0,0,0,0,0,0,0,0,0,0,0,0,0,0,0,0,0,0,0,0,0,0,0,0,0,0,0,0,0,0,0,0,0,0,0,0,0,0,0
24,IAŞI,"ORAŞ TÂRGU FRUMOS",95471,1,FINAL,UAT,CL,CL_CE,"2020-09-28 07:56:26",11628,11541,8,71,8,4278,4199,0,71,8,4050,228,12900,8622,202,283,324,213,0,0,0,225,1,0,2253,10,1,886,4,0,199,0,0,0,0,0,129,0,0,0,0,0,0,0,0,0,0,0,0,0,0,0,0,0,0,0,0,0,0,0,0,0,0,0,0,0,0,0,0,0,0,0,0,0,0,0,0,0,0,0,0,0,0,261,1,0,0,0,0,0,0,0,0,0,0,0,0,0,0,0,0,0,0,0,0,0,0,0,0,0,97,0,0,0,0,0,0,0,0,0,0,0,0,0,0,0,0,0,0,0,0,0,0,0,0,0,0,0,0,0,0,0,0,0,0,0,0,0,0,0,0,0,0,0,0,0,0,0,0,0,0,0,0,0,0,0,0,0,0,0,0,0,0,0,0,0,0,0,0,0,0,0,0,0,0,0,0,0,0,0,0,0,0,0,0,0,0,0
24,IAŞI,OŢELENI,98300,1,FINAL,UAT,CL,CL_CE,"2020-09-28 09:05:31",3008,2900,0,32,76,1648,1541,0,32,75,1476,172,3200,1552,73,103,118,106,0,0,0,120,1,0,662,6,0,502,4,1,86,0,0,0,0,0,0,0,0,0,0,0,0,0,0,0,0,0,0,0,0,0,0,0,0,0,0,0,0,0,0,0,0,0,0,0,0,0,0,0,0,0,0,0,0,0,0,0,0,0,0,0,0,0,0,0,0,0,0,0,0,0,0,0,0,0,0,0,0,0,0,0,0,0,0,0,0,0,0,0,0,0,0,0,0,0,0,0,0,0,0,0,0,0,0,0,0,0,0,0,0,0,0,0,106,1,0,0,0,0,0,0,0,0,0,0,0,0,0,0,0,0,0,0,0,0,0,0,0,0,0,0,0,0,0,0,0,0,0,0,0,0,0,0,0,0,0,0,0,0,0,0,0,0,0,0,0,0,0,0,0,0,0,0,0,0,0,0
24,IAŞI,PLUGARI,98337,1,FINAL,UAT,CL,CL_CE,"2020-09-28 04:34:32",2805,2696,0,8,101,1195,1086,0,8,101,1154,41,3000,1805,57,80,92,87,0,0,0,13,0,0,193,2,0,948,10,1,0,0,0,0,0,0,0,0,0,0,0,0,0,0,0,0,0,0,0,0,0,0,0,0,0,0,0,0,0,0,0,0,0,0,0,0,0,0,0,0,0,0,0,0,0,0,0,0,0,0,0,0,0,0,0,0,0,0,0,0,0,0,0,0,0,0,0,0,0,0,0,0,0,0,0,0,0,0,0,0,0,0,0,0,0,0,0,0,0,0,0,0,0,0,0,0,0,0,0,0,0,0,0,0,0,0,0,0,0,0,0,0,0,0,0,0,0,0,0,0,0,0,0,0,0,0,0,0,0,0,0,0,0,0,0,0,0,0,0,0,0,0,0,0,0,0,0,0,0,0,0,0,0,0,0,0,0,0,0,0,0,0,0,0,0,0,0,0
24,IAŞI,POPEŞTI,98435,1,FINAL,UAT,CL,CL_CE,"2020-09-28 14:48:22",5989,5888,1,46,54,1793,1692,1,46,54,1635,158,6500,4707,81,114,130,96,0,0,0,83,0,1,570,5,1,800,8,0,65,0,0,0,0,0,52,0,0,65,0,0,0,0,0,0,0,0,0,0,0,0,0,0,0,0,0,0,0,0,0,0,0,0,0,0,0,0,0,0,0,0,0,0,0,0,0,0,0,0,0,0,0,0,0,0,0,0,0,0,0,0,0,0,0,0,0,0,0,0,0,0,0,0,0,0,0,0,0,0,0,0,0,0,0,0,0,0,0,0,0,0,0,0,0,0,0,0,0,0,0,0,0,0,0,0,0,0,0,0,0,0,0,0,0,0,0,0,0,0,0,0,0,0,0,0,0,0,0,0,0,0,0,0,0,0,0,0,0,0,0,0,0,0,0,0,0,0,0,0,0,0,0,0,0,0,0,0,0,0,0,0,0,0,0,0,0,0
24,IAŞI,POPRICANI,98505,1,FINAL,UAT,CL,CL_CE,"2020-09-28 04:30:13",6846,6710,5,45,86,3707,3576,0,45,86,3513,194,7404,3697,175,245,281,196,91,0,0,117,0,0,756,3,1,1652,8,0,536,2,1,0,0,0,81,0,0,0,0,0,0,0,0,0,0,0,0,0,0,0,0,0,0,0,0,0,0,0,78,0,0,0,0,0,0,0,0,0,0,0,0,0,0,0,0,0,0,0,0,0,0,0,0,0,0,0,0,0,0,0,0,0,0,0,0,0,0,0,0,0,0,0,0,0,0,0,0,0,0,0,0,0,0,0,0,0,0,0,0,0,0,0,0,0,0,0,0,0,0,0,0,0,0,0,0,138,0,0,64,0,0,0,0,0,0,0,0,0,0,0,0,0,0,0,0,0,0,0,0,0,0,0,0,0,0,0,0,0,0,0,0,0,0,0,0,0,0,0,0,0,0,0,0,0,0,0,0,0,0,0,0,0,0,0,0,0
24,IAŞI,PRISĂCANI,98603,1,FINAL,UAT,CL,CL_CE,"2020-09-28 06:31:24",4458,4384,1,52,21,1655,1585,0,49,21,1543,112,4800,3145,77,108,123,110,31,0,0,231,2,0,593,5,0,382,3,1,43,0,0,0,0,0,226,2,0,0,0,0,0,0,0,0,0,0,0,0,0,0,0,0,0,0,0,0,0,0,0,0,0,0,0,0,0,0,0,0,0,0,0,0,0,0,0,0,0,0,0,0,0,0,0,0,0,0,0,0,0,0,0,0,0,0,0,0,0,0,0,0,0,0,0,0,0,0,0,0,0,0,0,0,0,0,0,0,0,0,0,0,0,0,0,0,0,0,0,0,0,0,0,0,0,0,0,0,0,0,0,0,0,37,0,0,0,0,0,0,0,0,0,0,0,0,0,0,0,0,0,0,0,0,0,0,0,0,0,0,0,0,0,0,0,0,0,0,0,0,0,0,0,0,0,0,0,0,0,0,0,0,0,0,0,0,0,0
24,IAŞI,PROBOTA,98649,1,FINAL,UAT,CL,CL_CE,"2020-09-28 05:19:25",2885,2869,2,9,5,1484,1470,0,9,5,1353,121,3084,1610,67,94,108,98,0,0,0,74,0,1,294,3,0,792,8,0,24,0,0,0,0,0,0,0,0,0,0,0,0,0,0,0,0,0,0,0,0,0,0,0,0,0,0,0,0,0,0,0,0,0,0,0,0,0,0,0,0,0,0,0,0,0,0,0,0,0,0,0,0,0,0,0,0,0,0,0,0,0,0,0,0,0,0,0,0,0,0,0,0,0,0,0,0,0,0,0,0,0,0,0,0,0,0,0,0,0,0,0,0,0,0,0,0,0,0,0,0,0,0,0,0,0,0,0,0,0,0,0,0,0,0,0,114,1,0,55,0,0,0,0,0,0,0,0,0,0,0,0,0,0,0,0,0,0,0,0,0,0,0,0,0,0,0,0,0,0,0,0,0,0,0,0,0,0,0,0,0,0,0,0,0,0,0,0
24,IAŞI,RĂCHITENI,100335,2,FINAL,UAT,CL,CL_CE,"2020-09-30 21:04:18",2764,2707,0,12,45,1283,1227,0,12,44,1209,74,2900,1617,60,84,96,93,0,0,0,80,0,1,478,5,0,582,6,0,0,0,0,0,0,0,0,0,0,0,0,0,0,0,0,0,0,0,0,0,0,0,0,0,0,0,0,0,0,0,0,0,0,0,0,0,0,0,0,0,0,0,0,0,0,0,0,0,0,0,0,0,0,0,0,0,0,0,0,0,0,0,0,0,0,0,0,0,0,0,0,0,0,0,0,0,0,0,0,0,0,0,0,0,0,0,0,0,0,0,0,0,0,0,0,0,0,0,0,0,0,0,0,0,0,0,0,0,0,0,0,0,0,0,0,0,0,0,0,0,0,0,69,0,1,0,0,0,0,0,0,0,0,0,0,0,0,0,0,0,0,0,0,0,0,0,0,0,0,0,0,0,0,0,0,0,0,0,0,0,0,0,0,0,0,0,0,0
24,IAŞI,RĂDUCĂNENI,98685,1,FINAL,UAT,CL,CL_CE,"2020-09-28 08:17:21",7075,6958,0,61,56,2933,2816,0,61,56,2684,249,7700,4767,134,187,214,153,182,1,0,266,1,1,1043,6,1,672,4,0,94,0,0,0,0,0,143,0,1,109,0,0,0,0,0,0,0,0,0,0,0,0,0,0,0,0,0,0,0,0,0,0,0,0,0,0,0,0,0,0,0,0,0,0,0,0,0,85,0,0,0,0,0,0,0,0,0,0,0,0,0,0,0,0,0,0,0,0,0,0,0,0,0,0,0,0,0,0,0,0,0,0,0,0,0,0,0,0,0,0,0,0,0,0,0,0,0,0,0,0,0,0,0,0,0,0,0,0,0,0,0,0,0,0,0,0,0,0,0,0,0,0,0,0,0,90,0,0,0,0,0,0,0,0,0,0,0,0,0,0,0,0,0,0,0,0,0,0,0,0,0,0,0,0,0,0,0,0,0,0,0,0,0,0,0,0,0,0
24,IAŞI,REDIU,95239,1,FINAL,UAT,CL,CL_CE,"2020-09-28 06:40:44",6212,6120,16,62,14,2911,2835,0,62,14,2800,111,6705,3794,140,196,224,178,163,0,1,716,4,0,377,2,0,376,2,0,1045,5,1,0,0,0,14,0,0,0,0,0,30,0,0,0,0,0,0,0,0,0,0,0,0,0,0,0,0,0,44,0,0,0,0,0,0,0,0,0,0,0,0,0,0,0,0,0,0,0,0,0,0,0,0,0,0,0,0,0,0,0,0,0,0,0,0,0,0,0,0,0,0,0,0,0,0,0,0,0,0,0,0,0,0,0,0,0,0,0,0,0,0,0,0,0,0,0,0,0,0,0,0,0,0,0,0,0,0,0,0,0,0,0,0,0,0,0,0,0,0,0,0,0,0,0,0,0,35,0,0,0,0,0,0,0,0,0,0,0,0,0,0,0,0,0,0,0,0,0,0,0,0,0,0,0,0,0,0,0,0,0,0,0,0,0,0,0
24,IAŞI,ROMÂNEŞTI,98738,1,FINAL,UAT,CL,CL_CE,"2020-09-28 05:15:28",1465,1406,1,7,51,926,868,0,7,51,855,71,1503,577,42,59,68,68,30,0,0,30,0,0,318,4,1,437,6,0,0,0,0,0,0,0,14,0,0,0,0,0,0,0,0,0,0,0,0,0,0,0,0,0,0,0,0,0,0,0,0,0,0,0,0,0,0,0,0,0,0,0,0,0,0,0,0,26,0,0,0,0,0,0,0,0,0,0,0,0,0,0,0,0,0,0,0,0,0,0,0,0,0,0,0,0,0,0,0,0,0,0,0,0,0,0,0,0,0,0,0,0,0,0,0,0,0,0,0,0,0,0,0,0,0,0,0,0,0,0,0,0,0,0,0,0,0,0,0,0,0,0,0,0,0,0,0,0,0,0,0,0,0,0,0,0,0,0,0,0,0,0,0,0,0,0,0,0,0,0,0,0,0,0,0,0,0,0,0,0,0,0,0,0,0,0,0,0
24,IAŞI,ROŞCANI,100344,1,FINAL,UAT,CL,CL_CE,"2020-09-28 03:48:56",1182,1155,0,11,16,761,734,0,11,16,723,38,1200,439,36,50,57,64,0,0,0,9,0,0,414,6,0,300,4,1,0,0,0,0,0,0,0,0,0,0,0,0,0,0,0,0,0,0,0,0,0,0,0,0,0,0,0,0,0,0,0,0,0,0,0,0,0,0,0,0,0,0,0,0,0,0,0,0,0,0,0,0,0,0,0,0,0,0,0,0,0,0,0,0,0,0,0,0,0,0,0,0,0,0,0,0,0,0,0,0,0,0,0,0,0,0,0,0,0,0,0,0,0,0,0,0,0,0,0,0,0,0,0,0,0,0,0,0,0,0,0,0,0,0,0,0,0,0,0,0,0,0,0,0,0,0,0,0,0,0,0,0,0,0,0,0,0,0,0,0,0,0,0,0,0,0,0,0,0,0,0,0,0,0,0,0,0,0,0,0,0,0,0,0,0,0,0,0
24,IAŞI,RUGINOASA,98774,1,FINAL,UAT,CL,CL_CE,"2020-09-28 08:08:17",5048,4979,3,22,44,2670,2607,0,22,41,2477,193,5500,2830,123,173,198,158,58,0,0,146,0,1,1285,8,0,688,4,0,0,0,0,0,0,0,128,0,1,134,0,1,0,0,0,0,0,0,0,0,0,0,0,0,0,0,0,0,0,0,0,0,0,0,0,0,0,0,0,0,0,0,0,0,0,0,0,0,0,0,0,0,0,0,0,0,0,0,0,0,0,0,0,0,0,0,0,0,0,0,0,0,0,0,0,0,0,0,0,0,0,0,0,0,0,0,0,0,0,38,0,0,0,0,0,0,0,0,0,0,0,0,0,0,0,0,0,0,0,0,0,0,0,0,0,0,0,0,0,0,0,0,0,0,0,0,0,0,0,0,0,0,0,0,0,0,0,0,0,0,0,0,0,0,0,0,0,0,0,0,0,0,0,0,0,0,0,0,0,0,0,0,0,0,0,0,0,0
24,IAŞI,SCÂNTEIA,98916,1,FINAL,UAT,CL,CL_CE,"2020-09-28 02:40:51",7379,7291,1,75,12,1748,1660,1,75,12,1554,194,9800,8052,77,108,124,83,71,0,0,86,1,0,437,5,0,736,8,1,161,1,1,0,0,0,63,0,0,0,0,0,0,0,0,0,0,0,0,0,0,0,0,0,0,0,0,0,0,0,0,0,0,0,0,0,0,0,0,0,0,0,0,0,0,0,0,0,0,0,0,0,0,0,0,0,0,0,0,0,0,0,0,0,0,0,0,0,0,0,0,0,0,0,0,0,0,0,0,0,0,0,0,0,0,0,0,0,0,0,0,0,0,0,0,0,0,0,0,0,0,0,0,0,0,0,0,0,0,0,0,0,0,0,0,0,0,0,0,0,0,0,0,0,0,0,0,0,0,0,0,0,0,0,0,0,0,0,0,0,0,0,0,0,0,0,0,0,0,0,0,0,0,0,0,0,0,0,0,0,0,0,0,0,0,0,0,0
24,IAŞI,ŞCHEIA,99290,1,FINAL,UAT,CL,CL_CE,"2020-09-28 02:35:47",2310,2268,0,42,0,1361,1319,0,42,0,1235,126,2700,1339,61,86,98,90,295,3,0,65,0,1,526,5,1,296,3,0,32,0,0,0,0,0,0,0,0,0,0,0,0,0,0,21,0,0,0,0,0,0,0,0,0,0,0,0,0,0,0,0,0,0,0,0,0,0,0,0,0,0,0,0,0,0,0,0,0,0,0,0,0,0,0,0,0,0,0,0,0,0,0,0,0,0,0,0,0,0,0,0,0,0,0,0,0,0,0,0,0,0,0,0,0,0,0,0,0,0,0,0,0,0,0,0,0,0,0,0,0,0,0,0,0,0,0,0,0,0,0,0,0,0,0,0,0,0,0,0,0,0,0,0,0,0,0,0,0,0,0,0,0,0,0,0,0,0,0,0,0,0,0,0,0,0,0,0,0,0,0,0,0,0,0,0,0,0,0,0,0,0,0,0,0,0,0,0
24,IAŞI,"SCHITU DUCA",98827,1,FINAL,UAT,CL,CL_CE,"2020-09-28 05:44:08",3218,3163,2,44,9,1790,1737,0,44,9,1541,244,3400,1615,77,107,123,109,32,0,0,102,0,1,390,3,0,543,4,1,198,1,1,0,0,0,58,0,0,27,0,0,0,0,0,0,0,0,0,0,0,0,0,0,0,0,0,0,0,0,0,0,0,0,0,0,0,0,0,0,0,0,0,0,0,0,0,191,1,1,0,0,0,0,0,0,0,0,0,0,0,0,0,0,0,0,0,0,0,0,0,0,0,0,0,0,0,0,0,0,0,0,0,0,0,0,0,0,0,0,0,0,0,0,0,0,0,0,0,0,0,0,0,0,0,0,0,0,0,0,0,0,0,0,0,0,0,0,0,0,0,0,0,0,0,0,0,0,0,0,0,0,0,0,0,0,0,0,0,0,0,0,0,0,0,0,0,0,0,0,0,0,0,0,0,0,0,0,0,0,0,0,0,0,0,0,0,0
24,IAŞI,SCOBINŢI,98998,1,FINAL,UAT,CL,CL_CE,"2020-09-28 04:17:19",6044,5997,4,43,0,2430,2387,0,43,0,2224,206,6600,4170,111,155,177,139,0,0,0,133,0,1,372,2,1,1584,11,0,101,0,0,0,0,0,0,0,0,0,0,0,0,0,0,0,0,0,0,0,0,0,0,0,0,0,0,0,0,0,0,0,0,34,0,0,0,0,0,0,0,0,0,0,0,0,0,0,0,0,0,0,0,0,0,0,0,0,0,0,0,0,0,0,0,0,0,0,0,0,0,0,0,0,0,0,0,0,0,0,0,0,0,0,0,0,0,0,0,0,0,0,0,0,0,0,0,0,0,0,0,0,0,0,0,0,0,0,0,0,0,0,0,0,0,0,0,0,0,0,0,0,0,0,0,0,0,0,0,0,0,0,0,0,0,0,0,0,0,0,0,0,0,0,0,0,0,0,0,0,0,0,0,0,0,0,0,0,0,0,0,0,0,0,0,0,0,0
24,IAŞI,SINEŞTI,99058,1,FINAL,UAT,CL,CL_CE,"2020-09-28 05:51:50",2805,2730,0,26,49,1334,1261,0,26,47,1213,121,3500,2166,60,84,97,93,0,0,0,145,1,1,212,2,0,791,8,0,0,0,0,0,0,0,65,0,1,0,0,0,0,0,0,0,0,0,0,0,0,0,0,0,0,0,0,0,0,0,0,0,0,0,0,0,0,0,0,0,0,0,0,0,0,0,0,0,0,0,0,0,0,0,0,0,0,0,0,0,0,0,0,0,0,0,0,0,0,0,0,0,0,0,0,0,0,0,0,0,0,0,0,0,0,0,0,0,0,0,0,0,0,0,0,0,0,0,0,0,0,0,0,0,0,0,0,0,0,0,0,0,0,0,0,0,0,0,0,0,0,0,0,0,0,0,0,0,0,0,0,0,0,0,0,0,0,0,0,0,0,0,0,0,0,0,0,0,0,0,0,0,0,0,0,0,0,0,0,0,0,0,0,0,0,0,0,0
24,IAŞI,ŞIPOTE,99370,2,FINAL,UAT,CL,CL_CE,"2020-09-30 21:08:04",3928,3910,1,17,0,1852,1834,1,17,0,1700,152,4300,2448,85,119,136,98,51,0,0,136,1,0,925,9,1,418,4,0,43,0,0,0,0,0,0,0,0,54,0,0,0,0,0,0,0,0,0,0,0,0,0,0,0,0,0,0,0,0,0,0,0,0,0,0,0,0,0,0,0,0,0,0,0,0,0,0,0,0,0,0,0,0,0,0,0,0,0,0,0,0,0,0,0,0,0,0,0,0,0,0,0,0,0,0,0,0,0,0,0,0,0,0,0,0,0,0,0,73,0,0,0,0,0,0,0,0,0,0,0,0,0,0,0,0,0,0,0,0,0,0,0,0,0,0,0,0,0,0,0,0,0,0,0,0,0,0,0,0,0,0,0,0,0,0,0,0,0,0,0,0,0,0,0,0,0,0,0,0,0,0,0,0,0,0,0,0,0,0,0,0,0,0,0,0,0,0
24,IAŞI,SIREŢEL,99101,1,FINAL,UAT,CL,CL_CE,"2020-09-28 05:54:16",3209,3177,1,22,9,1922,1891,0,22,9,1746,176,3500,1578,87,122,139,117,0,0,0,40,0,0,893,7,1,541,4,0,117,0,0,0,0,0,97,0,1,0,0,0,0,0,0,0,0,0,0,0,0,0,0,0,0,0,0,0,0,0,0,0,0,0,0,0,0,0,0,0,0,0,0,0,0,0,0,0,0,0,0,0,0,0,0,0,0,0,0,0,0,0,0,0,0,0,0,0,0,0,0,0,0,0,0,0,0,0,0,0,0,0,0,0,0,0,0,0,0,0,0,0,0,0,0,0,0,0,0,0,0,0,0,0,0,0,0,0,0,0,0,0,0,0,0,0,0,0,0,0,0,0,0,0,0,0,0,0,0,0,0,38,0,0,20,0,0,0,0,0,0,0,0,0,0,0,0,0,0,0,0,0,0,0,0,0,0,0,0,0,0,0,0,0,0,0,0,0
24,IAŞI,STOLNICENI-PRĂJESCU,99165,1,FINAL,UAT,CL,CL_CE,"2020-09-28 04:53:09",4385,4344,1,40,0,2199,2158,1,40,0,2050,149,4800,2601,102,143,164,130,257,1,1,163,1,0,410,3,0,969,7,1,53,0,0,0,0,0,153,1,0,0,0,0,0,0,0,0,0,0,0,0,0,0,0,0,0,0,0,0,0,0,0,0,0,0,0,0,0,0,0,0,0,0,0,0,0,0,0,0,0,0,0,0,0,45,0,0,0,0,0,0,0,0,0,0,0,0,0,0,0,0,0,0,0,0,0,0,0,0,0,0,0,0,0,0,0,0,0,0,0,0,0,0,0,0,0,0,0,0,0,0,0,0,0,0,0,0,0,0,0,0,0,0,0,0,0,0,0,0,0,0,0,0,0,0,0,0,0,0,0,0,0,0,0,0,0,0,0,0,0,0,0,0,0,0,0,0,0,0,0,0,0,0,0,0,0,0,0,0,0,0,0,0,0,0,0,0,0,0
24,IAŞI,STRUNGA,99209,1,FINAL,UAT,CL,CL_CE,"2020-09-28 06:41:20",3457,3391,1,30,35,1532,1467,0,30,35,1367,165,3710,2178,68,95,109,97,36,0,0,133,1,0,815,8,1,322,3,0,0,0,0,0,0,0,61,0,0,0,0,0,0,0,0,0,0,0,0,0,0,0,0,0,0,0,0,0,0,0,0,0,0,0,0,0,0,0,0,0,0,0,0,0,0,0,0,0,0,0,0,0,0,0,0,0,0,0,0,0,0,0,0,0,0,0,0,0,0,0,0,0,0,0,0,0,0,0,0,0,0,0,0,0,0,0,0,0,0,0,0,0,0,0,0,0,0,0,0,0,0,0,0,0,0,0,0,0,0,0,0,0,0,0,0,0,0,0,0,0,0,0,0,0,0,0,0,0,0,0,0,0,0,0,0,0,0,0,0,0,0,0,0,0,0,0,0,0,0,0,0,0,0,0,0,0,0,0,0,0,0,0,0,0,0,0,0,0
24,IAŞI,TANSA,99441,1,FINAL,UAT,CL,CL_CE,"2020-09-28 05:30:27",2592,2442,4,39,107,1261,1113,2,39,107,1154,107,2700,1439,57,80,92,87,0,0,0,207,2,0,336,3,1,592,6,1,0,0,0,0,0,0,0,0,0,0,0,0,0,0,0,0,0,0,0,0,0,0,0,0,0,0,0,0,0,0,0,0,0,0,0,0,0,0,0,0,0,0,0,0,0,0,0,0,0,0,0,0,0,0,0,0,0,0,0,0,0,0,0,0,0,0,0,0,0,0,0,0,0,0,0,0,0,0,0,0,0,0,0,0,0,0,0,0,0,0,0,0,0,0,0,0,0,0,0,0,0,0,0,0,0,0,0,0,0,0,0,0,0,0,0,0,0,0,0,0,0,0,0,0,0,0,0,0,0,0,0,0,0,0,0,0,0,0,19,0,0,0,0,0,0,0,0,0,0,0,0,0,0,0,0,0,0,0,0,0,0,0,0,0,0,0,0,0
24,IAŞI,TĂTĂRUŞI,99478,1,FINAL,UAT,CL,CL_CE,"2020-09-28 08:45:27",4548,4443,1,15,89,2164,2064,0,15,85,2052,112,4900,2736,102,143,164,134,0,0,0,41,0,0,1797,13,0,214,1,1,0,0,0,0,0,0,0,0,0,0,0,0,0,0,0,0,0,0,0,0,0,0,0,0,0,0,0,0,0,0,0,0,0,0,0,0,0,0,0,0,0,0,0,0,0,0,0,0,0,0,0,0,0,0,0,0,0,0,0,0,0,0,0,0,0,0,0,0,0,0,0,0,0,0,0,0,0,0,0,0,0,0,0,0,0,0,0,0,0,0,0,0,0,0,0,0,0,0,0,0,0,0,0,0,0,0,0,0,0,0,0,0,0,0,0,0,0,0,0,0,0,0,0,0,0,0,0,0,0,0,0,0,0,0,0,0,0,0,0,0,0,0,0,0,0,0,0,0,0,0,0,0,0,0,0,0,0,0,0,0,0,0,0,0,0,0,0,0
24,IAŞI,ŢIBANA,99673,1,FINAL,UAT,CL,CL_CE,"2020-09-28 07:40:41",5125,5082,2,28,13,2451,2410,0,28,13,2151,300,6300,3849,107,150,172,138,168,1,0,166,1,0,941,6,1,549,3,1,0,0,0,0,0,0,70,0,0,0,0,0,0,0,0,257,1,1,0,0,0,0,0,0,0,0,0,0,0,0,0,0,0,0,0,0,0,0,0,0,0,0,0,0,0,0,0,0,0,0,0,0,0,0,0,0,0,0,0,0,0,0,0,0,0,0,0,0,0,0,0,0,0,0,0,0,0,0,0,0,0,0,0,0,0,0,0,0,0,0,0,0,0,0,0,0,0,0,0,0,0,0,0,0,0,0,0,0,0,0,0,0,0,0,0,0,0,0,0,0,0,0,0,0,0,0,0,0,0,0,0,0,0,0,0,0,0,0,0,0,0,0,0,0,0,0,0,0,0,0,0,0,0,0,0,0,0,0,0,0,0,0,0,0,0,0,0,0
24,IAŞI,ŢIBĂNEŞTI,99780,1,FINAL,UAT,CL,CL_CE,"2020-09-28 10:24:34",6396,6293,4,82,17,3035,2934,2,82,17,2745,290,6900,3865,137,192,219,166,0,0,0,166,1,0,638,3,1,1420,8,0,0,0,0,0,0,0,0,0,0,0,0,0,0,0,0,0,0,0,0,0,0,0,0,0,0,0,0,0,0,0,0,0,0,0,0,0,0,0,0,0,0,0,0,0,0,0,0,271,1,1,0,0,0,0,0,0,0,0,0,0,0,0,0,0,0,0,0,0,0,0,0,0,0,0,0,0,0,0,0,0,0,0,0,0,0,0,0,0,0,0,0,0,0,0,0,0,0,0,0,0,0,0,0,0,0,0,0,0,0,0,0,0,0,0,0,0,0,0,0,0,0,0,0,0,0,0,0,0,0,0,0,0,0,0,0,0,0,0,0,0,0,66,0,0,97,0,0,87,0,0,0,0,0,0,0,0,0,0,0,0,0,0,0,0,0,0,0,0
24,IAŞI,ŢIGĂNAŞI,99879,1,FINAL,UAT,CL,CL_CE,"2020-09-28 03:26:04",3835,3807,1,20,7,1932,1905,0,20,7,1780,152,4100,2168,89,124,142,124,43,0,0,105,0,1,1078,8,1,273,2,0,0,0,0,0,0,0,0,0,0,0,0,0,0,0,0,0,0,0,0,0,0,0,0,0,0,0,0,0,0,0,0,0,0,0,0,0,0,0,0,0,0,0,0,0,0,0,0,54,0,0,0,0,0,0,0,0,0,0,0,0,0,0,0,0,0,0,0,0,0,0,0,0,0,0,0,0,0,0,0,0,0,0,0,0,0,0,0,0,0,0,0,0,0,0,0,0,0,0,0,0,0,0,0,0,0,0,0,68,0,0,0,0,0,0,0,0,0,0,0,0,0,0,0,0,0,0,0,0,0,0,0,0,0,0,0,0,0,0,0,0,0,0,0,0,0,0,0,0,0,0,159,1,0,0,0,0,0,0,0,0,0,0,0,0,0,0,0,0
24,IAŞI,TODIREŞTI,99539,1,FINAL,UAT,CL,CL_CE,"2020-09-28 06:47:49",3844,3818,1,16,9,1907,1882,0,16,9,1680,227,4200,2293,84,117,134,112,0,0,0,222,1,1,243,2,0,698,6,0,0,0,0,0,0,0,0,0,0,353,3,0,0,0,0,0,0,0,0,0,0,0,0,0,0,0,0,0,0,0,0,0,0,0,0,0,0,0,0,0,0,0,0,0,164,1,1,0,0,0,0,0,0,0,0,0,0,0,0,0,0,0,0,0,0,0,0,0,0,0,0,0,0,0,0,0,0,0,0,0,0,0,0,0,0,0,0,0,0,0,0,0,0,0,0,0,0,0,0,0,0,0,0,0,0,0,0,0,0,0,0,0,0,0,0,0,0,0,0,0,0,0,0,0,0,0,0,0,0,0,0,0,0,0,0,0,0,0,0,0,0,0,0,0,0,0,0,0,0,0,0,0,0,0,0,0,0,0,0,0,0,0,0,0,0,0,0,0
24,IAŞI,TOMEŞTI,95293,2,FINAL,UAT,CL,CL_CE,"2020-09-30 21:15:23",11563,11522,7,33,1,3831,3797,0,33,1,3647,184,12700,8869,182,255,291,193,136,0,0,228,1,0,530,2,1,2193,11,0,333,1,1,0,0,0,25,0,0,75,0,0,0,0,0,0,0,0,0,0,0,0,0,0,0,0,0,0,0,0,0,0,0,0,0,0,0,0,0,0,0,0,0,0,0,0,0,0,0,0,0,0,0,0,0,0,0,0,0,0,0,0,0,0,0,0,0,0,57,0,0,0,0,0,0,0,0,0,0,0,0,0,0,0,0,0,0,0,0,0,0,0,0,0,0,0,0,0,0,0,0,0,0,0,0,0,0,0,0,0,0,0,0,0,0,0,0,0,0,0,0,0,0,0,0,0,0,0,0,0,0,0,0,0,0,0,0,0,0,0,0,0,0,0,0,0,0,0,0,0,0,0,0,70,0,0,0,0,0,0,0,0,0,0,0,0,0,0
24,IAŞI,TRIFEŞTI,99600,1,FINAL,UAT,CL,CL_CE,"2020-09-28 05:11:11",2939,2919,0,15,5,1509,1489,0,15,5,1398,111,3200,1691,69,97,111,99,0,0,0,46,0,0,286,2,1,1008,10,0,0,0,0,0,0,0,0,0,0,58,0,0,0,0,0,0,0,0,0,0,0,0,0,0,0,0,0,0,0,0,0,0,0,0,0,0,0,0,0,0,0,0,0,0,0,0,0,0,0,0,0,0,0,0,0,0,0,0,0,0,0,0,0,0,0,0,0,0,0,0,0,0,0,0,0,0,0,0,0,0,0,0,0,0,0,0,0,0,0,0,0,0,0,0,0,0,0,0,0,0,0,0,0,0,0,0,0,0,0,0,0,0,0,0,0,0,0,0,0,0,0,0,0,0,0,0,0,0,0,0,0,0,0,0,0,0,0,0,0,0,0,0,0,0,0,0,0,0,0,0,0,0,0,0,0,0,0,0,0,0,0,0,0,0,0,0,0,0
24,IAŞI,ŢUŢORA,99922,1,FINAL,UAT,CL,CL_CE,"2020-09-28 04:25:30",1913,1841,1,12,59,1041,970,0,12,59,950,91,2000,959,47,66,76,80,16,0,0,38,0,0,596,7,1,57,0,1,0,0,0,0,0,0,15,0,0,180,2,0,0,0,0,0,0,0,0,0,0,0,0,0,0,0,0,0,0,0,0,0,0,0,0,0,0,0,0,0,0,0,0,0,0,0,0,0,0,0,0,0,0,0,0,0,0,0,0,0,0,0,0,0,0,0,0,0,0,0,0,0,0,0,0,0,0,0,0,0,0,0,0,0,0,0,0,0,0,0,0,0,0,0,0,0,0,0,0,0,0,0,0,0,0,0,0,0,0,0,0,0,0,0,0,0,0,0,0,0,0,0,0,0,0,0,0,0,0,0,0,0,0,0,0,0,0,0,0,0,0,0,0,0,0,0,0,0,0,0,0,0,0,0,0,0,48,0,0,0,0,0,0,0,0,0,0,0
24,IAŞI,UNGHENI,96003,1,FINAL,UAT,CL,CL_CE,"2020-09-28 05:35:14",3490,3466,2,21,1,1709,1687,0,21,1,1590,119,3800,2091,79,111,127,116,90,0,1,56,0,0,417,3,1,856,7,0,155,1,0,0,0,0,0,0,0,0,0,0,0,0,0,0,0,0,0,0,0,0,0,0,0,0,0,0,0,0,16,0,0,0,0,0,0,0,0,0,0,0,0,0,0,0,0,0,0,0,0,0,0,0,0,0,0,0,0,0,0,0,0,0,0,0,0,0,0,0,0,0,0,0,0,0,0,0,0,0,0,0,0,0,0,0,0,0,0,0,0,0,0,0,0,0,0,0,0,0,0,0,0,0,0,0,0,0,0,0,0,0,0,0,0,0,0,0,0,0,0,0,0,0,0,0,0,0,0,0,0,0,0,0,0,0,0,0,0,0,0,0,0,0,0,0,0,0,0,0,0,0,0,0,0,0,0,0,0,0,0,0,0,0,0,0,0,0
24,IAŞI,"VALEA LUPULUI",100353,1,FINAL,UAT,CL,CL_CE,"2020-09-28 12:04:55",8774,8680,18,65,11,4062,3986,0,65,11,3965,97,9500,5438,198,277,317,216,265,1,0,110,0,0,629,2,1,1485,6,1,1300,6,0,0,0,0,44,0,0,0,0,0,0,0,0,0,0,0,0,0,0,0,0,0,0,0,0,0,0,0,0,0,0,0,0,0,0,0,0,0,0,0,0,0,0,0,0,0,0,0,0,0,0,0,0,0,0,0,0,0,0,0,0,0,0,0,0,0,0,0,0,0,0,0,0,0,0,0,0,0,0,0,0,0,0,0,0,0,0,0,0,0,0,0,0,0,0,0,0,0,0,0,0,0,0,0,0,0,0,0,0,0,0,0,0,0,0,0,0,0,0,0,0,0,0,0,0,0,0,0,0,0,0,0,0,0,0,0,0,0,0,0,0,0,0,0,0,0,0,0,0,0,0,0,0,0,0,0,0,104,0,0,28,0,0,0,0,0
24,IAŞI,"VALEA SEACĂ",99968,1,FINAL,UAT,CL,CL_CE,"2020-09-28 07:44:49",4993,4951,1,15,26,2522,2481,0,15,26,2283,232,5400,2885,114,159,182,146,590,4,0,275,1,1,306,2,0,646,4,1,0,0,0,0,0,0,0,0,0,0,0,0,0,0,0,0,0,0,0,0,0,0,0,0,0,0,0,0,0,0,0,0,0,0,0,0,0,0,0,0,0,0,0,0,0,0,0,0,0,0,0,0,0,0,0,0,0,0,0,0,0,0,0,0,0,0,0,0,0,0,0,0,0,0,0,0,0,0,0,0,0,0,0,0,0,0,0,0,0,0,0,0,0,0,0,0,0,0,0,0,0,0,0,0,0,0,0,0,0,0,0,0,0,0,0,0,0,0,0,0,0,0,0,0,0,0,0,0,0,0,0,0,0,0,0,0,0,0,0,0,0,250,1,1,91,0,0,0,0,0,0,0,0,0,0,0,0,0,0,0,0,0,0,0,0,125,0,0
24,IAŞI,VÂNĂTORI,100086,1,FINAL,UAT,CL,CL_CE,"2020-09-28 08:55:14",3941,3661,0,225,55,2489,2209,0,225,55,2337,152,4107,1618,116,163,186,166,165,0,1,73,0,0,1173,7,0,825,4,1,18,0,0,0,0,0,55,0,0,0,0,0,0,0,0,0,0,0,0,0,0,0,0,0,0,0,0,0,0,0,0,0,0,28,0,0,0,0,0,0,0,0,0,0,0,0,0,0,0,0,0,0,0,0,0,0,0,0,0,0,0,0,0,0,0,0,0,0,0,0,0,0,0,0,0,0,0,0,0,0,0,0,0,0,0,0,0,0,0,0,0,0,0,0,0,0,0,0,0,0,0,0,0,0,0,0,0,0,0,0,0,0,0,0,0,0,0,0,0,0,0,0,0,0,0,0,0,0,0,0,0,0,0,0,0,0,0,0,0,0,0,0,0,0,0,0,0,0,0,0,0,0,0,0,0,0,0,0,0,0,0,0,0,0,0,0,0,0
24,IAŞI,VICTORIA,100004,1,FINAL,UAT,CL,CL_CE,"2020-09-28 06:28:01",3558,3447,1,44,66,1827,1716,1,44,66,1700,111,3684,1866,85,119,136,130,100,0,1,289,2,0,301,2,0,1010,7,1,0,0,0,0,0,0,0,0,0,0,0,0,0,0,0,0,0,0,0,0,0,0,0,0,0,0,0,0,0,0,0,0,0,0,0,0,0,0,0,0,0,0,0,0,0,0,0,0,0,0,0,0,0,0,0,0,0,0,0,0,0,0,0,0,0,0,0,0,0,0,0,0,0,0,0,0,0,0,0,0,0,0,0,0,0,0,0,0,0,0,0,0,0,0,0,0,0,0,0,0,0,0,0,0,0,0,0,0,0,0,0,0,0,0,0,0,0,0,0,0,0,0,0,0,0,0,0,0,0,0,0,0,0,0,0,0,0,0,0,0,0,0,0,0,0,0,0,0,0,0,0,0,0,0,0,0,0,0,0,0,0,0,0,0,0,0,0,0
24,IAŞI,VLĂDENI,100148,1,FINAL,UAT,CL,CL_CE,"2020-09-28 04:41:56",3316,3259,2,42,13,1618,1561,2,42,13,1488,130,3614,1996,74,104,119,104,76,0,1,73,0,0,722,6,1,555,5,0,0,0,0,0,0,0,0,0,0,62,0,0,0,0,0,0,0,0,0,0,0,0,0,0,0,0,0,0,0,0,0,0,0,0,0,0,0,0,0,0,0,0,0,0,0,0,0,0,0,0,0,0,0,0,0,0,0,0,0,0,0,0,0,0,0,0,0,0,0,0,0,0,0,0,0,0,0,0,0,0,0,0,0,0,0,0,0,0,0,0,0,0,0,0,0,0,0,0,0,0,0,0,0,0,0,0,0,0,0,0,0,0,0,0,0,0,0,0,0,0,0,0,0,0,0,0,0,0,0,0,0,0,0,0,0,0,0,0,0,0,0,0,0,0,0,0,0,0,0,0,0,0,0,0,0,0,0,0,0,0,0,0,0,0,0,0,0,0
24,IAŞI,VOINEŞTI,100219,2,FINAL,UAT,CL,CL_CE,"2020-09-30 20:59:14",5673,5618,2,44,9,2696,2642,1,44,9,2423,245,6218,3550,121,169,193,137,0,0,0,137,1,0,1096,8,0,829,6,0,132,0,0,0,0,0,81,0,0,92,0,0,0,0,0,0,0,0,0,0,0,0,0,0,0,0,0,0,0,0,0,0,0,0,0,0,0,0,0,0,0,0,0,0,0,0,0,56,0,0,0,0,0,0,0,0,0,0,0,0,0,0,0,0,0,0,0,0,0,0,0,0,0,0,0,0,0,0,0,0,0,0,0,0,0,0,0,0,0,0,0,0,0,0,0,0,0,0,0,0,0,0,0,0,0,0,0,0,0,0,0,0,0,0,0,0,0,0,0,0,0,0,0,0,0,0,0,0,0,0,0,0,0,0,0,0,0,0,0,0,0,0,0,0,0,0,0,0,0,0,0,0,0,0,0,0,0,0,0,0,0,0,0,0,0,0,0,0
