county_nce,county_name,uat_name,uat_siruta,report_version,report_stage_code,report_type_scope_code,report_type_category_code,report_type_code,created_at,a,a1,a2,a3,a4,b,b1,b2,b3,b4,c,d,e,f,g1.1,g1.2,g1.3,g4,"UNIUNEA DEMOCRATĂ MAGHIARĂ DIN ROMÂNIA-voturi","UNIUNEA DEMOCRATĂ MAGHIARĂ DIN ROMÂNIA-mandate-faza-1","UNIUNEA DEMOCRATĂ MAGHIARĂ DIN ROMÂNIA-mandate-faza-2","PARTIDUL NAȚIONAL LIBERAL-voturi","PARTIDUL NAȚIONAL LIBERAL-mandate-faza-1","PARTIDUL NAȚIONAL LIBERAL-mandate-faza-2","PARTIDUL MIȘCAREA POPULARĂ-voturi","PARTIDUL MIȘCAREA POPULARĂ-mandate-faza-1","PARTIDUL MIȘCAREA POPULARĂ-mandate-faza-2","PARTIDUL SOCIAL DEMOCRAT-voturi","PARTIDUL SOCIAL DEMOCRAT-mandate-faza-1","PARTIDUL SOCIAL DEMOCRAT-mandate-faza-2","ALIANȚA USR PLUS-voturi","ALIANȚA USR PLUS-mandate-faza-1","ALIANȚA USR PLUS-mandate-faza-2","PARTIDUL VERDE-voturi","PARTIDUL VERDE-mandate-faza-1","PARTIDUL VERDE-mandate-faza-2","ALIANȚA ELECTORALĂ PRO AGHIREȘU-voturi","ALIANȚA ELECTORALĂ PRO AGHIREȘU-mandate-faza-1","ALIANȚA ELECTORALĂ PRO AGHIREȘU-mandate-faza-2","PARTIDUL PRO ROMÂNIA-voturi","PARTIDUL PRO ROMÂNIA-mandate-faza-1","PARTIDUL PRO ROMÂNIA-mandate-faza-2","PARTIDUL ROMÂNIA MARE-voturi","PARTIDUL ROMÂNIA MARE-mandate-faza-1","PARTIDUL ROMÂNIA MARE-mandate-faza-2","ASOCIAȚIA PARTIDA ROMILOR “PRO-EUROPA”-voturi","ASOCIAȚIA PARTIDA ROMILOR “PRO-EUROPA”-mandate-faza-1","ASOCIAȚIA PARTIDA ROMILOR “PRO-EUROPA”-mandate-faza-2","PARTIDUL NEAMUL ROMÂNESC-voturi","PARTIDUL NEAMUL ROMÂNESC-mandate-faza-1","PARTIDUL NEAMUL ROMÂNESC-mandate-faza-2","PARTIDUL POPULAR MAGHIAR DIN TRANSILVANIA-voturi","PARTIDUL POPULAR MAGHIAR DIN TRANSILVANIA-mandate-faza-1","PARTIDUL POPULAR MAGHIAR DIN TRANSILVANIA-mandate-faza-2","POP ALEXANDRA-LIANA-voturi","POP ALEXANDRA-LIANA-mandate-faza-1","POP ALEXANDRA-LIANA-mandate-faza-2","PARTIDUL ALIANŢA LIBERALILOR ŞI DEMOCRAŢILOR – ALDE-voturi","PARTIDUL ALIANŢA LIBERALILOR ŞI DEMOCRAŢILOR – ALDE-mandate-faza-1","PARTIDUL ALIANŢA LIBERALILOR ŞI DEMOCRAŢILOR – ALDE-mandate-faza-2","ASOCIAȚIA PARTIDA ROMILOR “PRO-EUROPA”-mandate-g8","UNIUNEA NAȚIONALĂ PENTRU PROGRESUL ROMÂNIEI-voturi","UNIUNEA NAȚIONALĂ PENTRU PROGRESUL ROMÂNIEI-mandate-faza-1","UNIUNEA NAȚIONALĂ PENTRU PROGRESUL ROMÂNIEI-mandate-faza-2","PARTIDUL REPUBLICAN DIN ROMÂNIA-voturi","PARTIDUL REPUBLICAN DIN ROMÂNIA-mandate-faza-1","PARTIDUL REPUBLICAN DIN ROMÂNIA-mandate-faza-2","PARTIDUL NAȚIONAL ȚĂRĂNESC MANIU MIHALACHE-voturi","PARTIDUL NAȚIONAL ȚĂRĂNESC MANIU MIHALACHE-mandate-faza-1","PARTIDUL NAȚIONAL ȚĂRĂNESC MANIU MIHALACHE-mandate-faza-2","PARTIDUL PUTERII UMANISTE (SOCIAL-LIBERAL)-voturi","PARTIDUL PUTERII UMANISTE (SOCIAL-LIBERAL)-mandate-faza-1","PARTIDUL PUTERII UMANISTE (SOCIAL-LIBERAL)-mandate-faza-2","TRIPON PĂŞCUŢ-voturi","TRIPON PĂŞCUŢ-mandate-faza-1","TRIPON PĂŞCUŢ-mandate-faza-2","PARTIDUL PHRALIPE AL ROMILOR-voturi","PARTIDUL PHRALIPE AL ROMILOR-mandate-faza-1","PARTIDUL PHRALIPE AL ROMILOR-mandate-faza-2","ALIANȚA MAGHIARĂ DIN TRANSILVANIA-voturi","ALIANȚA MAGHIARĂ DIN TRANSILVANIA-mandate-faza-1","ALIANȚA MAGHIARĂ DIN TRANSILVANIA-mandate-faza-2","UNIUNEA DEMOCRATĂ MAGHIARĂ DIN ROMÂNIA-mandate-g8","MÎNDRUŞCA IOAN-voturi","MÎNDRUŞCA IOAN-mandate-faza-1","MÎNDRUŞCA IOAN-mandate-faza-2","TÖRÖK-PISTUKA FRANCISC-voturi","TÖRÖK-PISTUKA FRANCISC-mandate-faza-1","TÖRÖK-PISTUKA FRANCISC-mandate-faza-2","PARTIDUL SOCIALIST ROMÂN-voturi","PARTIDUL SOCIALIST ROMÂN-mandate-faza-1","PARTIDUL SOCIALIST ROMÂN-mandate-faza-2","PARTIDUL FORTA NATIONALA-voturi","PARTIDUL FORTA NATIONALA-mandate-faza-1","PARTIDUL FORTA NATIONALA-mandate-faza-2","RUS FILIP-CORNEL-voturi","RUS FILIP-CORNEL-mandate-faza-1","RUS FILIP-CORNEL-mandate-faza-2","ALIANȚA PENTRU UNIREA ROMÂNILOR-voturi","ALIANȚA PENTRU UNIREA ROMÂNILOR-mandate-faza-1","ALIANȚA PENTRU UNIREA ROMÂNILOR-mandate-faza-2","COCEA SILVIA-LARISA-voturi","COCEA SILVIA-LARISA-mandate-faza-1","COCEA SILVIA-LARISA-mandate-faza-2","BUDA DANIEL-voturi","BUDA DANIEL-mandate-faza-1","BUDA DANIEL-mandate-faza-2","PARTIDUL NAȚIONAL ȚĂRĂNESC CREȘTIN DEMOCRAT-voturi","PARTIDUL NAȚIONAL ȚĂRĂNESC CREȘTIN DEMOCRAT-mandate-faza-1","PARTIDUL NAȚIONAL ȚĂRĂNESC CREȘTIN DEMOCRAT-mandate-faza-2","PARTIDUL ALTERNATIVA DREAPTĂ-voturi","PARTIDUL ALTERNATIVA DREAPTĂ-mandate-faza-1","PARTIDUL ALTERNATIVA DREAPTĂ-mandate-faza-2","PÂSLARIU GHEORGHE-OVIDIU-voturi","PÂSLARIU GHEORGHE-OVIDIU-mandate-faza-1","PÂSLARIU GHEORGHE-OVIDIU-mandate-faza-2","DEUŞAN IONEL-DANIEL-voturi","DEUŞAN IONEL-DANIEL-mandate-faza-1","DEUŞAN IONEL-DANIEL-mandate-faza-2","MOLDOVAN AUGUSTIN-voturi","MOLDOVAN AUGUSTIN-mandate-faza-1","MOLDOVAN AUGUSTIN-mandate-faza-2","KEIZER ROBERT-voturi","KEIZER ROBERT-mandate-faza-1","KEIZER ROBERT-mandate-faza-2","RUPA ŞTEFAN-voturi","RUPA ŞTEFAN-mandate-faza-1","RUPA ŞTEFAN-mandate-faza-2","MIŞTAR IOAN-voturi","MIŞTAR IOAN-mandate-faza-1","MIŞTAR IOAN-mandate-faza-2","LIVESCU ALEXANDRU-voturi","LIVESCU ALEXANDRU-mandate-faza-1","LIVESCU ALEXANDRU-mandate-faza-2","SOCACIU CRISTIAN-voturi","SOCACIU CRISTIAN-mandate-faza-1","SOCACIU CRISTIAN-mandate-faza-2","MUREŞAN ALEXANDRU-MIRCEA-voturi","MUREŞAN ALEXANDRU-MIRCEA-mandate-faza-1","MUREŞAN ALEXANDRU-MIRCEA-mandate-faza-2","PARTIDUL ROMÂNIA NOASTRĂ-voturi","PARTIDUL ROMÂNIA NOASTRĂ-mandate-faza-1","PARTIDUL ROMÂNIA NOASTRĂ-mandate-faza-2","COZMA CĂLIN-VALENTIN-voturi","COZMA CĂLIN-VALENTIN-mandate-faza-1","COZMA CĂLIN-VALENTIN-mandate-faza-2","MĂRGINEAN FLAVIA-ALEXANDRA-voturi","MĂRGINEAN FLAVIA-ALEXANDRA-mandate-faza-1","MĂRGINEAN FLAVIA-ALEXANDRA-mandate-faza-2","PARTIDUL OAMENILOR LIBERI-voturi","PARTIDUL OAMENILOR LIBERI-mandate-faza-1","PARTIDUL OAMENILOR LIBERI-mandate-faza-2","BOB GHEORGHE-voturi","BOB GHEORGHE-mandate-faza-1","BOB GHEORGHE-mandate-faza-2","HĂDĂREAN SIMION-voturi","HĂDĂREAN SIMION-mandate-faza-1","HĂDĂREAN SIMION-mandate-faza-2","TOTHĂZAN PAVEL-EUGEN-voturi","TOTHĂZAN PAVEL-EUGEN-mandate-faza-1","TOTHĂZAN PAVEL-EUGEN-mandate-faza-2","ROŞ NICOLAE-voturi","ROŞ NICOLAE-mandate-faza-1","ROŞ NICOLAE-mandate-faza-2","TRIF MARIUS-voturi","TRIF MARIUS-mandate-faza-1","TRIF MARIUS-mandate-faza-2","HUDREA HOREA-voturi","HUDREA HOREA-mandate-faza-1","HUDREA HOREA-mandate-faza-2","DEJEU MIRCEA-voturi","DEJEU MIRCEA-mandate-faza-1","DEJEU MIRCEA-mandate-faza-2","MATIŞ HOREA-DORIN-voturi","MATIŞ HOREA-DORIN-mandate-faza-1","MATIŞ HOREA-DORIN-mandate-faza-2","SĂMĂRTINEAN BOGDAN-VASILE-voturi","SĂMĂRTINEAN BOGDAN-VASILE-mandate-faza-1","SĂMĂRTINEAN BOGDAN-VASILE-mandate-faza-2","ABRUDAN FLORIN-GHEORGHE-voturi","ABRUDAN FLORIN-GHEORGHE-mandate-faza-1","ABRUDAN FLORIN-GHEORGHE-mandate-faza-2","NEGRU GABRIEL-CĂLIN-voturi","NEGRU GABRIEL-CĂLIN-mandate-faza-1","NEGRU GABRIEL-CĂLIN-mandate-faza-2","DUMITRAŞ GHEORGHE-voturi","DUMITRAŞ GHEORGHE-mandate-faza-1","DUMITRAŞ GHEORGHE-mandate-faza-2","TIMOTEIU MUGUREL-VASILE-voturi","TIMOTEIU MUGUREL-VASILE-mandate-faza-1","TIMOTEIU MUGUREL-VASILE-mandate-faza-2","FILEP ALEXANDRU-voturi","FILEP ALEXANDRU-mandate-faza-1","FILEP ALEXANDRU-mandate-faza-2","UNIUNEA CREȘTIN DEMOCRATĂ DLN ROMÂNIA-voturi","UNIUNEA CREȘTIN DEMOCRATĂ DLN ROMÂNIA-mandate-faza-1","UNIUNEA CREȘTIN DEMOCRATĂ DLN ROMÂNIA-mandate-faza-2","MESEŞAN IOANA-DANIELA-voturi","MESEŞAN IOANA-DANIELA-mandate-faza-1","MESEŞAN IOANA-DANIELA-mandate-faza-2"
13,CLUJ,AGHIREŞU,55473,1,FINAL,UAT,CL,CL_CE,"2020-09-28 08:02:50",5586,5439,3,114,30,2431,2287,0,114,30,2287,137,6036,3605,114,160,182,122,694,5,1,903,7,0,108,0,0,241,1,1,90,0,0,105,0,0,146,0,0,0,0,0,0,0,0,0,0,0,0,0,0,0,0,0,0,0,0,0,0,0,0,0,0,0,0,0,0,0,0,0,0,0,0,0,0,0,0,0,0,0,0,0,0,0,0,0,0,0,0,0,0,0,0,0,0,0,0,0,0,0,0,0,0,0,0,0,0,0,0,0,0,0,0,0,0,0,0,0,0,0,0,0,0,0,0,0,0,0,0,0,0,0,0,0,0,0,0,0,0,0,0,0,0,0,0,0,0,0,0,0,0,0,0,0,0,0,0,0,0,0,0,0,0,0,0,0,0,0,0,0,0,0,0,0,0,0,0,0,0,0,0,0,0,0,0,0,0,0,0,0,0,0,0,0,0,0,0,0,0,0
13,CLUJ,AITON,55598,1,FINAL,UAT,CL,CL_CE,"2020-09-28 09:14:01",992,866,3,109,14,607,483,1,109,14,565,42,974,367,28,39,45,58,43,0,1,360,6,0,18,0,0,61,1,0,25,0,0,0,0,0,0,0,0,58,1,0,0,0,0,0,0,0,0,0,0,0,0,0,0,0,0,0,0,0,0,0,0,0,0,0,0,0,0,0,0,0,0,0,0,0,0,0,0,0,0,0,0,0,0,0,0,0,0,0,0,0,0,0,0,0,0,0,0,0,0,0,0,0,0,0,0,0,0,0,0,0,0,0,0,0,0,0,0,0,0,0,0,0,0,0,0,0,0,0,0,0,0,0,0,0,0,0,0,0,0,0,0,0,0,0,0,0,0,0,0,0,0,0,0,0,0,0,0,0,0,0,0,0,0,0,0,0,0,0,0,0,0,0,0,0,0,0,0,0,0,0,0,0,0,0,0,0,0,0,0,0,0,0,0,0,0,0,0,0
13,CLUJ,ALUNIŞ,55623,1,FINAL,UAT,CL,CL_CE,"2020-09-28 10:53:37",1038,914,1,104,19,710,587,0,104,19,651,59,1040,330,32,45,52,69,0,0,0,394,5,1,93,1,0,51,0,1,23,0,0,0,0,0,0,0,0,57,0,1,33,0,0,0,0,0,0,0,0,0,0,0,0,0,0,0,0,0,0,0,0,0,0,0,0,0,0,0,0,0,0,0,0,0,0,0,0,0,0,0,0,0,0,0,0,0,0,0,0,0,0,0,0,0,0,0,0,0,0,0,0,0,0,0,0,0,0,0,0,0,0,0,0,0,0,0,0,0,0,0,0,0,0,0,0,0,0,0,0,0,0,0,0,0,0,0,0,0,0,0,0,0,0,0,0,0,0,0,0,0,0,0,0,0,0,0,0,0,0,0,0,0,0,0,0,0,0,0,0,0,0,0,0,0,0,0,0,0,0,0,0,0,0,0,0,0,0,0,0,0,0,0,0,0,0,0,0,0
13,CLUJ,APAHIDA,55687,1,FINAL,UAT,CL,CL_CE,"2020-09-28 13:13:26",11594,11443,38,86,27,5709,5596,0,86,27,5509,200,12748,7039,275,385,440,300,0,0,0,2089,6,1,488,1,0,1751,5,1,788,2,1,0,0,0,0,0,0,265,0,0,0,0,0,79,0,0,49,0,0,0,0,0,0,0,0,0,0,0,0,0,0,0,0,0,0,0,0,0,0,0,0,0,0,0,0,0,0,0,0,0,0,0,0,0,0,0,0,0,0,0,0,0,0,0,0,0,0,0,0,0,0,0,0,0,0,0,0,0,0,0,0,0,0,0,0,0,0,0,0,0,0,0,0,0,0,0,0,0,0,0,0,0,0,0,0,0,0,0,0,0,0,0,0,0,0,0,0,0,0,0,0,0,0,0,0,0,0,0,0,0,0,0,0,0,0,0,0,0,0,0,0,0,0,0,0,0,0,0,0,0,0,0,0,0,0,0,0,0,0,0,0,0,0,0,0,0,0,0
13,CLUJ,AŞCHILEU,55776,1,FINAL,UAT,CL,CL_CE,"2020-09-28 10:36:13",1204,1154,1,49,0,692,643,0,49,0,625,64,1282,590,31,43,50,63,0,0,0,293,4,1,83,1,0,69,1,0,0,0,0,19,0,0,0,0,0,130,2,0,0,0,0,0,0,0,0,0,0,17,0,0,14,0,0,0,0,0,0,0,0,0,0,0,0,0,0,0,0,0,0,0,0,0,0,0,0,0,0,0,0,0,0,0,0,0,0,0,0,0,0,0,0,0,0,0,0,0,0,0,0,0,0,0,0,0,0,0,0,0,0,0,0,0,0,0,0,0,0,0,0,0,0,0,0,0,0,0,0,0,0,0,0,0,0,0,0,0,0,0,0,0,0,0,0,0,0,0,0,0,0,0,0,0,0,0,0,0,0,0,0,0,0,0,0,0,0,0,0,0,0,0,0,0,0,0,0,0,0,0,0,0,0,0,0,0,0,0,0,0,0,0,0,0,0,0,0,0
13,CLUJ,BACIU,55838,1,FINAL,UAT,CL,CL_CE,"2020-09-28 12:54:29",10119,9934,29,91,65,5012,4854,2,91,65,4823,179,10957,5955,241,337,385,261,1592,6,0,1742,6,1,37,0,0,364,1,0,495,1,1,0,0,0,0,0,0,143,0,0,0,0,0,260,0,0,0,0,0,0,0,0,0,0,0,69,0,0,1,7,0,0,89,0,0,25,0,0,0,0,0,0,0,0,0,0,0,0,0,0,0,0,0,0,0,0,0,0,0,0,0,0,0,0,0,0,0,0,0,0,0,0,0,0,0,0,0,0,0,0,0,0,0,0,0,0,0,0,0,0,0,0,0,0,0,0,0,0,0,0,0,0,0,0,0,0,0,0,0,0,0,0,0,0,0,0,0,0,0,0,0,0,0,0,0,0,0,0,0,0,0,0,0,0,0,0,0,0,0,0,0,0,0,0,0,0,0,0,0,0,0,0,0,0,0,0,0,0,0,0,0,0,0,0,0,0,0,0
13,CLUJ,BĂIŞOARA,55918,1,FINAL,UAT,CL,CL_CE,"2020-09-28 05:55:26",1708,1628,2,47,31,1138,1060,0,47,31,1068,70,1846,708,53,74,85,94,0,0,0,347,3,1,68,0,1,221,2,0,93,0,1,25,0,0,0,0,0,66,0,1,0,0,0,0,0,0,0,0,0,0,0,0,0,0,0,0,0,0,0,0,0,0,248,2,0,0,0,0,0,0,0,0,0,0,0,0,0,0,0,0,0,0,0,0,0,0,0,0,0,0,0,0,0,0,0,0,0,0,0,0,0,0,0,0,0,0,0,0,0,0,0,0,0,0,0,0,0,0,0,0,0,0,0,0,0,0,0,0,0,0,0,0,0,0,0,0,0,0,0,0,0,0,0,0,0,0,0,0,0,0,0,0,0,0,0,0,0,0,0,0,0,0,0,0,0,0,0,0,0,0,0,0,0,0,0,0,0,0,0,0,0,0,0,0,0,0,0,0,0,0,0,0,0,0,0,0,0,0
13,CLUJ,BELIŞ,56014,2,FINAL,UAT,CL,CL_CE,"2020-10-01 10:53:41",1182,1073,2,97,10,866,759,0,97,10,835,31,1206,340,41,58,66,84,0,0,0,162,1,1,65,0,1,339,4,0,79,0,1,0,0,0,0,0,0,117,1,0,0,0,0,0,0,0,0,0,0,0,0,0,0,0,0,38,0,0,0,0,0,0,0,0,0,0,0,0,18,0,0,17,0,0,0,0,0,0,0,0,0,0,0,0,0,0,0,0,0,0,0,0,0,0,0,0,0,0,0,0,0,0,0,0,0,0,0,0,0,0,0,0,0,0,0,0,0,0,0,0,0,0,0,0,0,0,0,0,0,0,0,0,0,0,0,0,0,0,0,0,0,0,0,0,0,0,0,0,0,0,0,0,0,0,0,0,0,0,0,0,0,0,0,0,0,0,0,0,0,0,0,0,0,0,0,0,0,0,0,0,0,0,0,0,0,0,0,0,0,0,0,0,0,0,0,0,0,0
13,CLUJ,BOBÂLNA,56096,1,FINAL,UAT,CL,CL_CE,"2020-09-28 11:08:13",1225,1081,1,118,25,823,679,1,118,25,766,57,1239,416,38,53,61,85,0,0,0,97,1,0,90,1,0,299,3,1,0,0,0,0,0,0,0,0,0,40,0,0,0,0,0,0,0,0,0,0,0,0,0,0,0,0,0,240,2,1,0,0,0,0,0,0,0,0,0,0,0,0,0,0,0,0,0,0,0,0,0,0,0,0,0,0,0,0,0,0,0,0,0,0,0,0,0,0,0,0,0,0,0,0,0,0,0,0,0,0,0,0,0,0,0,0,0,0,0,0,0,0,0,0,0,0,0,0,0,0,0,0,0,0,0,0,0,0,0,0,0,0,0,0,0,0,0,0,0,0,0,0,0,0,0,0,0,0,0,0,0,0,0,0,0,0,0,0,0,0,0,0,0,0,0,0,0,0,0,0,0,0,0,0,0,0,0,0,0,0,0,0,0,0,0,0,0,0,0,0
13,CLUJ,BONŢIDA,56210,1,FINAL,UAT,CL,CL_CE,"2020-09-28 05:08:18",3861,3736,3,64,58,2271,2148,1,64,58,2116,155,4393,2122,105,148,169,155,407,2,1,612,3,1,197,1,0,164,1,0,158,1,0,0,0,0,0,0,0,85,0,0,0,0,0,135,0,0,0,0,0,0,0,0,0,0,0,0,0,0,1,0,0,0,0,0,0,0,0,0,347,2,0,0,0,0,11,0,0,0,0,0,0,0,0,0,0,0,0,0,0,0,0,0,0,0,0,0,0,0,0,0,0,0,0,0,0,0,0,0,0,0,0,0,0,0,0,0,0,0,0,0,0,0,0,0,0,0,0,0,0,0,0,0,0,0,0,0,0,0,0,0,0,0,0,0,0,0,0,0,0,0,0,0,0,0,0,0,0,0,0,0,0,0,0,0,0,0,0,0,0,0,0,0,0,0,0,0,0,0,0,0,0,0,0,0,0,0,0,0,0,0,0,0,0,0,0,0,0,0
13,CLUJ,BORŞA,56265,1,FINAL,UAT,CL,CL_CE,"2020-09-28 05:40:16",1209,1105,0,52,52,776,672,0,52,52,746,30,1210,434,37,52,59,79,35,0,0,592,7,0,0,0,0,74,0,1,0,0,0,0,0,0,0,0,0,45,0,1,0,0,0,0,0,0,0,0,0,0,0,0,0,0,0,0,0,0,0,0,0,0,0,0,0,0,0,0,0,0,0,0,0,0,0,0,0,0,0,0,0,0,0,0,0,0,0,0,0,0,0,0,0,0,0,0,0,0,0,0,0,0,0,0,0,0,0,0,0,0,0,0,0,0,0,0,0,0,0,0,0,0,0,0,0,0,0,0,0,0,0,0,0,0,0,0,0,0,0,0,0,0,0,0,0,0,0,0,0,0,0,0,0,0,0,0,0,0,0,0,0,0,0,0,0,0,0,0,0,0,0,0,0,0,0,0,0,0,0,0,0,0,0,0,0,0,0,0,0,0,0,0,0,0,0,0,0,0
13,CLUJ,BUZA,56327,1,FINAL,UAT,CL,CL_CE,"2020-09-28 05:15:20",1005,996,0,5,4,594,585,0,5,4,542,52,1103,509,27,37,43,27,246,4,0,168,2,1,0,0,0,71,1,0,0,0,0,0,0,0,0,0,0,57,0,1,0,0,0,0,0,0,0,0,0,0,0,0,0,0,0,0,0,0,0,0,0,0,0,0,0,0,0,0,0,0,0,0,0,0,0,0,0,0,0,0,0,0,0,0,0,0,0,0,0,0,0,0,0,0,0,0,0,0,0,0,0,0,0,0,0,0,0,0,0,0,0,0,0,0,0,0,0,0,0,0,0,0,0,0,0,0,0,0,0,0,0,0,0,0,0,0,0,0,0,0,0,0,0,0,0,0,0,0,0,0,0,0,0,0,0,0,0,0,0,0,0,0,0,0,0,0,0,0,0,0,0,0,0,0,0,0,0,0,0,0,0,0,0,0,0,0,0,0,0,0,0,0,0,0,0,0,0,0
13,CLUJ,CĂIANU,56354,1,FINAL,UAT,CL,CL_CE,"2020-09-28 05:13:35",2045,1967,1,43,34,1239,1162,0,43,34,1152,87,2193,954,57,80,92,98,220,2,0,360,3,1,108,1,0,265,2,1,0,0,0,133,1,0,0,0,0,27,0,0,0,0,0,0,0,0,0,0,0,0,0,0,0,0,0,0,0,0,0,0,0,0,0,0,0,0,0,0,0,0,0,0,0,0,0,0,0,39,0,0,0,0,0,0,0,0,0,0,0,0,0,0,0,0,0,0,0,0,0,0,0,0,0,0,0,0,0,0,0,0,0,0,0,0,0,0,0,0,0,0,0,0,0,0,0,0,0,0,0,0,0,0,0,0,0,0,0,0,0,0,0,0,0,0,0,0,0,0,0,0,0,0,0,0,0,0,0,0,0,0,0,0,0,0,0,0,0,0,0,0,0,0,0,0,0,0,0,0,0,0,0,0,0,0,0,0,0,0,0,0,0,0,0,0,0,0,0,0
13,CLUJ,CĂLĂRAŞI,56425,1,FINAL,UAT,CL,CL_CE,"2020-09-28 12:55:02",2054,2007,5,23,19,1113,1068,3,23,19,1055,58,2250,1137,52,73,84,89,198,2,0,335,3,1,344,3,1,111,1,0,29,0,0,0,0,0,0,0,0,15,0,0,23,0,0,0,0,0,0,0,0,0,0,0,0,0,0,0,0,0,0,0,0,0,0,0,0,0,0,0,0,0,0,0,0,0,0,0,0,0,0,0,0,0,0,0,0,0,0,0,0,0,0,0,0,0,0,0,0,0,0,0,0,0,0,0,0,0,0,0,0,0,0,0,0,0,0,0,0,0,0,0,0,0,0,0,0,0,0,0,0,0,0,0,0,0,0,0,0,0,0,0,0,0,0,0,0,0,0,0,0,0,0,0,0,0,0,0,0,0,0,0,0,0,0,0,0,0,0,0,0,0,0,0,0,0,0,0,0,0,0,0,0,0,0,0,0,0,0,0,0,0,0,0,0,0,0,0,0,0
13,CLUJ,CĂLĂŢELE,56461,1,FINAL,UAT,CL,CL_CE,"2020-09-28 07:21:42",1958,1898,1,43,16,1177,1118,0,43,16,1092,84,2187,1011,54,76,87,96,82,0,0,363,3,1,72,0,1,181,1,1,29,0,0,0,0,0,0,0,0,181,1,1,0,0,0,0,0,0,0,0,0,0,0,0,0,0,0,118,1,0,0,0,0,0,0,0,0,0,0,0,66,0,0,0,0,0,0,0,0,0,0,0,1,0,0,0,0,0,0,0,0,0,0,0,0,0,0,0,0,0,0,0,0,0,0,0,0,0,0,0,0,0,0,0,0,0,0,0,0,0,0,0,0,0,0,0,0,0,0,0,0,0,0,0,0,0,0,0,0,0,0,0,0,0,0,0,0,0,0,0,0,0,0,0,0,0,0,0,0,0,0,0,0,0,0,0,0,0,0,0,0,0,0,0,0,0,0,0,0,0,0,0,0,0,0,0,0,0,0,0,0,0,0,0,0,0,0,0,0,0
13,CLUJ,CĂMĂRAŞU,56522,1,FINAL,UAT,CL,CL_CE,"2020-09-28 06:03:50",2061,2024,1,18,18,1298,1261,1,18,18,1100,198,2256,958,55,77,88,82,54,0,0,339,4,0,82,1,0,423,5,0,0,0,0,0,0,0,0,0,0,42,0,0,0,0,0,67,0,0,0,0,0,0,0,0,0,0,0,0,0,0,1,0,0,0,0,0,0,0,0,0,0,0,0,0,0,0,44,0,0,0,0,0,0,49,0,0,0,0,0,0,0,0,0,0,0,0,0,0,0,0,0,0,0,0,0,0,0,0,0,0,0,0,0,0,0,0,0,0,0,0,0,0,0,0,0,0,0,0,0,0,0,0,0,0,0,0,0,0,0,0,0,0,0,0,0,0,0,0,0,0,0,0,0,0,0,0,0,0,0,0,0,0,0,0,0,0,0,0,0,0,0,0,0,0,0,0,0,0,0,0,0,0,0,0,0,0,0,0,0,0,0,0,0,0,0,0,0,0,0,0
13,CLUJ,"CĂPUŞU MARE",56568,1,FINAL,UAT,CL,CL_CE,"2020-09-28 09:14:56",2714,2529,4,141,40,1639,1458,0,141,40,1558,81,2845,1206,77,109,124,131,373,2,1,537,4,0,187,1,0,75,0,0,0,0,0,0,0,0,0,0,0,260,1,1,0,0,0,89,0,0,0,0,0,0,0,0,0,0,0,0,0,0,1,0,0,0,0,0,0,0,0,0,0,0,0,0,0,0,0,0,0,0,0,0,0,0,0,0,37,0,0,0,0,0,0,0,0,0,0,0,0,0,0,0,0,0,0,0,0,0,0,0,0,0,0,0,0,0,0,0,0,0,0,0,0,0,0,0,0,0,0,0,0,0,0,0,0,0,0,0,0,0,0,0,0,0,0,0,0,0,0,0,0,0,0,0,0,0,0,0,0,0,0,0,0,0,0,0,0,0,0,0,0,0,0,0,0,0,0,0,0,0,0,0,0,0,0,0,0,0,0,0,0,0,0,0,0,0,0,0,0,0
13,CLUJ,CĂŞEIU,56666,1,FINAL,UAT,CL,CL_CE,"2020-09-28 09:06:56",3835,3772,3,45,15,2195,2134,1,45,15,2046,149,4189,1994,102,143,163,141,0,0,0,802,5,1,102,0,1,647,4,0,37,0,0,37,0,0,0,0,0,289,2,0,0,0,0,72,0,0,0,0,0,0,0,0,0,0,0,35,0,0,0,0,0,0,0,0,0,0,0,0,0,0,0,0,0,0,0,0,0,0,0,0,0,0,0,0,0,0,0,25,0,0,0,0,0,0,0,0,0,0,0,0,0,0,0,0,0,0,0,0,0,0,0,0,0,0,0,0,0,0,0,0,0,0,0,0,0,0,0,0,0,0,0,0,0,0,0,0,0,0,0,0,0,0,0,0,0,0,0,0,0,0,0,0,0,0,0,0,0,0,0,0,0,0,0,0,0,0,0,0,0,0,0,0,0,0,0,0,0,0,0,0,0,0,0,0,0,0,0,0,0,0,0,0,0,0,0,0,0,0
13,CLUJ,CÂŢCĂU,57314,1,FINAL,UAT,CL,CL_CE,"2020-09-28 06:18:39",2038,1839,2,108,89,1405,1207,1,108,89,1370,35,2067,662,68,95,109,118,0,0,0,949,8,0,0,0,0,350,2,1,57,0,0,0,0,0,0,0,0,14,0,0,0,0,0,0,0,0,0,0,0,0,0,0,0,0,0,0,0,0,0,0,0,0,0,0,0,0,0,0,0,0,0,0,0,0,0,0,0,0,0,0,0,0,0,0,0,0,0,0,0,0,0,0,0,0,0,0,0,0,0,0,0,0,0,0,0,0,0,0,0,0,0,0,0,0,0,0,0,0,0,0,0,0,0,0,0,0,0,0,0,0,0,0,0,0,0,0,0,0,0,0,0,0,0,0,0,0,0,0,0,0,0,0,0,0,0,0,0,0,0,0,0,0,0,0,0,0,0,0,0,0,0,0,0,0,0,0,0,0,0,0,0,0,0,0,0,0,0,0,0,0,0,0,0,0,0,0,0,0
13,CLUJ,CĂTINA,56773,1,FINAL,UAT,CL,CL_CE,"2020-09-28 04:32:32",1460,1330,0,73,57,1078,948,0,73,57,952,126,1528,450,47,66,76,83,104,1,0,283,3,0,235,2,1,64,0,1,18,0,0,18,0,0,0,0,0,159,1,1,0,0,0,0,0,0,0,0,0,0,0,0,0,0,0,0,0,0,0,0,0,0,0,0,0,0,0,0,0,0,0,0,0,0,0,0,0,0,0,0,0,0,0,0,0,0,0,0,0,0,71,0,1,0,0,0,0,0,0,0,0,0,0,0,0,0,0,0,0,0,0,0,0,0,0,0,0,0,0,0,0,0,0,0,0,0,0,0,0,0,0,0,0,0,0,0,0,0,0,0,0,0,0,0,0,0,0,0,0,0,0,0,0,0,0,0,0,0,0,0,0,0,0,0,0,0,0,0,0,0,0,0,0,0,0,0,0,0,0,0,0,0,0,0,0,0,0,0,0,0,0,0,0,0,0,0,0,0
13,CLUJ,"CEANU MARE",56844,1,FINAL,UAT,CL,CL_CE,"2020-09-28 10:07:26",3232,3168,0,55,9,1825,1761,0,55,9,1660,165,3502,1677,83,116,132,120,0,0,0,566,4,1,567,4,1,299,2,0,30,0,0,0,0,0,0,0,0,138,1,0,0,0,0,20,0,0,0,0,0,0,0,0,0,0,0,0,0,0,0,0,0,0,0,0,0,0,0,0,0,0,0,0,0,0,0,0,0,0,0,0,0,0,0,0,0,0,0,0,0,0,0,0,0,40,0,0,0,0,0,0,0,0,0,0,0,0,0,0,0,0,0,0,0,0,0,0,0,0,0,0,0,0,0,0,0,0,0,0,0,0,0,0,0,0,0,0,0,0,0,0,0,0,0,0,0,0,0,0,0,0,0,0,0,0,0,0,0,0,0,0,0,0,0,0,0,0,0,0,0,0,0,0,0,0,0,0,0,0,0,0,0,0,0,0,0,0,0,0,0,0,0,0,0,0,0,0,0,0
13,CLUJ,CHINTENI,56988,1,FINAL,UAT,CL,CL_CE,"2020-09-28 05:25:52",3019,2794,4,206,15,2014,1793,0,206,15,1943,71,3056,1040,97,136,155,131,140,1,0,532,4,0,62,0,0,1038,7,1,120,0,0,0,0,0,0,0,0,51,0,0,0,0,0,0,0,0,0,0,0,0,0,0,0,0,0,0,0,0,0,0,0,0,0,0,0,0,0,0,0,0,0,0,0,0,0,0,0,0,0,0,0,0,0,0,0,0,0,0,0,0,0,0,0,0,0,0,0,0,0,0,0,0,0,0,0,0,0,0,0,0,0,0,0,0,0,0,0,0,0,0,0,0,0,0,0,0,0,0,0,0,0,0,0,0,0,0,0,0,0,0,0,0,0,0,0,0,0,0,0,0,0,0,0,0,0,0,0,0,0,0,0,0,0,0,0,0,0,0,0,0,0,0,0,0,0,0,0,0,0,0,0,0,0,0,0,0,0,0,0,0,0,0,0,0,0,0,0,0
13,CLUJ,CHIUIEŞTI,57083,1,FINAL,UAT,CL,CL_CE,"2020-09-28 04:52:47",1972,1918,0,26,28,1243,1189,0,26,28,1142,101,2175,932,57,79,91,94,0,0,0,641,6,1,55,0,0,302,3,0,51,0,0,0,0,0,0,0,0,93,0,1,0,0,0,0,0,0,0,0,0,0,0,0,0,0,0,0,0,0,0,0,0,0,0,0,0,0,0,0,0,0,0,0,0,0,0,0,0,0,0,0,0,0,0,0,0,0,0,0,0,0,0,0,0,0,0,0,0,0,0,0,0,0,0,0,0,0,0,0,0,0,0,0,0,0,0,0,0,0,0,0,0,0,0,0,0,0,0,0,0,0,0,0,0,0,0,0,0,0,0,0,0,0,0,0,0,0,0,0,0,0,0,0,0,0,0,0,0,0,0,0,0,0,0,0,0,0,0,0,0,0,0,0,0,0,0,0,0,0,0,0,0,0,0,0,0,0,0,0,0,0,0,0,0,0,0,0,0,0
13,CLUJ,CIUCEA,57163,1,FINAL,UAT,CL,CL_CE,"2020-09-28 05:41:58",1345,1236,1,55,53,1012,904,0,55,53,992,20,1422,408,49,69,79,103,0,0,0,594,5,1,0,0,0,250,2,0,57,0,0,0,0,0,0,0,0,91,0,1,0,0,0,0,0,0,0,0,0,0,0,0,0,0,0,0,0,0,0,0,0,0,0,0,0,0,0,0,0,0,0,0,0,0,0,0,0,0,0,0,0,0,0,0,0,0,0,0,0,0,0,0,0,0,0,0,0,0,0,0,0,0,0,0,0,0,0,0,0,0,0,0,0,0,0,0,0,0,0,0,0,0,0,0,0,0,0,0,0,0,0,0,0,0,0,0,0,0,0,0,0,0,0,0,0,0,0,0,0,0,0,0,0,0,0,0,0,0,0,0,0,0,0,0,0,0,0,0,0,0,0,0,0,0,0,0,0,0,0,0,0,0,0,0,0,0,0,0,0,0,0,0,0,0,0,0,0,0
13,CLUJ,CIURILA,57225,1,FINAL,UAT,CL,CL_CE,"2020-09-28 04:41:38",1409,1202,13,183,11,955,760,1,183,11,917,37,1351,397,45,64,73,74,0,0,0,480,6,1,43,0,0,90,1,0,83,1,0,0,0,0,0,0,0,10,0,0,0,0,0,0,0,0,0,0,0,0,0,0,0,0,0,0,0,0,0,0,0,0,27,0,0,0,0,0,0,0,0,0,0,0,0,0,0,0,0,0,0,0,0,0,0,0,0,0,0,0,0,0,0,0,0,0,87,1,0,81,1,0,16,0,0,0,0,0,0,0,0,0,0,0,0,0,0,0,0,0,0,0,0,0,0,0,0,0,0,0,0,0,0,0,0,0,0,0,0,0,0,0,0,0,0,0,0,0,0,0,0,0,0,0,0,0,0,0,0,0,0,0,0,0,0,0,0,0,0,0,0,0,0,0,0,0,0,0,0,0,0,0,0,0,0,0,0,0,0,0,0,0,0,0,0,0,0,0
13,CLUJ,COJOCNA,57350,1,FINAL,UAT,CL,CL_CE,"2020-09-28 15:32:23",3416,3275,3,108,30,2088,1950,0,108,30,1850,236,3670,1584,92,129,148,126,166,1,0,294,2,0,100,0,1,272,2,0,213,1,1,167,1,0,0,0,0,117,0,1,0,0,0,213,1,1,0,0,0,84,0,0,0,0,0,0,0,0,0,0,0,0,0,0,0,0,0,0,33,0,0,0,0,0,47,0,0,0,0,0,0,0,0,0,0,0,0,0,0,0,0,0,0,0,0,0,0,0,0,0,0,0,0,0,0,97,0,1,47,0,0,0,0,0,0,0,0,0,0,0,0,0,0,0,0,0,0,0,0,0,0,0,0,0,0,0,0,0,0,0,0,0,0,0,0,0,0,0,0,0,0,0,0,0,0,0,0,0,0,0,0,0,0,0,0,0,0,0,0,0,0,0,0,0,0,0,0,0,0,0,0,0,0,0,0,0,0,0,0,0,0,0,0,0,0,0,0,0
13,CLUJ,CORNEŞTI,57449,1,FINAL,UAT,CL,CL_CE,"2020-09-28 03:49:44",1225,1090,2,111,22,813,679,1,111,22,747,65,1229,416,37,52,59,83,40,0,0,378,4,0,106,1,0,169,2,0,0,0,0,0,0,0,0,0,0,54,0,1,0,0,0,0,0,0,0,0,0,0,0,0,0,0,0,0,0,0,0,0,0,0,0,0,0,0,0,0,0,0,0,0,0,0,0,0,0,0,0,0,1,0,0,0,0,0,0,0,0,0,0,0,0,0,0,0,0,0,0,0,0,0,0,0,0,0,0,0,0,0,0,0,0,0,0,0,0,0,0,0,0,0,0,0,0,0,0,0,0,0,0,0,0,0,0,0,0,0,0,0,0,0,0,0,0,0,0,0,0,0,0,0,0,0,0,0,0,0,0,0,0,0,0,0,0,0,0,0,0,0,0,0,0,0,0,0,0,0,0,0,0,0,0,0,0,0,0,0,0,0,0,0,0,0,0,0,0,0
13,CLUJ,CUZDRIOARA,55062,1,FINAL,UAT,CL,CL_CE,"2020-09-28 05:04:31",2463,2416,3,23,21,1252,1207,1,23,21,1174,78,2688,1436,58,82,93,87,0,0,0,458,5,0,91,1,0,150,1,1,42,0,0,0,0,0,0,0,0,65,0,1,0,0,0,62,0,0,0,0,0,0,0,0,0,0,0,306,3,0,1,0,0,0,0,0,0,0,0,0,0,0,0,0,0,0,0,0,0,0,0,0,0,0,0,0,0,0,0,0,0,0,0,0,0,0,0,0,0,0,0,0,0,0,0,0,0,0,0,0,0,0,0,0,0,0,0,0,0,0,0,0,0,0,0,0,0,0,0,0,0,0,0,0,0,0,0,0,0,0,0,0,0,0,0,0,0,0,0,0,0,0,0,0,0,0,0,0,0,0,0,0,0,0,0,0,0,0,0,0,0,0,0,0,0,0,0,0,0,0,0,0,0,0,0,0,0,0,0,0,0,0,0,0,0,0,0,0,0,0
13,CLUJ,DĂBÂCA,57546,1,FINAL,UAT,CL,CL_CE,"2020-09-28 07:45:17",1241,1119,3,94,25,759,640,1,94,24,721,37,1266,508,36,50,57,77,0,0,0,304,3,1,61,0,1,287,3,1,0,0,0,0,0,0,0,0,0,47,0,0,0,0,0,22,0,0,0,0,0,0,0,0,0,0,0,0,0,0,0,0,0,0,0,0,0,0,0,0,0,0,0,0,0,0,0,0,0,0,0,0,0,0,0,0,0,0,0,0,0,0,0,0,0,0,0,0,0,0,0,0,0,0,0,0,0,0,0,0,0,0,0,0,0,0,0,0,0,0,0,0,0,0,0,0,0,0,0,0,0,0,0,0,0,0,0,0,0,0,0,0,0,0,0,0,0,0,0,0,0,0,0,0,0,0,0,0,0,0,0,0,0,0,0,0,0,0,0,0,0,0,0,0,0,0,0,0,0,0,0,0,0,0,0,0,0,0,0,0,0,0,0,0,0,0,0,0,0,0
13,CLUJ,FELEACU,57582,1,FINAL,UAT,CL,CL_CE,"2020-09-28 05:43:47",3545,3423,16,104,2,1955,1849,0,104,2,1866,89,3778,1823,93,130,149,135,312,2,0,1063,7,1,219,1,1,0,0,0,164,1,0,0,0,0,0,0,0,74,0,0,0,0,0,0,0,0,0,0,0,0,0,0,0,0,0,0,0,0,0,0,0,0,0,0,0,0,0,0,0,0,0,0,0,0,0,0,0,0,0,0,0,0,0,0,0,0,0,0,0,0,0,0,0,0,0,0,34,0,0,0,0,0,0,0,0,0,0,0,0,0,0,0,0,0,0,0,0,0,0,0,0,0,0,0,0,0,0,0,0,0,0,0,0,0,0,0,0,0,0,0,0,0,0,0,0,0,0,0,0,0,0,0,0,0,0,0,0,0,0,0,0,0,0,0,0,0,0,0,0,0,0,0,0,0,0,0,0,0,0,0,0,0,0,0,0,0,0,0,0,0,0,0,0,0,0,0,0,0
13,CLUJ,"FIZEŞU GHERLII",57644,1,FINAL,UAT,CL,CL_CE,"2020-09-28 06:12:19",2256,2139,0,97,20,1228,1111,0,97,20,1134,94,2368,1140,56,79,90,80,137,1,1,514,6,0,51,0,0,125,1,1,112,1,0,39,0,0,0,0,0,51,0,0,0,0,0,29,0,0,0,0,0,0,0,0,0,0,0,0,0,0,0,0,0,0,0,0,0,0,0,0,0,0,0,0,0,0,16,0,0,60,0,0,0,0,0,0,0,0,0,0,0,0,0,0,0,0,0,0,0,0,0,0,0,0,0,0,0,0,0,0,0,0,0,0,0,0,0,0,0,0,0,0,0,0,0,0,0,0,0,0,0,0,0,0,0,0,0,0,0,0,0,0,0,0,0,0,0,0,0,0,0,0,0,0,0,0,0,0,0,0,0,0,0,0,0,0,0,0,0,0,0,0,0,0,0,0,0,0,0,0,0,0,0,0,0,0,0,0,0,0,0,0,0,0,0,0,0,0,0,0
13,CLUJ,FLOREŞTI,57706,1,FINAL,UAT,CL,CL_CE,"2020-09-28 20:20:28",33779,33087,263,416,13,13816,13380,7,416,13,13463,348,36286,22475,673,942,1077,522,1100,2,0,5407,10,0,601,0,0,647,0,0,3428,6,1,411,0,0,0,0,0,314,0,0,47,0,0,181,0,0,0,0,0,0,0,0,0,0,0,324,0,0,0,0,0,0,263,0,0,0,0,0,0,0,0,0,0,0,0,0,0,0,0,0,0,0,0,0,0,0,0,0,0,0,0,0,0,0,0,0,191,0,0,0,0,0,0,0,0,0,0,0,149,0,0,251,0,0,149,0,0,0,0,0,0,0,0,0,0,0,0,0,0,0,0,0,0,0,0,0,0,0,0,0,0,0,0,0,0,0,0,0,0,0,0,0,0,0,0,0,0,0,0,0,0,0,0,0,0,0,0,0,0,0,0,0,0,0,0,0,0,0,0,0,0,0,0,0,0,0,0,0,0,0,0,0,0,0,0,0,0,0
13,CLUJ,FRATA,57742,2,FINAL,UAT,CL,CL_CE,"2020-10-01 11:38:14",3182,3151,5,26,0,1689,1661,2,26,0,1479,210,3499,1810,73,103,118,102,0,0,0,535,5,0,134,1,0,461,4,1,0,0,0,0,0,0,0,0,0,207,2,0,0,0,0,49,0,0,0,0,0,0,0,0,0,0,0,51,0,0,0,0,0,0,0,0,0,0,0,0,0,0,0,0,0,0,0,0,0,0,0,0,0,0,0,0,0,0,0,0,0,0,0,0,0,0,0,0,0,0,0,0,0,0,0,0,0,0,0,0,0,0,0,0,0,0,0,0,0,42,0,0,0,0,0,0,0,0,0,0,0,0,0,0,0,0,0,0,0,0,0,0,0,0,0,0,0,0,0,0,0,0,0,0,0,0,0,0,0,0,0,0,0,0,0,0,0,0,0,0,0,0,0,0,0,0,0,0,0,0,0,0,0,0,0,0,0,0,0,0,0,0,0,0,0,0,0,0,0,0
13,CLUJ,GÂRBĂU,57948,1,FINAL,UAT,CL,CL_CE,"2020-09-28 06:18:43",1996,1877,2,91,26,1449,1332,0,91,26,1416,33,2109,660,70,99,113,119,456,3,1,648,5,0,41,0,0,131,1,0,0,0,0,0,0,0,0,0,0,75,0,1,0,0,0,0,0,0,0,0,0,29,0,0,0,0,0,0,0,0,0,0,0,0,0,0,0,0,0,0,0,0,0,0,0,0,0,0,0,0,0,0,0,0,0,0,0,0,0,0,0,0,0,0,0,0,0,0,0,0,0,0,0,0,0,0,0,0,0,0,0,0,0,0,0,0,0,0,0,0,0,0,36,0,0,0,0,0,0,0,0,0,0,0,0,0,0,0,0,0,0,0,0,0,0,0,0,0,0,0,0,0,0,0,0,0,0,0,0,0,0,0,0,0,0,0,0,0,0,0,0,0,0,0,0,0,0,0,0,0,0,0,0,0,0,0,0,0,0,0,0,0,0,0,0,0,0,0,0,0
13,CLUJ,GEACA,57831,1,FINAL,UAT,CL,CL_CE,"2020-09-28 09:10:41",1332,1191,2,107,32,942,803,0,107,32,879,63,1321,379,43,61,70,93,91,0,0,310,3,0,25,0,0,133,1,0,0,0,0,57,0,1,0,0,0,248,2,1,0,0,0,15,0,0,0,0,0,0,0,0,0,0,0,0,0,0,0,0,0,0,0,0,0,0,0,0,0,0,0,0,0,0,0,0,0,0,0,0,1,0,0,0,0,0,0,0,0,0,0,0,0,0,0,0,0,0,0,0,0,0,0,0,0,0,0,0,0,0,0,0,0,0,0,0,0,0,0,0,0,0,0,0,0,0,0,0,0,0,0,0,0,0,0,0,0,0,0,0,0,0,0,0,0,0,0,0,0,0,0,0,0,0,0,0,0,0,0,0,0,0,0,0,0,0,0,0,0,0,0,0,0,0,0,0,0,0,0,0,0,0,0,0,0,0,0,0,0,0,0,0,0,0,0,0,0,0
13,CLUJ,GILĂU,57902,1,FINAL,UAT,CL,CL_CE,"2020-09-28 06:18:39",7387,7257,13,82,35,4078,3961,0,82,35,3896,173,8060,3991,194,272,311,238,449,1,1,2040,8,1,356,1,0,429,1,1,152,0,0,0,0,0,0,0,0,110,0,0,0,0,0,307,1,0,0,0,0,0,0,0,0,0,0,0,0,0,0,0,0,0,14,0,0,0,0,0,0,0,0,0,0,0,39,0,0,0,0,0,0,0,0,0,0,0,0,0,0,0,0,0,0,0,0,0,0,0,0,0,0,0,0,0,0,0,0,0,0,0,0,0,0,0,0,0,0,0,0,0,0,0,0,0,0,0,0,0,0,0,0,0,0,0,0,0,0,0,0,0,0,0,0,0,0,0,0,0,0,0,0,0,0,0,0,0,0,0,0,0,0,0,0,0,0,0,0,0,0,0,0,0,0,0,0,0,0,0,0,0,0,0,0,0,0,0,0,0,0,0,0,0,0,0,0,0,0,0
13,CLUJ,IARA,58008,1,FINAL,UAT,CL,CL_CE,"2020-09-28 06:45:04",3441,3232,5,192,12,2058,1853,1,192,12,1964,94,3611,1553,98,137,157,151,0,0,0,864,5,1,150,0,1,586,3,1,0,0,0,0,0,0,0,0,0,364,2,0,0,0,0,0,0,0,0,0,0,0,0,0,0,0,0,0,0,0,0,0,0,0,0,0,0,0,0,0,0,0,0,0,0,0,0,0,0,0,0,0,0,0,0,0,0,0,0,0,0,0,0,0,0,0,0,0,0,0,0,0,0,0,0,0,0,0,0,0,0,0,0,0,0,0,0,0,0,0,0,0,0,0,0,0,0,0,0,0,0,0,0,0,0,0,0,0,0,0,0,0,0,0,0,0,0,0,0,0,0,0,0,0,0,0,0,0,0,0,0,0,0,0,0,0,0,0,0,0,0,0,0,0,0,0,0,0,0,0,0,0,0,0,0,0,0,0,0,0,0,0,0,0,0,0,0,0,0,0
13,CLUJ,ICLOD,58142,1,FINAL,UAT,CL,CL_CE,"2020-09-28 05:05:03",3620,3563,5,47,5,1789,1736,3,47,3,1693,96,3935,2146,84,118,135,130,0,0,0,700,5,0,254,1,1,510,3,1,0,0,0,0,0,0,0,0,0,133,1,0,0,0,0,0,0,0,0,0,0,0,0,0,0,0,0,0,0,0,0,0,0,0,0,0,0,0,0,0,96,0,1,0,0,0,0,0,0,0,0,0,0,0,0,0,0,0,0,0,0,0,0,0,0,0,0,0,0,0,0,0,0,0,0,0,0,0,0,0,0,0,0,0,0,0,0,0,0,0,0,0,0,0,0,0,0,0,0,0,0,0,0,0,0,0,0,0,0,0,0,0,0,0,0,0,0,0,0,0,0,0,0,0,0,0,0,0,0,0,0,0,0,0,0,0,0,0,0,0,0,0,0,0,0,0,0,0,0,0,0,0,0,0,0,0,0,0,0,0,0,0,0,0,0,0,0,0,0,0
13,CLUJ,"IZVORU CRIŞULUI",58204,1,FINAL,UAT,CL,CL_CE,"2020-09-28 05:45:43",1303,1239,1,36,27,960,897,0,36,27,923,37,1396,435,46,64,73,94,473,5,0,62,0,1,15,0,0,27,0,0,0,0,0,28,0,0,0,0,0,48,0,0,0,0,0,0,0,0,0,0,0,0,0,0,0,0,0,0,0,0,0,0,0,0,0,0,0,0,0,0,0,0,0,0,0,0,0,0,0,270,2,1,0,0,0,0,0,0,0,0,0,0,0,0,0,0,0,0,0,0,0,0,0,0,0,0,0,0,0,0,0,0,0,0,0,0,0,0,0,0,0,0,0,0,0,0,0,0,0,0,0,0,0,0,0,0,0,0,0,0,0,0,0,0,0,0,0,0,0,0,0,0,0,0,0,0,0,0,0,0,0,0,0,0,0,0,0,0,0,0,0,0,0,0,0,0,0,0,0,0,0,0,0,0,0,0,0,0,0,0,0,0,0,0,0,0,0,0,0,0
13,CLUJ,"JICHIŞU DE JOS",55106,1,FINAL,UAT,CL,CL_CE,"2020-09-28 07:26:23",1055,937,1,78,39,787,670,0,78,39,725,60,1079,294,36,50,58,78,0,0,0,352,4,0,20,0,0,137,1,1,0,0,0,0,0,0,0,0,0,216,2,1,0,0,0,0,0,0,0,0,0,0,0,0,0,0,0,0,0,0,0,0,0,0,0,0,0,0,0,0,0,0,0,0,0,0,0,0,0,0,0,0,0,0,0,0,0,0,0,0,0,0,0,0,0,0,0,0,0,0,0,0,0,0,0,0,0,0,0,0,0,0,0,0,0,0,0,0,0,0,0,0,0,0,0,0,0,0,0,0,0,0,0,0,0,0,0,0,0,0,0,0,0,0,0,0,0,0,0,0,0,0,0,0,0,0,0,0,0,0,0,0,0,0,0,0,0,0,0,0,0,0,0,0,0,0,0,0,0,0,0,0,0,0,0,0,0,0,0,0,0,0,0,0,0,0,0,0,0,0
13,CLUJ,JUCU,58259,1,FINAL,UAT,CL,CL_CE,"2020-09-28 09:24:00",4071,3880,13,164,14,2421,2240,3,164,14,2323,94,4277,1860,116,162,185,168,142,0,0,649,3,1,18,0,0,1069,6,0,332,1,1,0,0,0,0,0,0,113,0,0,0,0,0,0,0,0,0,0,0,0,0,0,0,0,0,0,0,0,0,0,0,0,0,0,0,0,0,0,0,0,0,0,0,0,0,0,0,0,0,0,1,0,0,0,0,0,0,0,0,0,0,0,0,0,0,0,0,0,0,0,0,0,0,0,0,0,0,0,0,0,0,0,0,0,0,0,0,0,0,0,0,0,0,0,0,0,0,0,0,0,0,0,0,0,0,0,0,0,0,0,0,0,0,0,0,0,0,0,0,0,0,0,0,0,0,0,0,0,0,0,0,0,0,0,0,0,0,0,0,0,0,0,0,0,0,0,0,0,0,0,0,0,0,0,0,0,0,0,0,0,0,0,0,0,0,0,0,0
13,CLUJ,LUNA,58311,1,FINAL,UAT,CL,CL_CE,"2020-09-28 05:38:18",3857,3717,6,23,111,1896,1762,0,23,111,1773,119,4244,2352,88,124,141,119,0,0,0,627,5,0,147,1,0,517,4,1,85,0,0,33,0,0,0,0,0,70,0,0,0,0,0,0,0,0,0,0,0,0,0,0,0,0,0,0,0,0,0,0,0,0,0,0,0,0,0,0,0,0,0,0,0,0,26,0,0,0,0,0,0,0,0,0,0,0,0,0,0,0,0,0,0,0,0,0,0,0,0,0,0,0,0,0,0,0,0,0,0,0,0,0,0,0,0,0,0,0,0,0,0,0,0,121,1,0,147,1,0,0,0,0,0,0,0,0,0,0,0,0,0,0,0,0,0,0,0,0,0,0,0,0,0,0,0,0,0,0,0,0,0,0,0,0,0,0,0,0,0,0,0,0,0,0,0,0,0,0,0,0,0,0,0,0,0,0,0,0,0,0,0,0,0,0,0,0,0,0
13,CLUJ,MĂGURI-RĂCĂTĂU,58357,1,FINAL,UAT,CL,CL_CE,"2020-09-28 08:45:21",1873,1861,0,10,2,1047,1035,0,10,2,971,76,2059,1012,48,67,77,79,0,0,0,446,5,1,94,1,0,98,1,1,53,0,0,42,0,0,0,0,0,80,1,0,0,0,0,0,0,0,0,0,0,0,0,0,0,0,0,0,0,0,0,0,0,0,0,0,0,0,0,0,0,0,0,0,0,0,0,0,0,0,0,0,0,0,0,0,0,0,0,0,0,0,0,0,0,0,0,0,0,0,0,0,0,0,0,0,0,0,0,0,0,0,0,0,0,0,0,0,0,0,0,0,0,0,0,0,0,0,0,0,0,158,1,0,0,0,0,0,0,0,0,0,0,0,0,0,0,0,0,0,0,0,0,0,0,0,0,0,0,0,0,0,0,0,0,0,0,0,0,0,0,0,0,0,0,0,0,0,0,0,0,0,0,0,0,0,0,0,0,0,0,0,0,0,0,0,0,0,0,0
13,CLUJ,MĂNĂSTIRENI,58393,1,FINAL,UAT,CL,CL_CE,"2020-09-28 06:12:28",1269,1159,1,74,35,939,829,1,74,35,875,64,1273,334,43,61,70,97,91,0,0,195,2,0,64,0,1,317,3,0,0,0,0,0,0,0,0,0,0,65,0,1,0,0,0,0,0,0,0,0,0,0,0,0,0,0,0,64,0,0,0,0,0,0,0,0,0,0,0,0,79,0,1,0,0,0,0,0,0,0,0,0,1,0,0,0,0,0,0,0,0,0,0,0,0,0,0,0,0,0,0,0,0,0,0,0,0,0,0,0,0,0,0,0,0,0,0,0,0,0,0,0,0,0,0,0,0,0,0,0,0,0,0,0,0,0,0,0,0,0,0,0,0,0,0,0,0,0,0,0,0,0,0,0,0,0,0,0,0,0,0,0,0,0,0,0,0,0,0,0,0,0,0,0,0,0,0,0,0,0,0,0,0,0,0,0,0,0,0,0,0,0,0,0,0,0,0,0,0,0
13,CLUJ,MĂRGĂU,58464,1,FINAL,UAT,CL,CL_CE,"2020-09-28 05:24:16",1428,1247,3,153,25,1111,931,2,153,25,1069,42,1423,312,53,74,85,91,0,0,0,469,5,0,0,0,0,350,3,1,68,0,0,0,0,0,0,0,0,182,2,0,0,0,0,0,0,0,0,0,0,0,0,0,0,0,0,0,0,0,0,0,0,0,0,0,0,0,0,0,0,0,0,0,0,0,0,0,0,0,0,0,0,0,0,0,0,0,0,0,0,0,0,0,0,0,0,0,0,0,0,0,0,0,0,0,0,0,0,0,0,0,0,0,0,0,0,0,0,0,0,0,0,0,0,0,0,0,0,0,0,0,0,0,0,0,0,0,0,0,0,0,0,0,0,0,0,0,0,0,0,0,0,0,0,0,0,0,0,0,0,0,0,0,0,0,0,0,0,0,0,0,0,0,0,0,0,0,0,0,0,0,0,0,0,0,0,0,0,0,0,0,0,0,0,0,0,0,0,0
13,CLUJ,MĂRIŞEL,58534,1,FINAL,UAT,CL,CL_CE,"2020-09-28 13:21:17",1291,1255,0,21,15,968,932,0,21,15,914,54,1381,413,45,63,73,79,0,0,0,546,6,1,73,0,1,90,1,0,101,1,0,0,0,0,0,0,0,68,0,1,0,0,0,0,0,0,0,0,0,0,0,0,0,0,0,36,0,0,0,0,0,0,0,0,0,0,0,0,0,0,0,0,0,0,0,0,0,0,0,0,0,0,0,0,0,0,0,0,0,0,0,0,0,0,0,0,0,0,0,0,0,0,0,0,0,0,0,0,0,0,0,0,0,0,0,0,0,0,0,0,0,0,0,0,0,0,0,0,0,0,0,0,0,0,0,0,0,0,0,0,0,0,0,0,0,0,0,0,0,0,0,0,0,0,0,0,0,0,0,0,0,0,0,0,0,0,0,0,0,0,0,0,0,0,0,0,0,0,0,0,0,0,0,0,0,0,0,0,0,0,0,0,0,0,0,0,0,0
13,CLUJ,MICA,55160,1,FINAL,UAT,CL,CL_CE,"2020-09-28 09:13:20",3009,2925,3,31,50,1728,1647,0,31,50,1666,62,3256,1528,83,116,133,109,177,1,1,964,8,1,145,1,0,134,1,0,105,0,0,0,0,0,0,0,0,66,0,0,0,0,0,0,0,0,0,0,0,75,0,0,0,0,0,0,0,0,0,0,0,0,0,0,0,0,0,0,0,0,0,0,0,0,0,0,0,0,0,0,0,0,0,0,0,0,0,0,0,0,0,0,0,0,0,0,0,0,0,0,0,0,0,0,0,0,0,0,0,0,0,0,0,0,0,0,0,0,0,0,0,0,0,0,0,0,0,0,0,0,0,0,0,0,0,0,0,0,0,0,0,0,0,0,0,0,0,0,0,0,0,0,0,0,0,0,0,0,0,0,0,0,0,0,0,0,0,0,0,0,0,0,0,0,0,0,0,0,0,0,0,0,0,0,0,0,0,0,0,0,0,0,0,0,0,0,0,0
13,CLUJ,"MIHAI VITEAZU",55277,1,FINAL,UAT,CL,CL_CE,"2020-09-28 06:30:39",5017,4951,12,50,4,2181,2127,0,50,4,2093,88,5455,3274,104,146,167,136,648,4,1,312,2,0,549,4,0,273,2,0,152,1,0,0,0,0,0,0,0,110,0,1,49,0,0,0,0,0,0,0,0,0,0,0,0,0,0,0,0,0,0,0,0,0,0,0,0,0,0,0,0,0,0,0,0,0,0,0,0,0,0,0,0,0,0,0,0,0,0,0,0,0,0,0,0,0,0,0,0,0,0,0,0,0,0,0,0,0,0,0,0,0,0,0,0,0,0,0,0,0,0,0,0,0,0,0,0,0,0,0,0,0,0,0,0,0,0,0,0,0,0,0,0,0,0,0,0,0,0,0,0,0,0,0,0,0,0,0,0,0,0,0,0,0,0,0,0,0,0,0,0,0,0,0,0,0,0,0,0,0,0,0,0,0,0,0,0,0,0,0,0,0,0,0,0,0,0,0,0,0
13,CLUJ,"MINTIU GHERLII",58552,1,FINAL,UAT,CL,CL_CE,"2020-09-28 04:38:41",3157,3102,4,47,4,1501,1449,1,47,4,1382,119,3418,1917,69,96,110,102,0,0,0,570,5,1,53,0,0,402,3,1,0,0,0,69,0,1,0,0,0,84,0,1,0,0,0,0,0,0,0,0,0,0,0,0,0,0,0,0,0,0,0,0,0,0,0,0,0,0,0,0,0,0,0,0,0,0,0,0,0,0,0,0,0,0,0,0,0,0,0,0,0,0,0,0,0,0,0,0,0,0,0,0,0,0,0,0,0,0,0,0,0,0,0,0,0,0,0,0,0,0,0,0,0,0,0,0,0,0,0,0,0,0,0,0,101,0,0,103,1,0,0,0,0,0,0,0,0,0,0,0,0,0,0,0,0,0,0,0,0,0,0,0,0,0,0,0,0,0,0,0,0,0,0,0,0,0,0,0,0,0,0,0,0,0,0,0,0,0,0,0,0,0,0,0,0,0,0,0,0,0
13,CLUJ,MOCIU,58623,1,FINAL,UAT,CL,CL_CE,"2020-09-28 13:14:21",2688,2535,8,123,22,1888,1742,1,123,22,1699,189,2945,1057,84,118,135,122,151,1,0,577,4,1,169,1,1,287,2,0,31,0,0,0,0,0,0,0,0,287,2,0,0,0,0,126,1,0,0,0,0,0,0,0,0,0,0,0,0,0,0,0,0,0,0,0,0,0,0,0,0,0,0,0,0,0,71,0,0,0,0,0,0,0,0,0,0,0,0,0,0,0,0,0,0,0,0,0,0,0,0,0,0,0,0,0,0,0,0,0,0,0,0,0,0,0,0,0,0,0,0,0,0,0,0,0,0,0,0,0,0,0,0,0,0,0,0,0,0,0,0,0,0,0,0,0,0,0,0,0,0,0,0,0,0,0,0,0,0,0,0,0,0,0,0,0,0,0,0,0,0,0,0,0,0,0,0,0,0,0,0,0,0,0,0,0,0,0,0,0,0,0,0,0,0,0,0,0,0,0
13,CLUJ,MOLDOVENEŞTI,58721,1,FINAL,UAT,CL,CL_CE,"2020-09-28 04:51:22",2761,2625,0,81,55,1549,1413,0,81,55,1479,70,2979,1430,73,103,118,106,869,8,0,103,0,1,330,3,0,79,0,1,0,0,0,68,0,0,0,0,0,30,0,0,0,0,0,0,0,0,0,0,0,0,0,0,0,0,0,0,0,0,0,0,0,0,0,0,0,0,0,0,0,0,0,0,0,0,0,0,0,0,0,0,0,0,0,0,0,0,0,0,0,0,0,0,0,0,0,0,0,0,0,0,0,0,0,0,0,0,0,0,0,0,0,0,0,0,0,0,0,0,0,0,0,0,0,0,0,0,0,0,0,0,0,0,0,0,0,0,0,0,0,0,0,0,0,0,0,0,0,0,0,0,0,0,0,0,0,0,0,0,0,0,0,0,0,0,0,0,0,0,0,0,0,0,0,0,0,0,0,0,0,0,0,0,0,0,0,0,0,0,0,0,0,0,0,0,0,0,0,0
13,CLUJ,"MUNICIPIUL CÂMPIA TURZII",55357,1,FINAL,UAT,CL,CL_CE,"2020-09-28 16:07:26",23023,22793,50,148,32,8530,8350,0,148,32,8139,377,25369,16853,406,569,651,322,400,0,0,3462,10,1,327,0,0,1576,4,1,485,0,0,0,0,0,0,0,0,265,0,0,155,0,0,388,0,0,0,0,0,0,0,0,0,0,0,1081,3,0,0,0,0,0,0,0,0,0,0,0,0,0,0,0,0,0,0,0,0,0,0,0,0,0,0,0,0,0,0,0,0,0,0,0,0,0,0,0,0,0,0,0,0,0,0,0,0,0,0,0,0,0,0,0,0,0,0,0,0,0,0,0,0,0,0,0,0,0,0,0,0,0,0,0,0,0,0,0,0,0,0,0,0,0,0,0,0,0,0,0,0,0,0,0,0,0,0,0,0,0,0,0,0,0,0,0,0,0,0,0,0,0,0,0,0,0,0,0,0,0,0,0,0,0,0,0,0,0,0,0,0,0,0,0,0,0,0,0,0,0
13,CLUJ,"MUNICIPIUL CLUJ-NAPOCA",54975,1,FINAL,UAT,CL,CL_CE,"2020-09-29 16:47:23",278481,270603,5393,2185,300,99146,96605,58,2185,298,97518,1605,307020,207885,4875,6826,7801,3261,11005,3,1,53117,16,0,1817,0,0,7250,2,0,16691,5,0,1122,0,0,0,0,0,1737,0,0,791,0,0,0,0,0,0,0,0,0,0,0,0,0,0,763,0,0,0,0,0,0,467,0,0,0,0,0,0,0,0,0,0,0,0,0,0,0,0,0,0,0,0,0,0,0,0,0,0,0,313,0,0,0,0,0,1127,0,0,0,0,0,0,0,0,0,0,0,337,0,0,0,0,0,0,0,0,0,0,0,0,0,0,0,0,0,0,0,0,0,0,0,0,0,0,0,0,0,217,0,0,764,0,0,0,0,0,0,0,0,0,0,0,0,0,0,0,0,0,0,0,0,0,0,0,0,0,0,0,0,0,0,0,0,0,0,0,0,0,0,0,0,0,0,0,0,0,0,0,0,0,0,0,0,0,0,0,0
13,CLUJ,"MUNICIPIUL DEJ",55008,1,FINAL,UAT,CL,CL_CE,"2020-09-28 07:49:25",31890,31574,59,221,36,10206,9948,1,221,36,9855,350,35212,25006,492,689,788,478,712,1,0,4139,8,1,970,2,0,1327,2,1,1117,2,0,180,0,0,0,0,0,478,0,0,0,0,0,12,0,0,0,0,0,0,0,0,0,0,0,831,1,1,0,0,0,0,0,0,0,0,0,0,89,0,0,0,0,0,0,0,0,0,0,0,0,0,0,0,0,0,0,0,0,0,0,0,0,0,0,0,0,0,0,0,0,0,0,0,0,0,0,0,0,0,0,0,0,0,0,0,0,0,0,0,0,0,0,0,0,0,0,0,0,0,0,0,0,0,0,0,0,0,0,0,0,0,0,0,0,0,0,0,0,0,0,0,0,0,0,0,0,0,0,0,0,0,0,0,0,0,0,0,0,0,0,0,0,0,0,0,0,0,0,0,0,0,0,0,0,0,0,0,0,0,0,0,0,0,0,0,0,0
13,CLUJ,"MUNICIPIUL GHERLA",55384,1,FINAL,UAT,CL,CL_CE,"2020-09-28 09:32:30",18836,18632,22,149,33,7446,7261,3,149,33,7200,238,20930,13492,360,504,576,317,931,2,1,2725,8,0,200,0,0,833,2,1,1551,4,1,170,0,0,0,0,0,340,0,0,53,0,0,0,0,0,0,0,0,0,0,0,0,0,0,128,0,0,0,0,0,0,0,0,0,0,0,0,0,0,0,0,0,0,0,0,0,0,0,0,0,0,0,0,0,0,0,0,0,0,0,0,0,0,0,0,0,0,0,0,0,0,0,0,0,0,0,0,0,0,0,0,0,0,0,0,0,0,0,0,0,0,0,0,0,0,0,0,0,0,0,0,0,0,0,0,0,0,0,0,0,0,0,0,269,0,0,0,0,0,0,0,0,0,0,0,0,0,0,0,0,0,0,0,0,0,0,0,0,0,0,0,0,0,0,0,0,0,0,0,0,0,0,0,0,0,0,0,0,0,0,0,0,0,0,0,0,0
13,CLUJ,"MUNICIPIUL TURDA",55259,1,FINAL,UAT,CL,CL_CE,"2020-09-28 14:54:18",45722,45247,65,373,37,16267,15862,4,366,35,15715,539,51285,35029,785,1100,1257,567,880,1,1,5900,10,0,1577,2,1,1765,3,0,1791,3,0,0,0,0,0,0,0,605,0,0,374,0,0,166,0,0,0,0,0,0,0,0,0,0,0,247,0,0,0,0,0,0,0,0,0,0,0,0,498,0,0,0,0,0,0,0,0,0,0,0,0,0,0,0,0,0,0,0,0,0,175,0,0,0,0,0,187,0,0,0,0,0,0,0,0,122,0,0,0,0,0,0,0,0,0,0,0,0,0,0,0,0,0,0,0,0,0,0,0,0,0,0,0,0,0,0,0,0,0,0,0,0,0,0,0,0,0,542,0,0,180,0,0,86,0,0,247,0,0,139,0,0,122,0,0,112,0,0,0,0,0,0,0,0,0,0,0,0,0,0,0,0,0,0,0,0,0,0,0,0,0,0,0,0,0,0,0,0
13,CLUJ,NEGRENI,60169,1,FINAL,UAT,CL,CL_CE,"2020-09-28 09:21:10",1981,1957,2,22,0,1120,1098,0,22,0,1046,74,2178,1058,52,73,83,88,0,0,0,662,7,0,29,0,0,96,1,0,43,0,0,66,0,1,0,0,0,59,0,1,0,0,0,0,0,0,0,0,0,0,0,0,0,0,0,0,0,0,0,0,0,0,0,0,0,0,0,0,0,0,0,0,0,0,0,0,0,0,0,0,0,0,0,0,0,0,0,0,0,0,0,0,0,0,0,0,0,0,0,0,0,0,0,0,0,0,0,0,0,0,0,0,0,0,0,0,0,0,0,0,0,0,0,0,0,0,0,0,0,0,0,0,0,0,0,0,0,0,0,0,0,0,0,0,0,0,0,0,0,0,0,0,0,0,0,0,0,0,0,0,0,0,0,0,0,0,0,0,91,1,0,0,0,0,0,0,0,0,0,0,0,0,0,0,0,0,0,0,0,0,0,0,0,0,0,0,0,0
13,CLUJ,"ORAŞ HUEDIN",55446,1,FINAL,UAT,CL,CL_CE,"2020-09-28 12:02:44",7539,7435,6,87,11,3388,3289,1,87,11,3197,191,8327,4939,159,223,255,186,561,3,0,1203,6,0,113,0,0,472,2,1,302,1,1,0,0,0,0,0,0,121,0,0,0,0,0,62,0,0,0,0,0,102,0,0,0,0,0,0,0,0,0,0,0,0,0,0,0,0,0,0,0,0,0,0,0,0,0,0,0,0,0,0,0,0,0,0,0,0,0,0,0,0,0,0,0,0,0,0,0,0,0,0,0,0,0,0,0,0,0,0,0,0,0,0,0,0,0,0,0,0,0,0,0,0,0,0,0,0,0,0,0,0,0,0,0,0,0,0,0,0,0,0,0,0,0,0,0,0,0,0,0,0,0,0,0,0,0,0,0,0,0,0,0,0,0,0,0,0,0,0,0,0,0,261,1,0,0,0,0,0,0,0,0,0,0,0,0,0,0,0,0,0,0,0,0,0,0,0,0,0
13,CLUJ,PĂLATCA,58794,1,FINAL,UAT,CL,CL_CE,"2020-09-28 03:26:53",1030,877,0,126,27,749,596,0,126,27,658,91,966,217,32,46,52,68,74,1,0,363,5,0,28,0,0,138,2,0,0,0,0,0,0,0,0,0,0,14,0,0,0,0,0,41,0,1,0,0,0,0,0,0,0,0,0,0,0,0,0,0,0,0,0,0,0,0,0,0,0,0,0,0,0,0,0,0,0,0,0,0,0,0,0,0,0,0,0,0,0,0,0,0,0,0,0,0,0,0,0,0,0,0,0,0,0,0,0,0,0,0,0,0,0,0,0,0,0,0,0,0,0,0,0,0,0,0,0,0,0,0,0,0,0,0,0,0,0,0,0,0,0,0,0,0,0,0,0,0,0,0,0,0,0,0,0,0,0,0,0,0,0,0,0,0,0,0,0,0,0,0,0,0,0,0,0,0,0,0,0,0,0,0,0,0,0,0,0,0,0,0,0,0,0,0,0,0,0,0
13,CLUJ,PANTICEU,58856,1,FINAL,UAT,CL,CL_CE,"2020-09-28 09:25:37",1540,1287,0,207,46,1075,822,0,207,46,1025,50,1431,356,51,71,82,85,0,0,0,303,3,0,39,0,0,82,0,1,558,6,1,0,0,0,0,0,0,35,0,0,0,0,0,0,0,0,0,0,0,0,0,0,0,0,0,0,0,0,0,0,0,0,8,0,0,0,0,0,0,0,0,0,0,0,0,0,0,0,0,0,0,0,0,0,0,0,0,0,0,0,0,0,0,0,0,0,0,0,0,0,0,0,0,0,0,0,0,0,0,0,0,0,0,0,0,0,0,0,0,0,0,0,0,0,0,0,0,0,0,0,0,0,0,0,0,0,0,0,0,0,0,0,0,0,0,0,0,0,0,0,0,0,0,0,0,0,0,0,0,0,0,0,0,0,0,0,0,0,0,0,0,0,0,0,0,0,0,0,0,0,0,0,0,0,0,0,0,0,0,0,0,0,0,0,0,0,0,0
13,CLUJ,"PETREŞTII DE JOS",58918,1,FINAL,UAT,CL,CL_CE,"2020-09-28 06:24:01",1464,1253,0,198,13,965,754,0,198,13,912,53,1399,434,45,63,72,98,0,0,0,362,3,1,0,0,0,200,2,0,0,0,0,169,1,1,0,0,0,69,0,1,22,0,0,0,0,0,0,0,0,0,0,0,0,0,0,0,0,0,0,0,0,0,0,0,0,0,0,0,0,0,0,0,0,0,0,0,0,0,0,0,0,0,0,0,0,0,0,0,0,0,0,0,0,0,0,0,0,0,0,0,0,0,0,0,0,0,0,0,0,0,0,0,0,0,0,0,0,0,0,0,0,0,0,0,0,0,0,0,0,0,0,0,0,0,0,0,0,0,0,0,0,0,0,0,0,0,0,0,0,0,0,0,0,0,0,0,0,0,0,0,0,0,0,0,0,0,0,0,0,0,0,0,0,0,90,0,0,0,0,0,0,0,0,0,0,0,0,0,0,0,0,0,0,0,0,0,0,0
13,CLUJ,PLOSCOŞ,58990,1,FINAL,UAT,CL,CL_CE,"2020-09-28 01:49:12",564,532,0,16,16,375,344,0,16,15,354,21,623,248,17,24,28,39,0,0,0,243,6,0,49,1,0,0,0,0,0,0,0,0,0,0,0,0,0,62,1,1,0,0,0,0,0,0,0,0,0,0,0,0,0,0,0,0,0,0,0,0,0,0,0,0,0,0,0,0,0,0,0,0,0,0,0,0,0,0,0,0,0,0,0,0,0,0,0,0,0,0,0,0,0,0,0,0,0,0,0,0,0,0,0,0,0,0,0,0,0,0,0,0,0,0,0,0,0,0,0,0,0,0,0,0,0,0,0,0,0,0,0,0,0,0,0,0,0,0,0,0,0,0,0,0,0,0,0,0,0,0,0,0,0,0,0,0,0,0,0,0,0,0,0,0,0,0,0,0,0,0,0,0,0,0,0,0,0,0,0,0,0,0,0,0,0,0,0,0,0,0,0,0,0,0,0,0,0,0
13,CLUJ,POIENI,59041,1,FINAL,UAT,CL,CL_CE,"2020-09-28 12:43:16",4138,4054,1,81,2,2306,2223,0,81,2,2194,112,4483,2177,109,153,175,131,0,0,0,1134,8,1,102,0,0,318,2,0,122,0,0,52,0,0,0,0,0,253,1,1,0,0,0,86,0,0,0,0,0,0,0,0,0,0,0,0,0,0,0,0,0,0,0,0,0,0,0,0,0,0,0,0,0,0,0,0,0,0,0,0,0,0,0,0,0,0,0,0,0,0,0,0,0,0,0,0,0,0,0,0,0,0,0,0,0,0,0,0,0,0,0,0,0,0,0,0,0,0,0,0,0,0,0,0,0,0,0,0,0,0,0,0,0,0,0,0,0,0,0,0,0,0,0,0,0,0,0,0,0,0,0,0,0,0,0,0,0,0,0,0,0,0,0,0,0,0,0,0,0,0,0,0,0,0,0,0,0,19,0,0,57,0,0,51,0,0,0,0,0,0,0,0,0,0,0,0,0,0
13,CLUJ,RECEA-CRISTUR,59130,1,FINAL,UAT,CL,CL_CE,"2020-09-28 02:58:31",1133,890,0,154,89,771,529,0,154,88,752,19,1095,324,37,52,60,79,0,0,0,716,9,0,0,0,0,0,0,0,0,0,0,0,0,0,0,0,0,36,0,0,0,0,0,0,0,0,0,0,0,0,0,0,0,0,0,0,0,0,0,0,0,0,0,0,0,0,0,0,0,0,0,0,0,0,0,0,0,0,0,0,0,0,0,0,0,0,0,0,0,0,0,0,0,0,0,0,0,0,0,0,0,0,0,0,0,0,0,0,0,0,0,0,0,0,0,0,0,0,0,0,0,0,0,0,0,0,0,0,0,0,0,0,0,0,0,0,0,0,0,0,0,0,0,0,0,0,0,0,0,0,0,0,0,0,0,0,0,0,0,0,0,0,0,0,0,0,0,0,0,0,0,0,0,0,0,0,0,0,0,0,0,0,0,0,0,0,0,0,0,0,0,0,0,0,0,0,0,0
13,CLUJ,RIŞCA,59238,1,FINAL,UAT,CL,CL_CE,"2020-09-28 06:45:45",1311,1216,3,85,7,925,832,1,85,7,859,66,1344,419,42,60,68,91,0,0,0,325,3,0,94,1,0,349,3,1,34,0,0,0,0,0,0,0,0,57,0,1,0,0,0,0,0,0,0,0,0,0,0,0,0,0,0,0,0,0,0,0,0,0,0,0,0,0,0,0,0,0,0,0,0,0,0,0,0,0,0,0,0,0,0,0,0,0,0,0,0,0,0,0,0,0,0,0,0,0,0,0,0,0,0,0,0,0,0,0,0,0,0,0,0,0,0,0,0,0,0,0,0,0,0,0,0,0,0,0,0,0,0,0,0,0,0,0,0,0,0,0,0,0,0,0,0,0,0,0,0,0,0,0,0,0,0,0,0,0,0,0,0,0,0,0,0,0,0,0,0,0,0,0,0,0,0,0,0,0,0,0,0,0,0,0,0,0,0,0,0,0,0,0,0,0,0,0,0,0
13,CLUJ,SĂCUIEU,59283,1,FINAL,UAT,CL,CL_CE,"2020-09-28 07:58:11",1219,1165,1,51,2,892,839,0,51,2,829,59,1286,398,41,58,66,92,0,0,0,262,2,1,0,0,0,81,0,1,127,1,0,0,0,0,0,0,0,54,0,1,0,0,0,0,0,0,0,0,0,0,0,0,0,0,0,305,3,0,0,0,0,0,0,0,0,0,0,0,0,0,0,0,0,0,0,0,0,0,0,0,0,0,0,0,0,0,0,0,0,0,0,0,0,0,0,0,0,0,0,0,0,0,0,0,0,0,0,0,0,0,0,0,0,0,0,0,0,0,0,0,0,0,0,0,0,0,0,0,0,0,0,0,0,0,0,0,0,0,0,0,0,0,0,0,0,0,0,0,0,0,0,0,0,0,0,0,0,0,0,0,0,0,0,0,0,0,0,0,0,0,0,0,0,0,0,0,0,0,0,0,0,0,0,0,0,0,0,0,0,0,0,0,0,0,0,0,0,0
13,CLUJ,SÂNCRAIU,59434,1,FINAL,UAT,CL,CL_CE,"2020-09-28 03:48:59",1303,1205,9,11,78,967,877,1,11,78,942,25,1458,491,47,65,75,83,775,9,0,85,1,0,0,0,0,55,0,1,0,0,0,0,0,0,0,0,0,0,0,0,0,0,0,0,0,0,0,0,0,0,0,0,0,0,0,0,0,0,0,0,0,0,0,0,0,0,0,0,0,0,0,0,0,0,0,0,0,0,0,0,0,0,0,0,0,0,0,0,0,0,0,0,0,0,0,0,0,0,0,0,0,0,0,0,0,0,0,0,0,0,0,0,0,0,0,0,0,0,0,0,0,0,0,0,0,0,0,0,0,0,0,0,0,0,0,0,0,0,0,0,0,0,0,0,0,0,0,0,0,0,0,0,0,0,0,0,0,0,0,0,0,0,0,0,0,0,0,0,0,0,0,0,0,0,0,0,0,0,0,0,0,0,0,0,0,0,27,0,0,0,0,0,0,0,0,0,0,0
13,CLUJ,SĂNDULEŞTI,55311,1,FINAL,UAT,CL,CL_CE,"2020-09-28 05:00:07",1855,1739,3,78,35,1055,942,0,78,35,1009,46,1933,878,50,70,80,82,0,0,0,705,8,0,68,0,1,59,0,1,76,0,1,48,0,0,0,0,0,31,0,0,0,0,0,0,0,0,0,0,0,0,0,0,0,0,0,0,0,0,0,0,0,0,0,0,0,0,0,0,0,0,0,0,0,0,0,0,0,0,0,0,0,0,0,0,0,0,0,0,0,0,0,0,0,0,0,0,22,0,0,0,0,0,0,0,0,0,0,0,0,0,0,0,0,0,0,0,0,0,0,0,0,0,0,0,0,0,0,0,0,0,0,0,0,0,0,0,0,0,0,0,0,0,0,0,0,0,0,0,0,0,0,0,0,0,0,0,0,0,0,0,0,0,0,0,0,0,0,0,0,0,0,0,0,0,0,0,0,0,0,0,0,0,0,0,0,0,0,0,0,0,0,0,0,0,0,0,0,0
13,CLUJ,SÂNMĂRTIN,59498,1,FINAL,UAT,CL,CL_CE,"2020-09-28 04:23:44",1159,1126,0,32,1,771,738,0,32,1,733,38,1247,476,36,51,58,81,60,0,0,617,7,0,0,0,0,0,0,0,56,0,1,0,0,0,0,0,0,0,0,0,0,0,0,0,0,0,0,0,0,0,0,0,0,0,0,0,0,0,0,0,0,0,0,0,0,0,0,0,0,0,0,0,0,0,0,0,0,0,0,0,1,0,0,0,0,0,0,0,0,0,0,0,0,0,0,0,0,0,0,0,0,0,0,0,0,0,0,0,0,0,0,0,0,0,0,0,0,0,0,0,0,0,0,0,0,0,0,0,0,0,0,0,0,0,0,0,0,0,0,0,0,0,0,0,0,0,0,0,0,0,0,0,0,0,0,0,0,0,0,0,0,0,0,0,0,0,0,0,0,0,0,0,0,0,0,0,0,0,0,0,0,0,0,0,0,0,0,0,0,0,0,0,0,0,0,0,0,0
13,CLUJ,SÂNPAUL,59586,1,FINAL,UAT,CL,CL_CE,"2020-09-28 05:06:43",1853,1789,0,54,10,1187,1123,0,54,10,1095,92,1978,791,54,76,87,99,0,0,0,542,5,0,56,0,1,129,1,0,148,1,0,0,0,0,0,0,0,78,0,1,78,0,1,0,0,0,0,0,0,0,0,0,0,0,0,64,0,1,0,0,0,0,0,0,0,0,0,0,0,0,0,0,0,0,0,0,0,0,0,0,0,0,0,0,0,0,0,0,0,0,0,0,0,0,0,0,0,0,0,0,0,0,0,0,0,0,0,0,0,0,0,0,0,0,0,0,0,0,0,0,0,0,0,0,0,0,0,0,0,0,0,0,0,0,0,0,0,0,0,0,0,0,0,0,0,0,0,0,0,0,0,0,0,0,0,0,0,0,0,0,0,0,0,0,0,0,0,0,0,0,0,0,0,0,0,0,0,0,0,0,0,0,0,0,0,0,0,0,0,0,0,0,0,0,0,0,0,0
13,CLUJ,SĂVĂDISLA,59327,1,FINAL,UAT,CL,CL_CE,"2020-09-28 05:53:40",3517,3343,7,72,95,2409,2241,1,72,95,2292,117,3849,1440,114,160,183,154,1148,7,1,328,2,0,112,0,0,171,1,0,45,0,0,17,0,0,0,0,0,167,1,0,0,0,0,6,0,0,0,0,0,189,1,0,0,0,0,0,0,0,0,0,0,0,0,0,0,0,0,0,0,0,0,0,0,0,0,0,0,0,0,0,0,0,0,0,0,0,0,0,0,0,0,0,0,0,0,0,0,0,0,0,0,0,0,0,0,0,0,0,109,0,0,0,0,0,0,0,0,0,0,0,0,0,0,0,0,0,0,0,0,0,0,0,0,0,0,0,0,0,0,0,0,0,0,0,0,0,0,0,0,0,0,0,0,0,0,0,0,0,0,0,0,0,0,0,0,0,0,0,0,0,0,0,0,0,0,0,0,0,0,0,0,0,0,0,0,0,0,0,0,0,0,0,0,0,0,0,0,0
13,CLUJ,SIC,59416,1,FINAL,UAT,CL,CL_CE,"2020-09-28 03:02:11",1977,1842,5,3,127,1177,1047,1,3,126,1116,61,2175,998,55,78,89,99,724,7,0,81,0,1,27,0,0,0,0,0,0,0,0,0,0,0,0,0,0,0,0,0,0,0,0,0,0,0,0,0,0,0,0,0,0,0,0,0,0,0,0,0,0,0,0,0,0,0,0,0,0,0,0,0,0,0,0,0,0,168,1,1,0,0,0,0,0,0,0,0,0,0,0,0,0,0,0,0,0,0,0,0,0,0,0,0,0,0,0,0,0,0,0,0,0,0,0,0,0,0,0,0,0,0,0,0,0,0,0,0,0,0,0,0,0,0,0,0,0,0,0,0,0,0,0,0,0,0,0,0,0,0,0,0,0,0,0,0,0,0,0,0,0,0,0,0,0,0,0,0,0,0,0,0,0,0,0,0,0,0,0,0,0,0,0,0,0,0,0,0,0,116,1,0,0,0,0,0,0,0
13,CLUJ,SUATU,59657,1,FINAL,UAT,CL,CL_CE,"2020-09-28 06:59:32",1311,1293,1,10,7,798,781,0,10,7,727,71,1436,638,36,50,58,65,318,4,1,57,0,1,72,1,0,49,0,1,0,0,0,0,0,0,0,0,0,88,1,0,0,0,0,68,1,0,0,0,0,0,0,0,0,0,0,0,0,0,0,0,0,0,0,0,0,0,0,0,0,0,0,0,0,0,70,1,0,0,0,0,0,0,0,0,0,0,0,0,0,0,0,0,0,0,0,0,0,0,0,0,0,0,0,0,0,0,0,0,0,0,0,0,0,0,0,0,0,0,0,0,0,0,0,0,0,0,0,0,0,0,0,0,0,0,0,0,0,0,0,0,0,0,0,0,0,0,0,0,0,0,0,0,0,0,0,0,0,0,0,0,0,0,0,0,0,0,0,0,0,0,0,0,0,0,0,0,0,0,0,0,0,0,0,0,0,0,0,0,0,0,0,0,5,0,0,0,0,0
13,CLUJ,ŢAGA,59826,1,FINAL,UAT,CL,CL_CE,"2020-09-28 09:54:32",1505,1467,1,31,6,789,752,0,31,6,755,34,1630,841,37,52,60,68,0,0,0,437,6,0,40,0,1,75,1,0,0,0,0,0,0,0,0,0,0,203,2,1,0,0,0,0,0,0,0,0,0,0,0,0,0,0,0,0,0,0,0,0,0,0,0,0,0,0,0,0,0,0,0,0,0,0,0,0,0,0,0,0,0,0,0,0,0,0,0,0,0,0,0,0,0,0,0,0,0,0,0,0,0,0,0,0,0,0,0,0,0,0,0,0,0,0,0,0,0,0,0,0,0,0,0,0,0,0,0,0,0,0,0,0,0,0,0,0,0,0,0,0,0,0,0,0,0,0,0,0,0,0,0,0,0,0,0,0,0,0,0,0,0,0,0,0,0,0,0,0,0,0,0,0,0,0,0,0,0,0,0,0,0,0,0,0,0,0,0,0,0,0,0,0,0,0,0,0,0,0
13,CLUJ,"TRITENII DE JOS",59693,1,FINAL,UAT,CL,CL_CE,"2020-09-28 08:56:45",3827,3745,2,60,20,2268,2188,0,60,20,2108,160,4158,1856,105,147,168,162,151,0,0,417,2,0,310,1,1,263,1,1,287,1,1,556,3,0,0,0,0,124,0,1,0,0,0,0,0,0,0,0,0,0,0,0,0,0,0,0,0,0,0,0,0,0,0,0,0,0,0,0,0,0,0,0,0,0,0,0,0,0,0,0,1,0,0,0,0,0,0,0,0,0,0,0,0,0,0,0,0,0,0,0,0,0,0,0,0,0,0,0,0,0,0,0,0,0,0,0,0,0,0,0,0,0,0,0,0,0,0,0,0,0,0,0,0,0,0,0,0,0,0,0,0,0,0,0,0,0,0,0,0,0,0,0,0,0,0,0,0,0,0,0,0,0,0,0,0,0,0,0,0,0,0,0,0,0,0,0,0,0,0,0,0,0,0,0,0,0,0,0,0,0,0,0,0,0,0,0,0,0
13,CLUJ,TURENI,59764,1,FINAL,UAT,CL,CL_CE,"2020-09-28 03:17:45",1824,1756,4,51,13,1093,1029,0,51,13,1018,75,1966,873,50,71,81,87,187,2,0,432,4,1,287,3,0,56,0,1,0,0,0,29,0,0,0,0,0,27,0,0,0,0,0,0,0,0,0,0,0,0,0,0,0,0,0,0,0,0,0,0,0,0,0,0,0,0,0,0,0,0,0,0,0,0,0,0,0,0,0,0,0,0,0,0,0,0,0,0,0,0,0,0,0,0,0,0,0,0,0,0,0,0,0,0,0,0,0,0,0,0,0,0,0,0,0,0,0,0,0,0,0,0,0,0,0,0,0,0,0,0,0,0,0,0,0,0,0,0,0,0,0,0,0,0,0,0,0,0,0,0,0,0,0,0,0,0,0,0,0,0,0,0,0,0,0,0,0,0,0,0,0,0,0,0,0,0,0,0,0,0,0,0,0,0,0,0,0,0,0,0,0,0,0,0,0,0,0,0
13,CLUJ,UNGURAŞ,59880,1,FINAL,UAT,CL,CL_CE,"2020-09-28 07:29:12",2211,2123,0,30,58,1374,1286,0,30,58,1254,120,2436,1062,62,87,100,104,485,4,0,287,2,1,75,0,1,181,1,1,63,0,0,0,0,0,0,0,0,44,0,0,0,0,0,0,0,0,0,0,0,119,1,0,0,0,0,0,0,0,0,0,0,0,0,0,0,0,0,0,0,0,0,0,0,0,0,0,0,0,0,0,0,0,0,0,0,0,0,0,0,0,0,0,0,0,0,0,0,0,0,0,0,0,0,0,0,0,0,0,0,0,0,0,0,0,0,0,0,0,0,0,0,0,0,0,0,0,0,0,0,0,0,0,0,0,0,0,0,0,0,0,0,0,0,0,0,0,0,0,0,0,0,0,0,0,0,0,0,0,0,0,0,0,0,0,0,0,0,0,0,0,0,0,0,0,0,0,0,0,0,0,0,0,0,0,0,0,0,0,0,0,0,0,0,0,0,0,0,0
13,CLUJ,VAD,59942,1,FINAL,UAT,CL,CL_CE,"2020-09-28 08:05:26",1820,1512,0,195,113,1333,1025,0,195,113,1277,56,1783,450,63,89,102,112,0,0,0,809,7,0,68,0,1,356,3,0,0,0,0,0,0,0,0,0,0,0,0,0,0,0,0,0,0,0,0,0,0,0,0,0,0,0,0,44,0,0,0,0,0,0,0,0,0,0,0,0,0,0,0,0,0,0,0,0,0,0,0,0,0,0,0,0,0,0,0,0,0,0,0,0,0,0,0,0,0,0,0,0,0,0,0,0,0,0,0,0,0,0,0,0,0,0,0,0,0,0,0,0,0,0,0,0,0,0,0,0,0,0,0,0,0,0,0,0,0,0,0,0,0,0,0,0,0,0,0,0,0,0,0,0,0,0,0,0,0,0,0,0,0,0,0,0,0,0,0,0,0,0,0,0,0,0,0,0,0,0,0,0,0,0,0,0,0,0,0,0,0,0,0,0,0,0,0,0,0,0
13,CLUJ,"VALEA IERII",60026,1,FINAL,UAT,CL,CL_CE,"2020-09-28 08:17:57",811,741,3,35,32,696,627,2,35,32,651,45,885,189,32,45,52,68,0,0,0,240,3,1,32,0,0,300,4,0,31,0,0,0,0,0,0,0,0,48,0,1,0,0,0,0,0,0,0,0,0,0,0,0,0,0,0,0,0,0,0,0,0,0,0,0,0,0,0,0,0,0,0,0,0,0,0,0,0,0,0,0,0,0,0,0,0,0,0,0,0,0,0,0,0,0,0,0,0,0,0,0,0,0,0,0,0,0,0,0,0,0,0,0,0,0,0,0,0,0,0,0,0,0,0,0,0,0,0,0,0,0,0,0,0,0,0,0,0,0,0,0,0,0,0,0,0,0,0,0,0,0,0,0,0,0,0,0,0,0,0,0,0,0,0,0,0,0,0,0,0,0,0,0,0,0,0,0,0,0,0,0,0,0,0,0,0,0,0,0,0,0,0,0,0,0,0,0,0,0
13,CLUJ,VIIŞOARA,60062,1,FINAL,UAT,CL,CL_CE,"2020-09-28 04:53:58",4828,4799,3,15,11,1813,1787,0,15,11,1698,115,5317,3504,84,118,135,107,277,2,1,322,3,0,46,0,0,766,7,0,0,0,0,250,2,0,0,0,0,37,0,0,0,0,0,0,0,0,0,0,0,0,0,0,0,0,0,0,0,0,0,0,0,0,0,0,0,0,0,0,0,0,0,0,0,0,0,0,0,0,0,0,0,0,0,0,0,0,0,0,0,0,0,0,0,0,0,0,0,0,0,0,0,0,0,0,0,0,0,0,0,0,0,0,0,0,0,0,0,0,0,0,0,0,0,0,0,0,0,0,0,0,0,0,0,0,0,0,0,0,0,0,0,0,0,0,0,0,0,0,0,0,0,0,0,0,0,0,0,0,0,0,0,0,0,0,0,0,0,0,0,0,0,0,0,0,0,0,0,0,0,0,0,0,0,0,0,0,0,0,0,0,0,0,0,0,0,0,0,0
13,CLUJ,VULTURENI,60099,1,FINAL,UAT,CL,CL_CE,"2020-09-28 04:18:50",1193,1072,5,80,36,819,702,1,80,36,777,42,1238,419,38,54,62,82,44,0,0,384,4,0,84,1,0,156,1,1,12,0,0,0,0,0,0,0,0,76,0,1,0,0,0,0,0,0,0,0,0,0,0,0,0,0,0,0,0,0,0,0,0,0,0,0,0,0,0,0,0,0,0,0,0,0,0,0,0,0,0,0,1,0,0,0,0,0,0,0,0,0,0,0,0,0,0,0,0,0,0,0,0,0,0,0,0,0,0,0,0,0,0,0,0,0,0,0,0,0,0,0,0,0,0,0,0,0,0,0,0,0,0,0,0,0,0,0,0,0,0,0,0,0,0,0,0,0,0,0,0,0,0,0,0,0,0,0,0,0,0,0,0,0,0,0,0,0,0,0,0,0,0,0,0,0,0,0,0,0,0,0,0,0,0,0,0,0,0,0,0,0,0,0,0,0,0,21,0,0
